------- FILE 64kbb.bas.asm LEVEL 1 PASS 2
      1  11000 ????						; Provided under the CC0 license. See the included LICENSE.txt for details.
      2  11000 ????
      3  11000 ????				       processor	6502
------- FILE vcs.h LEVEL 2 PASS 2
      0  11000 ????				       include	"vcs.h"
      1  11000 ????						; Provided under the CC0 license. See the included LICENSE.txt for details.
      2  11000 ????
      3  11000 ????						; VCS.H
      4  11000 ????						; Version 1.05, 13/November/2003
      5  11000 ????
      6  11000 ????		00 69	    VERSION_VCS =	105
      7  11000 ????
      8  11000 ????						; THIS IS A PRELIMINARY RELEASE OF *THE* "STANDARD" VCS.H
      9  11000 ????						; THIS FILE IS EXPLICITLY SUPPORTED AS A DASM-PREFERRED COMPANION FILE
     10  11000 ????						; PLEASE DO *NOT* REDISTRIBUTE THIS FILE!
     11  11000 ????						;
     12  11000 ????						; This file defines hardware registers and memory mapping for the
     13  11000 ????						; Atari 2600. It is distributed as a companion machine-specific support package
     14  11000 ????						; for the DASM compiler. Updates to this file, DASM, and associated tools are
     15  11000 ????						; available at at http://www.atari2600.org/dasm
     16  11000 ????						;
     17  11000 ????						; Many thanks to the original author(s) of this file, and to everyone who has
     18  11000 ????						; contributed to understanding the Atari 2600.  If you take issue with the
     19  11000 ????						; contents, or naming of registers, please write to me (atari2600@taswegian.com)
     20  11000 ????						; with your views.  Please contribute, if you think you can improve this
     21  11000 ????						; file!
     22  11000 ????						;
     23  11000 ????						; Latest Revisions...
     24  11000 ????						; 1.05  13/NOV/2003	  - Correction to 1.04 - now functions as requested by MR.
     25  11000 ????						;			  - Added VERSION_VCS equate (which will reflect 100x version #)
     26  11000 ????						;			    This will allow conditional code to verify VCS.H being
     27  11000 ????						;			    used for code assembly.
     28  11000 ????						; 1.04  12/NOV/2003	 Added TIA_BASE_WRITE_ADDRESS and TIA_BASE_READ_ADDRESS for
     29  11000 ????						;			 convenient disassembly/reassembly compatibility for hardware
     30  11000 ????						;			 mirrored reading/writing differences.	This is more a 
     31  11000 ????						;			 readability issue, and binary compatibility with disassembled
     32  11000 ????						;			 and reassembled sources.  Per Manuel Rotschkar's suggestion.
     33  11000 ????						; 1.03  12/MAY/2003	 Added SEG segment at end of file to fix old-code compatibility
     34  11000 ????						;			 which was broken by the use of segments in this file, as
     35  11000 ????						;			 reported by Manuel Polik on [stella] 11/MAY/2003
     36  11000 ????						; 1.02  22/MAR/2003	 Added TIMINT($285)
     37  11000 ????						; 1.01				Constant offset added to allow use for 3F-style bankswitching
     38  11000 ????						;						 - define TIA_BASE_ADDRESS as $40 for Tigervision carts, otherwise
     39  11000 ????						;						   it is safe to leave it undefined, and the base address will
     40  11000 ????						;						   be set to 0.  Thanks to Eckhard Stolberg for the suggestion.
     41  11000 ????						;			    Note, may use -DLABEL=EXPRESSION to define TIA_BASE_ADDRESS
     42  11000 ????						;			  - register definitions are now generated through assignment
     43  11000 ????						;			    in uninitialised segments.	This allows a changeable base
     44  11000 ????						;			    address architecture.
     45  11000 ????						; 1.0	22/MAR/2003		Initial release
     46  11000 ????
     47  11000 ????
     48  11000 ????						;-------------------------------------------------------------------------------
     49  11000 ????
     50  11000 ????						; TIA_BASE_ADDRESS
     51  11000 ????						; The TIA_BASE_ADDRESS defines the base address of access to TIA registers.
     52  11000 ????						; Normally 0, the base address should (externally, before including this file)
     53  11000 ????						; be set to $40 when creating 3F-bankswitched (and other?) cartridges.
     54  11000 ????						; The reason is that this bankswitching scheme treats any access to locations
     55  11000 ????						; < $40 as a bankswitch.
     56  11000 ????
     57  11000 ????			   -	       IFNCONST	TIA_BASE_ADDRESS
     58  11000 ????			   -TIA_BASE_ADDRESS =	0
     59  11000 ????				       ENDIF
     60  11000 ????
     61  11000 ????						; Note: The address may be defined on the command-line using the -D switch, eg:
     62  11000 ????						; dasm.exe code.asm -DTIA_BASE_ADDRESS=$40 -f3 -v5 -ocode.bin
     63  11000 ????						; *OR* by declaring the label before including this file, eg:
     64  11000 ????						; TIA_BASE_ADDRESS = $40
     65  11000 ????						;   include "vcs.h"
     66  11000 ????
     67  11000 ????						; Alternate read/write address capability - allows for some disassembly compatibility
     68  11000 ????						; usage ; to allow reassembly to binary perfect copies).  This is essentially catering
     69  11000 ????						; for the mirrored ROM hardware registers.
     70  11000 ????
     71  11000 ????						; Usage: As per above, define the TIA_BASE_READ_ADDRESS and/or TIA_BASE_WRITE_ADDRESS
     72  11000 ????						; using the -D command-line switch, as required.  If the addresses are not defined, 
     73  11000 ????						; they defaut to the TIA_BASE_ADDRESS.
     74  11000 ????
     75  11000 ????			   -	       IFNCONST	TIA_BASE_READ_ADDRESS
     76  11000 ????			   -TIA_BASE_READ_ADDRESS =	TIA_BASE_ADDRESS
     77  11000 ????				       ENDIF
     78  11000 ????
     79  11000 ????			   -	       IFNCONST	TIA_BASE_WRITE_ADDRESS
     80  11000 ????			   -TIA_BASE_WRITE_ADDRESS =	TIA_BASE_ADDRESS
     81  11000 ????				       ENDIF
     82  11000 ????
     83  11000 ????						;-------------------------------------------------------------------------------
     84  11000 ????
     85 U002d ????				      SEG.U	TIA_REGISTERS_WRITE
     86 U0000					      ORG	TIA_BASE_WRITE_ADDRESS
     87 U0000
     88 U0000							; DO NOT CHANGE THE RELATIVE ORDERING OF REGISTERS!
     89 U0000
     90 U0000		       00	   VSYNC      ds	1	; $00	 0000 00x0   Vertical Sync Set-Clear
     91 U0001		       00	   VBLANK     ds	1	; $01	 xx00 00x0   Vertical Blank Set-Clear
     92 U0002		       00	   WSYNC      ds	1	; $02	 ---- ----   Wait for Horizontal Blank
     93 U0003		       00	   RSYNC      ds	1	; $03	 ---- ----   Reset Horizontal Sync Counter
     94 U0004		       00	   NUSIZ0     ds	1	; $04	 00xx 0xxx   Number-Size player/missle 0
     95 U0005		       00	   NUSIZ1     ds	1	; $05	 00xx 0xxx   Number-Size player/missle 1
     96 U0006		       00	   COLUP0     ds	1	; $06	 xxxx xxx0   Color-Luminance Player 0
     97 U0007		       00	   COLUP1     ds	1	; $07	 xxxx xxx0   Color-Luminance Player 1
     98 U0008		       00	   COLUPF     ds	1	; $08	 xxxx xxx0   Color-Luminance Playfield
     99 U0009		       00	   COLUBK     ds	1	; $09	 xxxx xxx0   Color-Luminance Background
    100 U000a		       00	   CTRLPF     ds	1	; $0A	 00xx 0xxx   Control Playfield, Ball, Collisions
    101 U000b		       00	   REFP0      ds	1	; $0B	 0000 x000   Reflection Player 0
    102 U000c		       00	   REFP1      ds	1	; $0C	 0000 x000   Reflection Player 1
    103 U000d		       00	   PF0	      ds	1	; $0D	 xxxx 0000   Playfield Register Byte 0
    104 U000e		       00	   PF1	      ds	1	; $0E	 xxxx xxxx   Playfield Register Byte 1
    105 U000f		       00	   PF2	      ds	1	; $0F	 xxxx xxxx   Playfield Register Byte 2
    106 U0010		       00	   RESP0      ds	1	; $10	 ---- ----   Reset Player 0
    107 U0011		       00	   RESP1      ds	1	; $11	 ---- ----   Reset Player 1
    108 U0012		       00	   RESM0      ds	1	; $12	 ---- ----   Reset Missle 0
    109 U0013		       00	   RESM1      ds	1	; $13	 ---- ----   Reset Missle 1
    110 U0014		       00	   RESBL      ds	1	; $14	 ---- ----   Reset Ball
    111 U0015		       00	   AUDC0      ds	1	; $15	 0000 xxxx   Audio Control 0
    112 U0016		       00	   AUDC1      ds	1	; $16	 0000 xxxx   Audio Control 1
    113 U0017		       00	   AUDF0      ds	1	; $17	 000x xxxx   Audio Frequency 0
    114 U0018		       00	   AUDF1      ds	1	; $18	 000x xxxx   Audio Frequency 1
    115 U0019		       00	   AUDV0      ds	1	; $19	 0000 xxxx   Audio Volume 0
    116 U001a		       00	   AUDV1      ds	1	; $1A	 0000 xxxx   Audio Volume 1
    117 U001b		       00	   GRP0       ds	1	; $1B	 xxxx xxxx   Graphics Register Player 0
    118 U001c		       00	   GRP1       ds	1	; $1C	 xxxx xxxx   Graphics Register Player 1
    119 U001d		       00	   ENAM0      ds	1	; $1D	 0000 00x0   Graphics Enable Missle 0
    120 U001e		       00	   ENAM1      ds	1	; $1E	 0000 00x0   Graphics Enable Missle 1
    121 U001f		       00	   ENABL      ds	1	; $1F	 0000 00x0   Graphics Enable Ball
    122 U0020		       00	   HMP0       ds	1	; $20	 xxxx 0000   Horizontal Motion Player 0
    123 U0021		       00	   HMP1       ds	1	; $21	 xxxx 0000   Horizontal Motion Player 1
    124 U0022		       00	   HMM0       ds	1	; $22	 xxxx 0000   Horizontal Motion Missle 0
    125 U0023		       00	   HMM1       ds	1	; $23	 xxxx 0000   Horizontal Motion Missle 1
    126 U0024		       00	   HMBL       ds	1	; $24	 xxxx 0000   Horizontal Motion Ball
    127 U0025		       00	   VDELP0     ds	1	; $25	 0000 000x   Vertical Delay Player 0
    128 U0026		       00	   VDELP1     ds	1	; $26	 0000 000x   Vertical Delay Player 1
    129 U0027		       00	   VDELBL     ds	1	; $27	 0000 000x   Vertical Delay Ball
    130 U0028		       00	   RESMP0     ds	1	; $28	 0000 00x0   Reset Missle 0 to Player 0
    131 U0029		       00	   RESMP1     ds	1	; $29	 0000 00x0   Reset Missle 1 to Player 1
    132 U002a		       00	   HMOVE      ds	1	; $2A	 ---- ----   Apply Horizontal Motion
    133 U002b		       00	   HMCLR      ds	1	; $2B	 ---- ----   Clear Horizontal Move Registers
    134 U002c		       00	   CXCLR      ds	1	; $2C	 ---- ----   Clear Collision Latches
    135 U002d
    136 U002d							;-------------------------------------------------------------------------------
    137 U002d
    138 U0010 ????				      SEG.U	TIA_REGISTERS_READ
    139 U0000					      ORG	TIA_BASE_READ_ADDRESS
    140 U0000
    141 U0000							;											bit 7	 bit 6
    142 U0000		       00	   CXM0P      ds	1	; $00	     xx00 0000	     Read Collision  M0-P1   M0-P0
    143 U0001		       00	   CXM1P      ds	1	; $01	     xx00 0000			     M1-P0   M1-P1
    144 U0002		       00	   CXP0FB     ds	1	; $02	     xx00 0000			     P0-PF   P0-BL
    145 U0003		       00	   CXP1FB     ds	1	; $03	     xx00 0000			     P1-PF   P1-BL
    146 U0004		       00	   CXM0FB     ds	1	; $04	     xx00 0000			     M0-PF   M0-BL
    147 U0005		       00	   CXM1FB     ds	1	; $05	     xx00 0000			     M1-PF   M1-BL
    148 U0006		       00	   CXBLPF     ds	1	; $06	     x000 0000			     BL-PF   -----
    149 U0007		       00	   CXPPMM     ds	1	; $07	     xx00 0000			     P0-P1   M0-M1
    150 U0008		       00	   INPT0      ds	1	; $08	     x000 0000	     Read Pot Port 0
    151 U0009		       00	   INPT1      ds	1	; $09	     x000 0000	     Read Pot Port 1
    152 U000a		       00	   INPT2      ds	1	; $0A	     x000 0000	     Read Pot Port 2
    153 U000b		       00	   INPT3      ds	1	; $0B	     x000 0000	     Read Pot Port 3
    154 U000c		       00	   INPT4      ds	1	; $0C		x000 0000	 Read Input (Trigger) 0
    155 U000d		       00	   INPT5      ds	1	; $0D		x000 0000	 Read Input (Trigger) 1
    156 U000e
    157 U000e							;Used by PXE for Quadtari support
    158 U000e		       00	   INPT6      ds	1	; $0E		x000 0000	 Read Input (Trigger) 2
    159 U000f		       00	   INPT7      ds	1	; $0F		x000 0000	 Read Input (Trigger) 3
    160 U0010
    161 U0010							;-------------------------------------------------------------------------------
    162 U0010
    163 U0298 ????				      SEG.U	RIOT
    164 U0280					      ORG	$280
    165 U0280
    166 U0280							; RIOT MEMORY MAP
    167 U0280
    168 U0280		       00	   SWCHA      ds	1	; $280      Port A data register for joysticks:
    169 U0281							;			Bits 4-7 for player 1.  Bits 0-3 for player 2.
    170 U0281
    171 U0281		       00	   SWACNT     ds	1	; $281      Port A data direction register (DDR)
    172 U0282		       00	   SWCHB      ds	1	; $282		Port B data (console switches)
    173 U0283		       00	   SWBCNT     ds	1	; $283      Port B DDR
    174 U0284		       00	   INTIM      ds	1	; $284		Timer output
    175 U0285
    176 U0285		       00	   TIMINT     ds	1	; $285
    177 U0286
    178 U0286		       00	   SWCHA2     ds	1	; $286		Used by PXE for Quadtari support
    179 U0287
    180 U0287							; Unused/undefined registers ($287-$294)
    181 U0287		       00		      ds	1	; $287
    182 U0288		       00		      ds	1	; $288
    183 U0289		       00		      ds	1	; $289
    184 U028a		       00		      ds	1	; $28A
    185 U028b		       00		      ds	1	; $28B
    186 U028c		       00		      ds	1	; $28C
    187 U028d		       00		      ds	1	; $28D
    188 U028e		       00		      ds	1	; $28E
    189 U028f		       00		      ds	1	; $28F
    190 U0290
    191 U0290							; Used by PXE to make "on JOYx_DIR gosub" faster and smaller
    192 U0290		       00	   JOY0_DIR   ds	1	; $290
    193 U0291		       00	   JOY1_DIR   ds	1	; $291
    194 U0292		       00	   JOY2_DIR   ds	1	; $292
    195 U0293		       00	   JOY3_DIR   ds	1	; $293
    196 U0294
    197 U0294		       00	   TIM1T      ds	1	; $294		set 1 clock interval
    198 U0295		       00	   TIM8T      ds	1	; $295      set 8 clock interval
    199 U0296		       00	   TIM64T     ds	1	; $296      set 64 clock interval
    200 U0297		       00	   T1024T     ds	1	; $297      set 1024 clock interval
    201 U0298
    202 U0298							;-------------------------------------------------------------------------------
    203 U0298							; The following required for back-compatibility with code which does not use
    204 U0298							; segments.
    205 U0298
    206  11000 ????				       SEG
    207  11000 ????
    208  11000 ????						; EOF
------- FILE 64kbb.bas.asm
------- FILE macro.h LEVEL 2 PASS 2
      0  11000 ????				       include	"macro.h"
      1  11000 ????						; Provided under the CC0 license. See the included LICENSE.txt for details.
      2  11000 ????
      3  11000 ????						; MACRO.H
      4  11000 ????						; Version 1.05, 13/NOVEMBER/2003
      5  11000 ????
      6  11000 ????		00 69	    VERSION_MACRO =	105
      7  11000 ????
      8  11000 ????						;
      9  11000 ????						; THIS FILE IS EXPLICITLY SUPPORTED AS A DASM-PREFERRED COMPANION FILE
     10  11000 ????						; PLEASE DO *NOT* REDISTRIBUTE MODIFIED VERSIONS OF THIS FILE!
     11  11000 ????						;
     12  11000 ????						; This file defines DASM macros useful for development for the Atari 2600.
     13  11000 ????						; It is distributed as a companion machine-specific support package
     14  11000 ????						; for the DASM compiler. Updates to this file, DASM, and associated tools are
     15  11000 ????						; available at at http://www.atari2600.org/dasm
     16  11000 ????						;
     17  11000 ????						; Many thanks to the people who have contributed.  If you take issue with the
     18  11000 ????						; contents, or would like to add something, please write to me
     19  11000 ????						; (atari2600@taswegian.com) with your contribution.
     20  11000 ????						;
     21  11000 ????						; Latest Revisions...
     22  11000 ????						;
     23  11000 ????						; 1.05  14/NOV/2003	  - Added VERSION_MACRO equate (which will reflect 100x version #)
     24  11000 ????						;			    This will allow conditional code to verify MACRO.H being
     25  11000 ????						;			    used for code assembly.
     26  11000 ????						; 1.04  13/NOV/2003	 - SET_POINTER macro added (16-bit address load)
     27  11000 ????						;
     28  11000 ????						; 1.03  23/JUN/2003	 - CLEAN_START macro added - clears TIA, RAM, registers
     29  11000 ????						;
     30  11000 ????						; 1.02  14/JUN/2003	 - VERTICAL_SYNC macro added
     31  11000 ????						;			   (standardised macro for vertical synch code)
     32  11000 ????						; 1.01  22/MAR/2003	 - SLEEP macro added. 
     33  11000 ????						;			 - NO_ILLEGAL_OPCODES switch implemented
     34  11000 ????						; 1.0	22/MAR/2003		Initial release
     35  11000 ????
     36  11000 ????						; Note: These macros use illegal opcodes.  To disable illegal opcode usage, 
     37  11000 ????						;   define the symbol NO_ILLEGAL_OPCODES (-DNO_ILLEGAL_OPCODES=1 on command-line).
     38  11000 ????						;   If you do not allow illegal opcode usage, you must include this file 
     39  11000 ????						;   *after* including VCS.H (as the non-illegal opcodes access hardware
     40  11000 ????						;   registers and require them to be defined first).
     41  11000 ????
     42  11000 ????						; Available macros...
     43  11000 ????						;   SLEEP n		 - sleep for n cycles
     44  11000 ????						;   VERTICAL_SYNC	 - correct 3 scanline vertical synch code
     45  11000 ????						;   CLEAN_START	 - set machine to known state on startup
     46  11000 ????						;   SET_POINTER	 - load a 16-bit absolute to a 16-bit variable
     47  11000 ????
     48  11000 ????						;-------------------------------------------------------------------------------
     49  11000 ????						; SLEEP duration
     50  11000 ????						; Original author: Thomas Jentzsch
     51  11000 ????						; Inserts code which takes the specified number of cycles to execute.	This is
     52  11000 ????						; useful for code where precise timing is required.
     53  11000 ????						; ILLEGAL-OPCODE VERSION DOES NOT AFFECT FLAGS OR REGISTERS.
     54  11000 ????						; LEGAL OPCODE VERSION MAY AFFECT FLAGS
     55  11000 ????						; Uses illegal opcode (DASM 2.20.01 onwards).
     56  11000 ????
     57  11000 ????				       MAC	sleep
     58  11000 ????			    .CYCLES    SET	{1}
     59  11000 ????
     60  11000 ????				       IF	.CYCLES < 2
     61  11000 ????				       ECHO	"MACRO ERROR: 'SLEEP': Duration must be > 1"
     62  11000 ????				       ERR
     63  11000 ????				       ENDIF
     64  11000 ????
     65  11000 ????				       IF	.CYCLES & 1
     66  11000 ????				       IFNCONST	NO_ILLEGAL_OPCODES
     67  11000 ????				       nop	0
     68  11000 ????				       ELSE
     69  11000 ????				       bit	VSYNC
     70  11000 ????				       ENDIF
     71  11000 ????			    .CYCLES    SET	.CYCLES - 3
     72  11000 ????				       ENDIF
     73  11000 ????
     74  11000 ????				       REPEAT	.CYCLES / 2
     75  11000 ????				       nop
     76  11000 ????				       REPEND
     77  11000 ????				       ENDM		;usage: SLEEP n (n>1)
     78  11000 ????
     79  11000 ????						;-------------------------------------------------------------------------------
     80  11000 ????						; VERTICAL_SYNC
     81  11000 ????						; Original author: Manuel Polik
     82  11000 ????						; Inserts the code required for a proper 3 scannline 
     83  11000 ????						; vertical sync sequence
     84  11000 ????						;
     85  11000 ????						; Note: Alters the accumulator
     86  11000 ????						;
     87  11000 ????						; IN:
     88  11000 ????						; OUT: A = 1
     89  11000 ????
     90  11000 ????				       MAC	vertical_sync
     91  11000 ????				       LDA	#$02	; A = VSYNC enable
     92  11000 ????				       STA	WSYNC	; Finish current line
     93  11000 ????				       STA	VSYNC	; Start vertical sync
     94  11000 ????				       STA	WSYNC	; 1st line vertical sync
     95  11000 ????				       STA	WSYNC	; 2nd line vertical sync
     96  11000 ????				       LSR		; A = VSYNC disable
     97  11000 ????				       STA	WSYNC	; 3rd line vertical sync
     98  11000 ????				       STA	VSYNC	; Stop vertical sync
     99  11000 ????				       ENDM
    100  11000 ????
    101  11000 ????						;-------------------------------------------------------------------------------
    102  11000 ????						; CLEAN_START
    103  11000 ????						; Original author: Andrew Davie
    104  11000 ????						; Standardised start-up code, clears stack, all TIA registers and RAM to 0
    105  11000 ????						; Sets stack pointer to $FF, and all registers to 0
    106  11000 ????						; Sets decimal mode off, sets interrupt flag (kind of un-necessary)
    107  11000 ????						; Use as very first section of code on boot (ie: at reset)
    108  11000 ????						; Code written to minimise total ROM usage - uses weird 6502 knowledge :)
    109  11000 ????
    110  11000 ????				       MAC	clean_start
    111  11000 ????				       sei
    112  11000 ????				       cld
    113  11000 ????
    114  11000 ????				       ldx	#0
    115  11000 ????				       txa
    116  11000 ????				       tay
    117  11000 ????			    .CLEAR_STACK dex
    118  11000 ????				       txs
    119  11000 ????				       pha
    120  11000 ????				       bne	.CLEAR_STACK	; SP=$FF, X = A = Y = 0
    121  11000 ????
    122  11000 ????				       ENDM
    123  11000 ????
    124  11000 ????						;-------------------------------------------------------
    125  11000 ????						; SET_POINTER
    126  11000 ????						; Original author: Manuel Rotschkar
    127  11000 ????						;
    128  11000 ????						; Sets a 2 byte RAM pointer to an absolute address.
    129  11000 ????						;
    130  11000 ????						; Usage: SET_POINTER pointer, address
    131  11000 ????						; Example: SET_POINTER SpritePTR, SpriteData
    132  11000 ????						;
    133  11000 ????						; Note: Alters the accumulator, NZ flags
    134  11000 ????						; IN 1: 2 byte RAM location reserved for pointer
    135  11000 ????						; IN 2: absolute address
    136  11000 ????
    137  11000 ????				       MAC	set_pointer
    138  11000 ????			    .POINTER   SET	{1}
    139  11000 ????			    .ADDRESS   SET	{2}
    140  11000 ????
    141  11000 ????				       LDA	#<.ADDRESS	; Get Lowbyte of Address
    142  11000 ????				       STA	.POINTER	; Store in pointer
    143  11000 ????				       LDA	#>.ADDRESS	; Get Hibyte of Address
    144  11000 ????				       STA	.POINTER+1	; Store in pointer+1
    145  11000 ????
    146  11000 ????				       ENDM
    147  11000 ????
    148  11000 ????						; EOF
------- FILE 64kbb.bas.asm
------- FILE 2600basic.h LEVEL 2 PASS 2
      0  11000 ????				       include	"2600basic.h"
      1  11000 ????						; Provided under the CC0 license. See the included LICENSE.txt for details.
      2  11000 ????
      3  11000 ????				       processor	6502
------- FILE vcs.h LEVEL 3 PASS 2
      0  11000 ????				       include	"vcs.h"
      1  11000 ????						; Provided under the CC0 license. See the included LICENSE.txt for details.
      2  11000 ????
      3  11000 ????						; VCS.H
      4  11000 ????						; Version 1.05, 13/November/2003
      5  11000 ????
      6  11000 ????		00 69	    VERSION_VCS =	105
      7  11000 ????
      8  11000 ????						; THIS IS A PRELIMINARY RELEASE OF *THE* "STANDARD" VCS.H
      9  11000 ????						; THIS FILE IS EXPLICITLY SUPPORTED AS A DASM-PREFERRED COMPANION FILE
     10  11000 ????						; PLEASE DO *NOT* REDISTRIBUTE THIS FILE!
     11  11000 ????						;
     12  11000 ????						; This file defines hardware registers and memory mapping for the
     13  11000 ????						; Atari 2600. It is distributed as a companion machine-specific support package
     14  11000 ????						; for the DASM compiler. Updates to this file, DASM, and associated tools are
     15  11000 ????						; available at at http://www.atari2600.org/dasm
     16  11000 ????						;
     17  11000 ????						; Many thanks to the original author(s) of this file, and to everyone who has
     18  11000 ????						; contributed to understanding the Atari 2600.  If you take issue with the
     19  11000 ????						; contents, or naming of registers, please write to me (atari2600@taswegian.com)
     20  11000 ????						; with your views.  Please contribute, if you think you can improve this
     21  11000 ????						; file!
     22  11000 ????						;
     23  11000 ????						; Latest Revisions...
     24  11000 ????						; 1.05  13/NOV/2003	  - Correction to 1.04 - now functions as requested by MR.
     25  11000 ????						;			  - Added VERSION_VCS equate (which will reflect 100x version #)
     26  11000 ????						;			    This will allow conditional code to verify VCS.H being
     27  11000 ????						;			    used for code assembly.
     28  11000 ????						; 1.04  12/NOV/2003	 Added TIA_BASE_WRITE_ADDRESS and TIA_BASE_READ_ADDRESS for
     29  11000 ????						;			 convenient disassembly/reassembly compatibility for hardware
     30  11000 ????						;			 mirrored reading/writing differences.	This is more a 
     31  11000 ????						;			 readability issue, and binary compatibility with disassembled
     32  11000 ????						;			 and reassembled sources.  Per Manuel Rotschkar's suggestion.
     33  11000 ????						; 1.03  12/MAY/2003	 Added SEG segment at end of file to fix old-code compatibility
     34  11000 ????						;			 which was broken by the use of segments in this file, as
     35  11000 ????						;			 reported by Manuel Polik on [stella] 11/MAY/2003
     36  11000 ????						; 1.02  22/MAR/2003	 Added TIMINT($285)
     37  11000 ????						; 1.01				Constant offset added to allow use for 3F-style bankswitching
     38  11000 ????						;						 - define TIA_BASE_ADDRESS as $40 for Tigervision carts, otherwise
     39  11000 ????						;						   it is safe to leave it undefined, and the base address will
     40  11000 ????						;						   be set to 0.  Thanks to Eckhard Stolberg for the suggestion.
     41  11000 ????						;			    Note, may use -DLABEL=EXPRESSION to define TIA_BASE_ADDRESS
     42  11000 ????						;			  - register definitions are now generated through assignment
     43  11000 ????						;			    in uninitialised segments.	This allows a changeable base
     44  11000 ????						;			    address architecture.
     45  11000 ????						; 1.0	22/MAR/2003		Initial release
     46  11000 ????
     47  11000 ????
     48  11000 ????						;-------------------------------------------------------------------------------
     49  11000 ????
     50  11000 ????						; TIA_BASE_ADDRESS
     51  11000 ????						; The TIA_BASE_ADDRESS defines the base address of access to TIA registers.
     52  11000 ????						; Normally 0, the base address should (externally, before including this file)
     53  11000 ????						; be set to $40 when creating 3F-bankswitched (and other?) cartridges.
     54  11000 ????						; The reason is that this bankswitching scheme treats any access to locations
     55  11000 ????						; < $40 as a bankswitch.
     56  11000 ????
     57  11000 ????			   -	       IFNCONST	TIA_BASE_ADDRESS
     58  11000 ????			   -TIA_BASE_ADDRESS =	0
     59  11000 ????				       ENDIF
     60  11000 ????
     61  11000 ????						; Note: The address may be defined on the command-line using the -D switch, eg:
     62  11000 ????						; dasm.exe code.asm -DTIA_BASE_ADDRESS=$40 -f3 -v5 -ocode.bin
     63  11000 ????						; *OR* by declaring the label before including this file, eg:
     64  11000 ????						; TIA_BASE_ADDRESS = $40
     65  11000 ????						;   include "vcs.h"
     66  11000 ????
     67  11000 ????						; Alternate read/write address capability - allows for some disassembly compatibility
     68  11000 ????						; usage ; to allow reassembly to binary perfect copies).  This is essentially catering
     69  11000 ????						; for the mirrored ROM hardware registers.
     70  11000 ????
     71  11000 ????						; Usage: As per above, define the TIA_BASE_READ_ADDRESS and/or TIA_BASE_WRITE_ADDRESS
     72  11000 ????						; using the -D command-line switch, as required.  If the addresses are not defined, 
     73  11000 ????						; they defaut to the TIA_BASE_ADDRESS.
     74  11000 ????
     75  11000 ????			   -	       IFNCONST	TIA_BASE_READ_ADDRESS
     76  11000 ????			   -TIA_BASE_READ_ADDRESS =	TIA_BASE_ADDRESS
     77  11000 ????				       ENDIF
     78  11000 ????
     79  11000 ????			   -	       IFNCONST	TIA_BASE_WRITE_ADDRESS
     80  11000 ????			   -TIA_BASE_WRITE_ADDRESS =	TIA_BASE_ADDRESS
     81  11000 ????				       ENDIF
     82  11000 ????
     83  11000 ????						;-------------------------------------------------------------------------------
     84  11000 ????
     85 U002d					      SEG.U	TIA_REGISTERS_WRITE
     86 U0000					      ORG	TIA_BASE_WRITE_ADDRESS
     87 U0000
     88 U0000							; DO NOT CHANGE THE RELATIVE ORDERING OF REGISTERS!
     89 U0000
     90 U0000		       00	   VSYNC      ds	1	; $00	 0000 00x0   Vertical Sync Set-Clear
     91 U0001		       00	   VBLANK     ds	1	; $01	 xx00 00x0   Vertical Blank Set-Clear
     92 U0002		       00	   WSYNC      ds	1	; $02	 ---- ----   Wait for Horizontal Blank
     93 U0003		       00	   RSYNC      ds	1	; $03	 ---- ----   Reset Horizontal Sync Counter
     94 U0004		       00	   NUSIZ0     ds	1	; $04	 00xx 0xxx   Number-Size player/missle 0
     95 U0005		       00	   NUSIZ1     ds	1	; $05	 00xx 0xxx   Number-Size player/missle 1
     96 U0006		       00	   COLUP0     ds	1	; $06	 xxxx xxx0   Color-Luminance Player 0
     97 U0007		       00	   COLUP1     ds	1	; $07	 xxxx xxx0   Color-Luminance Player 1
     98 U0008		       00	   COLUPF     ds	1	; $08	 xxxx xxx0   Color-Luminance Playfield
     99 U0009		       00	   COLUBK     ds	1	; $09	 xxxx xxx0   Color-Luminance Background
    100 U000a		       00	   CTRLPF     ds	1	; $0A	 00xx 0xxx   Control Playfield, Ball, Collisions
    101 U000b		       00	   REFP0      ds	1	; $0B	 0000 x000   Reflection Player 0
    102 U000c		       00	   REFP1      ds	1	; $0C	 0000 x000   Reflection Player 1
    103 U000d		       00	   PF0	      ds	1	; $0D	 xxxx 0000   Playfield Register Byte 0
    104 U000e		       00	   PF1	      ds	1	; $0E	 xxxx xxxx   Playfield Register Byte 1
    105 U000f		       00	   PF2	      ds	1	; $0F	 xxxx xxxx   Playfield Register Byte 2
    106 U0010		       00	   RESP0      ds	1	; $10	 ---- ----   Reset Player 0
    107 U0011		       00	   RESP1      ds	1	; $11	 ---- ----   Reset Player 1
    108 U0012		       00	   RESM0      ds	1	; $12	 ---- ----   Reset Missle 0
    109 U0013		       00	   RESM1      ds	1	; $13	 ---- ----   Reset Missle 1
    110 U0014		       00	   RESBL      ds	1	; $14	 ---- ----   Reset Ball
    111 U0015		       00	   AUDC0      ds	1	; $15	 0000 xxxx   Audio Control 0
    112 U0016		       00	   AUDC1      ds	1	; $16	 0000 xxxx   Audio Control 1
    113 U0017		       00	   AUDF0      ds	1	; $17	 000x xxxx   Audio Frequency 0
    114 U0018		       00	   AUDF1      ds	1	; $18	 000x xxxx   Audio Frequency 1
    115 U0019		       00	   AUDV0      ds	1	; $19	 0000 xxxx   Audio Volume 0
    116 U001a		       00	   AUDV1      ds	1	; $1A	 0000 xxxx   Audio Volume 1
    117 U001b		       00	   GRP0       ds	1	; $1B	 xxxx xxxx   Graphics Register Player 0
    118 U001c		       00	   GRP1       ds	1	; $1C	 xxxx xxxx   Graphics Register Player 1
    119 U001d		       00	   ENAM0      ds	1	; $1D	 0000 00x0   Graphics Enable Missle 0
    120 U001e		       00	   ENAM1      ds	1	; $1E	 0000 00x0   Graphics Enable Missle 1
    121 U001f		       00	   ENABL      ds	1	; $1F	 0000 00x0   Graphics Enable Ball
    122 U0020		       00	   HMP0       ds	1	; $20	 xxxx 0000   Horizontal Motion Player 0
    123 U0021		       00	   HMP1       ds	1	; $21	 xxxx 0000   Horizontal Motion Player 1
    124 U0022		       00	   HMM0       ds	1	; $22	 xxxx 0000   Horizontal Motion Missle 0
    125 U0023		       00	   HMM1       ds	1	; $23	 xxxx 0000   Horizontal Motion Missle 1
    126 U0024		       00	   HMBL       ds	1	; $24	 xxxx 0000   Horizontal Motion Ball
    127 U0025		       00	   VDELP0     ds	1	; $25	 0000 000x   Vertical Delay Player 0
    128 U0026		       00	   VDELP1     ds	1	; $26	 0000 000x   Vertical Delay Player 1
    129 U0027		       00	   VDELBL     ds	1	; $27	 0000 000x   Vertical Delay Ball
    130 U0028		       00	   RESMP0     ds	1	; $28	 0000 00x0   Reset Missle 0 to Player 0
    131 U0029		       00	   RESMP1     ds	1	; $29	 0000 00x0   Reset Missle 1 to Player 1
    132 U002a		       00	   HMOVE      ds	1	; $2A	 ---- ----   Apply Horizontal Motion
    133 U002b		       00	   HMCLR      ds	1	; $2B	 ---- ----   Clear Horizontal Move Registers
    134 U002c		       00	   CXCLR      ds	1	; $2C	 ---- ----   Clear Collision Latches
    135 U002d
    136 U002d							;-------------------------------------------------------------------------------
    137 U002d
    138 U0010					      SEG.U	TIA_REGISTERS_READ
    139 U0000					      ORG	TIA_BASE_READ_ADDRESS
    140 U0000
    141 U0000							;											bit 7	 bit 6
    142 U0000		       00	   CXM0P      ds	1	; $00	     xx00 0000	     Read Collision  M0-P1   M0-P0
    143 U0001		       00	   CXM1P      ds	1	; $01	     xx00 0000			     M1-P0   M1-P1
    144 U0002		       00	   CXP0FB     ds	1	; $02	     xx00 0000			     P0-PF   P0-BL
    145 U0003		       00	   CXP1FB     ds	1	; $03	     xx00 0000			     P1-PF   P1-BL
    146 U0004		       00	   CXM0FB     ds	1	; $04	     xx00 0000			     M0-PF   M0-BL
    147 U0005		       00	   CXM1FB     ds	1	; $05	     xx00 0000			     M1-PF   M1-BL
    148 U0006		       00	   CXBLPF     ds	1	; $06	     x000 0000			     BL-PF   -----
    149 U0007		       00	   CXPPMM     ds	1	; $07	     xx00 0000			     P0-P1   M0-M1
    150 U0008		       00	   INPT0      ds	1	; $08	     x000 0000	     Read Pot Port 0
    151 U0009		       00	   INPT1      ds	1	; $09	     x000 0000	     Read Pot Port 1
    152 U000a		       00	   INPT2      ds	1	; $0A	     x000 0000	     Read Pot Port 2
    153 U000b		       00	   INPT3      ds	1	; $0B	     x000 0000	     Read Pot Port 3
    154 U000c		       00	   INPT4      ds	1	; $0C		x000 0000	 Read Input (Trigger) 0
    155 U000d		       00	   INPT5      ds	1	; $0D		x000 0000	 Read Input (Trigger) 1
    156 U000e
    157 U000e							;Used by PXE for Quadtari support
    158 U000e		       00	   INPT6      ds	1	; $0E		x000 0000	 Read Input (Trigger) 2
    159 U000f		       00	   INPT7      ds	1	; $0F		x000 0000	 Read Input (Trigger) 3
    160 U0010
    161 U0010							;-------------------------------------------------------------------------------
    162 U0010
    163 U0298					      SEG.U	RIOT
    164 U0280					      ORG	$280
    165 U0280
    166 U0280							; RIOT MEMORY MAP
    167 U0280
    168 U0280		       00	   SWCHA      ds	1	; $280      Port A data register for joysticks:
    169 U0281							;			Bits 4-7 for player 1.  Bits 0-3 for player 2.
    170 U0281
    171 U0281		       00	   SWACNT     ds	1	; $281      Port A data direction register (DDR)
    172 U0282		       00	   SWCHB      ds	1	; $282		Port B data (console switches)
    173 U0283		       00	   SWBCNT     ds	1	; $283      Port B DDR
    174 U0284		       00	   INTIM      ds	1	; $284		Timer output
    175 U0285
    176 U0285		       00	   TIMINT     ds	1	; $285
    177 U0286
    178 U0286		       00	   SWCHA2     ds	1	; $286		Used by PXE for Quadtari support
    179 U0287
    180 U0287							; Unused/undefined registers ($287-$294)
    181 U0287		       00		      ds	1	; $287
    182 U0288		       00		      ds	1	; $288
    183 U0289		       00		      ds	1	; $289
    184 U028a		       00		      ds	1	; $28A
    185 U028b		       00		      ds	1	; $28B
    186 U028c		       00		      ds	1	; $28C
    187 U028d		       00		      ds	1	; $28D
    188 U028e		       00		      ds	1	; $28E
    189 U028f		       00		      ds	1	; $28F
    190 U0290
    191 U0290							; Used by PXE to make "on JOYx_DIR gosub" faster and smaller
    192 U0290		       00	   JOY0_DIR   ds	1	; $290
    193 U0291		       00	   JOY1_DIR   ds	1	; $291
    194 U0292		       00	   JOY2_DIR   ds	1	; $292
    195 U0293		       00	   JOY3_DIR   ds	1	; $293
    196 U0294
    197 U0294		       00	   TIM1T      ds	1	; $294		set 1 clock interval
    198 U0295		       00	   TIM8T      ds	1	; $295      set 8 clock interval
    199 U0296		       00	   TIM64T     ds	1	; $296      set 64 clock interval
    200 U0297		       00	   T1024T     ds	1	; $297      set 1024 clock interval
    201 U0298
    202 U0298							;-------------------------------------------------------------------------------
    203 U0298							; The following required for back-compatibility with code which does not use
    204 U0298							; segments.
    205 U0298
    206  11000 ????				       SEG
    207  11000 ????
    208  11000 ????						; EOF
------- FILE 2600basic.h
------- FILE macro.h LEVEL 3 PASS 2
      0  11000 ????				       include	"macro.h"
      1  11000 ????						; Provided under the CC0 license. See the included LICENSE.txt for details.
      2  11000 ????
      3  11000 ????						; MACRO.H
      4  11000 ????						; Version 1.05, 13/NOVEMBER/2003
      5  11000 ????
      6  11000 ????		00 69	    VERSION_MACRO =	105
      7  11000 ????
      8  11000 ????						;
      9  11000 ????						; THIS FILE IS EXPLICITLY SUPPORTED AS A DASM-PREFERRED COMPANION FILE
     10  11000 ????						; PLEASE DO *NOT* REDISTRIBUTE MODIFIED VERSIONS OF THIS FILE!
     11  11000 ????						;
     12  11000 ????						; This file defines DASM macros useful for development for the Atari 2600.
     13  11000 ????						; It is distributed as a companion machine-specific support package
     14  11000 ????						; for the DASM compiler. Updates to this file, DASM, and associated tools are
     15  11000 ????						; available at at http://www.atari2600.org/dasm
     16  11000 ????						;
     17  11000 ????						; Many thanks to the people who have contributed.  If you take issue with the
     18  11000 ????						; contents, or would like to add something, please write to me
     19  11000 ????						; (atari2600@taswegian.com) with your contribution.
     20  11000 ????						;
     21  11000 ????						; Latest Revisions...
     22  11000 ????						;
     23  11000 ????						; 1.05  14/NOV/2003	  - Added VERSION_MACRO equate (which will reflect 100x version #)
     24  11000 ????						;			    This will allow conditional code to verify MACRO.H being
     25  11000 ????						;			    used for code assembly.
     26  11000 ????						; 1.04  13/NOV/2003	 - SET_POINTER macro added (16-bit address load)
     27  11000 ????						;
     28  11000 ????						; 1.03  23/JUN/2003	 - CLEAN_START macro added - clears TIA, RAM, registers
     29  11000 ????						;
     30  11000 ????						; 1.02  14/JUN/2003	 - VERTICAL_SYNC macro added
     31  11000 ????						;			   (standardised macro for vertical synch code)
     32  11000 ????						; 1.01  22/MAR/2003	 - SLEEP macro added. 
     33  11000 ????						;			 - NO_ILLEGAL_OPCODES switch implemented
     34  11000 ????						; 1.0	22/MAR/2003		Initial release
     35  11000 ????
     36  11000 ????						; Note: These macros use illegal opcodes.  To disable illegal opcode usage, 
     37  11000 ????						;   define the symbol NO_ILLEGAL_OPCODES (-DNO_ILLEGAL_OPCODES=1 on command-line).
     38  11000 ????						;   If you do not allow illegal opcode usage, you must include this file 
     39  11000 ????						;   *after* including VCS.H (as the non-illegal opcodes access hardware
     40  11000 ????						;   registers and require them to be defined first).
     41  11000 ????
     42  11000 ????						; Available macros...
     43  11000 ????						;   SLEEP n		 - sleep for n cycles
     44  11000 ????						;   VERTICAL_SYNC	 - correct 3 scanline vertical synch code
     45  11000 ????						;   CLEAN_START	 - set machine to known state on startup
     46  11000 ????						;   SET_POINTER	 - load a 16-bit absolute to a 16-bit variable
     47  11000 ????
     48  11000 ????						;-------------------------------------------------------------------------------
     49  11000 ????						; SLEEP duration
     50  11000 ????						; Original author: Thomas Jentzsch
     51  11000 ????						; Inserts code which takes the specified number of cycles to execute.	This is
     52  11000 ????						; useful for code where precise timing is required.
     53  11000 ????						; ILLEGAL-OPCODE VERSION DOES NOT AFFECT FLAGS OR REGISTERS.
     54  11000 ????						; LEGAL OPCODE VERSION MAY AFFECT FLAGS
     55  11000 ????						; Uses illegal opcode (DASM 2.20.01 onwards).
     56  11000 ????
     57  11000 ????				       MAC	sleep
     58  11000 ????			    .CYCLES    SET	{1}
     59  11000 ????
     60  11000 ????				       IF	.CYCLES < 2
     61  11000 ????				       ECHO	"MACRO ERROR: 'SLEEP': Duration must be > 1"
     62  11000 ????				       ERR
     63  11000 ????				       ENDIF
     64  11000 ????
     65  11000 ????				       IF	.CYCLES & 1
     66  11000 ????				       IFNCONST	NO_ILLEGAL_OPCODES
     67  11000 ????				       nop	0
     68  11000 ????				       ELSE
     69  11000 ????				       bit	VSYNC
     70  11000 ????				       ENDIF
     71  11000 ????			    .CYCLES    SET	.CYCLES - 3
     72  11000 ????				       ENDIF
     73  11000 ????
     74  11000 ????				       REPEAT	.CYCLES / 2
     75  11000 ????				       nop
     76  11000 ????				       REPEND
     77  11000 ????				       ENDM		;usage: SLEEP n (n>1)
     78  11000 ????
     79  11000 ????						;-------------------------------------------------------------------------------
     80  11000 ????						; VERTICAL_SYNC
     81  11000 ????						; Original author: Manuel Polik
     82  11000 ????						; Inserts the code required for a proper 3 scannline 
     83  11000 ????						; vertical sync sequence
     84  11000 ????						;
     85  11000 ????						; Note: Alters the accumulator
     86  11000 ????						;
     87  11000 ????						; IN:
     88  11000 ????						; OUT: A = 1
     89  11000 ????
     90  11000 ????				       MAC	vertical_sync
     91  11000 ????				       LDA	#$02	; A = VSYNC enable
     92  11000 ????				       STA	WSYNC	; Finish current line
     93  11000 ????				       STA	VSYNC	; Start vertical sync
     94  11000 ????				       STA	WSYNC	; 1st line vertical sync
     95  11000 ????				       STA	WSYNC	; 2nd line vertical sync
     96  11000 ????				       LSR		; A = VSYNC disable
     97  11000 ????				       STA	WSYNC	; 3rd line vertical sync
     98  11000 ????				       STA	VSYNC	; Stop vertical sync
     99  11000 ????				       ENDM
    100  11000 ????
    101  11000 ????						;-------------------------------------------------------------------------------
    102  11000 ????						; CLEAN_START
    103  11000 ????						; Original author: Andrew Davie
    104  11000 ????						; Standardised start-up code, clears stack, all TIA registers and RAM to 0
    105  11000 ????						; Sets stack pointer to $FF, and all registers to 0
    106  11000 ????						; Sets decimal mode off, sets interrupt flag (kind of un-necessary)
    107  11000 ????						; Use as very first section of code on boot (ie: at reset)
    108  11000 ????						; Code written to minimise total ROM usage - uses weird 6502 knowledge :)
    109  11000 ????
    110  11000 ????				       MAC	clean_start
    111  11000 ????				       sei
    112  11000 ????				       cld
    113  11000 ????
    114  11000 ????				       ldx	#0
    115  11000 ????				       txa
    116  11000 ????				       tay
    117  11000 ????			    .CLEAR_STACK dex
    118  11000 ????				       txs
    119  11000 ????				       pha
    120  11000 ????				       bne	.CLEAR_STACK	; SP=$FF, X = A = Y = 0
    121  11000 ????
    122  11000 ????				       ENDM
    123  11000 ????
    124  11000 ????						;-------------------------------------------------------
    125  11000 ????						; SET_POINTER
    126  11000 ????						; Original author: Manuel Rotschkar
    127  11000 ????						;
    128  11000 ????						; Sets a 2 byte RAM pointer to an absolute address.
    129  11000 ????						;
    130  11000 ????						; Usage: SET_POINTER pointer, address
    131  11000 ????						; Example: SET_POINTER SpritePTR, SpriteData
    132  11000 ????						;
    133  11000 ????						; Note: Alters the accumulator, NZ flags
    134  11000 ????						; IN 1: 2 byte RAM location reserved for pointer
    135  11000 ????						; IN 2: absolute address
    136  11000 ????
    137  11000 ????				       MAC	set_pointer
    138  11000 ????			    .POINTER   SET	{1}
    139  11000 ????			    .ADDRESS   SET	{2}
    140  11000 ????
    141  11000 ????				       LDA	#<.ADDRESS	; Get Lowbyte of Address
    142  11000 ????				       STA	.POINTER	; Store in pointer
    143  11000 ????				       LDA	#>.ADDRESS	; Get Hibyte of Address
    144  11000 ????				       STA	.POINTER+1	; Store in pointer+1
    145  11000 ????
    146  11000 ????				       ENDM
    147  11000 ????
    148  11000 ????						; EOF
------- FILE 2600basic.h
------- FILE 2600basic_variable_redefs.h LEVEL 3 PASS 2
      0  11000 ????				       include	"2600basic_variable_redefs.h"
      1  11000 ????						; This file contains variable mapping and other information for the current project.
      2  11000 ????
      3  11000 ????		00 24	    bscode_length =	36
      4  11000 ????		00 d5	    bchoice    =	b
      5  11000 ????
      6  11000 ????		00 d4	    frame      =	a
      7  11000 ????
      8  11000 ????		00 0f	    bs_mask    =	15
      9  11000 ????		00 40	    bankswitch =	64
     10  11000 ????		1f e0	    bankswitch_hotspot =	$1FE0
------- FILE 2600basic.h
      7  11000 ????
      8  11000 ????		00 80	    player0x   =	$80
      9  11000 ????		00 81	    player1x   =	$81
     10  11000 ????		00 82	    missile0x  =	$82
     11  11000 ????		00 83	    missile1x  =	$83
     12  11000 ????		00 84	    ballx      =	$84
     13  11000 ????
     14  11000 ????		00 85	    objecty    =	$85
     15  11000 ????		00 85	    player0y   =	$85
     16  11000 ????		00 86	    player1y   =	$86
     17  11000 ????		00 87	    missile1height =	$87
     18  11000 ????		00 88	    missile1y  =	$88
     19  11000 ????		00 89	    bally      =	$89
     20  11000 ????
     21  11000 ????		00 87	    player1color =	$87	; replaces missile 1
     22  11000 ????
     23  11000 ????		00 8a	    player0pointer =	$8A	;uses $8A-$8B
     24  11000 ????		00 8a	    player0pointerlo =	$8A
     25  11000 ????		00 8b	    player0pointerhi =	$8B
     26  11000 ????		00 8c	    player1pointer =	$8C	; $8C-$8D
     27  11000 ????		00 8c	    player1pointerlo =	$8C
     28  11000 ????		00 8d	    player1pointerhi =	$8D
     29  11000 ????
     30  11000 ????		00 8e	    player0height =	$8E
     31  11000 ????		00 8f	    player1height =	$8F
     32  11000 ????		00 90	    missile0height =	$90
     33  11000 ????		00 91	    missile0y  =	$91
     34  11000 ????		00 92	    ballheight =	$92
     35  11000 ????
     36  11000 ????		00 90	    currentpaddle =	$90	; replaces missile 0 (and can't be used with playercolor)
     37  11000 ????		00 91	    paddle     =	$91	; replaces missile 0
     38  11000 ????		00 82	    player0colorstore =	$82	; replaces missile 0
     39  11000 ????		00 90	    player0color =	$90	; replaces missile 0
     40  11000 ????
     41  11000 ????		00 93	    score      =	$93	; $93-$95
     42  11000 ????		00 96	    scorepointers =	$96	; $96-$9B = 6 bytes
     43  11000 ????		00 9c	    temp1      =	$9C	;used by kernel.  can be used in program too, but
     44  11000 ????		00 9d	    temp2      =	$9D	;are obliterated when drawscreen is called.
     45  11000 ????		00 9e	    temp3      =	$9E
     46  11000 ????		00 9f	    temp4      =	$9F
     47  11000 ????		00 a0	    temp5      =	$A0
     48  11000 ????		00 a1	    temp6      =	$A1
     49  11000 ????
     50  11000 ????		00 a2	    rand       =	$A2
     51  11000 ????		00 a3	    scorecolor =	$A3
     52  11000 ????
     53  11000 ????		00 a4	    var0       =	$A4
     54  11000 ????		00 a5	    var1       =	$A5
     55  11000 ????		00 a6	    var2       =	$A6
     56  11000 ????		00 a7	    var3       =	$A7
     57  11000 ????		00 a8	    var4       =	$A8
     58  11000 ????		00 a9	    var5       =	$A9
     59  11000 ????		00 aa	    var6       =	$AA
     60  11000 ????		00 ab	    var7       =	$AB
     61  11000 ????		00 ac	    var8       =	$AC
     62  11000 ????		00 ad	    var9       =	$AD
     63  11000 ????		00 ae	    var10      =	$AE
     64  11000 ????		00 af	    var11      =	$AF
     65  11000 ????		00 b0	    var12      =	$B0
     66  11000 ????		00 b1	    var13      =	$B1
     67  11000 ????		00 b2	    var14      =	$B2
     68  11000 ????		00 b3	    var15      =	$B3
     69  11000 ????		00 b4	    var16      =	$B4
     70  11000 ????		00 b5	    var17      =	$B5
     71  11000 ????		00 b6	    var18      =	$B6
     72  11000 ????		00 b7	    var19      =	$B7
     73  11000 ????		00 b8	    var20      =	$B8
     74  11000 ????		00 b9	    var21      =	$B9
     75  11000 ????		00 ba	    var22      =	$BA
     76  11000 ????		00 bb	    var23      =	$BB
     77  11000 ????		00 bc	    var24      =	$BC
     78  11000 ????		00 bd	    var25      =	$BD
     79  11000 ????		00 be	    var26      =	$BE
     80  11000 ????		00 bf	    var27      =	$BF
     81  11000 ????		00 c0	    var28      =	$C0
     82  11000 ????		00 c1	    var29      =	$C1
     83  11000 ????		00 c2	    var30      =	$C2
     84  11000 ????		00 c3	    var31      =	$C3
     85  11000 ????		00 c4	    var32      =	$C4
     86  11000 ????		00 c5	    var33      =	$C5
     87  11000 ????		00 c6	    var34      =	$C6
     88  11000 ????		00 c7	    var35      =	$C7
     89  11000 ????		00 c8	    var36      =	$C8
     90  11000 ????		00 c9	    var37      =	$C9
     91  11000 ????		00 ca	    var38      =	$CA
     92  11000 ????		00 cb	    var39      =	$CB
     93  11000 ????		00 cc	    var40      =	$CC
     94  11000 ????		00 cd	    var41      =	$CD
     95  11000 ????		00 ce	    var42      =	$CE
     96  11000 ????		00 cf	    var43      =	$CF
     97  11000 ????		00 d0	    var44      =	$D0
     98  11000 ????		00 d1	    var45      =	$D1
     99  11000 ????		00 d2	    var46      =	$D2
    100  11000 ????		00 d3	    var47      =	$D3
    101  11000 ????
    102  11000 ????		00 d4	    A	       =	$d4
    103  11000 ????		00 d4	    a	       =	$d4
    104  11000 ????		00 d5	    B	       =	$d5
    105  11000 ????		00 d5	    b	       =	$d5
    106  11000 ????		00 d6	    C	       =	$d6
    107  11000 ????		00 d6	    c	       =	$d6
    108  11000 ????		00 d7	    D	       =	$d7
    109  11000 ????		00 d7	    d	       =	$d7
    110  11000 ????		00 d8	    E	       =	$d8
    111  11000 ????		00 d8	    e	       =	$d8
    112  11000 ????		00 d9	    F	       =	$d9
    113  11000 ????		00 d9	    f	       =	$d9
    114  11000 ????		00 da	    G	       =	$da
    115  11000 ????		00 da	    g	       =	$da
    116  11000 ????		00 db	    H	       =	$db
    117  11000 ????		00 db	    h	       =	$db
    118  11000 ????		00 dc	    I	       =	$dc
    119  11000 ????		00 dc	    i	       =	$dc
    120  11000 ????		00 dd	    J	       =	$dd
    121  11000 ????		00 dd	    j	       =	$dd
    122  11000 ????		00 de	    K	       =	$de
    123  11000 ????		00 de	    k	       =	$de
    124  11000 ????		00 df	    L	       =	$df
    125  11000 ????		00 df	    l	       =	$df
    126  11000 ????		00 e0	    M	       =	$e0
    127  11000 ????		00 e0	    m	       =	$e0
    128  11000 ????		00 e1	    N	       =	$e1
    129  11000 ????		00 e1	    n	       =	$e1
    130  11000 ????		00 e2	    O	       =	$e2
    131  11000 ????		00 e2	    o	       =	$e2
    132  11000 ????		00 e3	    P	       =	$e3
    133  11000 ????		00 e3	    p	       =	$e3
    134  11000 ????		00 e4	    Q	       =	$e4
    135  11000 ????		00 e4	    q	       =	$e4
    136  11000 ????		00 e5	    R	       =	$e5
    137  11000 ????		00 e5	    r	       =	$e5
    138  11000 ????		00 e6	    S	       =	$e6
    139  11000 ????		00 e6	    s	       =	$e6
    140  11000 ????		00 e7	    T	       =	$e7
    141  11000 ????		00 e7	    t	       =	$e7
    142  11000 ????		00 e8	    U	       =	$e8
    143  11000 ????		00 e8	    u	       =	$e8
    144  11000 ????		00 e9	    V	       =	$e9
    145  11000 ????		00 e9	    v	       =	$e9
    146  11000 ????		00 ea	    W	       =	$ea
    147  11000 ????		00 ea	    w	       =	$ea
    148  11000 ????		00 eb	    X	       =	$eb
    149  11000 ????		00 eb	    x	       =	$eb
    150  11000 ????		00 ec	    Y	       =	$ec
    151  11000 ????		00 ec	    y	       =	$ec
    152  11000 ????		00 ed	    Z	       =	$ed
    153  11000 ????		00 ed	    z	       =	$ed
    154  11000 ????
    155  11000 ????		00 ee	    temp7      =	$ee	; This is used to aid in bankswitching
    156  11000 ????		00 ef	    playfieldpos =	$ef
    157  11000 ????
    158  11000 ????						; available for other uses, or if unused, provide more stack space
    159  11000 ????
    160  11000 ????		00 f0	    aux1       =	$f0
    161  11000 ????		00 f1	    aux2       =	$f1
    162  11000 ????		00 f2	    aux3       =	$f2
    163  11000 ????		00 f3	    aux4       =	$f3
    164  11000 ????		00 f4	    aux5       =	$f4
    165  11000 ????		00 f5	    aux6       =	$f5
    166  11000 ????
    167  11000 ????						; playfield color/height pointers
    168  11000 ????		00 f0	    pfcolortable =	$f0	; and $d5
    169  11000 ????		00 f0	    pfheighttable =	$f0	; and $d5
    170  11000 ????						; the above pointers are the same because if color and height are both used together,
    171  11000 ????						; they must used absolute indexed and cannot use pointers
    172  11000 ????
    173  11000 ????		00 f2	    lifepointer =	$f2	; pointer to "lives" shape
    174  11000 ????						; upper 3 bits of $f2 contain the number of lives
    175  11000 ????		00 f4	    lifecolor  =	$f4
    176  11000 ????		00 f3	    lives      =	$f3	; # lives >> 5
    177  11000 ????		00 f5	    statusbarlength =	$f5	; only uses upper 5 bits; other bits free
    178  11000 ????
    179  11000 ????		00 f2	    pfscore1   =	$f2	; optional playfield bytes in score
    180  11000 ????		00 f3	    pfscore2   =	$f3
    181  11000 ????		00 f4	    pfscorecolor =	$f4
    182  11000 ????
    183  11000 ????		00 f6	    stack1     =	$f6
    184  11000 ????		00 f7	    stack2     =	$f7
    185  11000 ????		00 f8	    stack3     =	$f8
    186  11000 ????		00 f9	    stack4     =	$f9
    187  11000 ????						; the stack bytes above may be used in the kernel
    188  11000 ????						; stack = F6-F7, F8-F9, FA-FB, FC-FD, FE-FF
    189  11000 ????
    190  11000 ????				       MAC	return
    191  11000 ????				       ifnconst	bankswitch
    192  11000 ????				       rts
    193  11000 ????				       else
    194  11000 ????				       jmp	BS_return
    195  11000 ????				       endif
    196  11000 ????				       ENDM		; auto-return from either a regular or bankswitched module
    197  11000 ????
    198  11000 ????			   -	       ifconst	superchip
    199  11000 ????			   -playfieldbase =	$10D0
    200  11000 ????			   -	       include	superchip.h
    201  11000 ????				       else
    202  11000 ????		00 a4	    playfieldbase =	$A4
    203  11000 ????				       endif
    204  11000 ????
    205  11000 ????				       ifnconst	pfhalfwidth
    206  11000 ????		00 04	    pfwidth    =	4
    207  11000 ????		00 0e	    PF1L       =	PF1
    208  11000 ????		00 0f	    PF2L       =	PF2
    209  11000 ????		00 0e	    PF1R       =	PF1
    210  11000 ????		00 0f	    PF2R       =	PF2
    211  11000 ????		00 00	    pfadjust   =	0
    212  11000 ????			   -	       else
    213  11000 ????			   -pfwidth    =	2
    214  11000 ????			   -	       ifconst	pfcenter
    215  11000 ????			   -PF1L       =	$3F	; no effect
    216  11000 ????			   -PF2L       =	PF2
    217  11000 ????			   -PF1R       =	$3F
    218  11000 ????			   -PF2R       =	PF2	; no effect
    219  11000 ????			   -pfadjust   =	1
    220  11000 ????			   -	       else
    221  11000 ????			   -PF1L       =	PF1
    222  11000 ????			   -PF2L       =	PF2
    223  11000 ????			   -PF1R       =	$3F	; no effect
    224  11000 ????			   -PF2R       =	$3F	; no effect
    225  11000 ????			   -pfadjust   =	0
    226  11000 ????			   -	       endif
    227  11000 ????				       endif
    228  11000 ????
    229  11000 ????						; define playfield start based on height
    230  11000 ????				       ifnconst	pfres
    231  11000 ????		00 a4	    playfield  =	playfieldbase
    232  11000 ????			   -	       else
    233  11000 ????			   -playfield  =	playfieldbase-(pfres-12*(4/pfwidth))*pfwidth
    234  11000 ????				       endif
------- FILE 64kbb.bas.asm
------- FILE 2600basic_variable_redefs.h LEVEL 2 PASS 2
      0  11000 ????				       include	"2600basic_variable_redefs.h"
      1  11000 ????						; This file contains variable mapping and other information for the current project.
      2  11000 ????
      3  11000 ????		00 24	    bscode_length =	36
      4  11000 ????		00 d5	    bchoice    =	b
      5  11000 ????
      6  11000 ????		00 d4	    frame      =	a
      7  11000 ????
      8  11000 ????		00 0f	    bs_mask    =	15
      9  11000 ????		00 40	    bankswitch =	64
     10  11000 ????		1f e0	    bankswitch_hotspot =	$1FE0
------- FILE 64kbb.bas.asm
      8  11000 ????				       ifconst	bankswitch
      9  11000 ????			   -	       if	bankswitch == 8
     10  11000 ????			   -	       ORG	$1000
     11  11000 ????			   -	       RORG	$D000
     12  11000 ????				       endif
     13  11000 ????			   -	       if	bankswitch == 16
     14  11000 ????			   -	       ORG	$1000
     15  11000 ????			   -	       RORG	$9000
     16  11000 ????				       endif
     17  11000 ????			   -	       if	bankswitch == 32
     18  11000 ????			   -	       ORG	$1000
     19  11000 ????			   -	       RORG	$1000
     20  11000 ????				       endif
     21  11000 ????				       if	bankswitch == 64
     22  1000					      ORG	$1000
     23  1000					      RORG	$1000
     24  1000					      endif
     25  1000				  -	      else
     26  1000				  -	      ORG	$F000
     27  1000					      endif
     28  1000
     29  1000					      ifconst	bankswitch_hotspot
     30  1000				  -	      if	bankswitch_hotspot = $083F	; 0840 bankswitching hotspot
     31  1000				  -	      .byte	0	; stop unexpected bankswitches
     32  1000					      endif
     33  1000					      endif
     34  1000				   game
     35  1000				   .L00 		;;line 1;;  rem ** The 64k test program
     36  1000
     37  1000				   .L01 		;;line 2;;  rem **
     38  1000
     39  1000				   .L02 		;;line 3;;  rem ** This test runs through 64k bank changes. The score is adjusted to
     40  1000
     41  1000				   .L03 		;;line 4;;  rem ** reflect that last successful bank # changed to. The background color 
     42  1000
     43  1000				   .L04 		;;line 5;;  rem ** register changes according to the bank # that was tested, whether it
     44  1000
     45  1000				   .L05 		;;line 6;;  rem ** was successful or not.
     46  1000
     47  1000				   .L06 		;;line 7;;  rem **
     48  1000
     49  1000				   .L07 		;;line 8;;  rem ** banks 2-14 test goto
     50  1000
     51  1000				   .L08 		;;line 9;;  rem ** banks 15-16 test gosub+return otherbank
     52  1000
     53  1000				   .
     54  1000							;;line 10;;
     55  1000
     56  1000				   .L09 		;;line 11;;  set romsize 64k
     57  1000
     58  1000				   .
     59  1000							;;line 12;;
     60  1000
     61  1000				   .L010		;;line 13;;  dim frame = a
     62  1000
     63  1000				   .L011		;;line 14;;  dim bchoice = b
     64  1000
     65  1000				   .
     66  1000							;;line 15;;
     67  1000
     68  1000				   .L012		;;line 16;;  scorecolor = $0f
     69  1000
     70  1000		       a9 0f		      LDA	#$0f
     71  1002		       85 a3		      STA	scorecolor
     72  1004				   .L013		;;line 17;;  score = 1
     73  1004
     74  1004		       a9 01		      LDA	#$01
     75  1006		       85 95		      STA	score+2
     76  1008		       a9 00		      LDA	#$00
     77  100a		       85 94		      STA	score+1
     78  100c		       a9 00		      LDA	#$00
     79  100e		       85 93		      STA	score
     80  1010				   .L014		;;line 18;;  bchoice = 0
     81  1010
     82  1010		       a9 00		      LDA	#0
     83  1012		       85 d5		      STA	bchoice
     84  1014				   .
     85  1014							;;line 19;;
     86  1014
     87  1014				   .main
     88  1014							;;line 20;; main
     89  1014
     90  1014				   .L015		;;line 21;;  gosub testsub1 bank1
     91  1014
     92  1014		       85 ee		      sta	temp7
     93  1016		       a9 00		      lda	#(((>(ret_point1-1)) & $0F) | $00)
     94  1018		       48		      pha
     95  1019		       a9 2b		      lda	#<(ret_point1-1)
     96  101b		       48		      pha
     97  101c		       a9 11		      lda	#>(.testsub1-1)
     98  101e		       48		      pha
     99  101f		       a9 f2		      lda	#<(.testsub1-1)
    100  1021		       48		      pha
    101  1022		       a5 ee		      lda	temp7
    102  1024		       48		      pha
    103  1025		       8a		      txa
    104  1026		       48		      pha
    105  1027		       a2 01		      ldx	#1
    106  1029		       4c d7 ff 	      jmp	BS_jsr
    107  102c				   ret_point1
    108  102c				   .L016		;;line 22;;  frame = frame + 1
    109  102c
    110  102c		       e6 d4		      INC	frame
    111  102e				   .L017		;;line 23;;  if frame > 59 then frame = 0 : bchoice = bchoice + 1 : if bchoice > 15 then bchoice = 0 : score = 1
    112  102e
    113  102e		       a9 3b		      LDA	#59
    114  1030		       c5 d4		      CMP	frame
    115  1032		       b0 1c		      BCS	.skipL017
    116  1034				   .condpart0
    117  1034		       a9 00		      LDA	#0
    118  1036		       85 d4		      STA	frame
    119  1038		       e6 d5		      INC	bchoice
    120  103a		       a9 0f		      LDA	#15
    121  103c		       c5 d5		      CMP	bchoice
    122  103e		       b0 10		      BCS	.skip0then
    123  1040				   .condpart1
    124  1040		       a9 00		      LDA	#0
    125  1042		       85 d5		      STA	bchoice
    126  1044		       a9 01		      LDA	#$01
    127  1046		       85 95		      STA	score+2
    128  1048		       a9 00		      LDA	#$00
    129  104a		       85 94		      STA	score+1
    130  104c		       a9 00		      LDA	#$00
    131  104e		       85 93		      STA	score
    132  1050				   .skip0then
    133  1050				   .skipL017
    134  1050				   .L018		;;line 24;;  if bchoice = 0 then goto goback
    135  1050
    136  1050		       a5 d5		      LDA	bchoice
    137  1052		       c9 00		      CMP	#0
    138  1054		       d0 03		      BNE	.skipL018
    139  1056				   .condpart2
    140  1056		       4c cd 11 	      jmp	.goback
    141  1059				   .skipL018
    142  1059				   .L019		;;line 25;;  if bchoice = 1 then goto bsub2 bank2
    143  1059
    144  1059		       a5 d5		      LDA	bchoice
    145  105b		       c9 01		      CMP	#1
    146  105d		       d0 12		      BNE	.skipL019
    147  105f				   .condpart3
    148  105f		       85 ee		      sta	temp7
    149  1061		       a9 2f		      lda	#>(.bsub2-1)
    150  1063		       48		      pha
    151  1064		       a9 ff		      lda	#<(.bsub2-1)
    152  1066		       48		      pha
    153  1067		       a5 ee		      lda	temp7
    154  1069		       48		      pha
    155  106a		       8a		      txa
    156  106b		       48		      pha
    157  106c		       a2 02		      ldx	#2
    158  106e		       4c d7 ff 	      jmp	BS_jsr
    159  1071				   .skipL019
    160  1071				   .L020		;;line 26;;  if bchoice = 2 then goto bsub3 bank3
    161  1071
    162  1071		       a5 d5		      LDA	bchoice
    163  1073		       c9 02		      CMP	#2
    164  1075		       d0 12		      BNE	.skipL020
    165  1077				   .condpart4
    166  1077		       85 ee		      sta	temp7
    167  1079		       a9 4f		      lda	#>(.bsub3-1)
    168  107b		       48		      pha
    169  107c		       a9 ff		      lda	#<(.bsub3-1)
    170  107e		       48		      pha
    171  107f		       a5 ee		      lda	temp7
    172  1081		       48		      pha
    173  1082		       8a		      txa
    174  1083		       48		      pha
    175  1084		       a2 03		      ldx	#3
    176  1086		       4c d7 ff 	      jmp	BS_jsr
    177  1089				   .skipL020
    178  1089				   .L021		;;line 27;;  if bchoice = 3 then goto bsub4 bank4
    179  1089
    180  1089		       a5 d5		      LDA	bchoice
    181  108b		       c9 03		      CMP	#3
    182  108d		       d0 12		      BNE	.skipL021
    183  108f				   .condpart5
    184  108f		       85 ee		      sta	temp7
    185  1091		       a9 6f		      lda	#>(.bsub4-1)
    186  1093		       48		      pha
    187  1094		       a9 ff		      lda	#<(.bsub4-1)
    188  1096		       48		      pha
    189  1097		       a5 ee		      lda	temp7
    190  1099		       48		      pha
    191  109a		       8a		      txa
    192  109b		       48		      pha
    193  109c		       a2 04		      ldx	#4
    194  109e		       4c d7 ff 	      jmp	BS_jsr
    195  10a1				   .skipL021
    196  10a1				   .L022		;;line 28;;  if bchoice = 4 then goto bsub5 bank5
    197  10a1
    198  10a1		       a5 d5		      LDA	bchoice
    199  10a3		       c9 04		      CMP	#4
    200  10a5		       d0 12		      BNE	.skipL022
    201  10a7				   .condpart6
    202  10a7		       85 ee		      sta	temp7
    203  10a9		       a9 8f		      lda	#>(.bsub5-1)
    204  10ab		       48		      pha
    205  10ac		       a9 ff		      lda	#<(.bsub5-1)
    206  10ae		       48		      pha
    207  10af		       a5 ee		      lda	temp7
    208  10b1		       48		      pha
    209  10b2		       8a		      txa
    210  10b3		       48		      pha
    211  10b4		       a2 05		      ldx	#5
    212  10b6		       4c d7 ff 	      jmp	BS_jsr
    213  10b9				   .skipL022
    214  10b9				   .L023		;;line 29;;  if bchoice = 5 then goto bsub6 bank6
    215  10b9
    216  10b9		       a5 d5		      LDA	bchoice
    217  10bb		       c9 05		      CMP	#5
    218  10bd		       d0 12		      BNE	.skipL023
    219  10bf				   .condpart7
    220  10bf		       85 ee		      sta	temp7
    221  10c1		       a9 af		      lda	#>(.bsub6-1)
    222  10c3		       48		      pha
    223  10c4		       a9 ff		      lda	#<(.bsub6-1)
    224  10c6		       48		      pha
    225  10c7		       a5 ee		      lda	temp7
    226  10c9		       48		      pha
    227  10ca		       8a		      txa
    228  10cb		       48		      pha
    229  10cc		       a2 06		      ldx	#6
    230  10ce		       4c d7 ff 	      jmp	BS_jsr
    231  10d1				   .skipL023
    232  10d1				   .L024		;;line 30;;  if bchoice = 6 then goto bsub7 bank7
    233  10d1
    234  10d1		       a5 d5		      LDA	bchoice
    235  10d3		       c9 06		      CMP	#6
    236  10d5		       d0 12		      BNE	.skipL024
    237  10d7				   .condpart8
    238  10d7		       85 ee		      sta	temp7
    239  10d9		       a9 cf		      lda	#>(.bsub7-1)
    240  10db		       48		      pha
    241  10dc		       a9 ff		      lda	#<(.bsub7-1)
    242  10de		       48		      pha
    243  10df		       a5 ee		      lda	temp7
    244  10e1		       48		      pha
    245  10e2		       8a		      txa
    246  10e3		       48		      pha
    247  10e4		       a2 07		      ldx	#7
    248  10e6		       4c d7 ff 	      jmp	BS_jsr
    249  10e9				   .skipL024
    250  10e9				   .L025		;;line 31;;  if bchoice = 7 then goto bsub8 bank8
    251  10e9
    252  10e9		       a5 d5		      LDA	bchoice
    253  10eb		       c9 07		      CMP	#7
    254  10ed		       d0 12		      BNE	.skipL025
    255  10ef				   .condpart9
    256  10ef		       85 ee		      sta	temp7
    257  10f1		       a9 ef		      lda	#>(.bsub8-1)
    258  10f3		       48		      pha
    259  10f4		       a9 ff		      lda	#<(.bsub8-1)
    260  10f6		       48		      pha
    261  10f7		       a5 ee		      lda	temp7
    262  10f9		       48		      pha
    263  10fa		       8a		      txa
    264  10fb		       48		      pha
    265  10fc		       a2 08		      ldx	#8
    266  10fe		       4c d7 ff 	      jmp	BS_jsr
    267  1101				   .skipL025
    268  1101				   .L026		;;line 32;;  if bchoice = 8 then goto bsub9 bank9
    269  1101
    270  1101		       a5 d5		      LDA	bchoice
    271  1103		       c9 08		      CMP	#8
    272  1105		       d0 12		      BNE	.skipL026
    273  1107				   .condpart10
    274  1107		       85 ee		      sta	temp7
    275  1109		       a9 0f		      lda	#>(.bsub9-1)
    276  110b		       48		      pha
    277  110c		       a9 ff		      lda	#<(.bsub9-1)
    278  110e		       48		      pha
    279  110f		       a5 ee		      lda	temp7
    280  1111		       48		      pha
    281  1112		       8a		      txa
    282  1113		       48		      pha
    283  1114		       a2 09		      ldx	#9
    284  1116		       4c d7 ff 	      jmp	BS_jsr
    285  1119				   .skipL026
    286  1119				   .L027		;;line 33;;  if bchoice = 9 then goto bsub10 bank10
    287  1119
    288  1119		       a5 d5		      LDA	bchoice
    289  111b		       c9 09		      CMP	#9
    290  111d		       d0 12		      BNE	.skipL027
    291  111f				   .condpart11
    292  111f		       85 ee		      sta	temp7
    293  1121		       a9 2f		      lda	#>(.bsub10-1)
    294  1123		       48		      pha
    295  1124		       a9 ff		      lda	#<(.bsub10-1)
    296  1126		       48		      pha
    297  1127		       a5 ee		      lda	temp7
    298  1129		       48		      pha
    299  112a		       8a		      txa
    300  112b		       48		      pha
    301  112c		       a2 0a		      ldx	#10
    302  112e		       4c d7 ff 	      jmp	BS_jsr
    303  1131				   .skipL027
    304  1131				   .L028		;;line 34;;  if bchoice = 10 then goto bsub11 bank11
    305  1131
    306  1131		       a5 d5		      LDA	bchoice
    307  1133		       c9 0a		      CMP	#10
    308  1135		       d0 12		      BNE	.skipL028
    309  1137				   .condpart12
    310  1137		       85 ee		      sta	temp7
    311  1139		       a9 4f		      lda	#>(.bsub11-1)
    312  113b		       48		      pha
    313  113c		       a9 ff		      lda	#<(.bsub11-1)
    314  113e		       48		      pha
    315  113f		       a5 ee		      lda	temp7
    316  1141		       48		      pha
    317  1142		       8a		      txa
    318  1143		       48		      pha
    319  1144		       a2 0b		      ldx	#11
    320  1146		       4c d7 ff 	      jmp	BS_jsr
    321  1149				   .skipL028
    322  1149				   .L029		;;line 35;;  if bchoice = 11 then goto bsub12 bank12
    323  1149
    324  1149		       a5 d5		      LDA	bchoice
    325  114b		       c9 0b		      CMP	#11
    326  114d		       d0 12		      BNE	.skipL029
    327  114f				   .condpart13
    328  114f		       85 ee		      sta	temp7
    329  1151		       a9 6f		      lda	#>(.bsub12-1)
    330  1153		       48		      pha
    331  1154		       a9 ff		      lda	#<(.bsub12-1)
    332  1156		       48		      pha
    333  1157		       a5 ee		      lda	temp7
    334  1159		       48		      pha
    335  115a		       8a		      txa
    336  115b		       48		      pha
    337  115c		       a2 0c		      ldx	#12
    338  115e		       4c d7 ff 	      jmp	BS_jsr
    339  1161				   .skipL029
    340  1161				   .L030		;;line 36;;  if bchoice = 12 then goto bsub13 bank13
    341  1161
    342  1161		       a5 d5		      LDA	bchoice
    343  1163		       c9 0c		      CMP	#12
    344  1165		       d0 12		      BNE	.skipL030
    345  1167				   .condpart14
    346  1167		       85 ee		      sta	temp7
    347  1169		       a9 8f		      lda	#>(.bsub13-1)
    348  116b		       48		      pha
    349  116c		       a9 ff		      lda	#<(.bsub13-1)
    350  116e		       48		      pha
    351  116f		       a5 ee		      lda	temp7
    352  1171		       48		      pha
    353  1172		       8a		      txa
    354  1173		       48		      pha
    355  1174		       a2 0d		      ldx	#13
    356  1176		       4c d7 ff 	      jmp	BS_jsr
    357  1179				   .skipL030
    358  1179				   .L031		;;line 37;;  if bchoice = 13 then goto bsub14 bank14
    359  1179
    360  1179		       a5 d5		      LDA	bchoice
    361  117b		       c9 0d		      CMP	#13
    362  117d		       d0 12		      BNE	.skipL031
    363  117f				   .condpart15
    364  117f		       85 ee		      sta	temp7
    365  1181		       a9 af		      lda	#>(.bsub14-1)
    366  1183		       48		      pha
    367  1184		       a9 ff		      lda	#<(.bsub14-1)
    368  1186		       48		      pha
    369  1187		       a5 ee		      lda	temp7
    370  1189		       48		      pha
    371  118a		       8a		      txa
    372  118b		       48		      pha
    373  118c		       a2 0e		      ldx	#14
    374  118e		       4c d7 ff 	      jmp	BS_jsr
    375  1191				   .skipL031
    376  1191				   .L032		;;line 38;;  if bchoice = 14 then gosub bsub15 bank15
    377  1191
    378  1191		       a5 d5		      LDA	bchoice
    379  1193		       c9 0e		      CMP	#14
    380  1195		       d0 18		      BNE	.skipL032
    381  1197				   .condpart16
    382  1197		       85 ee		      sta	temp7
    383  1199		       a9 01		      lda	#(((>(ret_point2-1)) & $0F) | $00)
    384  119b		       48		      pha
    385  119c		       a9 ae		      lda	#<(ret_point2-1)
    386  119e		       48		      pha
    387  119f		       a9 cf		      lda	#>(.bsub15-1)
    388  11a1		       48		      pha
    389  11a2		       a9 ff		      lda	#<(.bsub15-1)
    390  11a4		       48		      pha
    391  11a5		       a5 ee		      lda	temp7
    392  11a7		       48		      pha
    393  11a8		       8a		      txa
    394  11a9		       48		      pha
    395  11aa		       a2 0f		      ldx	#15
    396  11ac		       4c d7 ff 	      jmp	BS_jsr
    397  11af				   ret_point2
    398  11af				   .skipL032
    399  11af				   .L033		;;line 39;;  if bchoice = 15 then gosub bsub16 bank16
    400  11af
    401  11af		       a5 d5		      LDA	bchoice
    402  11b1		       c9 0f		      CMP	#15
    403  11b3		       d0 18		      BNE	.skipL033
    404  11b5				   .condpart17
    405  11b5		       85 ee		      sta	temp7
    406  11b7		       a9 01		      lda	#(((>(ret_point3-1)) & $0F) | $00)
    407  11b9		       48		      pha
    408  11ba		       a9 cc		      lda	#<(ret_point3-1)
    409  11bc		       48		      pha
    410  11bd		       a9 f4		      lda	#>(.bsub16-1)
    411  11bf		       48		      pha
    412  11c0		       a9 d5		      lda	#<(.bsub16-1)
    413  11c2		       48		      pha
    414  11c3		       a5 ee		      lda	temp7
    415  11c5		       48		      pha
    416  11c6		       8a		      txa
    417  11c7		       48		      pha
    418  11c8		       a2 10		      ldx	#16
    419  11ca		       4c d7 ff 	      jmp	BS_jsr
    420  11cd				   ret_point3
    421  11cd				   .skipL033
    422  11cd				   .
    423  11cd							;;line 40;;
    424  11cd
    425  11cd				   .goback
    426  11cd							;;line 41;; goback
    427  11cd
    428  11cd				   .L034		;;line 42;;  COLUBK = bchoice * 4 * 4 + 2
    429  11cd
    430  11cd							; complex statement detected
    431  11cd		       a5 d5		      LDA	bchoice
    432  11cf		       0a		      asl
    433  11d0		       0a		      asl
    434  11d1		       0a		      asl
    435  11d2		       0a		      asl
    436  11d3		       18		      CLC
    437  11d4		       69 02		      ADC	#2
    438  11d6		       85 09		      STA	COLUBK
    439  11d8				   .L035		;;line 43;;  drawscreen
    440  11d8
    441  11d8		       85 ee		      sta	temp7
    442  11da		       a9 01		      lda	#(((>(ret_point4-1)) & $0F) | $00)
    443  11dc		       48		      pha
    444  11dd		       a9 ef		      lda	#<(ret_point4-1)
    445  11df		       48		      pha
    446  11e0		       a9 f4		      lda	#>(drawscreen-1)
    447  11e2		       48		      pha
    448  11e3		       a9 35		      lda	#<(drawscreen-1)
    449  11e5		       48		      pha
    450  11e6		       a5 ee		      lda	temp7
    451  11e8		       48		      pha
    452  11e9		       8a		      txa
    453  11ea		       48		      pha
    454  11eb		       a2 10		      ldx	#16
    455  11ed		       4c d7 ff 	      jmp	BS_jsr
    456  11f0				   ret_point4
    457  11f0				   .L036		;;line 44;;  goto main
    458  11f0
    459  11f0		       4c 14 10 	      jmp	.main
    460  11f3				   .
    461  11f3							;;line 45;;
    462  11f3
    463  11f3				   .testsub1
    464  11f3							;;line 46;; testsub1
    465  11f3
    466  11f3				   .L037		;;line 47;;  return otherbank
    467  11f3
    468  11f3		       4c c5 ff 	      JMP	BS_return
    469  11f6				   .
    470  11f6							;;line 48;;
    471  11f6
    472  11f6				   .L038		;;line 49;;  bank 2
    473  11f6
    474  11f6					      if	ECHO1
      3526 bytes of ROM space left in bank 1
    475  11f6					      echo	"    ",[(start_bank1 - *)]d , "bytes of ROM space left in bank 1")
    476  11f6					      endif
    477  11f6		       00 01	   ECHO1      =	1
    478  1fbc					      ORG	$1FE0-bscode_length
    479  1fbc					      RORG	$1FE0-bscode_length
    480  1fbc		       a2 ff	   start_bank1 ldx	#$ff
    481  1fbe				  -	      ifconst	FASTFETCH	; using DPC+
    482  1fbe				  -	      stx	FASTFETCH
    483  1fbe					      endif
    484  1fbe		       9a		      txs
    485  1fbf					      if	bankswitch == 64
    486  1fbf		       a9 f2		      lda	#(((>(start-1)) & $0F) | $F0)
    487  1fc1				  -	      else
    488  1fc1				  -	      lda	#>(start-1)
    489  1fc1					      endif
    490  1fc1		       48		      pha
    491  1fc2		       a9 4f		      lda	#<(start-1)
    492  1fc4		       48		      pha
    493  1fc5		       48		      pha
    494  1fc6		       8a		      txa
    495  1fc7		       48		      pha
    496  1fc8		       ba		      tsx
    497  1fc9				  -	      if	bankswitch != 64
    498  1fc9				  -	      lda	4,x	; get high byte of return address
    499  1fc9				  -	      rol
    500  1fc9				  -	      rol
    501  1fc9				  -	      rol
    502  1fc9				  -	      rol
    503  1fc9				  -	      and	#bs_mask	;1 3 or 7 for F8/F6/F4
    504  1fc9				  -	      tax
    505  1fc9				  -	      inx
    506  1fc9					      else
    507  1fc9		       b5 04		      lda	4,x	; get high byte of return address
    508  1fcb		       a8		      tay
    509  1fcc		       09 10		      ora	#$10	; change our bank nibble into a valid rom mirror
    510  1fce		       95 04		      sta	4,x
    511  1fd0		       98		      tya
    512  1fd1		       4a		      lsr
    513  1fd2		       4a		      lsr
    514  1fd3		       4a		      lsr
    515  1fd4		       4a		      lsr
    516  1fd5		       aa		      tax
    517  1fd6		       e8		      inx
    518  1fd7					      endif
    519  1fd7		       bd df 1f 	      lda	bankswitch_hotspot-1,x
    520  1fda		       68		      pla
    521  1fdb		       aa		      tax
    522  1fdc		       68		      pla
    523  1fdd		       60		      rts
    524  1fde				  -	      if	((* & $1FFF) > ((bankswitch_hotspot & $1FFF) - 1))
    525  1fde				  -	      echo	"WARNING: size parameter in banksw.asm too small - the program probably will not work."
    526  1fde				  -	      echo	"Change to",[(*-begin_bscode+1)&$FF]d,"and try again."
    527  1fde					      endif
    528  1ffc					      ORG	$1FFC
    529  1ffc					      RORG	$1FFC
    530  1ffc		       bc 1f		      .word.w	(start_bank1 & $ffff)
    531  1ffe		       bc 1f		      .word.w	(start_bank1 & $ffff)
    532  2000					      ORG	$2000
    533  2000					      RORG	$3000
    534  2000				   .bsub2
    535  2000							;;line 50;; bsub2
    536  2000
    537  2000				   .L039		;;line 51;;  score = 2
    538  2000
    539  2000		       a9 02		      LDA	#$02
    540  2002		       85 95		      STA	score+2
    541  2004		       a9 00		      LDA	#$00
    542  2006		       85 94		      STA	score+1
    543  2008		       a9 00		      LDA	#$00
    544  200a		       85 93		      STA	score
    545  200c				   .L040		;;line 52;;  goto goback bank1
    546  200c
    547  200c		       85 ee		      sta	temp7
    548  200e		       a9 11		      lda	#>(.goback-1)
    549  2010		       48		      pha
    550  2011		       a9 cc		      lda	#<(.goback-1)
    551  2013		       48		      pha
    552  2014		       a5 ee		      lda	temp7
    553  2016		       48		      pha
    554  2017		       8a		      txa
    555  2018		       48		      pha
    556  2019		       a2 01		      ldx	#1
    557  201b		       4c d7 ff 	      jmp	BS_jsr
    558  201e				   .
    559  201e							;;line 53;;
    560  201e
    561  201e				   .L041		;;line 54;;  bank 3
    562  201e
    563  201e					      if	ECHO2
      3998 bytes of ROM space left in bank 2
    564  201e					      echo	"    ",[(start_bank2 - *)]d , "bytes of ROM space left in bank 2")
    565  201e					      endif
    566  201e		       00 01	   ECHO2      =	1
    567  2fbc					      ORG	$2FE0-bscode_length
    568  2fbc					      RORG	$3FE0-bscode_length
    569  2fbc		       a2 ff	   start_bank2 ldx	#$ff
    570  2fbe				  -	      ifconst	FASTFETCH	; using DPC+
    571  2fbe				  -	      stx	FASTFETCH
    572  2fbe					      endif
    573  2fbe		       9a		      txs
    574  2fbf					      if	bankswitch == 64
    575  2fbf		       a9 f2		      lda	#(((>(start-1)) & $0F) | $F0)
    576  2fc1				  -	      else
    577  2fc1				  -	      lda	#>(start-1)
    578  2fc1					      endif
    579  2fc1		       48		      pha
    580  2fc2		       a9 4f		      lda	#<(start-1)
    581  2fc4		       48		      pha
    582  2fc5		       48		      pha
    583  2fc6		       8a		      txa
    584  2fc7		       48		      pha
    585  2fc8		       ba		      tsx
    586  2fc9				  -	      if	bankswitch != 64
    587  2fc9				  -	      lda	4,x	; get high byte of return address
    588  2fc9				  -	      rol
    589  2fc9				  -	      rol
    590  2fc9				  -	      rol
    591  2fc9				  -	      rol
    592  2fc9				  -	      and	#bs_mask	;1 3 or 7 for F8/F6/F4
    593  2fc9				  -	      tax
    594  2fc9				  -	      inx
    595  2fc9					      else
    596  2fc9		       b5 04		      lda	4,x	; get high byte of return address
    597  2fcb		       a8		      tay
    598  2fcc		       09 10		      ora	#$10	; change our bank nibble into a valid rom mirror
    599  2fce		       95 04		      sta	4,x
    600  2fd0		       98		      tya
    601  2fd1		       4a		      lsr
    602  2fd2		       4a		      lsr
    603  2fd3		       4a		      lsr
    604  2fd4		       4a		      lsr
    605  2fd5		       aa		      tax
    606  2fd6		       e8		      inx
    607  2fd7					      endif
    608  2fd7		       bd df 1f 	      lda	bankswitch_hotspot-1,x
    609  2fda		       68		      pla
    610  2fdb		       aa		      tax
    611  2fdc		       68		      pla
    612  2fdd		       60		      rts
    613  2fde				  -	      if	((* & $1FFF) > ((bankswitch_hotspot & $1FFF) - 1))
    614  2fde				  -	      echo	"WARNING: size parameter in banksw.asm too small - the program probably will not work."
    615  2fde				  -	      echo	"Change to",[(*-begin_bscode+1)&$FF]d,"and try again."
    616  2fde					      endif
    617  2ffc					      ORG	$2FFC
    618  2ffc					      RORG	$3FFC
    619  2ffc		       bc 3f		      .word.w	(start_bank2 & $ffff)
    620  2ffe		       bc 3f		      .word.w	(start_bank2 & $ffff)
    621  3000					      ORG	$3000
    622  3000					      RORG	$5000
    623  3000				   .bsub3
    624  3000							;;line 55;; bsub3
    625  3000
    626  3000				   .L042		;;line 56;;  score = 3
    627  3000
    628  3000		       a9 03		      LDA	#$03
    629  3002		       85 95		      STA	score+2
    630  3004		       a9 00		      LDA	#$00
    631  3006		       85 94		      STA	score+1
    632  3008		       a9 00		      LDA	#$00
    633  300a		       85 93		      STA	score
    634  300c				   .L043		;;line 57;;  goto goback bank1
    635  300c
    636  300c		       85 ee		      sta	temp7
    637  300e		       a9 11		      lda	#>(.goback-1)
    638  3010		       48		      pha
    639  3011		       a9 cc		      lda	#<(.goback-1)
    640  3013		       48		      pha
    641  3014		       a5 ee		      lda	temp7
    642  3016		       48		      pha
    643  3017		       8a		      txa
    644  3018		       48		      pha
    645  3019		       a2 01		      ldx	#1
    646  301b		       4c d7 ff 	      jmp	BS_jsr
    647  301e				   .
    648  301e							;;line 58;;
    649  301e
    650  301e				   .L044		;;line 59;;  bank 4
    651  301e
    652  301e					      if	ECHO3
      3998 bytes of ROM space left in bank 3
    653  301e					      echo	"    ",[(start_bank3 - *)]d , "bytes of ROM space left in bank 3")
    654  301e					      endif
    655  301e		       00 01	   ECHO3      =	1
    656  3fbc					      ORG	$3FE0-bscode_length
    657  3fbc					      RORG	$5FE0-bscode_length
    658  3fbc		       a2 ff	   start_bank3 ldx	#$ff
    659  3fbe				  -	      ifconst	FASTFETCH	; using DPC+
    660  3fbe				  -	      stx	FASTFETCH
    661  3fbe					      endif
    662  3fbe		       9a		      txs
    663  3fbf					      if	bankswitch == 64
    664  3fbf		       a9 f2		      lda	#(((>(start-1)) & $0F) | $F0)
    665  3fc1				  -	      else
    666  3fc1				  -	      lda	#>(start-1)
    667  3fc1					      endif
    668  3fc1		       48		      pha
    669  3fc2		       a9 4f		      lda	#<(start-1)
    670  3fc4		       48		      pha
    671  3fc5		       48		      pha
    672  3fc6		       8a		      txa
    673  3fc7		       48		      pha
    674  3fc8		       ba		      tsx
    675  3fc9				  -	      if	bankswitch != 64
    676  3fc9				  -	      lda	4,x	; get high byte of return address
    677  3fc9				  -	      rol
    678  3fc9				  -	      rol
    679  3fc9				  -	      rol
    680  3fc9				  -	      rol
    681  3fc9				  -	      and	#bs_mask	;1 3 or 7 for F8/F6/F4
    682  3fc9				  -	      tax
    683  3fc9				  -	      inx
    684  3fc9					      else
    685  3fc9		       b5 04		      lda	4,x	; get high byte of return address
    686  3fcb		       a8		      tay
    687  3fcc		       09 10		      ora	#$10	; change our bank nibble into a valid rom mirror
    688  3fce		       95 04		      sta	4,x
    689  3fd0		       98		      tya
    690  3fd1		       4a		      lsr
    691  3fd2		       4a		      lsr
    692  3fd3		       4a		      lsr
    693  3fd4		       4a		      lsr
    694  3fd5		       aa		      tax
    695  3fd6		       e8		      inx
    696  3fd7					      endif
    697  3fd7		       bd df 1f 	      lda	bankswitch_hotspot-1,x
    698  3fda		       68		      pla
    699  3fdb		       aa		      tax
    700  3fdc		       68		      pla
    701  3fdd		       60		      rts
    702  3fde				  -	      if	((* & $1FFF) > ((bankswitch_hotspot & $1FFF) - 1))
    703  3fde				  -	      echo	"WARNING: size parameter in banksw.asm too small - the program probably will not work."
    704  3fde				  -	      echo	"Change to",[(*-begin_bscode+1)&$FF]d,"and try again."
    705  3fde					      endif
    706  3ffc					      ORG	$3FFC
    707  3ffc					      RORG	$5FFC
    708  3ffc		       bc 5f		      .word.w	(start_bank3 & $ffff)
    709  3ffe		       bc 5f		      .word.w	(start_bank3 & $ffff)
    710  4000					      ORG	$4000
    711  4000					      RORG	$7000
    712  4000				   .bsub4
    713  4000							;;line 60;; bsub4
    714  4000
    715  4000				   .L045		;;line 61;;  score = 4
    716  4000
    717  4000		       a9 04		      LDA	#$04
    718  4002		       85 95		      STA	score+2
    719  4004		       a9 00		      LDA	#$00
    720  4006		       85 94		      STA	score+1
    721  4008		       a9 00		      LDA	#$00
    722  400a		       85 93		      STA	score
    723  400c				   .L046		;;line 62;;  goto goback bank1
    724  400c
    725  400c		       85 ee		      sta	temp7
    726  400e		       a9 11		      lda	#>(.goback-1)
    727  4010		       48		      pha
    728  4011		       a9 cc		      lda	#<(.goback-1)
    729  4013		       48		      pha
    730  4014		       a5 ee		      lda	temp7
    731  4016		       48		      pha
    732  4017		       8a		      txa
    733  4018		       48		      pha
    734  4019		       a2 01		      ldx	#1
    735  401b		       4c d7 ff 	      jmp	BS_jsr
    736  401e				   .
    737  401e							;;line 63;;
    738  401e
    739  401e				   .L047		;;line 64;;  bank 5
    740  401e
    741  401e					      if	ECHO4
      3998 bytes of ROM space left in bank 4
    742  401e					      echo	"    ",[(start_bank4 - *)]d , "bytes of ROM space left in bank 4")
    743  401e					      endif
    744  401e		       00 01	   ECHO4      =	1
    745  4fbc					      ORG	$4FE0-bscode_length
    746  4fbc					      RORG	$7FE0-bscode_length
    747  4fbc		       a2 ff	   start_bank4 ldx	#$ff
    748  4fbe				  -	      ifconst	FASTFETCH	; using DPC+
    749  4fbe				  -	      stx	FASTFETCH
    750  4fbe					      endif
    751  4fbe		       9a		      txs
    752  4fbf					      if	bankswitch == 64
    753  4fbf		       a9 f2		      lda	#(((>(start-1)) & $0F) | $F0)
    754  4fc1				  -	      else
    755  4fc1				  -	      lda	#>(start-1)
    756  4fc1					      endif
    757  4fc1		       48		      pha
    758  4fc2		       a9 4f		      lda	#<(start-1)
    759  4fc4		       48		      pha
    760  4fc5		       48		      pha
    761  4fc6		       8a		      txa
    762  4fc7		       48		      pha
    763  4fc8		       ba		      tsx
    764  4fc9				  -	      if	bankswitch != 64
    765  4fc9				  -	      lda	4,x	; get high byte of return address
    766  4fc9				  -	      rol
    767  4fc9				  -	      rol
    768  4fc9				  -	      rol
    769  4fc9				  -	      rol
    770  4fc9				  -	      and	#bs_mask	;1 3 or 7 for F8/F6/F4
    771  4fc9				  -	      tax
    772  4fc9				  -	      inx
    773  4fc9					      else
    774  4fc9		       b5 04		      lda	4,x	; get high byte of return address
    775  4fcb		       a8		      tay
    776  4fcc		       09 10		      ora	#$10	; change our bank nibble into a valid rom mirror
    777  4fce		       95 04		      sta	4,x
    778  4fd0		       98		      tya
    779  4fd1		       4a		      lsr
    780  4fd2		       4a		      lsr
    781  4fd3		       4a		      lsr
    782  4fd4		       4a		      lsr
    783  4fd5		       aa		      tax
    784  4fd6		       e8		      inx
    785  4fd7					      endif
    786  4fd7		       bd df 1f 	      lda	bankswitch_hotspot-1,x
    787  4fda		       68		      pla
    788  4fdb		       aa		      tax
    789  4fdc		       68		      pla
    790  4fdd		       60		      rts
    791  4fde				  -	      if	((* & $1FFF) > ((bankswitch_hotspot & $1FFF) - 1))
    792  4fde				  -	      echo	"WARNING: size parameter in banksw.asm too small - the program probably will not work."
    793  4fde				  -	      echo	"Change to",[(*-begin_bscode+1)&$FF]d,"and try again."
    794  4fde					      endif
    795  4ffc					      ORG	$4FFC
    796  4ffc					      RORG	$7FFC
    797  4ffc		       bc 7f		      .word.w	(start_bank4 & $ffff)
    798  4ffe		       bc 7f		      .word.w	(start_bank4 & $ffff)
    799  5000					      ORG	$5000
    800  5000					      RORG	$9000
    801  5000				   .bsub5
    802  5000							;;line 65;; bsub5
    803  5000
    804  5000				   .L048		;;line 66;;  score = 5
    805  5000
    806  5000		       a9 05		      LDA	#$05
    807  5002		       85 95		      STA	score+2
    808  5004		       a9 00		      LDA	#$00
    809  5006		       85 94		      STA	score+1
    810  5008		       a9 00		      LDA	#$00
    811  500a		       85 93		      STA	score
    812  500c				   .L049		;;line 67;;  goto goback bank1
    813  500c
    814  500c		       85 ee		      sta	temp7
    815  500e		       a9 11		      lda	#>(.goback-1)
    816  5010		       48		      pha
    817  5011		       a9 cc		      lda	#<(.goback-1)
    818  5013		       48		      pha
    819  5014		       a5 ee		      lda	temp7
    820  5016		       48		      pha
    821  5017		       8a		      txa
    822  5018		       48		      pha
    823  5019		       a2 01		      ldx	#1
    824  501b		       4c d7 ff 	      jmp	BS_jsr
    825  501e				   .
    826  501e							;;line 68;;
    827  501e
    828  501e				   .L050		;;line 69;;  bank 6
    829  501e
    830  501e					      if	ECHO5
      3998 bytes of ROM space left in bank 5
    831  501e					      echo	"    ",[(start_bank5 - *)]d , "bytes of ROM space left in bank 5")
    832  501e					      endif
    833  501e		       00 01	   ECHO5      =	1
    834  5fbc					      ORG	$5FE0-bscode_length
    835  5fbc					      RORG	$9FE0-bscode_length
    836  5fbc		       a2 ff	   start_bank5 ldx	#$ff
    837  5fbe				  -	      ifconst	FASTFETCH	; using DPC+
    838  5fbe				  -	      stx	FASTFETCH
    839  5fbe					      endif
    840  5fbe		       9a		      txs
    841  5fbf					      if	bankswitch == 64
    842  5fbf		       a9 f2		      lda	#(((>(start-1)) & $0F) | $F0)
    843  5fc1				  -	      else
    844  5fc1				  -	      lda	#>(start-1)
    845  5fc1					      endif
    846  5fc1		       48		      pha
    847  5fc2		       a9 4f		      lda	#<(start-1)
    848  5fc4		       48		      pha
    849  5fc5		       48		      pha
    850  5fc6		       8a		      txa
    851  5fc7		       48		      pha
    852  5fc8		       ba		      tsx
    853  5fc9				  -	      if	bankswitch != 64
    854  5fc9				  -	      lda	4,x	; get high byte of return address
    855  5fc9				  -	      rol
    856  5fc9				  -	      rol
    857  5fc9				  -	      rol
    858  5fc9				  -	      rol
    859  5fc9				  -	      and	#bs_mask	;1 3 or 7 for F8/F6/F4
    860  5fc9				  -	      tax
    861  5fc9				  -	      inx
    862  5fc9					      else
    863  5fc9		       b5 04		      lda	4,x	; get high byte of return address
    864  5fcb		       a8		      tay
    865  5fcc		       09 10		      ora	#$10	; change our bank nibble into a valid rom mirror
    866  5fce		       95 04		      sta	4,x
    867  5fd0		       98		      tya
    868  5fd1		       4a		      lsr
    869  5fd2		       4a		      lsr
    870  5fd3		       4a		      lsr
    871  5fd4		       4a		      lsr
    872  5fd5		       aa		      tax
    873  5fd6		       e8		      inx
    874  5fd7					      endif
    875  5fd7		       bd df 1f 	      lda	bankswitch_hotspot-1,x
    876  5fda		       68		      pla
    877  5fdb		       aa		      tax
    878  5fdc		       68		      pla
    879  5fdd		       60		      rts
    880  5fde				  -	      if	((* & $1FFF) > ((bankswitch_hotspot & $1FFF) - 1))
    881  5fde				  -	      echo	"WARNING: size parameter in banksw.asm too small - the program probably will not work."
    882  5fde				  -	      echo	"Change to",[(*-begin_bscode+1)&$FF]d,"and try again."
    883  5fde					      endif
    884  5ffc					      ORG	$5FFC
    885  5ffc					      RORG	$9FFC
    886  5ffc		       bc 9f		      .word.w	(start_bank5 & $ffff)
    887  5ffe		       bc 9f		      .word.w	(start_bank5 & $ffff)
    888  6000					      ORG	$6000
    889  6000					      RORG	$B000
    890  6000				   .bsub6
    891  6000							;;line 70;; bsub6
    892  6000
    893  6000				   .L051		;;line 71;;  score = 6
    894  6000
    895  6000		       a9 06		      LDA	#$06
    896  6002		       85 95		      STA	score+2
    897  6004		       a9 00		      LDA	#$00
    898  6006		       85 94		      STA	score+1
    899  6008		       a9 00		      LDA	#$00
    900  600a		       85 93		      STA	score
    901  600c				   .L052		;;line 72;;  goto goback bank1
    902  600c
    903  600c		       85 ee		      sta	temp7
    904  600e		       a9 11		      lda	#>(.goback-1)
    905  6010		       48		      pha
    906  6011		       a9 cc		      lda	#<(.goback-1)
    907  6013		       48		      pha
    908  6014		       a5 ee		      lda	temp7
    909  6016		       48		      pha
    910  6017		       8a		      txa
    911  6018		       48		      pha
    912  6019		       a2 01		      ldx	#1
    913  601b		       4c d7 ff 	      jmp	BS_jsr
    914  601e				   .
    915  601e							;;line 73;;
    916  601e
    917  601e				   .L053		;;line 74;;  bank 7
    918  601e
    919  601e					      if	ECHO6
      3998 bytes of ROM space left in bank 6
    920  601e					      echo	"    ",[(start_bank6 - *)]d , "bytes of ROM space left in bank 6")
    921  601e					      endif
    922  601e		       00 01	   ECHO6      =	1
    923  6fbc					      ORG	$6FE0-bscode_length
    924  6fbc					      RORG	$BFE0-bscode_length
    925  6fbc		       a2 ff	   start_bank6 ldx	#$ff
    926  6fbe				  -	      ifconst	FASTFETCH	; using DPC+
    927  6fbe				  -	      stx	FASTFETCH
    928  6fbe					      endif
    929  6fbe		       9a		      txs
    930  6fbf					      if	bankswitch == 64
    931  6fbf		       a9 f2		      lda	#(((>(start-1)) & $0F) | $F0)
    932  6fc1				  -	      else
    933  6fc1				  -	      lda	#>(start-1)
    934  6fc1					      endif
    935  6fc1		       48		      pha
    936  6fc2		       a9 4f		      lda	#<(start-1)
    937  6fc4		       48		      pha
    938  6fc5		       48		      pha
    939  6fc6		       8a		      txa
    940  6fc7		       48		      pha
    941  6fc8		       ba		      tsx
    942  6fc9				  -	      if	bankswitch != 64
    943  6fc9				  -	      lda	4,x	; get high byte of return address
    944  6fc9				  -	      rol
    945  6fc9				  -	      rol
    946  6fc9				  -	      rol
    947  6fc9				  -	      rol
    948  6fc9				  -	      and	#bs_mask	;1 3 or 7 for F8/F6/F4
    949  6fc9				  -	      tax
    950  6fc9				  -	      inx
    951  6fc9					      else
    952  6fc9		       b5 04		      lda	4,x	; get high byte of return address
    953  6fcb		       a8		      tay
    954  6fcc		       09 10		      ora	#$10	; change our bank nibble into a valid rom mirror
    955  6fce		       95 04		      sta	4,x
    956  6fd0		       98		      tya
    957  6fd1		       4a		      lsr
    958  6fd2		       4a		      lsr
    959  6fd3		       4a		      lsr
    960  6fd4		       4a		      lsr
    961  6fd5		       aa		      tax
    962  6fd6		       e8		      inx
    963  6fd7					      endif
    964  6fd7		       bd df 1f 	      lda	bankswitch_hotspot-1,x
    965  6fda		       68		      pla
    966  6fdb		       aa		      tax
    967  6fdc		       68		      pla
    968  6fdd		       60		      rts
    969  6fde				  -	      if	((* & $1FFF) > ((bankswitch_hotspot & $1FFF) - 1))
    970  6fde				  -	      echo	"WARNING: size parameter in banksw.asm too small - the program probably will not work."
    971  6fde				  -	      echo	"Change to",[(*-begin_bscode+1)&$FF]d,"and try again."
    972  6fde					      endif
    973  6ffc					      ORG	$6FFC
    974  6ffc					      RORG	$BFFC
    975  6ffc		       bc bf		      .word.w	(start_bank6 & $ffff)
    976  6ffe		       bc bf		      .word.w	(start_bank6 & $ffff)
    977  7000					      ORG	$7000
    978  7000					      RORG	$D000
    979  7000				   .bsub7
    980  7000							;;line 75;; bsub7
    981  7000
    982  7000				   .L054		;;line 76;;  score = 7
    983  7000
    984  7000		       a9 07		      LDA	#$07
    985  7002		       85 95		      STA	score+2
    986  7004		       a9 00		      LDA	#$00
    987  7006		       85 94		      STA	score+1
    988  7008		       a9 00		      LDA	#$00
    989  700a		       85 93		      STA	score
    990  700c				   .L055		;;line 77;;  goto goback bank1
    991  700c
    992  700c		       85 ee		      sta	temp7
    993  700e		       a9 11		      lda	#>(.goback-1)
    994  7010		       48		      pha
    995  7011		       a9 cc		      lda	#<(.goback-1)
    996  7013		       48		      pha
    997  7014		       a5 ee		      lda	temp7
    998  7016		       48		      pha
    999  7017		       8a		      txa
   1000  7018		       48		      pha
   1001  7019		       a2 01		      ldx	#1
   1002  701b		       4c d7 ff 	      jmp	BS_jsr
   1003  701e				   .
   1004  701e							;;line 78;;
   1005  701e
   1006  701e				   .L056		;;line 79;;  bank 8
   1007  701e
   1008  701e					      if	ECHO7
      3998 bytes of ROM space left in bank 7
   1009  701e					      echo	"    ",[(start_bank7 - *)]d , "bytes of ROM space left in bank 7")
   1010  701e					      endif
   1011  701e		       00 01	   ECHO7      =	1
   1012  7fbc					      ORG	$7FE0-bscode_length
   1013  7fbc					      RORG	$DFE0-bscode_length
   1014  7fbc		       a2 ff	   start_bank7 ldx	#$ff
   1015  7fbe				  -	      ifconst	FASTFETCH	; using DPC+
   1016  7fbe				  -	      stx	FASTFETCH
   1017  7fbe					      endif
   1018  7fbe		       9a		      txs
   1019  7fbf					      if	bankswitch == 64
   1020  7fbf		       a9 f2		      lda	#(((>(start-1)) & $0F) | $F0)
   1021  7fc1				  -	      else
   1022  7fc1				  -	      lda	#>(start-1)
   1023  7fc1					      endif
   1024  7fc1		       48		      pha
   1025  7fc2		       a9 4f		      lda	#<(start-1)
   1026  7fc4		       48		      pha
   1027  7fc5		       48		      pha
   1028  7fc6		       8a		      txa
   1029  7fc7		       48		      pha
   1030  7fc8		       ba		      tsx
   1031  7fc9				  -	      if	bankswitch != 64
   1032  7fc9				  -	      lda	4,x	; get high byte of return address
   1033  7fc9				  -	      rol
   1034  7fc9				  -	      rol
   1035  7fc9				  -	      rol
   1036  7fc9				  -	      rol
   1037  7fc9				  -	      and	#bs_mask	;1 3 or 7 for F8/F6/F4
   1038  7fc9				  -	      tax
   1039  7fc9				  -	      inx
   1040  7fc9					      else
   1041  7fc9		       b5 04		      lda	4,x	; get high byte of return address
   1042  7fcb		       a8		      tay
   1043  7fcc		       09 10		      ora	#$10	; change our bank nibble into a valid rom mirror
   1044  7fce		       95 04		      sta	4,x
   1045  7fd0		       98		      tya
   1046  7fd1		       4a		      lsr
   1047  7fd2		       4a		      lsr
   1048  7fd3		       4a		      lsr
   1049  7fd4		       4a		      lsr
   1050  7fd5		       aa		      tax
   1051  7fd6		       e8		      inx
   1052  7fd7					      endif
   1053  7fd7		       bd df 1f 	      lda	bankswitch_hotspot-1,x
   1054  7fda		       68		      pla
   1055  7fdb		       aa		      tax
   1056  7fdc		       68		      pla
   1057  7fdd		       60		      rts
   1058  7fde				  -	      if	((* & $1FFF) > ((bankswitch_hotspot & $1FFF) - 1))
   1059  7fde				  -	      echo	"WARNING: size parameter in banksw.asm too small - the program probably will not work."
   1060  7fde				  -	      echo	"Change to",[(*-begin_bscode+1)&$FF]d,"and try again."
   1061  7fde					      endif
   1062  7ffc					      ORG	$7FFC
   1063  7ffc					      RORG	$DFFC
   1064  7ffc		       bc df		      .word.w	(start_bank7 & $ffff)
   1065  7ffe		       bc df		      .word.w	(start_bank7 & $ffff)
   1066  8000					      ORG	$8000
   1067  8000					      RORG	$F000
   1068  8000				   .bsub8
   1069  8000							;;line 80;; bsub8
   1070  8000
   1071  8000				   .L057		;;line 81;;  score = 8
   1072  8000
   1073  8000		       a9 08		      LDA	#$08
   1074  8002		       85 95		      STA	score+2
   1075  8004		       a9 00		      LDA	#$00
   1076  8006		       85 94		      STA	score+1
   1077  8008		       a9 00		      LDA	#$00
   1078  800a		       85 93		      STA	score
   1079  800c				   .L058		;;line 82;;  goto goback bank1
   1080  800c
   1081  800c		       85 ee		      sta	temp7
   1082  800e		       a9 11		      lda	#>(.goback-1)
   1083  8010		       48		      pha
   1084  8011		       a9 cc		      lda	#<(.goback-1)
   1085  8013		       48		      pha
   1086  8014		       a5 ee		      lda	temp7
   1087  8016		       48		      pha
   1088  8017		       8a		      txa
   1089  8018		       48		      pha
   1090  8019		       a2 01		      ldx	#1
   1091  801b		       4c d7 ff 	      jmp	BS_jsr
   1092  801e				   .
   1093  801e							;;line 83;;
   1094  801e
   1095  801e				   .L059		;;line 84;;  bank 9
   1096  801e
   1097  801e					      if	ECHO8
      3998 bytes of ROM space left in bank 8
   1098  801e					      echo	"    ",[(start_bank8 - *)]d , "bytes of ROM space left in bank 8")
   1099  801e					      endif
   1100  801e		       00 01	   ECHO8      =	1
   1101  8fbc					      ORG	$8FE0-bscode_length
   1102  8fbc					      RORG	$FFE0-bscode_length
   1103  8fbc		       a2 ff	   start_bank8 ldx	#$ff
   1104  8fbe				  -	      ifconst	FASTFETCH	; using DPC+
   1105  8fbe				  -	      stx	FASTFETCH
   1106  8fbe					      endif
   1107  8fbe		       9a		      txs
   1108  8fbf					      if	bankswitch == 64
   1109  8fbf		       a9 f2		      lda	#(((>(start-1)) & $0F) | $F0)
   1110  8fc1				  -	      else
   1111  8fc1				  -	      lda	#>(start-1)
   1112  8fc1					      endif
   1113  8fc1		       48		      pha
   1114  8fc2		       a9 4f		      lda	#<(start-1)
   1115  8fc4		       48		      pha
   1116  8fc5		       48		      pha
   1117  8fc6		       8a		      txa
   1118  8fc7		       48		      pha
   1119  8fc8		       ba		      tsx
   1120  8fc9				  -	      if	bankswitch != 64
   1121  8fc9				  -	      lda	4,x	; get high byte of return address
   1122  8fc9				  -	      rol
   1123  8fc9				  -	      rol
   1124  8fc9				  -	      rol
   1125  8fc9				  -	      rol
   1126  8fc9				  -	      and	#bs_mask	;1 3 or 7 for F8/F6/F4
   1127  8fc9				  -	      tax
   1128  8fc9				  -	      inx
   1129  8fc9					      else
   1130  8fc9		       b5 04		      lda	4,x	; get high byte of return address
   1131  8fcb		       a8		      tay
   1132  8fcc		       09 10		      ora	#$10	; change our bank nibble into a valid rom mirror
   1133  8fce		       95 04		      sta	4,x
   1134  8fd0		       98		      tya
   1135  8fd1		       4a		      lsr
   1136  8fd2		       4a		      lsr
   1137  8fd3		       4a		      lsr
   1138  8fd4		       4a		      lsr
   1139  8fd5		       aa		      tax
   1140  8fd6		       e8		      inx
   1141  8fd7					      endif
   1142  8fd7		       bd df 1f 	      lda	bankswitch_hotspot-1,x
   1143  8fda		       68		      pla
   1144  8fdb		       aa		      tax
   1145  8fdc		       68		      pla
   1146  8fdd		       60		      rts
   1147  8fde				  -	      if	((* & $1FFF) > ((bankswitch_hotspot & $1FFF) - 1))
   1148  8fde				  -	      echo	"WARNING: size parameter in banksw.asm too small - the program probably will not work."
   1149  8fde				  -	      echo	"Change to",[(*-begin_bscode+1)&$FF]d,"and try again."
   1150  8fde					      endif
   1151  8ffc					      ORG	$8FFC
   1152  8ffc					      RORG	$FFFC
   1153  8ffc		       bc ff		      .word.w	(start_bank8 & $ffff)
   1154  8ffe		       bc ff		      .word.w	(start_bank8 & $ffff)
   1155  9000					      ORG	$9000
   1156  9000					      RORG	$11000
   1157  9000				   .bsub9
   1158  9000							;;line 85;; bsub9
   1159  9000
   1160  9000				   .L060		;;line 86;;  score = 9
   1161  9000
   1162  9000		       a9 09		      LDA	#$09
   1163  9002		       85 95		      STA	score+2
   1164  9004		       a9 00		      LDA	#$00
   1165  9006		       85 94		      STA	score+1
   1166  9008		       a9 00		      LDA	#$00
   1167  900a		       85 93		      STA	score
   1168  900c				   .L061		;;line 87;;  goto goback bank1
   1169  900c
   1170  900c		       85 ee		      sta	temp7
   1171  900e		       a9 11		      lda	#>(.goback-1)
   1172  9010		       48		      pha
   1173  9011		       a9 cc		      lda	#<(.goback-1)
   1174  9013		       48		      pha
   1175  9014		       a5 ee		      lda	temp7
   1176  9016		       48		      pha
   1177  9017		       8a		      txa
   1178  9018		       48		      pha
   1179  9019		       a2 01		      ldx	#1
   1180  901b		       4c d7 ff 	      jmp	BS_jsr
   1181  901e				   .
   1182  901e							;;line 88;;
   1183  901e
   1184  901e				   .L062		;;line 89;;  bank 10
   1185  901e
   1186  901e					      if	ECHO9
      3998 bytes of ROM space left in bank 9
   1187  901e					      echo	"    ",[(start_bank9 - *)]d , "bytes of ROM space left in bank 9")
   1188  901e					      endif
   1189  901e		       00 01	   ECHO9      =	1
   1190  9fbc					      ORG	$9FE0-bscode_length
   1191  9fbc					      RORG	$11FE0-bscode_length
   1192  9fbc		       a2 ff	   start_bank9 ldx	#$ff
   1193  9fbe				  -	      ifconst	FASTFETCH	; using DPC+
   1194  9fbe				  -	      stx	FASTFETCH
   1195  9fbe					      endif
   1196  9fbe		       9a		      txs
   1197  9fbf					      if	bankswitch == 64
   1198  9fbf		       a9 f2		      lda	#(((>(start-1)) & $0F) | $F0)
   1199  9fc1				  -	      else
   1200  9fc1				  -	      lda	#>(start-1)
   1201  9fc1					      endif
   1202  9fc1		       48		      pha
   1203  9fc2		       a9 4f		      lda	#<(start-1)
   1204  9fc4		       48		      pha
   1205  9fc5		       48		      pha
   1206  9fc6		       8a		      txa
   1207  9fc7		       48		      pha
   1208  9fc8		       ba		      tsx
   1209  9fc9				  -	      if	bankswitch != 64
   1210  9fc9				  -	      lda	4,x	; get high byte of return address
   1211  9fc9				  -	      rol
   1212  9fc9				  -	      rol
   1213  9fc9				  -	      rol
   1214  9fc9				  -	      rol
   1215  9fc9				  -	      and	#bs_mask	;1 3 or 7 for F8/F6/F4
   1216  9fc9				  -	      tax
   1217  9fc9				  -	      inx
   1218  9fc9					      else
   1219  9fc9		       b5 04		      lda	4,x	; get high byte of return address
   1220  9fcb		       a8		      tay
   1221  9fcc		       09 10		      ora	#$10	; change our bank nibble into a valid rom mirror
   1222  9fce		       95 04		      sta	4,x
   1223  9fd0		       98		      tya
   1224  9fd1		       4a		      lsr
   1225  9fd2		       4a		      lsr
   1226  9fd3		       4a		      lsr
   1227  9fd4		       4a		      lsr
   1228  9fd5		       aa		      tax
   1229  9fd6		       e8		      inx
   1230  9fd7					      endif
   1231  9fd7		       bd df 1f 	      lda	bankswitch_hotspot-1,x
   1232  9fda		       68		      pla
   1233  9fdb		       aa		      tax
   1234  9fdc		       68		      pla
   1235  9fdd		       60		      rts
   1236  9fde				  -	      if	((* & $1FFF) > ((bankswitch_hotspot & $1FFF) - 1))
   1237  9fde				  -	      echo	"WARNING: size parameter in banksw.asm too small - the program probably will not work."
   1238  9fde				  -	      echo	"Change to",[(*-begin_bscode+1)&$FF]d,"and try again."
   1239  9fde					      endif
   1240  9ffc					      ORG	$9FFC
   1241  9ffc					      RORG	$11FFC
   1242  9ffc		       bc 1f		      .word.w	(start_bank9 & $ffff)
   1243  9ffe		       bc 1f		      .word.w	(start_bank9 & $ffff)
   1244  a000					      ORG	$A000
   1245  a000					      RORG	$13000
   1246  a000				   .bsub10
   1247  a000							;;line 90;; bsub10
   1248  a000
   1249  a000				   .L063		;;line 91;;  score = 10
   1250  a000
   1251  a000		       a9 10		      LDA	#$10
   1252  a002		       85 95		      STA	score+2
   1253  a004		       a9 00		      LDA	#$00
   1254  a006		       85 94		      STA	score+1
   1255  a008		       a9 00		      LDA	#$00
   1256  a00a		       85 93		      STA	score
   1257  a00c				   .L064		;;line 92;;  goto goback bank1
   1258  a00c
   1259  a00c		       85 ee		      sta	temp7
   1260  a00e		       a9 11		      lda	#>(.goback-1)
   1261  a010		       48		      pha
   1262  a011		       a9 cc		      lda	#<(.goback-1)
   1263  a013		       48		      pha
   1264  a014		       a5 ee		      lda	temp7
   1265  a016		       48		      pha
   1266  a017		       8a		      txa
   1267  a018		       48		      pha
   1268  a019		       a2 01		      ldx	#1
   1269  a01b		       4c d7 ff 	      jmp	BS_jsr
   1270  a01e				   .
   1271  a01e							;;line 93;;
   1272  a01e
   1273  a01e				   .L065		;;line 94;;  bank 11
   1274  a01e
   1275  a01e					      if	ECHO10
      3998 bytes of ROM space left in bank 10
   1276  a01e					      echo	"    ",[(start_bank10 - *)]d , "bytes of ROM space left in bank 10")
   1277  a01e					      endif
   1278  a01e		       00 01	   ECHO10     =	1
   1279  afbc					      ORG	$AFE0-bscode_length
   1280  afbc					      RORG	$13FE0-bscode_length
   1281  afbc		       a2 ff	   start_bank10 ldx	#$ff
   1282  afbe				  -	      ifconst	FASTFETCH	; using DPC+
   1283  afbe				  -	      stx	FASTFETCH
   1284  afbe					      endif
   1285  afbe		       9a		      txs
   1286  afbf					      if	bankswitch == 64
   1287  afbf		       a9 f2		      lda	#(((>(start-1)) & $0F) | $F0)
   1288  afc1				  -	      else
   1289  afc1				  -	      lda	#>(start-1)
   1290  afc1					      endif
   1291  afc1		       48		      pha
   1292  afc2		       a9 4f		      lda	#<(start-1)
   1293  afc4		       48		      pha
   1294  afc5		       48		      pha
   1295  afc6		       8a		      txa
   1296  afc7		       48		      pha
   1297  afc8		       ba		      tsx
   1298  afc9				  -	      if	bankswitch != 64
   1299  afc9				  -	      lda	4,x	; get high byte of return address
   1300  afc9				  -	      rol
   1301  afc9				  -	      rol
   1302  afc9				  -	      rol
   1303  afc9				  -	      rol
   1304  afc9				  -	      and	#bs_mask	;1 3 or 7 for F8/F6/F4
   1305  afc9				  -	      tax
   1306  afc9				  -	      inx
   1307  afc9					      else
   1308  afc9		       b5 04		      lda	4,x	; get high byte of return address
   1309  afcb		       a8		      tay
   1310  afcc		       09 10		      ora	#$10	; change our bank nibble into a valid rom mirror
   1311  afce		       95 04		      sta	4,x
   1312  afd0		       98		      tya
   1313  afd1		       4a		      lsr
   1314  afd2		       4a		      lsr
   1315  afd3		       4a		      lsr
   1316  afd4		       4a		      lsr
   1317  afd5		       aa		      tax
   1318  afd6		       e8		      inx
   1319  afd7					      endif
   1320  afd7		       bd df 1f 	      lda	bankswitch_hotspot-1,x
   1321  afda		       68		      pla
   1322  afdb		       aa		      tax
   1323  afdc		       68		      pla
   1324  afdd		       60		      rts
   1325  afde				  -	      if	((* & $1FFF) > ((bankswitch_hotspot & $1FFF) - 1))
   1326  afde				  -	      echo	"WARNING: size parameter in banksw.asm too small - the program probably will not work."
   1327  afde				  -	      echo	"Change to",[(*-begin_bscode+1)&$FF]d,"and try again."
   1328  afde					      endif
   1329  affc					      ORG	$AFFC
   1330  affc					      RORG	$13FFC
   1331  affc		       bc 3f		      .word.w	(start_bank10 & $ffff)
   1332  affe		       bc 3f		      .word.w	(start_bank10 & $ffff)
   1333  b000					      ORG	$B000
   1334  b000					      RORG	$15000
   1335  b000				   .bsub11
   1336  b000							;;line 95;; bsub11
   1337  b000
   1338  b000				   .L066		;;line 96;;  score = 11
   1339  b000
   1340  b000		       a9 11		      LDA	#$11
   1341  b002		       85 95		      STA	score+2
   1342  b004		       a9 00		      LDA	#$00
   1343  b006		       85 94		      STA	score+1
   1344  b008		       a9 00		      LDA	#$00
   1345  b00a		       85 93		      STA	score
   1346  b00c				   .L067		;;line 97;;  goto goback bank1
   1347  b00c
   1348  b00c		       85 ee		      sta	temp7
   1349  b00e		       a9 11		      lda	#>(.goback-1)
   1350  b010		       48		      pha
   1351  b011		       a9 cc		      lda	#<(.goback-1)
   1352  b013		       48		      pha
   1353  b014		       a5 ee		      lda	temp7
   1354  b016		       48		      pha
   1355  b017		       8a		      txa
   1356  b018		       48		      pha
   1357  b019		       a2 01		      ldx	#1
   1358  b01b		       4c d7 ff 	      jmp	BS_jsr
   1359  b01e				   .
   1360  b01e							;;line 98;;
   1361  b01e
   1362  b01e				   .L068		;;line 99;;  bank 12
   1363  b01e
   1364  b01e					      if	ECHO11
      3998 bytes of ROM space left in bank 11
   1365  b01e					      echo	"    ",[(start_bank11 - *)]d , "bytes of ROM space left in bank 11")
   1366  b01e					      endif
   1367  b01e		       00 01	   ECHO11     =	1
   1368  bfbc					      ORG	$BFE0-bscode_length
   1369  bfbc					      RORG	$15FE0-bscode_length
   1370  bfbc		       a2 ff	   start_bank11 ldx	#$ff
   1371  bfbe				  -	      ifconst	FASTFETCH	; using DPC+
   1372  bfbe				  -	      stx	FASTFETCH
   1373  bfbe					      endif
   1374  bfbe		       9a		      txs
   1375  bfbf					      if	bankswitch == 64
   1376  bfbf		       a9 f2		      lda	#(((>(start-1)) & $0F) | $F0)
   1377  bfc1				  -	      else
   1378  bfc1				  -	      lda	#>(start-1)
   1379  bfc1					      endif
   1380  bfc1		       48		      pha
   1381  bfc2		       a9 4f		      lda	#<(start-1)
   1382  bfc4		       48		      pha
   1383  bfc5		       48		      pha
   1384  bfc6		       8a		      txa
   1385  bfc7		       48		      pha
   1386  bfc8		       ba		      tsx
   1387  bfc9				  -	      if	bankswitch != 64
   1388  bfc9				  -	      lda	4,x	; get high byte of return address
   1389  bfc9				  -	      rol
   1390  bfc9				  -	      rol
   1391  bfc9				  -	      rol
   1392  bfc9				  -	      rol
   1393  bfc9				  -	      and	#bs_mask	;1 3 or 7 for F8/F6/F4
   1394  bfc9				  -	      tax
   1395  bfc9				  -	      inx
   1396  bfc9					      else
   1397  bfc9		       b5 04		      lda	4,x	; get high byte of return address
   1398  bfcb		       a8		      tay
   1399  bfcc		       09 10		      ora	#$10	; change our bank nibble into a valid rom mirror
   1400  bfce		       95 04		      sta	4,x
   1401  bfd0		       98		      tya
   1402  bfd1		       4a		      lsr
   1403  bfd2		       4a		      lsr
   1404  bfd3		       4a		      lsr
   1405  bfd4		       4a		      lsr
   1406  bfd5		       aa		      tax
   1407  bfd6		       e8		      inx
   1408  bfd7					      endif
   1409  bfd7		       bd df 1f 	      lda	bankswitch_hotspot-1,x
   1410  bfda		       68		      pla
   1411  bfdb		       aa		      tax
   1412  bfdc		       68		      pla
   1413  bfdd		       60		      rts
   1414  bfde				  -	      if	((* & $1FFF) > ((bankswitch_hotspot & $1FFF) - 1))
   1415  bfde				  -	      echo	"WARNING: size parameter in banksw.asm too small - the program probably will not work."
   1416  bfde				  -	      echo	"Change to",[(*-begin_bscode+1)&$FF]d,"and try again."
   1417  bfde					      endif
   1418  bffc					      ORG	$BFFC
   1419  bffc					      RORG	$15FFC
   1420  bffc		       bc 5f		      .word.w	(start_bank11 & $ffff)
   1421  bffe		       bc 5f		      .word.w	(start_bank11 & $ffff)
   1422  c000					      ORG	$C000
   1423  c000					      RORG	$17000
   1424  c000				   .bsub12
   1425  c000							;;line 100;; bsub12
   1426  c000
   1427  c000				   .L069		;;line 101;;  score = 12
   1428  c000
   1429  c000		       a9 12		      LDA	#$12
   1430  c002		       85 95		      STA	score+2
   1431  c004		       a9 00		      LDA	#$00
   1432  c006		       85 94		      STA	score+1
   1433  c008		       a9 00		      LDA	#$00
   1434  c00a		       85 93		      STA	score
   1435  c00c				   .L070		;;line 102;;  goto goback bank1
   1436  c00c
   1437  c00c		       85 ee		      sta	temp7
   1438  c00e		       a9 11		      lda	#>(.goback-1)
   1439  c010		       48		      pha
   1440  c011		       a9 cc		      lda	#<(.goback-1)
   1441  c013		       48		      pha
   1442  c014		       a5 ee		      lda	temp7
   1443  c016		       48		      pha
   1444  c017		       8a		      txa
   1445  c018		       48		      pha
   1446  c019		       a2 01		      ldx	#1
   1447  c01b		       4c d7 ff 	      jmp	BS_jsr
   1448  c01e				   .
   1449  c01e							;;line 103;;
   1450  c01e
   1451  c01e				   .L071		;;line 104;;  bank 13
   1452  c01e
   1453  c01e					      if	ECHO12
      3998 bytes of ROM space left in bank 12
   1454  c01e					      echo	"    ",[(start_bank12 - *)]d , "bytes of ROM space left in bank 12")
   1455  c01e					      endif
   1456  c01e		       00 01	   ECHO12     =	1
   1457  cfbc					      ORG	$CFE0-bscode_length
   1458  cfbc					      RORG	$17FE0-bscode_length
   1459  cfbc		       a2 ff	   start_bank12 ldx	#$ff
   1460  cfbe				  -	      ifconst	FASTFETCH	; using DPC+
   1461  cfbe				  -	      stx	FASTFETCH
   1462  cfbe					      endif
   1463  cfbe		       9a		      txs
   1464  cfbf					      if	bankswitch == 64
   1465  cfbf		       a9 f2		      lda	#(((>(start-1)) & $0F) | $F0)
   1466  cfc1				  -	      else
   1467  cfc1				  -	      lda	#>(start-1)
   1468  cfc1					      endif
   1469  cfc1		       48		      pha
   1470  cfc2		       a9 4f		      lda	#<(start-1)
   1471  cfc4		       48		      pha
   1472  cfc5		       48		      pha
   1473  cfc6		       8a		      txa
   1474  cfc7		       48		      pha
   1475  cfc8		       ba		      tsx
   1476  cfc9				  -	      if	bankswitch != 64
   1477  cfc9				  -	      lda	4,x	; get high byte of return address
   1478  cfc9				  -	      rol
   1479  cfc9				  -	      rol
   1480  cfc9				  -	      rol
   1481  cfc9				  -	      rol
   1482  cfc9				  -	      and	#bs_mask	;1 3 or 7 for F8/F6/F4
   1483  cfc9				  -	      tax
   1484  cfc9				  -	      inx
   1485  cfc9					      else
   1486  cfc9		       b5 04		      lda	4,x	; get high byte of return address
   1487  cfcb		       a8		      tay
   1488  cfcc		       09 10		      ora	#$10	; change our bank nibble into a valid rom mirror
   1489  cfce		       95 04		      sta	4,x
   1490  cfd0		       98		      tya
   1491  cfd1		       4a		      lsr
   1492  cfd2		       4a		      lsr
   1493  cfd3		       4a		      lsr
   1494  cfd4		       4a		      lsr
   1495  cfd5		       aa		      tax
   1496  cfd6		       e8		      inx
   1497  cfd7					      endif
   1498  cfd7		       bd df 1f 	      lda	bankswitch_hotspot-1,x
   1499  cfda		       68		      pla
   1500  cfdb		       aa		      tax
   1501  cfdc		       68		      pla
   1502  cfdd		       60		      rts
   1503  cfde				  -	      if	((* & $1FFF) > ((bankswitch_hotspot & $1FFF) - 1))
   1504  cfde				  -	      echo	"WARNING: size parameter in banksw.asm too small - the program probably will not work."
   1505  cfde				  -	      echo	"Change to",[(*-begin_bscode+1)&$FF]d,"and try again."
   1506  cfde					      endif
   1507  cffc					      ORG	$CFFC
   1508  cffc					      RORG	$17FFC
   1509  cffc		       bc 7f		      .word.w	(start_bank12 & $ffff)
   1510  cffe		       bc 7f		      .word.w	(start_bank12 & $ffff)
   1511  d000					      ORG	$D000
   1512  d000					      RORG	$19000
   1513  d000				   .bsub13
   1514  d000							;;line 105;; bsub13
   1515  d000
   1516  d000				   .L072		;;line 106;;  score = 13
   1517  d000
   1518  d000		       a9 13		      LDA	#$13
   1519  d002		       85 95		      STA	score+2
   1520  d004		       a9 00		      LDA	#$00
   1521  d006		       85 94		      STA	score+1
   1522  d008		       a9 00		      LDA	#$00
   1523  d00a		       85 93		      STA	score
   1524  d00c				   .L073		;;line 107;;  goto goback bank1
   1525  d00c
   1526  d00c		       85 ee		      sta	temp7
   1527  d00e		       a9 11		      lda	#>(.goback-1)
   1528  d010		       48		      pha
   1529  d011		       a9 cc		      lda	#<(.goback-1)
   1530  d013		       48		      pha
   1531  d014		       a5 ee		      lda	temp7
   1532  d016		       48		      pha
   1533  d017		       8a		      txa
   1534  d018		       48		      pha
   1535  d019		       a2 01		      ldx	#1
   1536  d01b		       4c d7 ff 	      jmp	BS_jsr
   1537  d01e				   .
   1538  d01e							;;line 108;;
   1539  d01e
   1540  d01e				   .L074		;;line 109;;  bank 14
   1541  d01e
   1542  d01e					      if	ECHO13
      3998 bytes of ROM space left in bank 13
   1543  d01e					      echo	"    ",[(start_bank13 - *)]d , "bytes of ROM space left in bank 13")
   1544  d01e					      endif
   1545  d01e		       00 01	   ECHO13     =	1
   1546  dfbc					      ORG	$DFE0-bscode_length
   1547  dfbc					      RORG	$19FE0-bscode_length
   1548  dfbc		       a2 ff	   start_bank13 ldx	#$ff
   1549  dfbe				  -	      ifconst	FASTFETCH	; using DPC+
   1550  dfbe				  -	      stx	FASTFETCH
   1551  dfbe					      endif
   1552  dfbe		       9a		      txs
   1553  dfbf					      if	bankswitch == 64
   1554  dfbf		       a9 f2		      lda	#(((>(start-1)) & $0F) | $F0)
   1555  dfc1				  -	      else
   1556  dfc1				  -	      lda	#>(start-1)
   1557  dfc1					      endif
   1558  dfc1		       48		      pha
   1559  dfc2		       a9 4f		      lda	#<(start-1)
   1560  dfc4		       48		      pha
   1561  dfc5		       48		      pha
   1562  dfc6		       8a		      txa
   1563  dfc7		       48		      pha
   1564  dfc8		       ba		      tsx
   1565  dfc9				  -	      if	bankswitch != 64
   1566  dfc9				  -	      lda	4,x	; get high byte of return address
   1567  dfc9				  -	      rol
   1568  dfc9				  -	      rol
   1569  dfc9				  -	      rol
   1570  dfc9				  -	      rol
   1571  dfc9				  -	      and	#bs_mask	;1 3 or 7 for F8/F6/F4
   1572  dfc9				  -	      tax
   1573  dfc9				  -	      inx
   1574  dfc9					      else
   1575  dfc9		       b5 04		      lda	4,x	; get high byte of return address
   1576  dfcb		       a8		      tay
   1577  dfcc		       09 10		      ora	#$10	; change our bank nibble into a valid rom mirror
   1578  dfce		       95 04		      sta	4,x
   1579  dfd0		       98		      tya
   1580  dfd1		       4a		      lsr
   1581  dfd2		       4a		      lsr
   1582  dfd3		       4a		      lsr
   1583  dfd4		       4a		      lsr
   1584  dfd5		       aa		      tax
   1585  dfd6		       e8		      inx
   1586  dfd7					      endif
   1587  dfd7		       bd df 1f 	      lda	bankswitch_hotspot-1,x
   1588  dfda		       68		      pla
   1589  dfdb		       aa		      tax
   1590  dfdc		       68		      pla
   1591  dfdd		       60		      rts
   1592  dfde				  -	      if	((* & $1FFF) > ((bankswitch_hotspot & $1FFF) - 1))
   1593  dfde				  -	      echo	"WARNING: size parameter in banksw.asm too small - the program probably will not work."
   1594  dfde				  -	      echo	"Change to",[(*-begin_bscode+1)&$FF]d,"and try again."
   1595  dfde					      endif
   1596  dffc					      ORG	$DFFC
   1597  dffc					      RORG	$19FFC
   1598  dffc		       bc 9f		      .word.w	(start_bank13 & $ffff)
   1599  dffe		       bc 9f		      .word.w	(start_bank13 & $ffff)
   1600  e000					      ORG	$E000
   1601  e000					      RORG	$1B000
   1602  e000				   .bsub14
   1603  e000							;;line 110;; bsub14
   1604  e000
   1605  e000				   .L075		;;line 111;;  score = 14
   1606  e000
   1607  e000		       a9 14		      LDA	#$14
   1608  e002		       85 95		      STA	score+2
   1609  e004		       a9 00		      LDA	#$00
   1610  e006		       85 94		      STA	score+1
   1611  e008		       a9 00		      LDA	#$00
   1612  e00a		       85 93		      STA	score
   1613  e00c				   .L076		;;line 112;;  goto goback bank1
   1614  e00c
   1615  e00c		       85 ee		      sta	temp7
   1616  e00e		       a9 11		      lda	#>(.goback-1)
   1617  e010		       48		      pha
   1618  e011		       a9 cc		      lda	#<(.goback-1)
   1619  e013		       48		      pha
   1620  e014		       a5 ee		      lda	temp7
   1621  e016		       48		      pha
   1622  e017		       8a		      txa
   1623  e018		       48		      pha
   1624  e019		       a2 01		      ldx	#1
   1625  e01b		       4c d7 ff 	      jmp	BS_jsr
   1626  e01e				   .
   1627  e01e							;;line 113;;
   1628  e01e
   1629  e01e				   .L077		;;line 114;;  bank 15
   1630  e01e
   1631  e01e					      if	ECHO14
      3998 bytes of ROM space left in bank 14
   1632  e01e					      echo	"    ",[(start_bank14 - *)]d , "bytes of ROM space left in bank 14")
   1633  e01e					      endif
   1634  e01e		       00 01	   ECHO14     =	1
   1635  efbc					      ORG	$EFE0-bscode_length
   1636  efbc					      RORG	$1BFE0-bscode_length
   1637  efbc		       a2 ff	   start_bank14 ldx	#$ff
   1638  efbe				  -	      ifconst	FASTFETCH	; using DPC+
   1639  efbe				  -	      stx	FASTFETCH
   1640  efbe					      endif
   1641  efbe		       9a		      txs
   1642  efbf					      if	bankswitch == 64
   1643  efbf		       a9 f2		      lda	#(((>(start-1)) & $0F) | $F0)
   1644  efc1				  -	      else
   1645  efc1				  -	      lda	#>(start-1)
   1646  efc1					      endif
   1647  efc1		       48		      pha
   1648  efc2		       a9 4f		      lda	#<(start-1)
   1649  efc4		       48		      pha
   1650  efc5		       48		      pha
   1651  efc6		       8a		      txa
   1652  efc7		       48		      pha
   1653  efc8		       ba		      tsx
   1654  efc9				  -	      if	bankswitch != 64
   1655  efc9				  -	      lda	4,x	; get high byte of return address
   1656  efc9				  -	      rol
   1657  efc9				  -	      rol
   1658  efc9				  -	      rol
   1659  efc9				  -	      rol
   1660  efc9				  -	      and	#bs_mask	;1 3 or 7 for F8/F6/F4
   1661  efc9				  -	      tax
   1662  efc9				  -	      inx
   1663  efc9					      else
   1664  efc9		       b5 04		      lda	4,x	; get high byte of return address
   1665  efcb		       a8		      tay
   1666  efcc		       09 10		      ora	#$10	; change our bank nibble into a valid rom mirror
   1667  efce		       95 04		      sta	4,x
   1668  efd0		       98		      tya
   1669  efd1		       4a		      lsr
   1670  efd2		       4a		      lsr
   1671  efd3		       4a		      lsr
   1672  efd4		       4a		      lsr
   1673  efd5		       aa		      tax
   1674  efd6		       e8		      inx
   1675  efd7					      endif
   1676  efd7		       bd df 1f 	      lda	bankswitch_hotspot-1,x
   1677  efda		       68		      pla
   1678  efdb		       aa		      tax
   1679  efdc		       68		      pla
   1680  efdd		       60		      rts
   1681  efde				  -	      if	((* & $1FFF) > ((bankswitch_hotspot & $1FFF) - 1))
   1682  efde				  -	      echo	"WARNING: size parameter in banksw.asm too small - the program probably will not work."
   1683  efde				  -	      echo	"Change to",[(*-begin_bscode+1)&$FF]d,"and try again."
   1684  efde					      endif
   1685  effc					      ORG	$EFFC
   1686  effc					      RORG	$1BFFC
   1687  effc		       bc bf		      .word.w	(start_bank14 & $ffff)
   1688  effe		       bc bf		      .word.w	(start_bank14 & $ffff)
   1689  f000					      ORG	$F000
   1690  f000					      RORG	$1D000
   1691  f000				   .bsub15
   1692  f000							;;line 115;; bsub15
   1693  f000
   1694  f000				   .L078		;;line 116;;  score = 15
   1695  f000
   1696  f000		       a9 15		      LDA	#$15
   1697  f002		       85 95		      STA	score+2
   1698  f004		       a9 00		      LDA	#$00
   1699  f006		       85 94		      STA	score+1
   1700  f008		       a9 00		      LDA	#$00
   1701  f00a		       85 93		      STA	score
   1702  f00c				   .L079		;;line 117;;  return otherbank
   1703  f00c
   1704  f00c		       4c c5 ff 	      JMP	BS_return
   1705  f00f				   .
   1706  f00f							;;line 118;;
   1707  f00f
   1708  f00f				   .L080		;;line 119;;  bank 16
   1709  f00f
   1710  f00f					      if	ECHO15
      4013 bytes of ROM space left in bank 15
   1711  f00f					      echo	"    ",[(start_bank15 - *)]d , "bytes of ROM space left in bank 15")
   1712  f00f					      endif
   1713  f00f		       00 01	   ECHO15     =	1
   1714  ffbc					      ORG	$FFE0-bscode_length
   1715  ffbc					      RORG	$1DFE0-bscode_length
   1716  ffbc		       a2 ff	   start_bank15 ldx	#$ff
   1717  ffbe				  -	      ifconst	FASTFETCH	; using DPC+
   1718  ffbe				  -	      stx	FASTFETCH
   1719  ffbe					      endif
   1720  ffbe		       9a		      txs
   1721  ffbf					      if	bankswitch == 64
   1722  ffbf		       a9 f2		      lda	#(((>(start-1)) & $0F) | $F0)
   1723  ffc1				  -	      else
   1724  ffc1				  -	      lda	#>(start-1)
   1725  ffc1					      endif
   1726  ffc1		       48		      pha
   1727  ffc2		       a9 4f		      lda	#<(start-1)
   1728  ffc4		       48		      pha
   1729  ffc5		       48		      pha
   1730  ffc6		       8a		      txa
   1731  ffc7		       48		      pha
   1732  ffc8		       ba		      tsx
   1733  ffc9				  -	      if	bankswitch != 64
   1734  ffc9				  -	      lda	4,x	; get high byte of return address
   1735  ffc9				  -	      rol
   1736  ffc9				  -	      rol
   1737  ffc9				  -	      rol
   1738  ffc9				  -	      rol
   1739  ffc9				  -	      and	#bs_mask	;1 3 or 7 for F8/F6/F4
   1740  ffc9				  -	      tax
   1741  ffc9				  -	      inx
   1742  ffc9					      else
   1743  ffc9		       b5 04		      lda	4,x	; get high byte of return address
   1744  ffcb		       a8		      tay
   1745  ffcc		       09 10		      ora	#$10	; change our bank nibble into a valid rom mirror
   1746  ffce		       95 04		      sta	4,x
   1747  ffd0		       98		      tya
   1748  ffd1		       4a		      lsr
   1749  ffd2		       4a		      lsr
   1750  ffd3		       4a		      lsr
   1751  ffd4		       4a		      lsr
   1752  ffd5		       aa		      tax
   1753  ffd6		       e8		      inx
   1754  ffd7					      endif
   1755  ffd7		       bd df 1f 	      lda	bankswitch_hotspot-1,x
   1756  ffda		       68		      pla
   1757  ffdb		       aa		      tax
   1758  ffdc		       68		      pla
   1759  ffdd		       60		      rts
   1760  ffde				  -	      if	((* & $1FFF) > ((bankswitch_hotspot & $1FFF) - 1))
   1761  ffde				  -	      echo	"WARNING: size parameter in banksw.asm too small - the program probably will not work."
   1762  ffde				  -	      echo	"Change to",[(*-begin_bscode+1)&$FF]d,"and try again."
   1763  ffde					      endif
   1764  fffc					      ORG	$FFFC
   1765  fffc					      RORG	$1DFFC
   1766  fffc		       bc df		      .word.w	(start_bank15 & $ffff)
   1767  fffe		       bc df		      .word.w	(start_bank15 & $ffff)
   1768  10000					       ORG	$10000
   1769  10000					       RORG	$1F000
   1770  10000							; Provided under the CC0 license. See the included LICENSE.txt for details.
   1771  10000
   1772  10000							; This is a 2-line kernel!
   1773  10000					       ifnconst	vertical_reflect
   1774  10000				    kernel
   1775  10000					       endif
   1776  10000			85 02		       sta	WSYNC
   1777  10002			a9 ff		       lda	#255
   1778  10004			8d 96 02	       sta	TIM64T
   1779  10007
   1780  10007			a9 01		       lda	#1
   1781  10009			85 27		       sta	VDELBL
   1782  1000b			85 25		       sta	VDELP0
   1783  1000d			a6 92		       ldx	ballheight
   1784  1000f			e8		       inx
   1785  10010			e8		       inx
   1786  10011			86 9f		       stx	temp4
   1787  10013			a5 86		       lda	player1y
   1788  10015			85 9e		       sta	temp3
   1789  10017
   1790  10017				   -	       ifconst	shakescreen
   1791  10017				   -	       jsr	doshakescreen
   1792  10017					       else
   1793  10017			a6 90		       ldx	missile0height
   1794  10019			e8		       inx
   1795  1001a					       endif
   1796  1001a
   1797  1001a			e8		       inx
   1798  1001b			86 f6		       stx	stack1
   1799  1001d
   1800  1001d			a5 89		       lda	bally
   1801  1001f			85 f7		       sta	stack2
   1802  10021
   1803  10021			a5 85		       lda	player0y
   1804  10023			a2 00		       ldx	#0
   1805  10025			85 02		       sta	WSYNC
   1806  10027			86 1b		       stx	GRP0
   1807  10029			86 1c		       stx	GRP1
   1808  1002b			86 0e		       stx	PF1L
   1809  1002d			86 0f		       stx	PF2
   1810  1002f			86 2c		       stx	CXCLR
   1811  10031				   -	       ifconst	readpaddle
   1812  10031				   -	       stx	paddle
   1813  10031					       else
      0  10031					       sleep	3
      1  10031				    .CYCLES    SET	3
      2  10031
      3  10031				   -	       IF	.CYCLES < 2
      4  10031				   -	       ECHO	"MACRO ERROR: 'SLEEP': Duration must be > 1"
      5  10031				   -	       ERR
      6  10031					       ENDIF
      7  10031
      8  10031					       IF	.CYCLES & 1
      9  10031					       IFNCONST	NO_ILLEGAL_OPCODES
     10  10031			04 00		       nop	0
     11  10033				   -	       ELSE
     12  10033				   -	       bit	VSYNC
     13  10033					       ENDIF
     14  10033				    .CYCLES    SET	.CYCLES - 3
     15  10033					       ENDIF
     16  10033
     17  10033				   -	       REPEAT	.CYCLES / 2
     18  10033				   -	       nop
     19  10033					       REPEND
   1815  10033					       endif
   1816  10033
   1817  10033			95 9d		       sta	temp2,x
   1818  10035
   1819  10035							;store these so they can be retrieved later
   1820  10035					       ifnconst	pfres
   1821  10035			a2 54		       ldx	#128-44+(4-pfwidth)*12
   1822  10037				   -	       else
   1823  10037				   -	       ldx	#132-pfres*pfwidth
   1824  10037					       endif
   1825  10037
   1826  10037			c6 85		       dec	player0y
   1827  10039
   1828  10039			a5 91		       lda	missile0y
   1829  1003b			85 a0		       sta	temp5
   1830  1003d			a5 88		       lda	missile1y
   1831  1003f			85 a1		       sta	temp6
   1832  10041
   1833  10041			a5 ef		       lda	playfieldpos
   1834  10043			85 9c		       sta	temp1
   1835  10045
   1836  10045				   -	       ifconst	pfrowheight
   1837  10045				   -	       lda	#pfrowheight+2
   1838  10045					       else
   1839  10045					       ifnconst	pfres
   1840  10045			a9 0a		       lda	#10
   1841  10047				   -	       else
   1842  10047				   -	       lda	#(96/pfres)+2	; try to come close to the real size
   1843  10047					       endif
   1844  10047					       endif
   1845  10047			18		       clc
   1846  10048			e5 ef		       sbc	playfieldpos
   1847  1004a			85 ef		       sta	playfieldpos
   1848  1004c			4c 74 f0	       jmp	.startkernel
   1849  1004f
   1850  1004f				    .skipDrawP0
   1851  1004f			a9 00		       lda	#0
   1852  10051			a8		       tay
   1853  10052			4c a2 f0	       jmp	.continueP0
   1854  10055
   1855  10055				    .skipDrawP1
   1856  10055			a9 00		       lda	#0
   1857  10057			a8		       tay
   1858  10058			4c 7e f0	       jmp	.continueP1
   1859  1005b
   1860  1005b				    .kerloop		; enter at cycle 59??
   1861  1005b
   1862  1005b				    continuekernel
      0  1005b					       sleep	2
      1  1005b				    .CYCLES    SET	2
      2  1005b
      3  1005b				   -	       IF	.CYCLES < 2
      4  1005b				   -	       ECHO	"MACRO ERROR: 'SLEEP': Duration must be > 1"
      5  1005b				   -	       ERR
      6  1005b					       ENDIF
      7  1005b
      8  1005b				   -	       IF	.CYCLES & 1
      9  1005b				   -	       IFNCONST	NO_ILLEGAL_OPCODES
     10  1005b				   -	       nop	0
     11  1005b				   -	       ELSE
     12  1005b				   -	       bit	VSYNC
     13  1005b				   -	       ENDIF
     14  1005b				   -.CYCLES    SET	.CYCLES - 3
     15  1005b					       ENDIF
     16  1005b
     17  1005b					       REPEAT	.CYCLES / 2
     18  1005b			ea		       nop
     19  1005c					       REPEND
   1864  1005c				    continuekernel2
   1865  1005c			a5 92		       lda	ballheight
   1866  1005e
   1867  1005e				   -	       ifconst	pfres
   1868  1005e				   -	       ldy	playfield+pfres*pfwidth-132,x
   1869  1005e				   -	       sty	PF1L	;3
   1870  1005e				   -	       ldy	playfield+pfres*pfwidth-131-pfadjust,x
   1871  1005e				   -	       sty	PF2L	;3
   1872  1005e				   -	       ldy	playfield+pfres*pfwidth-129,x
   1873  1005e				   -	       sty	PF1R	; 3 too early?
   1874  1005e				   -	       ldy	playfield+pfres*pfwidth-130-pfadjust,x
   1875  1005e				   -	       sty	PF2R	;3
   1876  1005e					       else
   1877  1005e			b4 50		       ldy	playfield-48+pfwidth*12+44-128,x
   1878  10060			84 0e		       sty	PF1L	;3
   1879  10062			b4 51		       ldy	playfield-48+pfwidth*12+45-128-pfadjust,x	;4
   1880  10064			84 0f		       sty	PF2L	;3
   1881  10066			b4 53		       ldy	playfield-48+pfwidth*12+47-128,x	;4
   1882  10068			84 0e		       sty	PF1R	; 3 too early?
   1883  1006a			b4 52		       ldy	playfield-48+pfwidth*12+46-128-pfadjust,x	;4
   1884  1006c			84 0f		       sty	PF2R	;3
   1885  1006e					       endif
   1886  1006e
   1887  1006e							; should be playfield+$38 for width=2
   1888  1006e
   1889  1006e			c7 89		       dcp	bally
   1890  10070			2a		       rol
   1891  10071			2a		       rol
   1892  10072							; rol
   1893  10072							; rol
   1894  10072				    goback
   1895  10072			85 1f		       sta	ENABL
   1896  10074				    .startkernel
   1897  10074			a5 8f		       lda	player1height	;3
   1898  10076			c7 86		       dcp	player1y	;5
   1899  10078			90 db		       bcc	.skipDrawP1	;2
   1900  1007a			a4 86		       ldy	player1y	;3
   1901  1007c			b1 8c		       lda	(player1pointer),y	;5; player0pointer must be selected carefully by the compiler
   1902  1007e							; so it doesn't cross a page boundary!
   1903  1007e
   1904  1007e				    .continueP1
   1905  1007e			85 1c		       sta	GRP1	;3
   1906  10080
   1907  10080					       ifnconst	player1colors
   1908  10080			a5 87		       lda	missile1height	;3
   1909  10082			c7 88		       dcp	missile1y	;5
   1910  10084			2a		       rol		;2
   1911  10085			2a		       rol		;2
   1912  10086			85 1e		       sta	ENAM1	;3
   1913  10088				   -	       else
   1914  10088				   -	       lda	(player1color),y
   1915  10088				   -	       sta	COLUP1
   1916  10088				   -	       ifnconst	playercolors
   1917  10088				   -	       sleep	7
   1918  10088				   -	       else
   1919  10088				   -	       lda.w	player0colorstore
   1920  10088				   -	       sta	COLUP0
   1921  10088				   -	       endif
   1922  10088					       endif
   1923  10088
   1924  10088				   -	       ifconst	pfres
   1925  10088				   -	       lda	playfield+pfres*pfwidth-132,x
   1926  10088				   -	       sta	PF1L	;3
   1927  10088				   -	       lda	playfield+pfres*pfwidth-131-pfadjust,x
   1928  10088				   -	       sta	PF2L	;3
   1929  10088				   -	       lda	playfield+pfres*pfwidth-129,x
   1930  10088				   -	       sta	PF1R	; 3 too early?
   1931  10088				   -	       lda	playfield+pfres*pfwidth-130-pfadjust,x
   1932  10088				   -	       sta	PF2R	;3
   1933  10088					       else
   1934  10088			b5 50		       lda	playfield-48+pfwidth*12+44-128,x	;4
   1935  1008a			85 0e		       sta	PF1L	;3
   1936  1008c			b5 51		       lda	playfield-48+pfwidth*12+45-128-pfadjust,x	;4
   1937  1008e			85 0f		       sta	PF2L	;3
   1938  10090			b5 53		       lda	playfield-48+pfwidth*12+47-128,x	;4
   1939  10092			85 0e		       sta	PF1R	; 3 too early?
   1940  10094			b5 52		       lda	playfield-48+pfwidth*12+46-128-pfadjust,x	;4
   1941  10096			85 0f		       sta	PF2R	;3
   1942  10098					       endif
   1943  10098							; sleep 3
   1944  10098
   1945  10098			a5 8e		       lda	player0height
   1946  1009a			c7 85		       dcp	player0y
   1947  1009c			90 b1		       bcc	.skipDrawP0
   1948  1009e			a4 85		       ldy	player0y
   1949  100a0			b1 8a		       lda	(player0pointer),y
   1950  100a2				    .continueP0
   1951  100a2			85 1b		       sta	GRP0
   1952  100a4
   1953  100a4					       ifnconst	no_blank_lines
   1954  100a4					       ifnconst	playercolors
   1955  100a4			a5 90		       lda	missile0height	;3
   1956  100a6			c7 91		       dcp	missile0y	;5
   1957  100a8			e5 f6		       sbc	stack1
   1958  100aa			85 1d		       sta	ENAM0	;3
   1959  100ac				   -	       else
   1960  100ac				   -	       lda	(player0color),y
   1961  100ac				   -	       sta	player0colorstore
   1962  100ac				   -	       sleep	6
   1963  100ac					       endif
   1964  100ac			c6 9c		       dec	temp1
   1965  100ae			d0 ab		       bne	continuekernel
   1966  100b0				   -	       else
   1967  100b0				   -	       dec	temp1
   1968  100b0				   -	       beq	altkernel2
   1969  100b0				   -	       ifconst	readpaddle
   1970  100b0				   -	       ldy	currentpaddle
   1971  100b0				   -	       lda	INPT0,y
   1972  100b0				   -	       bpl	noreadpaddle
   1973  100b0				   -	       inc	paddle
   1974  100b0				   -	       jmp	continuekernel2
   1975  100b0				   -noreadpaddle
   1976  100b0				   -	       sleep	2
   1977  100b0				   -	       jmp	continuekernel
   1978  100b0				   -	       else
   1979  100b0				   -	       ifnconst	playercolors
   1980  100b0				   -	       ifconst	PFcolors
   1981  100b0				   -	       txa
   1982  100b0				   -	       tay
   1983  100b0				   -	       lda	(pfcolortable),y
   1984  100b0				   -	       ifnconst	backgroundchange
   1985  100b0				   -	       sta	COLUPF
   1986  100b0				   -	       else
   1987  100b0				   -	       sta	COLUBK
   1988  100b0				   -	       endif
   1989  100b0				   -	       jmp	continuekernel
   1990  100b0				   -	       else
   1991  100b0				   -	       ifconst	kernelmacrodef
   1992  100b0				   -	       kernelmacro
   1993  100b0				   -	       else
   1994  100b0				   -	       sleep	12
   1995  100b0				   -	       endif
   1996  100b0				   -	       endif
   1997  100b0				   -	       else
   1998  100b0				   -	       lda	(player0color),y
   1999  100b0				   -	       sta	player0colorstore
   2000  100b0				   -	       sleep	4
   2001  100b0				   -	       endif
   2002  100b0				   -	       jmp	continuekernel
   2003  100b0				   -	       endif
   2004  100b0				   -altkernel2
   2005  100b0				   -	       txa
   2006  100b0				   -	       ifnconst	vertical_reflect
   2007  100b0				   -	       sbx	#256-pfwidth
   2008  100b0				   -	       else
   2009  100b0				   -	       sbx	#256-pfwidth/2
   2010  100b0				   -	       endif
   2011  100b0				   -	       bmi	lastkernelline
   2012  100b0				   -	       ifconst	pfrowheight
   2013  100b0				   -	       lda	#pfrowheight
   2014  100b0				   -	       else
   2015  100b0				   -	       ifnconst	pfres
   2016  100b0				   -	       lda	#8
   2017  100b0				   -	       else
   2018  100b0				   -	       lda	#(96/pfres)	; try to come close to the real size
   2019  100b0				   -	       endif
   2020  100b0				   -	       endif
   2021  100b0				   -	       sta	temp1
   2022  100b0				   -	       jmp	continuekernel
   2023  100b0					       endif
   2024  100b0
   2025  100b0				    altkernel
   2026  100b0
   2027  100b0				   -	       ifconst	PFmaskvalue
   2028  100b0				   -	       lda	#PFmaskvalue
   2029  100b0					       else
   2030  100b0			a9 00		       lda	#0
   2031  100b2					       endif
   2032  100b2			85 0e		       sta	PF1L
   2033  100b4			85 0f		       sta	PF2
   2034  100b6
   2035  100b6
   2036  100b6							;sleep 3
   2037  100b6
   2038  100b6							;28 cycles to fix things
   2039  100b6							;minus 11=17
   2040  100b6
   2041  100b6							; lax temp4
   2042  100b6							; clc
   2043  100b6			8a		       txa
   2044  100b7					       ifnconst	vertical_reflect
   2045  100b7			cb fc		       sbx	#256-pfwidth
   2046  100b9				   -	       else
   2047  100b9				   -	       sbx	#256-pfwidth/2
   2048  100b9					       endif
   2049  100b9
   2050  100b9			30 12		       bmi	lastkernelline
   2051  100bb
   2052  100bb				   -	       ifconst	PFcolorandheight
   2053  100bb				   -	       ifconst	pfres
   2054  100bb				   -	       ldy	playfieldcolorandheight-131+pfres*pfwidth,x
   2055  100bb				   -	       else
   2056  100bb				   -	       ldy	playfieldcolorandheight-87,x
   2057  100bb				   -	       endif
   2058  100bb				   -	       ifnconst	backgroundchange
   2059  100bb				   -	       sty	COLUPF
   2060  100bb				   -	       else
   2061  100bb				   -	       sty	COLUBK
   2062  100bb				   -	       endif
   2063  100bb				   -	       ifconst	pfres
   2064  100bb				   -	       lda	playfieldcolorandheight-132+pfres*pfwidth,x
   2065  100bb				   -	       else
   2066  100bb				   -	       lda	playfieldcolorandheight-88,x
   2067  100bb				   -	       endif
   2068  100bb				   -	       sta.w	temp1
   2069  100bb					       endif
   2070  100bb				   -	       ifconst	PFheights
   2071  100bb				   -	       lsr
   2072  100bb				   -	       lsr
   2073  100bb				   -	       tay
   2074  100bb				   -	       lda	(pfheighttable),y
   2075  100bb				   -	       sta.w	temp1
   2076  100bb					       endif
   2077  100bb				   -	       ifconst	PFcolors
   2078  100bb				   -	       tay
   2079  100bb				   -	       lda	(pfcolortable),y
   2080  100bb				   -	       ifnconst	backgroundchange
   2081  100bb				   -	       sta	COLUPF
   2082  100bb				   -	       else
   2083  100bb				   -	       sta	COLUBK
   2084  100bb				   -	       endif
   2085  100bb				   -	       ifconst	pfrowheight
   2086  100bb				   -	       lda	#pfrowheight
   2087  100bb				   -	       else
   2088  100bb				   -	       ifnconst	pfres
   2089  100bb				   -	       lda	#8
   2090  100bb				   -	       else
   2091  100bb				   -	       lda	#(96/pfres)	; try to come close to the real size
   2092  100bb				   -	       endif
   2093  100bb				   -	       endif
   2094  100bb				   -	       sta	temp1
   2095  100bb					       endif
   2096  100bb					       ifnconst	PFcolorandheight
   2097  100bb					       ifnconst	PFcolors
   2098  100bb					       ifnconst	PFheights
   2099  100bb					       ifnconst	no_blank_lines
   2100  100bb							; read paddle 0
   2101  100bb							; lo-res paddle read
   2102  100bb							; bit INPT0
   2103  100bb							; bmi paddleskipread
   2104  100bb							; inc paddle0
   2105  100bb							;donepaddleskip
      0  100bb					       sleep	10
      1  100bb				    .CYCLES    SET	10
      2  100bb
      3  100bb				   -	       IF	.CYCLES < 2
      4  100bb				   -	       ECHO	"MACRO ERROR: 'SLEEP': Duration must be > 1"
      5  100bb				   -	       ERR
      6  100bb					       ENDIF
      7  100bb
      8  100bb				   -	       IF	.CYCLES & 1
      9  100bb				   -	       IFNCONST	NO_ILLEGAL_OPCODES
     10  100bb				   -	       nop	0
     11  100bb				   -	       ELSE
     12  100bb				   -	       bit	VSYNC
     13  100bb				   -	       ENDIF
     14  100bb				   -.CYCLES    SET	.CYCLES - 3
     15  100bb					       ENDIF
     16  100bb
     17  100bb					       REPEAT	.CYCLES / 2
     18  100bb			ea		       nop
     17  100bb					       REPEND
     18  100bc			ea		       nop
     17  100bc					       REPEND
     18  100bd			ea		       nop
     17  100bd					       REPEND
     18  100be			ea		       nop
     17  100be					       REPEND
     18  100bf			ea		       nop
     19  100c0					       REPEND
   2107  100c0				   -	       ifconst	pfrowheight
   2108  100c0				   -	       lda	#pfrowheight
   2109  100c0					       else
   2110  100c0					       ifnconst	pfres
   2111  100c0			a9 08		       lda	#8
   2112  100c2				   -	       else
   2113  100c2				   -	       lda	#(96/pfres)	; try to come close to the real size
   2114  100c2					       endif
   2115  100c2					       endif
   2116  100c2			85 9c		       sta	temp1
   2117  100c4					       endif
   2118  100c4					       endif
   2119  100c4					       endif
   2120  100c4					       endif
   2121  100c4
   2122  100c4
   2123  100c4			a5 92		       lda	ballheight
   2124  100c6			c7 89		       dcp	bally
   2125  100c8			e5 9f		       sbc	temp4
   2126  100ca
   2127  100ca
   2128  100ca			4c 72 f0	       jmp	goback
   2129  100cd
   2130  100cd
   2131  100cd					       ifnconst	no_blank_lines
   2132  100cd				    lastkernelline
   2133  100cd					       ifnconst	PFcolors
      0  100cd					       sleep	10
      1  100cd				    .CYCLES    SET	10
      2  100cd
      3  100cd				   -	       IF	.CYCLES < 2
      4  100cd				   -	       ECHO	"MACRO ERROR: 'SLEEP': Duration must be > 1"
      5  100cd				   -	       ERR
      6  100cd					       ENDIF
      7  100cd
      8  100cd				   -	       IF	.CYCLES & 1
      9  100cd				   -	       IFNCONST	NO_ILLEGAL_OPCODES
     10  100cd				   -	       nop	0
     11  100cd				   -	       ELSE
     12  100cd				   -	       bit	VSYNC
     13  100cd				   -	       ENDIF
     14  100cd				   -.CYCLES    SET	.CYCLES - 3
     15  100cd					       ENDIF
     16  100cd
     17  100cd					       REPEAT	.CYCLES / 2
     18  100cd			ea		       nop
     17  100cd					       REPEND
     18  100ce			ea		       nop
     17  100ce					       REPEND
     18  100cf			ea		       nop
     17  100cf					       REPEND
     18  100d0			ea		       nop
     17  100d0					       REPEND
     18  100d1			ea		       nop
     19  100d2					       REPEND
   2135  100d2				   -	       else
   2136  100d2				   -	       ldy	#124
   2137  100d2				   -	       lda	(pfcolortable),y
   2138  100d2				   -	       sta	COLUPF
   2139  100d2					       endif
   2140  100d2
   2141  100d2				   -	       ifconst	PFheights
   2142  100d2				   -	       ldx	#1
   2143  100d2				   -			;sleep 4
   2144  100d2				   -	       sleep	3	; this was over 1 cycle
   2145  100d2					       else
   2146  100d2			a6 ef		       ldx	playfieldpos
   2147  100d4							;sleep 3
      0  100d4					       sleep	2	; this was over 1 cycle
      1  100d4				    .CYCLES    SET	2
      2  100d4
      3  100d4				   -	       IF	.CYCLES < 2
      4  100d4				   -	       ECHO	"MACRO ERROR: 'SLEEP': Duration must be > 1"
      5  100d4				   -	       ERR
      6  100d4					       ENDIF
      7  100d4
      8  100d4				   -	       IF	.CYCLES & 1
      9  100d4				   -	       IFNCONST	NO_ILLEGAL_OPCODES
     10  100d4				   -	       nop	0
     11  100d4				   -	       ELSE
     12  100d4				   -	       bit	VSYNC
     13  100d4				   -	       ENDIF
     14  100d4				   -.CYCLES    SET	.CYCLES - 3
     15  100d4					       ENDIF
     16  100d4
     17  100d4					       REPEAT	.CYCLES / 2
     18  100d4			ea		       nop
     19  100d5					       REPEND
   2149  100d5					       endif
   2150  100d5
   2151  100d5			4c 1b f1	       jmp	enterlastkernel
   2152  100d8
   2153  100d8				   -	       else
   2154  100d8				   -lastkernelline
   2155  100d8				   -
   2156  100d8				   -	       ifconst	PFheights
   2157  100d8				   -	       ldx	#1
   2158  100d8				   -			;sleep 5
   2159  100d8				   -	       sleep	4	; this was over 1 cycle
   2160  100d8				   -	       else
   2161  100d8				   -	       ldx	playfieldpos
   2162  100d8				   -			;sleep 4
   2163  100d8				   -	       sleep	3	; this was over 1 cycle
   2164  100d8				   -	       endif
   2165  100d8				   -
   2166  100d8				   -	       cpx	#0
   2167  100d8				   -	       bne	.enterfromNBL
   2168  100d8				   -	       jmp	no_blank_lines_bailout
   2169  100d8					       endif
   2170  100d8
   2171  100d8					       if	((<*)>$d5)
   2172  10100			00 00 00 00*	       align	256
   2173  10100					       endif
   2174  10100							; this is a kludge to prevent page wrapping - fix!!!
   2175  10100
   2176  10100				    .skipDrawlastP1
   2177  10100			a9 00		       lda	#0
   2178  10102			a8		       tay		; added so we don't cross a page
   2179  10103			4c 2d f1	       jmp	.continuelastP1
   2180  10106
   2181  10106				    .endkerloop 		; enter at cycle 59??
   2182  10106
   2183  10106			ea		       nop
   2184  10107
   2185  10107				    .enterfromNBL
   2186  10107				   -	       ifconst	pfres
   2187  10107				   -	       ldy.w	playfield+pfres*pfwidth-4
   2188  10107				   -	       sty	PF1L	;3
   2189  10107				   -	       ldy.w	playfield+pfres*pfwidth-3-pfadjust
   2190  10107				   -	       sty	PF2L	;3
   2191  10107				   -	       ldy.w	playfield+pfres*pfwidth-1
   2192  10107				   -	       sty	PF1R	; possibly too early?
   2193  10107				   -	       ldy.w	playfield+pfres*pfwidth-2-pfadjust
   2194  10107				   -	       sty	PF2R	;3
   2195  10107					       else
   2196  10107			ac d0 00	       ldy.w	playfield-48+pfwidth*12+44
   2197  1010a			84 0e		       sty	PF1L	;3
   2198  1010c			ac d1 00	       ldy.w	playfield-48+pfwidth*12+45-pfadjust
   2199  1010f			84 0f		       sty	PF2L	;3
   2200  10111			ac d3 00	       ldy.w	playfield-48+pfwidth*12+47
   2201  10114			84 0e		       sty	PF1R	; possibly too early?
   2202  10116			ac d2 00	       ldy.w	playfield-48+pfwidth*12+46-pfadjust
   2203  10119			84 0f		       sty	PF2R	;3
   2204  1011b					       endif
   2205  1011b
   2206  1011b				    enterlastkernel
   2207  1011b			a5 92		       lda	ballheight
   2208  1011d
   2209  1011d							; tya
   2210  1011d			c7 89		       dcp	bally
   2211  1011f							; sleep 4
   2212  1011f
   2213  1011f							; sbc stack3
   2214  1011f			2a		       rol
   2215  10120			2a		       rol
   2216  10121			85 1f		       sta	ENABL
   2217  10123
   2218  10123			a5 8f		       lda	player1height	;3
   2219  10125			c7 86		       dcp	player1y	;5
   2220  10127			90 d7		       bcc	.skipDrawlastP1
   2221  10129			a4 86		       ldy	player1y	;3
   2222  1012b			b1 8c		       lda	(player1pointer),y	;5; player0pointer must be selected carefully by the compiler
   2223  1012d							; so it doesn't cross a page boundary!
   2224  1012d
   2225  1012d				    .continuelastP1
   2226  1012d			85 1c		       sta	GRP1	;3
   2227  1012f
   2228  1012f					       ifnconst	player1colors
   2229  1012f			a5 87		       lda	missile1height	;3
   2230  10131			c7 88		       dcp	missile1y	;5
   2231  10133				   -	       else
   2232  10133				   -	       lda	(player1color),y
   2233  10133				   -	       sta	COLUP1
   2234  10133					       endif
   2235  10133
   2236  10133			ca		       dex
   2237  10134							;dec temp4 ; might try putting this above PF writes
   2238  10134			f0 36		       beq	endkernel
   2239  10136
   2240  10136
   2241  10136				   -	       ifconst	pfres
   2242  10136				   -	       ldy.w	playfield+pfres*pfwidth-4
   2243  10136				   -	       sty	PF1L	;3
   2244  10136				   -	       ldy.w	playfield+pfres*pfwidth-3-pfadjust
   2245  10136				   -	       sty	PF2L	;3
   2246  10136				   -	       ldy.w	playfield+pfres*pfwidth-1
   2247  10136				   -	       sty	PF1R	; possibly too early?
   2248  10136				   -	       ldy.w	playfield+pfres*pfwidth-2-pfadjust
   2249  10136				   -	       sty	PF2R	;3
   2250  10136					       else
   2251  10136			ac d0 00	       ldy.w	playfield-48+pfwidth*12+44
   2252  10139			84 0e		       sty	PF1L	;3
   2253  1013b			ac d1 00	       ldy.w	playfield-48+pfwidth*12+45-pfadjust
   2254  1013e			84 0f		       sty	PF2L	;3
   2255  10140			ac d3 00	       ldy.w	playfield-48+pfwidth*12+47
   2256  10143			84 0e		       sty	PF1R	; possibly too early?
   2257  10145			ac d2 00	       ldy.w	playfield-48+pfwidth*12+46-pfadjust
   2258  10148			84 0f		       sty	PF2R	;3
   2259  1014a					       endif
   2260  1014a
   2261  1014a					       ifnconst	player1colors
   2262  1014a			2a		       rol		;2
   2263  1014b			2a		       rol		;2
   2264  1014c			85 1e		       sta	ENAM1	;3
   2265  1014e				   -	       else
   2266  1014e				   -	       ifnconst	playercolors
   2267  1014e				   -	       sleep	7
   2268  1014e				   -	       else
   2269  1014e				   -	       lda.w	player0colorstore
   2270  1014e				   -	       sta	COLUP0
   2271  1014e				   -	       endif
   2272  1014e					       endif
   2273  1014e
   2274  1014e			ad 8e 00	       lda.w	player0height
   2275  10151			c7 85		       dcp	player0y
   2276  10153			90 11		       bcc	.skipDrawlastP0
   2277  10155			a4 85		       ldy	player0y
   2278  10157			b1 8a		       lda	(player0pointer),y
   2279  10159				    .continuelastP0
   2280  10159			85 1b		       sta	GRP0
   2281  1015b
   2282  1015b
   2283  1015b
   2284  1015b					       ifnconst	no_blank_lines
   2285  1015b			a5 90		       lda	missile0height	;3
   2286  1015d			c7 91		       dcp	missile0y	;5
   2287  1015f			e5 f6		       sbc	stack1
   2288  10161			85 1d		       sta	ENAM0	;3
   2289  10163			4c 06 f1	       jmp	.endkerloop
   2290  10166				   -	       else
   2291  10166				   -	       ifconst	readpaddle
   2292  10166				   -	       ldy	currentpaddle
   2293  10166				   -	       lda	INPT0,y
   2294  10166				   -	       bpl	noreadpaddle2
   2295  10166				   -	       inc	paddle
   2296  10166				   -	       jmp	.endkerloop
   2297  10166				   -noreadpaddle2
   2298  10166				   -	       sleep	4
   2299  10166				   -	       jmp	.endkerloop
   2300  10166				   -	       else		; no_blank_lines and no paddle reading
   2301  10166				   -	       pla
   2302  10166				   -	       pha		; 14 cycles in 4 bytes
   2303  10166				   -	       pla
   2304  10166				   -	       pha
   2305  10166				   -			; sleep 14
   2306  10166				   -	       jmp	.endkerloop
   2307  10166				   -	       endif
   2308  10166					       endif
   2309  10166
   2310  10166
   2311  10166							; ifconst donepaddleskip
   2312  10166							;paddleskipread
   2313  10166							; this is kind of lame, since it requires 4 cycles from a page boundary crossing
   2314  10166							; plus we get a lo-res paddle read
   2315  10166							; bmi donepaddleskip
   2316  10166							; endif
   2317  10166
   2318  10166				    .skipDrawlastP0
   2319  10166			a9 00		       lda	#0
   2320  10168			a8		       tay
   2321  10169			4c 59 f1	       jmp	.continuelastP0
   2322  1016c
   2323  1016c				   -	       ifconst	no_blank_lines
   2324  1016c				   -no_blank_lines_bailout
   2325  1016c				   -	       ldx	#0
   2326  1016c					       endif
   2327  1016c
   2328  1016c				    endkernel
   2329  1016c							; 6 digit score routine
   2330  1016c			86 0e		       stx	PF1
   2331  1016e			86 0f		       stx	PF2
   2332  10170			86 0d		       stx	PF0
   2333  10172			18		       clc
   2334  10173
   2335  10173				   -	       ifconst	pfrowheight
   2336  10173				   -	       lda	#pfrowheight+2
   2337  10173					       else
   2338  10173					       ifnconst	pfres
   2339  10173			a9 0a		       lda	#10
   2340  10175				   -	       else
   2341  10175				   -	       lda	#(96/pfres)+2	; try to come close to the real size
   2342  10175					       endif
   2343  10175					       endif
   2344  10175
   2345  10175			e5 ef		       sbc	playfieldpos
   2346  10177			85 ef		       sta	playfieldpos
   2347  10179			8a		       txa
   2348  1017a
   2349  1017a				   -	       ifconst	shakescreen
   2350  1017a				   -	       bit	shakescreen
   2351  1017a				   -	       bmi	noshakescreen2
   2352  1017a				   -	       ldx	#$3D
   2353  1017a				   -noshakescreen2
   2354  1017a					       endif
   2355  1017a
   2356  1017a			95 02		       sta	WSYNC,x
   2357  1017c
   2358  1017c							; STA WSYNC ;first one, need one more
   2359  1017c			85 0b		       sta	REFP0
   2360  1017e			85 0c		       sta	REFP1
   2361  10180			85 1b		       STA	GRP0
   2362  10182			85 1c		       STA	GRP1
   2363  10184							; STA PF1
   2364  10184							; STA PF2
   2365  10184			85 2b		       sta	HMCLR
   2366  10186			85 1d		       sta	ENAM0
   2367  10188			85 1e		       sta	ENAM1
   2368  1018a			85 1f		       sta	ENABL
   2369  1018c
   2370  1018c			a5 9d		       lda	temp2	;restore variables that were obliterated by kernel
   2371  1018e			85 85		       sta	player0y
   2372  10190			a5 9e		       lda	temp3
   2373  10192			85 86		       sta	player1y
   2374  10194					       ifnconst	player1colors
   2375  10194			a5 a1		       lda	temp6
   2376  10196			85 88		       sta	missile1y
   2377  10198					       endif
   2378  10198					       ifnconst	playercolors
   2379  10198					       ifnconst	readpaddle
   2380  10198			a5 a0		       lda	temp5
   2381  1019a			85 91		       sta	missile0y
   2382  1019c					       endif
   2383  1019c					       endif
   2384  1019c			a5 f7		       lda	stack2
   2385  1019e			85 89		       sta	bally
   2386  101a0
   2387  101a0							; strangely, this isn't required any more. might have
   2388  101a0							; resulted from the no_blank_lines score bounce fix
   2389  101a0							;ifconst no_blank_lines
   2390  101a0							;sta WSYNC
   2391  101a0							;endif
   2392  101a0
   2393  101a0			ad 84 02	       lda	INTIM
   2394  101a3			18		       clc
   2395  101a4					       ifnconst	vblank_time
   2396  101a4			69 8e		       adc	#43+12+87
   2397  101a6				   -	       else
   2398  101a6				   -	       adc	#vblank_time+12+87
   2399  101a6				   -
   2400  101a6					       endif
   2401  101a6							; sta WSYNC
   2402  101a6			8d 96 02	       sta	TIM64T
   2403  101a9
   2404  101a9				   -	       ifconst	minikernel
   2405  101a9				   -	       jsr	minikernel
   2406  101a9					       endif
   2407  101a9
   2408  101a9							; now reassign temp vars for score pointers
   2409  101a9
   2410  101a9							; score pointers contain:
   2411  101a9							; score1-5: lo1,lo2,lo3,lo4,lo5,lo6
   2412  101a9							; swap lo2->temp1
   2413  101a9							; swap lo4->temp3
   2414  101a9							; swap lo6->temp5
   2415  101a9					       ifnconst	noscore
   2416  101a9			a5 97		       lda	scorepointers+1
   2417  101ab							; ldy temp1
   2418  101ab			85 9c		       sta	temp1
   2419  101ad							; sty scorepointers+1
   2420  101ad
   2421  101ad			a5 99		       lda	scorepointers+3
   2422  101af							; ldy temp3
   2423  101af			85 9e		       sta	temp3
   2424  101b1							; sty scorepointers+3
   2425  101b1
   2426  101b1
   2427  101b1			85 2b		       sta	HMCLR
   2428  101b3			ba		       tsx
   2429  101b4			86 f6		       stx	stack1
   2430  101b6			a2 e0		       ldx	#$E0
   2431  101b8			86 20		       stx	HMP0
   2432  101ba
   2433  101ba			a5 a3		       LDA	scorecolor
   2434  101bc			85 06		       STA	COLUP0
   2435  101be			85 07		       STA	COLUP1
   2436  101c0				   -	       ifconst	scorefade
   2437  101c0				   -	       STA	stack2
   2438  101c0					       endif
   2439  101c0				   -	       ifconst	pfscore
   2440  101c0				   -	       lda	pfscorecolor
   2441  101c0				   -	       sta	COLUPF
   2442  101c0					       endif
   2443  101c0			85 02		       sta	WSYNC
   2444  101c2			a2 00		       ldx	#0
   2445  101c4			86 1b		       STx	GRP0
   2446  101c6			86 1c		       STx	GRP1	; seems to be needed because of vdel
   2447  101c8
   2448  101c8			a5 9b		       lda	scorepointers+5
   2449  101ca							; ldy temp5
   2450  101ca			95 a0		       sta	temp5,x
   2451  101cc							; sty scorepointers+5
   2452  101cc			a9 ff		       lda	#>scoretable
   2453  101ce			85 97		       sta	scorepointers+1
   2454  101d0			85 99		       sta	scorepointers+3
   2455  101d2			85 9b		       sta	scorepointers+5
   2456  101d4			85 9d		       sta	temp2
   2457  101d6			85 9f		       sta	temp4
   2458  101d8			85 a1		       sta	temp6
   2459  101da			a0 07		       LDY	#7
   2460  101dc			84 25		       STY	VDELP0
   2461  101de			85 10		       STA	RESP0
   2462  101e0			85 11		       STA	RESP1
   2463  101e2
   2464  101e2
   2465  101e2			a9 03		       LDA	#$03
   2466  101e4			85 04		       STA	NUSIZ0
   2467  101e6			85 05		       STA	NUSIZ1
   2468  101e8			85 26		       STA	VDELP1
   2469  101ea			a9 f0		       LDA	#$F0
   2470  101ec			85 21		       STA	HMP1
   2471  101ee			b1 96		       lda	(scorepointers),y
   2472  101f0			85 1b		       sta	GRP0
   2473  101f2			85 2a		       STA	HMOVE	; cycle 73 ?
   2474  101f4			4c 08 f2	       jmp	beginscore
   2475  101f7
   2476  101f7
   2477  101f7					       if	((<*)>$d4)
   2478  10200			00 00 00 00*	       align	256	; kludge that potentially wastes space! should be fixed!
   2479  10200					       endif
   2480  10200
   2481  10200				    loop2
   2482  10200			b1 96		       lda	(scorepointers),y	;+5 68 204
   2483  10202			85 1b		       sta	GRP0	;+3 71 213 D1 -- -- --
   2484  10204				   -	       ifconst	pfscore
   2485  10204				   -	       lda.w	pfscore1
   2486  10204				   -	       sta	PF1
   2487  10204					       else
   2488  10204				   -	       ifconst	scorefade
   2489  10204				   -	       sleep	2
   2490  10204				   -	       dec	stack2	; decrement the temporary scorecolor
   2491  10204					       else
      0  10204					       sleep	7
      1  10204				    .CYCLES    SET	7
      2  10204
      3  10204				   -	       IF	.CYCLES < 2
      4  10204				   -	       ECHO	"MACRO ERROR: 'SLEEP': Duration must be > 1"
      5  10204				   -	       ERR
      6  10204					       ENDIF
      7  10204
      8  10204					       IF	.CYCLES & 1
      9  10204					       IFNCONST	NO_ILLEGAL_OPCODES
     10  10204			04 00		       nop	0
     11  10206				   -	       ELSE
     12  10206				   -	       bit	VSYNC
     13  10206					       ENDIF
     14  10206				    .CYCLES    SET	.CYCLES - 3
     15  10206					       ENDIF
     16  10206
     17  10206					       REPEAT	.CYCLES / 2
     18  10206			ea		       nop
     17  10206					       REPEND
     18  10207			ea		       nop
     19  10208					       REPEND
   2493  10208					       endif
   2494  10208					       endif
   2495  10208							; cycle 0
   2496  10208				    beginscore
   2497  10208			b1 9e		       lda	(scorepointers+$8),y	;+5 5 15
   2498  1020a			85 1c		       sta	GRP1	;+3 8 24 D1 D1 D2 --
   2499  1020c			b1 9c		       lda	(scorepointers+$6),y	;+5 13 39
   2500  1020e			85 1b		       sta	GRP0	;+3 16 48 D3 D1 D2 D2
   2501  10210			b3 98		       lax	(scorepointers+$2),y	;+5 29 87
   2502  10212			9a		       txs
   2503  10213			b3 9a		       lax	(scorepointers+$4),y	;+5 36 108
   2504  10215				   -	       ifconst	scorefade
   2505  10215				   -	       lda	stack2
   2506  10215					       else
      0  10215					       sleep	3
      1  10215				    .CYCLES    SET	3
      2  10215
      3  10215				   -	       IF	.CYCLES < 2
      4  10215				   -	       ECHO	"MACRO ERROR: 'SLEEP': Duration must be > 1"
      5  10215				   -	       ERR
      6  10215					       ENDIF
      7  10215
      8  10215					       IF	.CYCLES & 1
      9  10215					       IFNCONST	NO_ILLEGAL_OPCODES
     10  10215			04 00		       nop	0
     11  10217				   -	       ELSE
     12  10217				   -	       bit	VSYNC
     13  10217					       ENDIF
     14  10217				    .CYCLES    SET	.CYCLES - 3
     15  10217					       ENDIF
     16  10217
     17  10217				   -	       REPEAT	.CYCLES / 2
     18  10217				   -	       nop
     19  10217					       REPEND
   2508  10217					       endif
   2509  10217
   2510  10217				   -	       ifconst	pfscore
   2511  10217				   -	       lda	pfscore2
   2512  10217				   -	       sta	PF1
   2513  10217					       else
   2514  10217				   -	       ifconst	scorefade
   2515  10217				   -	       sta	COLUP0
   2516  10217				   -	       sta	COLUP1
   2517  10217					       else
      0  10217					       sleep	6
      1  10217				    .CYCLES    SET	6
      2  10217
      3  10217				   -	       IF	.CYCLES < 2
      4  10217				   -	       ECHO	"MACRO ERROR: 'SLEEP': Duration must be > 1"
      5  10217				   -	       ERR
      6  10217					       ENDIF
      7  10217
      8  10217				   -	       IF	.CYCLES & 1
      9  10217				   -	       IFNCONST	NO_ILLEGAL_OPCODES
     10  10217				   -	       nop	0
     11  10217				   -	       ELSE
     12  10217				   -	       bit	VSYNC
     13  10217				   -	       ENDIF
     14  10217				   -.CYCLES    SET	.CYCLES - 3
     15  10217					       ENDIF
     16  10217
     17  10217					       REPEAT	.CYCLES / 2
     18  10217			ea		       nop
     17  10217					       REPEND
     18  10218			ea		       nop
     17  10218					       REPEND
     18  10219			ea		       nop
     19  1021a					       REPEND
   2519  1021a					       endif
   2520  1021a					       endif
   2521  1021a
   2522  1021a			b1 a0		       lda	(scorepointers+$A),y	;+5 21 63
   2523  1021c			86 1c		       stx	GRP1	;+3 44 132 D3 D3 D4 D2!
   2524  1021e			ba		       tsx
   2525  1021f			86 1b		       stx	GRP0	;+3 47 141 D5 D3! D4 D4
   2526  10221			85 1c		       sta	GRP1	;+3 50 150 D5 D5 D6 D4!
   2527  10223			84 1b		       sty	GRP0	;+3 53 159 D4* D5! D6 D6
   2528  10225			88		       dey
   2529  10226			10 d8		       bpl	loop2	;+2 60 180
   2530  10228
   2531  10228			a6 f6		       ldx	stack1
   2532  1022a			9a		       txs
   2533  1022b							; lda scorepointers+1
   2534  1022b			a4 9c		       ldy	temp1
   2535  1022d							; sta temp1
   2536  1022d			84 97		       sty	scorepointers+1
   2537  1022f
   2538  1022f			a9 00		       LDA	#0
   2539  10231			85 0e		       sta	PF1
   2540  10233			85 1b		       STA	GRP0
   2541  10235			85 1c		       STA	GRP1
   2542  10237			85 25		       STA	VDELP0
   2543  10239			85 26		       STA	VDELP1	;do we need these
   2544  1023b			85 04		       STA	NUSIZ0
   2545  1023d			85 05		       STA	NUSIZ1
   2546  1023f
   2547  1023f							; lda scorepointers+3
   2548  1023f			a4 9e		       ldy	temp3
   2549  10241							; sta temp3
   2550  10241			84 99		       sty	scorepointers+3
   2551  10243
   2552  10243							; lda scorepointers+5
   2553  10243			a4 a0		       ldy	temp5
   2554  10245							; sta temp5
   2555  10245			84 9b		       sty	scorepointers+5
   2556  10247					       endif		;noscore
   2557  10247				   -	       ifconst	readpaddle
   2558  10247				   -	       lda	#%11000010
   2559  10247					       else
   2560  10247				   -	       ifconst	qtcontroller
   2561  10247				   -	       lda	qtcontroller
   2562  10247				   -	       lsr		; bit 0 in carry
   2563  10247				   -	       lda	#4
   2564  10247				   -	       ror		; carry into top of A
   2565  10247					       else
   2566  10247			a9 02		       lda	#2
   2567  10249					       endif		; qtcontroller
   2568  10249					       endif		; readpaddle
   2569  10249			85 02		       sta	WSYNC
   2570  1024b			85 01		       sta	VBLANK
      0  1024d					       RETURN
      1  1024d				   -	       ifnconst	bankswitch
      2  1024d				   -	       rts
      3  1024d					       else
      4  1024d			4c c5 ff	       jmp	BS_return
      5  10250					       endif
   2572  10250				   -	       ifconst	shakescreen
   2573  10250				   -doshakescreen
   2574  10250				   -	       bit	shakescreen
   2575  10250				   -	       bmi	noshakescreen
   2576  10250				   -	       sta	WSYNC
   2577  10250				   -noshakescreen
   2578  10250				   -	       ldx	missile0height
   2579  10250				   -	       inx
   2580  10250				   -	       rts
   2581  10250					       endif
   2582  10250
   2583  10250							; Provided under the CC0 license. See the included LICENSE.txt for details.
   2584  10250
   2585  10250				    start
   2586  10250			78		       sei
   2587  10251			d8		       cld
   2588  10252			a0 00		       ldy	#0
   2589  10254			a5 d0		       lda	$D0
   2590  10256			c9 2c		       cmp	#$2C	;check RAM location #1
   2591  10258			d0 07		       bne	MachineIs2600
   2592  1025a			a5 d1		       lda	$D1
   2593  1025c			c9 a9		       cmp	#$A9	;check RAM location #2
   2594  1025e			d0 01		       bne	MachineIs2600
   2595  10260			88		       dey
   2596  10261				    MachineIs2600
   2597  10261			a2 00		       ldx	#0
   2598  10263			8a		       txa
   2599  10264				    clearmem
   2600  10264			e8		       inx
   2601  10265			9a		       txs
   2602  10266			48		       pha
   2603  10267			d0 fb		       bne	clearmem
   2604  10269			84 9c		       sty	temp1
   2605  1026b					       ifnconst	multisprite
   2606  1026b				   -	       ifconst	pfrowheight
   2607  1026b				   -	       lda	#pfrowheight
   2608  1026b					       else
   2609  1026b				   -	       ifconst	pfres
   2610  1026b				   -	       lda	#(96/pfres)
   2611  1026b					       else
   2612  1026b			a9 08		       lda	#8
   2613  1026d					       endif
   2614  1026d					       endif
   2615  1026d			85 ef		       sta	playfieldpos
   2616  1026f					       endif
   2617  1026f			a2 05		       ldx	#5
   2618  10271				    initscore
   2619  10271			a9 5c		       lda	#<scoretable
   2620  10273			95 96		       sta	scorepointers,x
   2621  10275			ca		       dex
   2622  10276			10 f9		       bpl	initscore
   2623  10278			a9 01		       lda	#1
   2624  1027a			85 0a		       sta	CTRLPF
   2625  1027c			0d 84 02	       ora	INTIM
   2626  1027f			85 a2		       sta	rand
   2627  10281
   2628  10281				   -	       ifconst	multisprite
   2629  10281				   -	       jsr	multisprite_setup
   2630  10281					       endif
   2631  10281
   2632  10281				   -	       ifnconst	bankswitch
   2633  10281				   -	       jmp	game
   2634  10281					       else
   2635  10281			a9 0f		       lda	#>(game-1)
   2636  10283			48		       pha
   2637  10284			a9 ff		       lda	#<(game-1)
   2638  10286			48		       pha
   2639  10287			48		       pha
   2640  10288			48		       pha
   2641  10289			a2 01		       ldx	#1
   2642  1028b			4c d7 ff	       jmp	BS_jsr
   2643  1028e					       endif
   2644  1028e							; Provided under the CC0 license. See the included LICENSE.txt for details.
   2645  1028e
   2646  1028e							; playfield drawing routines
   2647  1028e							; you get a 32x12 bitmapped display in a single color :)
   2648  1028e							; 0-31 and 0-11
   2649  1028e
   2650  1028e				    pfclear		; clears playfield - or fill with pattern
   2651  1028e				   -	       ifconst	pfres
   2652  1028e				   -	       ldx	#pfres*pfwidth-1
   2653  1028e					       else
   2654  1028e			a2 2f		       ldx	#47-(4-pfwidth)*12	; will this work?
   2655  10290					       endif
   2656  10290				    pfclear_loop
   2657  10290					       ifnconst	superchip
   2658  10290			95 a4		       sta	playfield,x
   2659  10292				   -	       else
   2660  10292				   -	       sta	playfield-128,x
   2661  10292					       endif
   2662  10292			ca		       dex
   2663  10293			10 fb		       bpl	pfclear_loop
      0  10295					       RETURN
      1  10295				   -	       ifnconst	bankswitch
      2  10295				   -	       rts
      3  10295					       else
      4  10295			4c c5 ff	       jmp	BS_return
      5  10298					       endif
   2665  10298
   2666  10298				    setuppointers
   2667  10298			86 9d		       stx	temp2	; store on.off.flip value
   2668  1029a			aa		       tax		; put x-value in x 
   2669  1029b			4a		       lsr
   2670  1029c			4a		       lsr
   2671  1029d			4a		       lsr		; divide x pos by 8 
   2672  1029e			85 9c		       sta	temp1
   2673  102a0			98		       tya
   2674  102a1			0a		       asl
   2675  102a2					       if	pfwidth=4
   2676  102a2			0a		       asl		; multiply y pos by 4
   2677  102a3					       endif		; else multiply by 2
   2678  102a3			18		       clc
   2679  102a4			65 9c		       adc	temp1	; add them together to get actual memory location offset
   2680  102a6			a8		       tay		; put the value in y
   2681  102a7			a5 9d		       lda	temp2	; restore on.off.flip value
   2682  102a9			60		       rts
   2683  102aa
   2684  102aa				    pfread
   2685  102aa							;x=xvalue, y=yvalue
   2686  102aa			20 98 f2	       jsr	setuppointers
   2687  102ad			bd 42 f3	       lda	setbyte,x
   2688  102b0			39 a4 00	       and	playfield,y
   2689  102b3			5d 42 f3	       eor	setbyte,x
   2690  102b6							; beq readzero
   2691  102b6							; lda #1
   2692  102b6							; readzero
      0  102b6					       RETURN
      1  102b6				   -	       ifnconst	bankswitch
      2  102b6				   -	       rts
      3  102b6					       else
      4  102b6			4c c5 ff	       jmp	BS_return
      5  102b9					       endif
   2694  102b9
   2695  102b9				    pfpixel
   2696  102b9							;x=xvalue, y=yvalue, a=0,1,2
   2697  102b9			20 98 f2	       jsr	setuppointers
   2698  102bc
   2699  102bc					       ifconst	bankswitch
   2700  102bc			a5 9d		       lda	temp2	; load on.off.flip value (0,1, or 2)
   2701  102be			f0 0f		       beq	pixelon_r	; if "on" go to on
   2702  102c0			4a		       lsr
   2703  102c1			b0 18		       bcs	pixeloff_r	; value is 1 if true
   2704  102c3			b9 a4 00	       lda	playfield,y	; if here, it's "flip"
   2705  102c6			5d 42 f3	       eor	setbyte,x
   2706  102c9				   -	       ifconst	superchip
   2707  102c9				   -	       sta	playfield-128,y
   2708  102c9					       else
   2709  102c9			99 a4 00	       sta	playfield,y
   2710  102cc					       endif
      0  102cc					       RETURN
      1  102cc				   -	       ifnconst	bankswitch
      2  102cc				   -	       rts
      3  102cc					       else
      4  102cc			4c c5 ff	       jmp	BS_return
      5  102cf					       endif
   2712  102cf				    pixelon_r
   2713  102cf			b9 a4 00	       lda	playfield,y
   2714  102d2			1d 42 f3	       ora	setbyte,x
   2715  102d5				   -	       ifconst	superchip
   2716  102d5				   -	       sta	playfield-128,y
   2717  102d5					       else
   2718  102d5			99 a4 00	       sta	playfield,y
   2719  102d8					       endif
      0  102d8					       RETURN
      1  102d8				   -	       ifnconst	bankswitch
      2  102d8				   -	       rts
      3  102d8					       else
      4  102d8			4c c5 ff	       jmp	BS_return
      5  102db					       endif
   2721  102db				    pixeloff_r
   2722  102db			bd 42 f3	       lda	setbyte,x
   2723  102de			49 ff		       eor	#$ff
   2724  102e0			39 a4 00	       and	playfield,y
   2725  102e3				   -	       ifconst	superchip
   2726  102e3				   -	       sta	playfield-128,y
   2727  102e3					       else
   2728  102e3			99 a4 00	       sta	playfield,y
   2729  102e6					       endif
      0  102e6					       RETURN
      1  102e6				   -	       ifnconst	bankswitch
      2  102e6				   -	       rts
      3  102e6					       else
      4  102e6			4c c5 ff	       jmp	BS_return
      5  102e9					       endif
   2731  102e9
   2732  102e9				   -	       else
   2733  102e9				   -	       jmp	plotpoint
   2734  102e9					       endif
   2735  102e9
   2736  102e9				    pfhline
   2737  102e9							;x=xvalue, y=yvalue, a=0,1,2, temp3=endx
   2738  102e9			20 98 f2	       jsr	setuppointers
   2739  102ec			4c f6 f2	       jmp	noinc
   2740  102ef				    keepgoing
   2741  102ef			e8		       inx
   2742  102f0			8a		       txa
   2743  102f1			29 07		       and	#7
   2744  102f3			d0 01		       bne	noinc
   2745  102f5			c8		       iny
   2746  102f6				    noinc
   2747  102f6			20 1b f3	       jsr	plotpoint
   2748  102f9			e4 9e		       cpx	temp3
   2749  102fb			30 f2		       bmi	keepgoing
      0  102fd					       RETURN
      1  102fd				   -	       ifnconst	bankswitch
      2  102fd				   -	       rts
      3  102fd					       else
      4  102fd			4c c5 ff	       jmp	BS_return
      5  10300					       endif
   2751  10300
   2752  10300				    pfvline
   2753  10300							;x=xvalue, y=yvalue, a=0,1,2, temp3=endx
   2754  10300			20 98 f2	       jsr	setuppointers
   2755  10303			84 9c		       sty	temp1	; store memory location offset
   2756  10305			e6 9e		       inc	temp3	; increase final x by 1 
   2757  10307			a5 9e		       lda	temp3
   2758  10309			0a		       asl
   2759  1030a					       if	pfwidth=4
   2760  1030a			0a		       asl		; multiply by 4
   2761  1030b					       endif		; else multiply by 2
   2762  1030b			85 9e		       sta	temp3	; store it
   2763  1030d							; Thanks to Michael Rideout for fixing a bug in this code
   2764  1030d							; right now, temp1=y=starting memory location, temp3=final
   2765  1030d							; x should equal original x value
   2766  1030d				    keepgoingy
   2767  1030d			20 1b f3	       jsr	plotpoint
   2768  10310			c8		       iny
   2769  10311			c8		       iny
   2770  10312					       if	pfwidth=4
   2771  10312			c8		       iny
   2772  10313			c8		       iny
   2773  10314					       endif
   2774  10314			c4 9e		       cpy	temp3
   2775  10316			30 f5		       bmi	keepgoingy
      0  10318					       RETURN
      1  10318				   -	       ifnconst	bankswitch
      2  10318				   -	       rts
      3  10318					       else
      4  10318			4c c5 ff	       jmp	BS_return
      5  1031b					       endif
   2777  1031b
   2778  1031b				    plotpoint
   2779  1031b			a5 9d		       lda	temp2	; load on.off.flip value (0,1, or 2)
   2780  1031d			f0 0d		       beq	pixelon	; if "on" go to on
   2781  1031f			4a		       lsr
   2782  10320			b0 14		       bcs	pixeloff	; value is 1 if true
   2783  10322			b9 a4 00	       lda	playfield,y	; if here, it's "flip"
   2784  10325			5d 42 f3	       eor	setbyte,x
   2785  10328				   -	       ifconst	superchip
   2786  10328				   -	       sta	playfield-128,y
   2787  10328					       else
   2788  10328			99 a4 00	       sta	playfield,y
   2789  1032b					       endif
   2790  1032b			60		       rts
   2791  1032c				    pixelon
   2792  1032c			b9 a4 00	       lda	playfield,y
   2793  1032f			1d 42 f3	       ora	setbyte,x
   2794  10332				   -	       ifconst	superchip
   2795  10332				   -	       sta	playfield-128,y
   2796  10332					       else
   2797  10332			99 a4 00	       sta	playfield,y
   2798  10335					       endif
   2799  10335			60		       rts
   2800  10336				    pixeloff
   2801  10336			bd 42 f3	       lda	setbyte,x
   2802  10339			49 ff		       eor	#$ff
   2803  1033b			39 a4 00	       and	playfield,y
   2804  1033e				   -	       ifconst	superchip
   2805  1033e				   -	       sta	playfield-128,y
   2806  1033e					       else
   2807  1033e			99 a4 00	       sta	playfield,y
   2808  10341					       endif
   2809  10341			60		       rts
   2810  10342
   2811  10342				    setbyte
   2812  10342					       ifnconst	pfcenter
   2813  10342			80		       .byte.b	$80
   2814  10343			40		       .byte.b	$40
   2815  10344			20		       .byte.b	$20
   2816  10345			10		       .byte.b	$10
   2817  10346			08		       .byte.b	$08
   2818  10347			04		       .byte.b	$04
   2819  10348			02		       .byte.b	$02
   2820  10349			01		       .byte.b	$01
   2821  1034a					       endif
   2822  1034a			01		       .byte.b	$01
   2823  1034b			02		       .byte.b	$02
   2824  1034c			04		       .byte.b	$04
   2825  1034d			08		       .byte.b	$08
   2826  1034e			10		       .byte.b	$10
   2827  1034f			20		       .byte.b	$20
   2828  10350			40		       .byte.b	$40
   2829  10351			80		       .byte.b	$80
   2830  10352			80		       .byte.b	$80
   2831  10353			40		       .byte.b	$40
   2832  10354			20		       .byte.b	$20
   2833  10355			10		       .byte.b	$10
   2834  10356			08		       .byte.b	$08
   2835  10357			04		       .byte.b	$04
   2836  10358			02		       .byte.b	$02
   2837  10359			01		       .byte.b	$01
   2838  1035a			01		       .byte.b	$01
   2839  1035b			02		       .byte.b	$02
   2840  1035c			04		       .byte.b	$04
   2841  1035d			08		       .byte.b	$08
   2842  1035e			10		       .byte.b	$10
   2843  1035f			20		       .byte.b	$20
   2844  10360			40		       .byte.b	$40
   2845  10361			80		       .byte.b	$80
   2846  10362							; Provided under the CC0 license. See the included LICENSE.txt for details.
   2847  10362
   2848  10362				    pfscroll		;(a=0 left, 1 right, 2 up, 4 down, 6=upup, 12=downdown)
   2849  10362			d0 15		       bne	notleft
   2850  10364							;left
   2851  10364				   -	       ifconst	pfres
   2852  10364				   -	       ldx	#pfres*4
   2853  10364					       else
   2854  10364			a2 30		       ldx	#48
   2855  10366					       endif
   2856  10366				    leftloop
   2857  10366			b5 a3		       lda	playfield-1,x
   2858  10368			4a		       lsr
   2859  10369
   2860  10369				   -	       ifconst	superchip
   2861  10369				   -	       lda	playfield-2,x
   2862  10369				   -	       rol
   2863  10369				   -	       sta	playfield-130,x
   2864  10369				   -	       lda	playfield-3,x
   2865  10369				   -	       ror
   2866  10369				   -	       sta	playfield-131,x
   2867  10369				   -	       lda	playfield-4,x
   2868  10369				   -	       rol
   2869  10369				   -	       sta	playfield-132,x
   2870  10369				   -	       lda	playfield-1,x
   2871  10369				   -	       ror
   2872  10369				   -	       sta	playfield-129,x
   2873  10369					       else
   2874  10369			36 a2		       rol	playfield-2,x
   2875  1036b			76 a1		       ror	playfield-3,x
   2876  1036d			36 a0		       rol	playfield-4,x
   2877  1036f			76 a3		       ror	playfield-1,x
   2878  10371					       endif
   2879  10371
   2880  10371			8a		       txa
   2881  10372			cb 04		       sbx	#4
   2882  10374			d0 f0		       bne	leftloop
      0  10376					       RETURN
      1  10376				   -	       ifnconst	bankswitch
      2  10376				   -	       rts
      3  10376					       else
      4  10376			4c c5 ff	       jmp	BS_return
      5  10379					       endif
   2884  10379
   2885  10379				    notleft
   2886  10379			4a		       lsr
   2887  1037a			90 15		       bcc	notright
   2888  1037c							;right
   2889  1037c
   2890  1037c				   -	       ifconst	pfres
   2891  1037c				   -	       ldx	#pfres*4
   2892  1037c					       else
   2893  1037c			a2 30		       ldx	#48
   2894  1037e					       endif
   2895  1037e				    rightloop
   2896  1037e			b5 a0		       lda	playfield-4,x
   2897  10380			4a		       lsr
   2898  10381				   -	       ifconst	superchip
   2899  10381				   -	       lda	playfield-3,x
   2900  10381				   -	       rol
   2901  10381				   -	       sta	playfield-131,x
   2902  10381				   -	       lda	playfield-2,x
   2903  10381				   -	       ror
   2904  10381				   -	       sta	playfield-130,x
   2905  10381				   -	       lda	playfield-1,x
   2906  10381				   -	       rol
   2907  10381				   -	       sta	playfield-129,x
   2908  10381				   -	       lda	playfield-4,x
   2909  10381				   -	       ror
   2910  10381				   -	       sta	playfield-132,x
   2911  10381					       else
   2912  10381			36 a1		       rol	playfield-3,x
   2913  10383			76 a2		       ror	playfield-2,x
   2914  10385			36 a3		       rol	playfield-1,x
   2915  10387			76 a0		       ror	playfield-4,x
   2916  10389					       endif
   2917  10389			8a		       txa
   2918  1038a			cb 04		       sbx	#4
   2919  1038c			d0 f0		       bne	rightloop
      0  1038e					       RETURN
      1  1038e				   -	       ifnconst	bankswitch
      2  1038e				   -	       rts
      3  1038e					       else
      4  1038e			4c c5 ff	       jmp	BS_return
      5  10391					       endif
   2921  10391
   2922  10391				    notright
   2923  10391			4a		       lsr
   2924  10392			90 4b		       bcc	notup
   2925  10394							;up
   2926  10394			4a		       lsr
   2927  10395			90 02		       bcc	onedecup
   2928  10397			c6 ef		       dec	playfieldpos
   2929  10399				    onedecup
   2930  10399			c6 ef		       dec	playfieldpos
   2931  1039b			f0 02		       beq	shiftdown
   2932  1039d			10 3d		       bpl	noshiftdown2
   2933  1039f				    shiftdown
   2934  1039f				   -	       ifconst	pfrowheight
   2935  1039f				   -	       lda	#pfrowheight
   2936  1039f					       else
   2937  1039f					       ifnconst	pfres
   2938  1039f			a9 08		       lda	#8
   2939  103a1				   -	       else
   2940  103a1				   -	       lda	#(96/pfres)	; try to come close to the real size
   2941  103a1					       endif
   2942  103a1					       endif
   2943  103a1
   2944  103a1			85 ef		       sta	playfieldpos
   2945  103a3			a5 a7		       lda	playfield+3
   2946  103a5			85 9f		       sta	temp4
   2947  103a7			a5 a6		       lda	playfield+2
   2948  103a9			85 9e		       sta	temp3
   2949  103ab			a5 a5		       lda	playfield+1
   2950  103ad			85 9d		       sta	temp2
   2951  103af			a5 a4		       lda	playfield
   2952  103b1			85 9c		       sta	temp1
   2953  103b3			a2 00		       ldx	#0
   2954  103b5				    up2
   2955  103b5			b5 a8		       lda	playfield+4,x
   2956  103b7				   -	       ifconst	superchip
   2957  103b7				   -	       sta	playfield-128,x
   2958  103b7				   -	       lda	playfield+5,x
   2959  103b7				   -	       sta	playfield-127,x
   2960  103b7				   -	       lda	playfield+6,x
   2961  103b7				   -	       sta	playfield-126,x
   2962  103b7				   -	       lda	playfield+7,x
   2963  103b7				   -	       sta	playfield-125,x
   2964  103b7					       else
   2965  103b7			95 a4		       sta	playfield,x
   2966  103b9			b5 a9		       lda	playfield+5,x
   2967  103bb			95 a5		       sta	playfield+1,x
   2968  103bd			b5 aa		       lda	playfield+6,x
   2969  103bf			95 a6		       sta	playfield+2,x
   2970  103c1			b5 ab		       lda	playfield+7,x
   2971  103c3			95 a7		       sta	playfield+3,x
   2972  103c5					       endif
   2973  103c5			8a		       txa
   2974  103c6			cb fc		       sbx	#252
   2975  103c8				   -	       ifconst	pfres
   2976  103c8				   -	       cpx	#(pfres-1)*4
   2977  103c8					       else
   2978  103c8			e0 2c		       cpx	#44
   2979  103ca					       endif
   2980  103ca			d0 e9		       bne	up2
   2981  103cc
   2982  103cc			a5 9f		       lda	temp4
   2983  103ce
   2984  103ce				   -	       ifconst	superchip
   2985  103ce				   -	       ifconst	pfres
   2986  103ce				   -	       sta	playfield+pfres*4-129
   2987  103ce				   -	       lda	temp3
   2988  103ce				   -	       sta	playfield+pfres*4-130
   2989  103ce				   -	       lda	temp2
   2990  103ce				   -	       sta	playfield+pfres*4-131
   2991  103ce				   -	       lda	temp1
   2992  103ce				   -	       sta	playfield+pfres*4-132
   2993  103ce				   -	       else
   2994  103ce				   -	       sta	playfield+47-128
   2995  103ce				   -	       lda	temp3
   2996  103ce				   -	       sta	playfield+46-128
   2997  103ce				   -	       lda	temp2
   2998  103ce				   -	       sta	playfield+45-128
   2999  103ce				   -	       lda	temp1
   3000  103ce				   -	       sta	playfield+44-128
   3001  103ce				   -	       endif
   3002  103ce					       else
   3003  103ce				   -	       ifconst	pfres
   3004  103ce				   -	       sta	playfield+pfres*4-1
   3005  103ce				   -	       lda	temp3
   3006  103ce				   -	       sta	playfield+pfres*4-2
   3007  103ce				   -	       lda	temp2
   3008  103ce				   -	       sta	playfield+pfres*4-3
   3009  103ce				   -	       lda	temp1
   3010  103ce				   -	       sta	playfield+pfres*4-4
   3011  103ce					       else
   3012  103ce			85 d3		       sta	playfield+47
   3013  103d0			a5 9e		       lda	temp3
   3014  103d2			85 d2		       sta	playfield+46
   3015  103d4			a5 9d		       lda	temp2
   3016  103d6			85 d1		       sta	playfield+45
   3017  103d8			a5 9c		       lda	temp1
   3018  103da			85 d0		       sta	playfield+44
   3019  103dc					       endif
   3020  103dc					       endif
   3021  103dc				    noshiftdown2
      0  103dc					       RETURN
      1  103dc				   -	       ifnconst	bankswitch
      2  103dc				   -	       rts
      3  103dc					       else
      4  103dc			4c c5 ff	       jmp	BS_return
      5  103df					       endif
   3023  103df
   3024  103df
   3025  103df				    notup
   3026  103df							;down
   3027  103df			4a		       lsr
   3028  103e0			b0 02		       bcs	oneincup
   3029  103e2			e6 ef		       inc	playfieldpos
   3030  103e4				    oneincup
   3031  103e4			e6 ef		       inc	playfieldpos
   3032  103e6			a5 ef		       lda	playfieldpos
   3033  103e8
   3034  103e8				   -	       ifconst	pfrowheight
   3035  103e8				   -	       cmp	#pfrowheight+1
   3036  103e8					       else
   3037  103e8					       ifnconst	pfres
   3038  103e8			c9 09		       cmp	#9
   3039  103ea				   -	       else
   3040  103ea				   -	       cmp	#(96/pfres)+1	; try to come close to the real size
   3041  103ea					       endif
   3042  103ea					       endif
   3043  103ea
   3044  103ea			90 3b		       bcc	noshiftdown
   3045  103ec			a9 01		       lda	#1
   3046  103ee			85 ef		       sta	playfieldpos
   3047  103f0
   3048  103f0				   -	       ifconst	pfres
   3049  103f0				   -	       lda	playfield+pfres*4-1
   3050  103f0				   -	       sta	temp4
   3051  103f0				   -	       lda	playfield+pfres*4-2
   3052  103f0				   -	       sta	temp3
   3053  103f0				   -	       lda	playfield+pfres*4-3
   3054  103f0				   -	       sta	temp2
   3055  103f0				   -	       lda	playfield+pfres*4-4
   3056  103f0					       else
   3057  103f0			a5 d3		       lda	playfield+47
   3058  103f2			85 9f		       sta	temp4
   3059  103f4			a5 d2		       lda	playfield+46
   3060  103f6			85 9e		       sta	temp3
   3061  103f8			a5 d1		       lda	playfield+45
   3062  103fa			85 9d		       sta	temp2
   3063  103fc			a5 d0		       lda	playfield+44
   3064  103fe					       endif
   3065  103fe
   3066  103fe			85 9c		       sta	temp1
   3067  10400
   3068  10400				   -	       ifconst	pfres
   3069  10400				   -	       ldx	#(pfres-1)*4
   3070  10400					       else
   3071  10400			a2 2c		       ldx	#44
   3072  10402					       endif
   3073  10402				    down2
   3074  10402			b5 a3		       lda	playfield-1,x
   3075  10404				   -	       ifconst	superchip
   3076  10404				   -	       sta	playfield-125,x
   3077  10404				   -	       lda	playfield-2,x
   3078  10404				   -	       sta	playfield-126,x
   3079  10404				   -	       lda	playfield-3,x
   3080  10404				   -	       sta	playfield-127,x
   3081  10404				   -	       lda	playfield-4,x
   3082  10404				   -	       sta	playfield-128,x
   3083  10404					       else
   3084  10404			95 a7		       sta	playfield+3,x
   3085  10406			b5 a2		       lda	playfield-2,x
   3086  10408			95 a6		       sta	playfield+2,x
   3087  1040a			b5 a1		       lda	playfield-3,x
   3088  1040c			95 a5		       sta	playfield+1,x
   3089  1040e			b5 a0		       lda	playfield-4,x
   3090  10410			95 a4		       sta	playfield,x
   3091  10412					       endif
   3092  10412			8a		       txa
   3093  10413			cb 04		       sbx	#4
   3094  10415			d0 eb		       bne	down2
   3095  10417
   3096  10417			a5 9f		       lda	temp4
   3097  10419				   -	       ifconst	superchip
   3098  10419				   -	       sta	playfield-125
   3099  10419				   -	       lda	temp3
   3100  10419				   -	       sta	playfield-126
   3101  10419				   -	       lda	temp2
   3102  10419				   -	       sta	playfield-127
   3103  10419				   -	       lda	temp1
   3104  10419				   -	       sta	playfield-128
   3105  10419					       else
   3106  10419			85 a7		       sta	playfield+3
   3107  1041b			a5 9e		       lda	temp3
   3108  1041d			85 a6		       sta	playfield+2
   3109  1041f			a5 9d		       lda	temp2
   3110  10421			85 a5		       sta	playfield+1
   3111  10423			a5 9c		       lda	temp1
   3112  10425			85 a4		       sta	playfield
   3113  10427					       endif
   3114  10427				    noshiftdown
      0  10427					       RETURN
      1  10427				   -	       ifnconst	bankswitch
      2  10427				   -	       rts
      3  10427					       else
      4  10427			4c c5 ff	       jmp	BS_return
      5  1042a					       endif
   3116  1042a							; Provided under the CC0 license. See the included LICENSE.txt for details.
   3117  1042a
   3118  1042a							;standard routines needed for pretty much all games
   3119  1042a							; just the random number generator is left - maybe we should remove this asm file altogether?
   3120  1042a							; repositioning code and score pointer setup moved to overscan
   3121  1042a							; read switches, joysticks now compiler generated (more efficient)
   3122  1042a
   3123  1042a				    randomize
   3124  1042a			a5 a2		       lda	rand
   3125  1042c			4a		       lsr
   3126  1042d				   -	       ifconst	rand16
   3127  1042d				   -	       rol	rand16
   3128  1042d					       endif
   3129  1042d			90 02		       bcc	noeor
   3130  1042f			49 b4		       eor	#$B4
   3131  10431				    noeor
   3132  10431			85 a2		       sta	rand
   3133  10433				   -	       ifconst	rand16
   3134  10433				   -	       eor	rand16
   3135  10433					       endif
      0  10433					       RETURN
      1  10433				   -	       ifnconst	bankswitch
      2  10433				   -	       rts
      3  10433					       else
      4  10433			4c c5 ff	       jmp	BS_return
      5  10436					       endif
   3137  10436							; Provided under the CC0 license. See the included LICENSE.txt for details.
   3138  10436
   3139  10436				    drawscreen
   3140  10436				   -	       ifconst	debugscore
   3141  10436				   -	       ldx	#14
   3142  10436				   -	       lda	INTIM	; display # cycles left in the score
   3143  10436				   -
   3144  10436				   -	       ifconst	mincycles
   3145  10436				   -	       lda	mincycles
   3146  10436				   -	       cmp	INTIM
   3147  10436				   -	       lda	mincycles
   3148  10436				   -	       bcc	nochange
   3149  10436				   -	       lda	INTIM
   3150  10436				   -	       sta	mincycles
   3151  10436				   -nochange
   3152  10436				   -	       endif
   3153  10436				   -
   3154  10436				   -			; cmp #$2B
   3155  10436				   -			; bcs no_cycles_left
   3156  10436				   -	       bmi	cycles_left
   3157  10436				   -	       ldx	#64
   3158  10436				   -	       eor	#$ff	;make negative
   3159  10436				   -cycles_left
   3160  10436				   -	       stx	scorecolor
   3161  10436				   -	       and	#$7f	; clear sign bit
   3162  10436				   -	       tax
   3163  10436				   -	       lda	scorebcd,x
   3164  10436				   -	       sta	score+2
   3165  10436				   -	       lda	scorebcd1,x
   3166  10436				   -	       sta	score+1
   3167  10436				   -	       jmp	done_debugscore
   3168  10436				   -scorebcd
   3169  10436				   -	       .byte	$00, $64, $28, $92, $56, $20, $84, $48, $12, $76, $40
   3170  10436				   -	       .byte	$04, $68, $32, $96, $60, $24, $88, $52, $16, $80, $44
   3171  10436				   -	       .byte	$08, $72, $36, $00, $64, $28, $92, $56, $20, $84, $48
   3172  10436				   -	       .byte	$12, $76, $40, $04, $68, $32, $96, $60, $24, $88
   3173  10436				   -scorebcd1
   3174  10436				   -	       .byte	0, 0, 1, 1, 2, 3, 3, 4, 5, 5, 6
   3175  10436				   -	       .byte	7, 7, 8, 8, 9, $10, $10, $11, $12, $12, $13
   3176  10436				   -	       .byte	$14, $14, $15, $16, $16, $17, $17, $18, $19, $19, $20
   3177  10436				   -	       .byte	$21, $21, $22, $23, $23, $24, $24, $25, $26, $26
   3178  10436				   -done_debugscore
   3179  10436					       endif
   3180  10436
   3181  10436				   -	       ifconst	debugcycles
   3182  10436				   -	       lda	INTIM	; if we go over, it mucks up the background color
   3183  10436				   -			; cmp #$2B
   3184  10436				   -			; BCC overscan
   3185  10436				   -	       bmi	overscan
   3186  10436				   -	       sta	COLUBK
   3187  10436				   -	       bcs	doneoverscan
   3188  10436					       endif
   3189  10436
   3190  10436				    overscan
   3191  10436				   -	       ifconst	interlaced
   3192  10436				   -	       PHP
   3193  10436				   -	       PLA
   3194  10436				   -	       EOR	#4	; flip interrupt bit
   3195  10436				   -	       PHA
   3196  10436				   -	       PLP
   3197  10436				   -	       AND	#4	; isolate the interrupt bit
   3198  10436				   -	       TAX		; save it for later
   3199  10436					       endif
   3200  10436
   3201  10436				    overscanloop
   3202  10436			ad 84 02	       lda	INTIM	;wait for sync
   3203  10439			30 fb		       bmi	overscanloop
   3204  1043b				    doneoverscan
   3205  1043b
   3206  1043b							;do VSYNC
   3207  1043b
   3208  1043b				   -	       ifconst	interlaced
   3209  1043b				   -	       CPX	#4
   3210  1043b				   -	       BNE	oddframevsync
   3211  1043b					       endif
   3212  1043b
   3213  1043b			a9 02		       lda	#2
   3214  1043d			85 02		       sta	WSYNC
   3215  1043f			85 00		       sta	VSYNC
   3216  10441			85 02		       STA	WSYNC
   3217  10443			85 02		       STA	WSYNC
   3218  10445			4a		       lsr
   3219  10446			85 02		       STA	WSYNC
   3220  10448			85 00		       STA	VSYNC
   3221  1044a			85 01		       sta	VBLANK
   3222  1044c					       ifnconst	overscan_time
   3223  1044c			a9 a5		       lda	#37+128
   3224  1044e				   -	       else
   3225  1044e				   -	       lda	#overscan_time+128
   3226  1044e					       endif
   3227  1044e			8d 96 02	       sta	TIM64T
   3228  10451
   3229  10451				   -	       ifconst	interlaced
   3230  10451				   -	       jmp	postsync
   3231  10451				   -
   3232  10451				   -oddframevsync
   3233  10451				   -	       sta	WSYNC
   3234  10451				   -
   3235  10451				   -	       LDA	($80,X)	; 11 waste
   3236  10451				   -	       LDA	($80,X)	; 11 waste
   3237  10451				   -	       LDA	($80,X)	; 11 waste
   3238  10451				   -
   3239  10451				   -	       lda	#2
   3240  10451				   -	       sta	VSYNC
   3241  10451				   -	       sta	WSYNC
   3242  10451				   -	       sta	WSYNC
   3243  10451				   -	       sta	WSYNC
   3244  10451				   -
   3245  10451				   -	       LDA	($80,X)	; 11 waste
   3246  10451				   -	       LDA	($80,X)	; 11 waste
   3247  10451				   -	       LDA	($80,X)	; 11 waste
   3248  10451				   -
   3249  10451				   -	       lda	#0
   3250  10451				   -	       sta	VSYNC
   3251  10451				   -	       sta	VBLANK
   3252  10451				   -	       ifnconst	overscan_time
   3253  10451				   -	       lda	#37+128
   3254  10451				   -	       else
   3255  10451				   -	       lda	#overscan_time+128
   3256  10451				   -	       endif
   3257  10451				   -	       sta	TIM64T
   3258  10451				   -
   3259  10451				   -postsync
   3260  10451					       endif
   3261  10451
   3262  10451				   -	       ifconst	legacy
   3263  10451				   -	       if	legacy < 100
   3264  10451				   -	       ldx	#4
   3265  10451				   -adjustloop
   3266  10451				   -	       lda	player0x,x
   3267  10451				   -	       sec
   3268  10451				   -	       sbc	#14	;?
   3269  10451				   -	       sta	player0x,x
   3270  10451				   -	       dex
   3271  10451				   -	       bpl	adjustloop
   3272  10451				   -	       endif
   3273  10451					       endif
   3274  10451				   -	       if	((<*)>$e9)&&((<*)<$fa)
   3275  10451				   -	       repeat	($fa-(<*))
   3276  10451				   -	       nop
   3277  10451				   -	       repend
   3278  10451					       endif
   3279  10451			85 02		       sta	WSYNC
   3280  10453			a2 04		       ldx	#4
      0  10455					       SLEEP	3
      1  10455				    .CYCLES    SET	3
      2  10455
      3  10455				   -	       IF	.CYCLES < 2
      4  10455				   -	       ECHO	"MACRO ERROR: 'SLEEP': Duration must be > 1"
      5  10455				   -	       ERR
      6  10455					       ENDIF
      7  10455
      8  10455					       IF	.CYCLES & 1
      9  10455					       IFNCONST	NO_ILLEGAL_OPCODES
     10  10455			04 00		       nop	0
     11  10457				   -	       ELSE
     12  10457				   -	       bit	VSYNC
     13  10457					       ENDIF
     14  10457				    .CYCLES    SET	.CYCLES - 3
     15  10457					       ENDIF
     16  10457
     17  10457				   -	       REPEAT	.CYCLES / 2
     18  10457				   -	       nop
     19  10457					       REPEND
   3282  10457				    HorPosLoop		; 5
   3283  10457			b5 80		       lda	player0x,X	;+4 9
   3284  10459			38		       sec		;+2 11
   3285  1045a				    DivideLoop
   3286  1045a			e9 0f		       sbc	#15
   3287  1045c			b0 fc		       bcs	DivideLoop	;+4 15
   3288  1045e			95 9c		       sta	temp1,X	;+4 19
   3289  10460			95 10		       sta	RESP0,X	;+4 23
   3290  10462			85 02		       sta	WSYNC
   3291  10464			ca		       dex
   3292  10465			10 f0		       bpl	HorPosLoop	;+5 5
   3293  10467							; 4
   3294  10467
   3295  10467			a2 04		       ldx	#4
   3296  10469			b4 9c		       ldy	temp1,X
   3297  1046b			b9 c7 f3	       lda	repostable-256,Y
   3298  1046e			95 20		       sta	HMP0,X	;+14 18
   3299  10470
   3300  10470			ca		       dex
   3301  10471			b4 9c		       ldy	temp1,X
   3302  10473			b9 c7 f3	       lda	repostable-256,Y
   3303  10476			95 20		       sta	HMP0,X	;+14 32
   3304  10478
   3305  10478			ca		       dex
   3306  10479			b4 9c		       ldy	temp1,X
   3307  1047b			b9 c7 f3	       lda	repostable-256,Y
   3308  1047e			95 20		       sta	HMP0,X	;+14 46
   3309  10480
   3310  10480			ca		       dex
   3311  10481			b4 9c		       ldy	temp1,X
   3312  10483			b9 c7 f3	       lda	repostable-256,Y
   3313  10486			95 20		       sta	HMP0,X	;+14 60
   3314  10488
   3315  10488			ca		       dex
   3316  10489			b4 9c		       ldy	temp1,X
   3317  1048b			b9 c7 f3	       lda	repostable-256,Y
   3318  1048e			95 20		       sta	HMP0,X	;+14 74
   3319  10490
   3320  10490			85 02		       sta	WSYNC
   3321  10492
   3322  10492			85 2a		       sta	HMOVE	;+3 3
   3323  10494
   3324  10494
   3325  10494				   -	       ifconst	legacy
   3326  10494				   -	       if	legacy < 100
   3327  10494				   -	       ldx	#4
   3328  10494				   -adjustloop2
   3329  10494				   -	       lda	player0x,x
   3330  10494				   -	       clc
   3331  10494				   -	       adc	#14	;?
   3332  10494				   -	       sta	player0x,x
   3333  10494				   -	       dex
   3334  10494				   -	       bpl	adjustloop2
   3335  10494				   -	       endif
   3336  10494					       endif
   3337  10494
   3338  10494
   3339  10494
   3340  10494
   3341  10494							;set score pointers
   3342  10494			a7 95		       lax	score+2
   3343  10496			20 c7 f4	       jsr	scorepointerset
   3344  10499			84 9b		       sty	scorepointers+5
   3345  1049b			86 98		       stx	scorepointers+2
   3346  1049d			a7 94		       lax	score+1
   3347  1049f			20 c7 f4	       jsr	scorepointerset
   3348  104a2			84 9a		       sty	scorepointers+4
   3349  104a4			86 97		       stx	scorepointers+1
   3350  104a6			a7 93		       lax	score
   3351  104a8			20 c7 f4	       jsr	scorepointerset
   3352  104ab			84 99		       sty	scorepointers+3
   3353  104ad			86 96		       stx	scorepointers
   3354  104af
   3355  104af				    vblk
   3356  104af							; run possible vblank bB code
   3357  104af				   -	       ifconst	vblank_bB_code
   3358  104af				   -	       jsr	vblank_bB_code
   3359  104af					       endif
   3360  104af				    vblk2
   3361  104af			ad 84 02	       LDA	INTIM
   3362  104b2			30 fb		       bmi	vblk2
   3363  104b4			4c 00 f0	       jmp	kernel
   3364  104b7
   3365  104b7
   3366  104b7			80 70 60 50*	       .byte.b	$80,$70,$60,$50,$40,$30,$20,$10,$00
   3367  104c0			f0 e0 d0 c0*	       .byte.b	$F0,$E0,$D0,$C0,$B0,$A0,$90
   3368  104c7				    repostable
   3369  104c7
   3370  104c7				    scorepointerset
   3371  104c7			29 0f		       and	#$0F
   3372  104c9			0a		       asl
   3373  104ca			0a		       asl
   3374  104cb			0a		       asl
   3375  104cc			69 5c		       adc	#<scoretable
   3376  104ce			a8		       tay
   3377  104cf			8a		       txa
   3378  104d0							; and #$F0
   3379  104d0							; lsr
   3380  104d0			4b f0		       asr	#$F0
   3381  104d2			69 5c		       adc	#<scoretable
   3382  104d4			aa		       tax
   3383  104d5			60		       rts
   3384  104d6							;bB.asm
   3385  104d6							; bB.asm file is split here
   3386  104d6				    .bsub16
   3387  104d6							;;line 120;; bsub16
   3388  104d6
   3389  104d6				    .L081		;;line 121;;  score = 16
   3390  104d6
   3391  104d6			a9 16		       LDA	#$16
   3392  104d8			85 95		       STA	score+2
   3393  104da			a9 00		       LDA	#$00
   3394  104dc			85 94		       STA	score+1
   3395  104de			a9 00		       LDA	#$00
   3396  104e0			85 93		       STA	score
   3397  104e2				    .L082		;;line 122;;  return otherbank
   3398  104e2
   3399  104e2			4c c5 ff	       JMP	BS_return
   3400  104e5					       if	ECHOFIRST
      2679 bytes of ROM space left in bank 16
   3401  104e5					       echo	"    ",[(scoretable - *)]d , "bytes of ROM space left in bank 16")
   3402  104e5					       endif
   3403  104e5			00 01	    ECHOFIRST  =	1
   3404  104e5
   3405  104e5
   3406  104e5							; Provided under the CC0 license. See the included LICENSE.txt for details.
   3407  104e5							; font equates
   3408  104e5			00 01	    .21stcentury =	1
   3409  104e5			00 02	    alarmclock =	2
   3410  104e5			00 03	    handwritten =	3
   3411  104e5			00 04	    interrupted =	4
   3412  104e5			00 05	    retroputer =	5
   3413  104e5			00 06	    whimsey    =	6
   3414  104e5			00 07	    tiny       =	7
   3415  104e5			00 08	    hex        =	8
   3416  104e5
   3417  104e5							; feel free to modify the score graphics - just keep each digit 8 high
   3418  104e5							; and keep the conditional compilation stuff intact
   3419  104e5					       ifnconst	PXE
   3420  104e5				   -	       ifconst	ROM2k
   3421  104e5				   -	       ORG	$F7AC-8
   3422  104e5					       else
   3423  104e5					       ifconst	bankswitch
   3424  104e5				   -	       if	bankswitch == 8
   3425  104e5				   -	       ORG	$2F94-bscode_length
   3426  104e5				   -	       RORG	$FF94-bscode_length
   3427  104e5					       endif
   3428  104e5				   -	       if	bankswitch == 16
   3429  104e5				   -	       ORG	$4F94-bscode_length
   3430  104e5				   -	       RORG	$FF94-bscode_length
   3431  104e5					       endif
   3432  104e5				   -	       if	bankswitch == 32
   3433  104e5				   -	       ORG	$8F94-bscode_length
   3434  104e5				   -	       RORG	$FF94-bscode_length
   3435  104e5					       endif
   3436  104e5					       if	bankswitch == 64
   3437  10f5c					       ORG	$10F80-bscode_length
   3438  10f5c					       RORG	$1FF80-bscode_length
   3439  10f5c					       endif
   3440  10f5c				   -	       else
   3441  10f5c				   -	       ORG	$FF9C
   3442  10f5c					       endif
   3443  10f5c					       endif
   3444  10f5c
   3445  10f5c
   3446  10f5c				   -	       ifconst	font
   3447  10f5c				   -	       if	font == hex
   3448  10f5c				   -	       ORG	. - 48
   3449  10f5c				   -	       endif
   3450  10f5c					       endif
   3451  10f5c					       endif
   3452  10f5c
   3453  10f5c				    scoretable
   3454  10f5c
   3455  10f5c				   -	       ifconst	font
   3456  10f5c				   -	       if	font == .21stcentury
   3457  10f5c				   -	       include	"score_graphics.asm.21stcentury"
   3458  10f5c				   -	       endif
   3459  10f5c				   -	       if	font == alarmclock
   3460  10f5c				   -	       include	"score_graphics.asm.alarmclock"
   3461  10f5c				   -	       endif
   3462  10f5c				   -	       if	font == handwritten
   3463  10f5c				   -	       include	"score_graphics.asm.handwritten"
   3464  10f5c				   -	       endif
   3465  10f5c				   -	       if	font == interrupted
   3466  10f5c				   -	       include	"score_graphics.asm.interrupted"
   3467  10f5c				   -	       endif
   3468  10f5c				   -	       if	font == retroputer
   3469  10f5c				   -	       include	"score_graphics.asm.retroputer"
   3470  10f5c				   -	       endif
   3471  10f5c				   -	       if	font == whimsey
   3472  10f5c				   -	       include	"score_graphics.asm.whimsey"
   3473  10f5c				   -	       endif
   3474  10f5c				   -	       if	font == tiny
   3475  10f5c				   -	       include	"score_graphics.asm.tiny"
   3476  10f5c				   -	       endif
   3477  10f5c				   -	       if	font == hex
   3478  10f5c				   -	       include	"score_graphics.asm.hex"
   3479  10f5c				   -	       endif
   3480  10f5c					       else		; default font
   3481  10f5c
   3482  10f5c			3c		       .byte.b	%00111100
   3483  10f5d			66		       .byte.b	%01100110
   3484  10f5e			66		       .byte.b	%01100110
   3485  10f5f			66		       .byte.b	%01100110
   3486  10f60			66		       .byte.b	%01100110
   3487  10f61			66		       .byte.b	%01100110
   3488  10f62			66		       .byte.b	%01100110
   3489  10f63			3c		       .byte.b	%00111100
   3490  10f64
   3491  10f64			7e		       .byte.b	%01111110
   3492  10f65			18		       .byte.b	%00011000
   3493  10f66			18		       .byte.b	%00011000
   3494  10f67			18		       .byte.b	%00011000
   3495  10f68			18		       .byte.b	%00011000
   3496  10f69			38		       .byte.b	%00111000
   3497  10f6a			18		       .byte.b	%00011000
   3498  10f6b			08		       .byte.b	%00001000
   3499  10f6c
   3500  10f6c			7e		       .byte.b	%01111110
   3501  10f6d			60		       .byte.b	%01100000
   3502  10f6e			60		       .byte.b	%01100000
   3503  10f6f			3c		       .byte.b	%00111100
   3504  10f70			06		       .byte.b	%00000110
   3505  10f71			06		       .byte.b	%00000110
   3506  10f72			46		       .byte.b	%01000110
   3507  10f73			3c		       .byte.b	%00111100
   3508  10f74
   3509  10f74			3c		       .byte.b	%00111100
   3510  10f75			46		       .byte.b	%01000110
   3511  10f76			06		       .byte.b	%00000110
   3512  10f77			06		       .byte.b	%00000110
   3513  10f78			1c		       .byte.b	%00011100
   3514  10f79			06		       .byte.b	%00000110
   3515  10f7a			46		       .byte.b	%01000110
   3516  10f7b			3c		       .byte.b	%00111100
   3517  10f7c
   3518  10f7c			0c		       .byte.b	%00001100
   3519  10f7d			0c		       .byte.b	%00001100
   3520  10f7e			7e		       .byte.b	%01111110
   3521  10f7f			4c		       .byte.b	%01001100
   3522  10f80			4c		       .byte.b	%01001100
   3523  10f81			2c		       .byte.b	%00101100
   3524  10f82			1c		       .byte.b	%00011100
   3525  10f83			0c		       .byte.b	%00001100
   3526  10f84
   3527  10f84			3c		       .byte.b	%00111100
   3528  10f85			46		       .byte.b	%01000110
   3529  10f86			06		       .byte.b	%00000110
   3530  10f87			06		       .byte.b	%00000110
   3531  10f88			3c		       .byte.b	%00111100
   3532  10f89			60		       .byte.b	%01100000
   3533  10f8a			60		       .byte.b	%01100000
   3534  10f8b			7e		       .byte.b	%01111110
   3535  10f8c
   3536  10f8c			3c		       .byte.b	%00111100
   3537  10f8d			66		       .byte.b	%01100110
   3538  10f8e			66		       .byte.b	%01100110
   3539  10f8f			66		       .byte.b	%01100110
   3540  10f90			7c		       .byte.b	%01111100
   3541  10f91			60		       .byte.b	%01100000
   3542  10f92			62		       .byte.b	%01100010
   3543  10f93			3c		       .byte.b	%00111100
   3544  10f94
   3545  10f94			30		       .byte.b	%00110000
   3546  10f95			30		       .byte.b	%00110000
   3547  10f96			30		       .byte.b	%00110000
   3548  10f97			18		       .byte.b	%00011000
   3549  10f98			0c		       .byte.b	%00001100
   3550  10f99			06		       .byte.b	%00000110
   3551  10f9a			42		       .byte.b	%01000010
   3552  10f9b			3e		       .byte.b	%00111110
   3553  10f9c
   3554  10f9c			3c		       .byte.b	%00111100
   3555  10f9d			66		       .byte.b	%01100110
   3556  10f9e			66		       .byte.b	%01100110
   3557  10f9f			66		       .byte.b	%01100110
   3558  10fa0			3c		       .byte.b	%00111100
   3559  10fa1			66		       .byte.b	%01100110
   3560  10fa2			66		       .byte.b	%01100110
   3561  10fa3			3c		       .byte.b	%00111100
   3562  10fa4
   3563  10fa4			3c		       .byte.b	%00111100
   3564  10fa5			46		       .byte.b	%01000110
   3565  10fa6			06		       .byte.b	%00000110
   3566  10fa7			3e		       .byte.b	%00111110
   3567  10fa8			66		       .byte.b	%01100110
   3568  10fa9			66		       .byte.b	%01100110
   3569  10faa			66		       .byte.b	%01100110
   3570  10fab			3c		       .byte.b	%00111100
   3571  10fac
   3572  10fac					       ifnconst	DPC_kernel_options
   3573  10fac
   3574  10fac			00		       .byte.b	%00000000
   3575  10fad			00		       .byte.b	%00000000
   3576  10fae			00		       .byte.b	%00000000
   3577  10faf			00		       .byte.b	%00000000
   3578  10fb0			00		       .byte.b	%00000000
   3579  10fb1			00		       .byte.b	%00000000
   3580  10fb2			00		       .byte.b	%00000000
   3581  10fb3			00		       .byte.b	%00000000
   3582  10fb4
   3583  10fb4					       endif
   3584  10fb4
   3585  10fb4					       endif
   3586  10fb4
   3587  10fb4					       ifnconst	PXE
   3588  10fb4				   -	       ifconst	ROM2k
   3589  10fb4				   -	       ORG	$F7FC
   3590  10fb4					       else
   3591  10fb4					       ifconst	bankswitch
   3592  10fb4				   -	       if	bankswitch == 8
   3593  10fb4				   -	       ORG	$2FF4-bscode_length
   3594  10fb4				   -	       RORG	$FFF4-bscode_length
   3595  10fb4					       endif
   3596  10fb4				   -	       if	bankswitch == 16
   3597  10fb4				   -	       ORG	$4FF4-bscode_length
   3598  10fb4				   -	       RORG	$FFF4-bscode_length
   3599  10fb4					       endif
   3600  10fb4				   -	       if	bankswitch == 32
   3601  10fb4				   -	       ORG	$8FF4-bscode_length
   3602  10fb4				   -	       RORG	$FFF4-bscode_length
   3603  10fb4					       endif
   3604  10fb4					       if	bankswitch == 64
   3605  10fbc					       ORG	$10FE0-bscode_length
   3606  10fbc					       RORG	$1FFE0-bscode_length
   3607  10fbc					       endif
   3608  10fbc				   -	       else
   3609  10fbc				   -	       ORG	$FFFC
   3610  10fbc					       endif
   3611  10fbc					       endif
   3612  10fbc					       endif
   3613  10fbc							; Provided under the CC0 license. See the included LICENSE.txt for details.
   3614  10fbc
   3615  10fbc							; every bank has this stuff at the same place
   3616  10fbc							; this code can switch to/from any bank at any entry point
   3617  10fbc							; and can preserve register values
   3618  10fbc							; note: lines not starting with a space are not placed in all banks
   3619  10fbc							;
   3620  10fbc							; line below tells the compiler how long this is - do not remove
   3621  10fbc							;size=32
   3622  10fbc
   3623  10fbc				    begin_bscode
   3624  10fbc			a2 ff		       ldx	#$ff
   3625  10fbe				   -	       ifconst	FASTFETCH	; using DPC+
   3626  10fbe				   -	       stx	FASTFETCH
   3627  10fbe					       endif
   3628  10fbe			9a		       txs
   3629  10fbf					       if	bankswitch == 64
   3630  10fbf			a9 f2		       lda	#(((>(start-1)) & $0F) | $F0)
   3631  10fc1				   -	       else
   3632  10fc1				   -	       lda	#>(start-1)
   3633  10fc1					       endif
   3634  10fc1			48		       pha
   3635  10fc2			a9 4f		       lda	#<(start-1)
   3636  10fc4			48		       pha
   3637  10fc5
   3638  10fc5				    BS_return
   3639  10fc5			48		       pha
   3640  10fc6			8a		       txa
   3641  10fc7			48		       pha
   3642  10fc8			ba		       tsx
   3643  10fc9
   3644  10fc9				   -	       if	bankswitch != 64
   3645  10fc9				   -	       lda	4,x	; get high byte of return address
   3646  10fc9				   -
   3647  10fc9				   -	       rol
   3648  10fc9				   -	       rol
   3649  10fc9				   -	       rol
   3650  10fc9				   -	       rol
   3651  10fc9				   -	       and	#bs_mask	;1 3 or 7 for F8/F6/F4
   3652  10fc9				   -	       tax
   3653  10fc9				   -	       inx
   3654  10fc9					       else
   3655  10fc9			b5 04		       lda	4,x	; get high byte of return address
   3656  10fcb			a8		       tay
   3657  10fcc			09 10		       ora	#$10	; change our bank nibble into a valid rom mirror
   3658  10fce			95 04		       sta	4,x
   3659  10fd0			98		       tya
   3660  10fd1			4a		       lsr
   3661  10fd2			4a		       lsr
   3662  10fd3			4a		       lsr
   3663  10fd4			4a		       lsr
   3664  10fd5			aa		       tax
   3665  10fd6			e8		       inx
   3666  10fd7					       endif
   3667  10fd7
   3668  10fd7				    BS_jsr
   3669  10fd7			bd df 1f	       lda	bankswitch_hotspot-1,x
   3670  10fda			68		       pla
   3671  10fdb			aa		       tax
   3672  10fdc			68		       pla
   3673  10fdd			60		       rts
   3674  10fde				   -	       if	((* & $1FFF) > ((bankswitch_hotspot & $1FFF) - 1))
   3675  10fde				   -	       echo	"WARNING: size parameter in banksw.asm too small - the program probably will not work."
   3676  10fde				   -	       echo	"Change to",[(*-begin_bscode+1)&$FF]d,"and try again."
   3677  10fde					       endif
   3678  10fde							; Provided under the CC0 license. See the included LICENSE.txt for details.
   3679  10fde
   3680  10fde					       ifconst	bankswitch
   3681  10fde				   -	       if	bankswitch == 8
   3682  10fde				   -	       ORG	$2FFC
   3683  10fde				   -	       RORG	$FFFC
   3684  10fde					       endif
   3685  10fde				   -	       if	bankswitch == 16
   3686  10fde				   -	       ORG	$4FFC
   3687  10fde				   -	       RORG	$FFFC
   3688  10fde					       endif
   3689  10fde				   -	       if	bankswitch == 32
   3690  10fde				   -	       ORG	$8FFC
   3691  10fde				   -	       RORG	$FFFC
   3692  10fde					       endif
   3693  10fde					       if	bankswitch == 64
   3694  10ff0					       ORG	$10FF0
   3695  10ff0					       RORG	$1FFF0
   3696  10ff0			ad e0 ff	       lda	$ffe0	; we use wasted space to assist stella with EF format auto-detection
   3697  10ff8					       ORG	$10FF8
   3698  10ff8					       RORG	$1FFF8
   3699  10ff8				   -	       ifconst	superchip
   3700  10ff8				   -	       .byte	"E","F","S","C"
   3701  10ff8					       else
   3702  10ff8			45 46 45 46	       .byte.b	"E","F","E","F"
   3703  10ffc					       endif
   3704  10ffc					       ORG	$10FFC
   3705  10ffc					       RORG	$1FFFC
   3706  10ffc					       endif
   3707  10ffc				   -	       else
   3708  10ffc				   -	       ifconst	ROM2k
   3709  10ffc				   -	       ORG	$F7FC
   3710  10ffc				   -	       else
   3711  10ffc				   -	       ORG	$FFFC
   3712  10ffc				   -	       endif
   3713  10ffc					       endif
   3714  10ffc			50 f2		       .word.w	(start & $ffff)
   3715  10ffe			50 f2		       .word.w	(start & $ffff)
