------- FILE 64kSC.bas.asm LEVEL 1 PASS 2
      1  11000 ????						; Provided under the CC0 license. See the included LICENSE.txt for details.
      2  11000 ????
      3  11000 ????				       processor	6502
------- FILE vcs.h LEVEL 2 PASS 2
      0  11000 ????				       include	"vcs.h"
      1  11000 ????						; Provided under the CC0 license. See the included LICENSE.txt for details.
      2  11000 ????
      3  11000 ????						; VCS.H
      4  11000 ????						; Version 1.05, 13/November/2003
      5  11000 ????
      6  11000 ????		00 69	    VERSION_VCS =	105
      7  11000 ????
      8  11000 ????						; THIS IS A PRELIMINARY RELEASE OF *THE* "STANDARD" VCS.H
      9  11000 ????						; THIS FILE IS EXPLICITLY SUPPORTED AS A DASM-PREFERRED COMPANION FILE
     10  11000 ????						; PLEASE DO *NOT* REDISTRIBUTE THIS FILE!
     11  11000 ????						;
     12  11000 ????						; This file defines hardware registers and memory mapping for the
     13  11000 ????						; Atari 2600. It is distributed as a companion machine-specific support package
     14  11000 ????						; for the DASM compiler. Updates to this file, DASM, and associated tools are
     15  11000 ????						; available at at http://www.atari2600.org/dasm
     16  11000 ????						;
     17  11000 ????						; Many thanks to the original author(s) of this file, and to everyone who has
     18  11000 ????						; contributed to understanding the Atari 2600.  If you take issue with the
     19  11000 ????						; contents, or naming of registers, please write to me (atari2600@taswegian.com)
     20  11000 ????						; with your views.  Please contribute, if you think you can improve this
     21  11000 ????						; file!
     22  11000 ????						;
     23  11000 ????						; Latest Revisions...
     24  11000 ????						; 1.05  13/NOV/2003	  - Correction to 1.04 - now functions as requested by MR.
     25  11000 ????						;			  - Added VERSION_VCS equate (which will reflect 100x version #)
     26  11000 ????						;			    This will allow conditional code to verify VCS.H being
     27  11000 ????						;			    used for code assembly.
     28  11000 ????						; 1.04  12/NOV/2003	 Added TIA_BASE_WRITE_ADDRESS and TIA_BASE_READ_ADDRESS for
     29  11000 ????						;			 convenient disassembly/reassembly compatibility for hardware
     30  11000 ????						;			 mirrored reading/writing differences.	This is more a 
     31  11000 ????						;			 readability issue, and binary compatibility with disassembled
     32  11000 ????						;			 and reassembled sources.  Per Manuel Rotschkar's suggestion.
     33  11000 ????						; 1.03  12/MAY/2003	 Added SEG segment at end of file to fix old-code compatibility
     34  11000 ????						;			 which was broken by the use of segments in this file, as
     35  11000 ????						;			 reported by Manuel Polik on [stella] 11/MAY/2003
     36  11000 ????						; 1.02  22/MAR/2003	 Added TIMINT($285)
     37  11000 ????						; 1.01				Constant offset added to allow use for 3F-style bankswitching
     38  11000 ????						;						 - define TIA_BASE_ADDRESS as $40 for Tigervision carts, otherwise
     39  11000 ????						;						   it is safe to leave it undefined, and the base address will
     40  11000 ????						;						   be set to 0.  Thanks to Eckhard Stolberg for the suggestion.
     41  11000 ????						;			    Note, may use -DLABEL=EXPRESSION to define TIA_BASE_ADDRESS
     42  11000 ????						;			  - register definitions are now generated through assignment
     43  11000 ????						;			    in uninitialised segments.	This allows a changeable base
     44  11000 ????						;			    address architecture.
     45  11000 ????						; 1.0	22/MAR/2003		Initial release
     46  11000 ????
     47  11000 ????
     48  11000 ????						;-------------------------------------------------------------------------------
     49  11000 ????
     50  11000 ????						; TIA_BASE_ADDRESS
     51  11000 ????						; The TIA_BASE_ADDRESS defines the base address of access to TIA registers.
     52  11000 ????						; Normally 0, the base address should (externally, before including this file)
     53  11000 ????						; be set to $40 when creating 3F-bankswitched (and other?) cartridges.
     54  11000 ????						; The reason is that this bankswitching scheme treats any access to locations
     55  11000 ????						; < $40 as a bankswitch.
     56  11000 ????
     57  11000 ????			   -	       IFNCONST	TIA_BASE_ADDRESS
     58  11000 ????			   -TIA_BASE_ADDRESS =	0
     59  11000 ????				       ENDIF
     60  11000 ????
     61  11000 ????						; Note: The address may be defined on the command-line using the -D switch, eg:
     62  11000 ????						; dasm.exe code.asm -DTIA_BASE_ADDRESS=$40 -f3 -v5 -ocode.bin
     63  11000 ????						; *OR* by declaring the label before including this file, eg:
     64  11000 ????						; TIA_BASE_ADDRESS = $40
     65  11000 ????						;   include "vcs.h"
     66  11000 ????
     67  11000 ????						; Alternate read/write address capability - allows for some disassembly compatibility
     68  11000 ????						; usage ; to allow reassembly to binary perfect copies).  This is essentially catering
     69  11000 ????						; for the mirrored ROM hardware registers.
     70  11000 ????
     71  11000 ????						; Usage: As per above, define the TIA_BASE_READ_ADDRESS and/or TIA_BASE_WRITE_ADDRESS
     72  11000 ????						; using the -D command-line switch, as required.  If the addresses are not defined, 
     73  11000 ????						; they defaut to the TIA_BASE_ADDRESS.
     74  11000 ????
     75  11000 ????			   -	       IFNCONST	TIA_BASE_READ_ADDRESS
     76  11000 ????			   -TIA_BASE_READ_ADDRESS =	TIA_BASE_ADDRESS
     77  11000 ????				       ENDIF
     78  11000 ????
     79  11000 ????			   -	       IFNCONST	TIA_BASE_WRITE_ADDRESS
     80  11000 ????			   -TIA_BASE_WRITE_ADDRESS =	TIA_BASE_ADDRESS
     81  11000 ????				       ENDIF
     82  11000 ????
     83  11000 ????						;-------------------------------------------------------------------------------
     84  11000 ????
     85 U002d ????				      SEG.U	TIA_REGISTERS_WRITE
     86 U0000					      ORG	TIA_BASE_WRITE_ADDRESS
     87 U0000
     88 U0000							; DO NOT CHANGE THE RELATIVE ORDERING OF REGISTERS!
     89 U0000
     90 U0000		       00	   VSYNC      ds	1	; $00	 0000 00x0   Vertical Sync Set-Clear
     91 U0001		       00	   VBLANK     ds	1	; $01	 xx00 00x0   Vertical Blank Set-Clear
     92 U0002		       00	   WSYNC      ds	1	; $02	 ---- ----   Wait for Horizontal Blank
     93 U0003		       00	   RSYNC      ds	1	; $03	 ---- ----   Reset Horizontal Sync Counter
     94 U0004		       00	   NUSIZ0     ds	1	; $04	 00xx 0xxx   Number-Size player/missle 0
     95 U0005		       00	   NUSIZ1     ds	1	; $05	 00xx 0xxx   Number-Size player/missle 1
     96 U0006		       00	   COLUP0     ds	1	; $06	 xxxx xxx0   Color-Luminance Player 0
     97 U0007		       00	   COLUP1     ds	1	; $07	 xxxx xxx0   Color-Luminance Player 1
     98 U0008		       00	   COLUPF     ds	1	; $08	 xxxx xxx0   Color-Luminance Playfield
     99 U0009		       00	   COLUBK     ds	1	; $09	 xxxx xxx0   Color-Luminance Background
    100 U000a		       00	   CTRLPF     ds	1	; $0A	 00xx 0xxx   Control Playfield, Ball, Collisions
    101 U000b		       00	   REFP0      ds	1	; $0B	 0000 x000   Reflection Player 0
    102 U000c		       00	   REFP1      ds	1	; $0C	 0000 x000   Reflection Player 1
    103 U000d		       00	   PF0	      ds	1	; $0D	 xxxx 0000   Playfield Register Byte 0
    104 U000e		       00	   PF1	      ds	1	; $0E	 xxxx xxxx   Playfield Register Byte 1
    105 U000f		       00	   PF2	      ds	1	; $0F	 xxxx xxxx   Playfield Register Byte 2
    106 U0010		       00	   RESP0      ds	1	; $10	 ---- ----   Reset Player 0
    107 U0011		       00	   RESP1      ds	1	; $11	 ---- ----   Reset Player 1
    108 U0012		       00	   RESM0      ds	1	; $12	 ---- ----   Reset Missle 0
    109 U0013		       00	   RESM1      ds	1	; $13	 ---- ----   Reset Missle 1
    110 U0014		       00	   RESBL      ds	1	; $14	 ---- ----   Reset Ball
    111 U0015		       00	   AUDC0      ds	1	; $15	 0000 xxxx   Audio Control 0
    112 U0016		       00	   AUDC1      ds	1	; $16	 0000 xxxx   Audio Control 1
    113 U0017		       00	   AUDF0      ds	1	; $17	 000x xxxx   Audio Frequency 0
    114 U0018		       00	   AUDF1      ds	1	; $18	 000x xxxx   Audio Frequency 1
    115 U0019		       00	   AUDV0      ds	1	; $19	 0000 xxxx   Audio Volume 0
    116 U001a		       00	   AUDV1      ds	1	; $1A	 0000 xxxx   Audio Volume 1
    117 U001b		       00	   GRP0       ds	1	; $1B	 xxxx xxxx   Graphics Register Player 0
    118 U001c		       00	   GRP1       ds	1	; $1C	 xxxx xxxx   Graphics Register Player 1
    119 U001d		       00	   ENAM0      ds	1	; $1D	 0000 00x0   Graphics Enable Missle 0
    120 U001e		       00	   ENAM1      ds	1	; $1E	 0000 00x0   Graphics Enable Missle 1
    121 U001f		       00	   ENABL      ds	1	; $1F	 0000 00x0   Graphics Enable Ball
    122 U0020		       00	   HMP0       ds	1	; $20	 xxxx 0000   Horizontal Motion Player 0
    123 U0021		       00	   HMP1       ds	1	; $21	 xxxx 0000   Horizontal Motion Player 1
    124 U0022		       00	   HMM0       ds	1	; $22	 xxxx 0000   Horizontal Motion Missle 0
    125 U0023		       00	   HMM1       ds	1	; $23	 xxxx 0000   Horizontal Motion Missle 1
    126 U0024		       00	   HMBL       ds	1	; $24	 xxxx 0000   Horizontal Motion Ball
    127 U0025		       00	   VDELP0     ds	1	; $25	 0000 000x   Vertical Delay Player 0
    128 U0026		       00	   VDELP1     ds	1	; $26	 0000 000x   Vertical Delay Player 1
    129 U0027		       00	   VDELBL     ds	1	; $27	 0000 000x   Vertical Delay Ball
    130 U0028		       00	   RESMP0     ds	1	; $28	 0000 00x0   Reset Missle 0 to Player 0
    131 U0029		       00	   RESMP1     ds	1	; $29	 0000 00x0   Reset Missle 1 to Player 1
    132 U002a		       00	   HMOVE      ds	1	; $2A	 ---- ----   Apply Horizontal Motion
    133 U002b		       00	   HMCLR      ds	1	; $2B	 ---- ----   Clear Horizontal Move Registers
    134 U002c		       00	   CXCLR      ds	1	; $2C	 ---- ----   Clear Collision Latches
    135 U002d
    136 U002d							;-------------------------------------------------------------------------------
    137 U002d
    138 U0010 ????				      SEG.U	TIA_REGISTERS_READ
    139 U0000					      ORG	TIA_BASE_READ_ADDRESS
    140 U0000
    141 U0000							;											bit 7	 bit 6
    142 U0000		       00	   CXM0P      ds	1	; $00	     xx00 0000	     Read Collision  M0-P1   M0-P0
    143 U0001		       00	   CXM1P      ds	1	; $01	     xx00 0000			     M1-P0   M1-P1
    144 U0002		       00	   CXP0FB     ds	1	; $02	     xx00 0000			     P0-PF   P0-BL
    145 U0003		       00	   CXP1FB     ds	1	; $03	     xx00 0000			     P1-PF   P1-BL
    146 U0004		       00	   CXM0FB     ds	1	; $04	     xx00 0000			     M0-PF   M0-BL
    147 U0005		       00	   CXM1FB     ds	1	; $05	     xx00 0000			     M1-PF   M1-BL
    148 U0006		       00	   CXBLPF     ds	1	; $06	     x000 0000			     BL-PF   -----
    149 U0007		       00	   CXPPMM     ds	1	; $07	     xx00 0000			     P0-P1   M0-M1
    150 U0008		       00	   INPT0      ds	1	; $08	     x000 0000	     Read Pot Port 0
    151 U0009		       00	   INPT1      ds	1	; $09	     x000 0000	     Read Pot Port 1
    152 U000a		       00	   INPT2      ds	1	; $0A	     x000 0000	     Read Pot Port 2
    153 U000b		       00	   INPT3      ds	1	; $0B	     x000 0000	     Read Pot Port 3
    154 U000c		       00	   INPT4      ds	1	; $0C		x000 0000	 Read Input (Trigger) 0
    155 U000d		       00	   INPT5      ds	1	; $0D		x000 0000	 Read Input (Trigger) 1
    156 U000e
    157 U000e							;Used by PXE for Quadtari support
    158 U000e		       00	   INPT6      ds	1	; $0E		x000 0000	 Read Input (Trigger) 2
    159 U000f		       00	   INPT7      ds	1	; $0F		x000 0000	 Read Input (Trigger) 3
    160 U0010
    161 U0010							;-------------------------------------------------------------------------------
    162 U0010
    163 U0298 ????				      SEG.U	RIOT
    164 U0280					      ORG	$280
    165 U0280
    166 U0280							; RIOT MEMORY MAP
    167 U0280
    168 U0280		       00	   SWCHA      ds	1	; $280      Port A data register for joysticks:
    169 U0281							;			Bits 4-7 for player 1.  Bits 0-3 for player 2.
    170 U0281
    171 U0281		       00	   SWACNT     ds	1	; $281      Port A data direction register (DDR)
    172 U0282		       00	   SWCHB      ds	1	; $282		Port B data (console switches)
    173 U0283		       00	   SWBCNT     ds	1	; $283      Port B DDR
    174 U0284		       00	   INTIM      ds	1	; $284		Timer output
    175 U0285
    176 U0285		       00	   TIMINT     ds	1	; $285
    177 U0286
    178 U0286		       00	   SWCHA2     ds	1	; $286		Used by PXE for Quadtari support
    179 U0287
    180 U0287							; Unused/undefined registers ($287-$294)
    181 U0287		       00		      ds	1	; $287
    182 U0288		       00		      ds	1	; $288
    183 U0289		       00		      ds	1	; $289
    184 U028a		       00		      ds	1	; $28A
    185 U028b		       00		      ds	1	; $28B
    186 U028c		       00		      ds	1	; $28C
    187 U028d		       00		      ds	1	; $28D
    188 U028e		       00		      ds	1	; $28E
    189 U028f		       00		      ds	1	; $28F
    190 U0290
    191 U0290							; Used by PXE to make "on JOYx_DIR gosub" faster and smaller
    192 U0290		       00	   JOY0_DIR   ds	1	; $290
    193 U0291		       00	   JOY1_DIR   ds	1	; $291
    194 U0292		       00	   JOY2_DIR   ds	1	; $292
    195 U0293		       00	   JOY3_DIR   ds	1	; $293
    196 U0294
    197 U0294		       00	   TIM1T      ds	1	; $294		set 1 clock interval
    198 U0295		       00	   TIM8T      ds	1	; $295      set 8 clock interval
    199 U0296		       00	   TIM64T     ds	1	; $296      set 64 clock interval
    200 U0297		       00	   T1024T     ds	1	; $297      set 1024 clock interval
    201 U0298
    202 U0298							;-------------------------------------------------------------------------------
    203 U0298							; The following required for back-compatibility with code which does not use
    204 U0298							; segments.
    205 U0298
    206  11000 ????				       SEG
    207  11000 ????
    208  11000 ????						; EOF
------- FILE 64kSC.bas.asm
------- FILE macro.h LEVEL 2 PASS 2
      0  11000 ????				       include	"macro.h"
      1  11000 ????						; Provided under the CC0 license. See the included LICENSE.txt for details.
      2  11000 ????
      3  11000 ????						; MACRO.H
      4  11000 ????						; Version 1.05, 13/NOVEMBER/2003
      5  11000 ????
      6  11000 ????		00 69	    VERSION_MACRO =	105
      7  11000 ????
      8  11000 ????						;
      9  11000 ????						; THIS FILE IS EXPLICITLY SUPPORTED AS A DASM-PREFERRED COMPANION FILE
     10  11000 ????						; PLEASE DO *NOT* REDISTRIBUTE MODIFIED VERSIONS OF THIS FILE!
     11  11000 ????						;
     12  11000 ????						; This file defines DASM macros useful for development for the Atari 2600.
     13  11000 ????						; It is distributed as a companion machine-specific support package
     14  11000 ????						; for the DASM compiler. Updates to this file, DASM, and associated tools are
     15  11000 ????						; available at at http://www.atari2600.org/dasm
     16  11000 ????						;
     17  11000 ????						; Many thanks to the people who have contributed.  If you take issue with the
     18  11000 ????						; contents, or would like to add something, please write to me
     19  11000 ????						; (atari2600@taswegian.com) with your contribution.
     20  11000 ????						;
     21  11000 ????						; Latest Revisions...
     22  11000 ????						;
     23  11000 ????						; 1.05  14/NOV/2003	  - Added VERSION_MACRO equate (which will reflect 100x version #)
     24  11000 ????						;			    This will allow conditional code to verify MACRO.H being
     25  11000 ????						;			    used for code assembly.
     26  11000 ????						; 1.04  13/NOV/2003	 - SET_POINTER macro added (16-bit address load)
     27  11000 ????						;
     28  11000 ????						; 1.03  23/JUN/2003	 - CLEAN_START macro added - clears TIA, RAM, registers
     29  11000 ????						;
     30  11000 ????						; 1.02  14/JUN/2003	 - VERTICAL_SYNC macro added
     31  11000 ????						;			   (standardised macro for vertical synch code)
     32  11000 ????						; 1.01  22/MAR/2003	 - SLEEP macro added. 
     33  11000 ????						;			 - NO_ILLEGAL_OPCODES switch implemented
     34  11000 ????						; 1.0	22/MAR/2003		Initial release
     35  11000 ????
     36  11000 ????						; Note: These macros use illegal opcodes.  To disable illegal opcode usage, 
     37  11000 ????						;   define the symbol NO_ILLEGAL_OPCODES (-DNO_ILLEGAL_OPCODES=1 on command-line).
     38  11000 ????						;   If you do not allow illegal opcode usage, you must include this file 
     39  11000 ????						;   *after* including VCS.H (as the non-illegal opcodes access hardware
     40  11000 ????						;   registers and require them to be defined first).
     41  11000 ????
     42  11000 ????						; Available macros...
     43  11000 ????						;   SLEEP n		 - sleep for n cycles
     44  11000 ????						;   VERTICAL_SYNC	 - correct 3 scanline vertical synch code
     45  11000 ????						;   CLEAN_START	 - set machine to known state on startup
     46  11000 ????						;   SET_POINTER	 - load a 16-bit absolute to a 16-bit variable
     47  11000 ????
     48  11000 ????						;-------------------------------------------------------------------------------
     49  11000 ????						; SLEEP duration
     50  11000 ????						; Original author: Thomas Jentzsch
     51  11000 ????						; Inserts code which takes the specified number of cycles to execute.	This is
     52  11000 ????						; useful for code where precise timing is required.
     53  11000 ????						; ILLEGAL-OPCODE VERSION DOES NOT AFFECT FLAGS OR REGISTERS.
     54  11000 ????						; LEGAL OPCODE VERSION MAY AFFECT FLAGS
     55  11000 ????						; Uses illegal opcode (DASM 2.20.01 onwards).
     56  11000 ????
     57  11000 ????				       MAC	sleep
     58  11000 ????			    .CYCLES    SET	{1}
     59  11000 ????
     60  11000 ????				       IF	.CYCLES < 2
     61  11000 ????				       ECHO	"MACRO ERROR: 'SLEEP': Duration must be > 1"
     62  11000 ????				       ERR
     63  11000 ????				       ENDIF
     64  11000 ????
     65  11000 ????				       IF	.CYCLES & 1
     66  11000 ????				       IFNCONST	NO_ILLEGAL_OPCODES
     67  11000 ????				       nop	0
     68  11000 ????				       ELSE
     69  11000 ????				       bit	VSYNC
     70  11000 ????				       ENDIF
     71  11000 ????			    .CYCLES    SET	.CYCLES - 3
     72  11000 ????				       ENDIF
     73  11000 ????
     74  11000 ????				       REPEAT	.CYCLES / 2
     75  11000 ????				       nop
     76  11000 ????				       REPEND
     77  11000 ????				       ENDM		;usage: SLEEP n (n>1)
     78  11000 ????
     79  11000 ????						;-------------------------------------------------------------------------------
     80  11000 ????						; VERTICAL_SYNC
     81  11000 ????						; Original author: Manuel Polik
     82  11000 ????						; Inserts the code required for a proper 3 scannline 
     83  11000 ????						; vertical sync sequence
     84  11000 ????						;
     85  11000 ????						; Note: Alters the accumulator
     86  11000 ????						;
     87  11000 ????						; IN:
     88  11000 ????						; OUT: A = 1
     89  11000 ????
     90  11000 ????				       MAC	vertical_sync
     91  11000 ????				       LDA	#$02	; A = VSYNC enable
     92  11000 ????				       STA	WSYNC	; Finish current line
     93  11000 ????				       STA	VSYNC	; Start vertical sync
     94  11000 ????				       STA	WSYNC	; 1st line vertical sync
     95  11000 ????				       STA	WSYNC	; 2nd line vertical sync
     96  11000 ????				       LSR		; A = VSYNC disable
     97  11000 ????				       STA	WSYNC	; 3rd line vertical sync
     98  11000 ????				       STA	VSYNC	; Stop vertical sync
     99  11000 ????				       ENDM
    100  11000 ????
    101  11000 ????						;-------------------------------------------------------------------------------
    102  11000 ????						; CLEAN_START
    103  11000 ????						; Original author: Andrew Davie
    104  11000 ????						; Standardised start-up code, clears stack, all TIA registers and RAM to 0
    105  11000 ????						; Sets stack pointer to $FF, and all registers to 0
    106  11000 ????						; Sets decimal mode off, sets interrupt flag (kind of un-necessary)
    107  11000 ????						; Use as very first section of code on boot (ie: at reset)
    108  11000 ????						; Code written to minimise total ROM usage - uses weird 6502 knowledge :)
    109  11000 ????
    110  11000 ????				       MAC	clean_start
    111  11000 ????				       sei
    112  11000 ????				       cld
    113  11000 ????
    114  11000 ????				       ldx	#0
    115  11000 ????				       txa
    116  11000 ????				       tay
    117  11000 ????			    .CLEAR_STACK dex
    118  11000 ????				       txs
    119  11000 ????				       pha
    120  11000 ????				       bne	.CLEAR_STACK	; SP=$FF, X = A = Y = 0
    121  11000 ????
    122  11000 ????				       ENDM
    123  11000 ????
    124  11000 ????						;-------------------------------------------------------
    125  11000 ????						; SET_POINTER
    126  11000 ????						; Original author: Manuel Rotschkar
    127  11000 ????						;
    128  11000 ????						; Sets a 2 byte RAM pointer to an absolute address.
    129  11000 ????						;
    130  11000 ????						; Usage: SET_POINTER pointer, address
    131  11000 ????						; Example: SET_POINTER SpritePTR, SpriteData
    132  11000 ????						;
    133  11000 ????						; Note: Alters the accumulator, NZ flags
    134  11000 ????						; IN 1: 2 byte RAM location reserved for pointer
    135  11000 ????						; IN 2: absolute address
    136  11000 ????
    137  11000 ????				       MAC	set_pointer
    138  11000 ????			    .POINTER   SET	{1}
    139  11000 ????			    .ADDRESS   SET	{2}
    140  11000 ????
    141  11000 ????				       LDA	#<.ADDRESS	; Get Lowbyte of Address
    142  11000 ????				       STA	.POINTER	; Store in pointer
    143  11000 ????				       LDA	#>.ADDRESS	; Get Hibyte of Address
    144  11000 ????				       STA	.POINTER+1	; Store in pointer+1
    145  11000 ????
    146  11000 ????				       ENDM
    147  11000 ????
    148  11000 ????						; EOF
------- FILE 64kSC.bas.asm
------- FILE 2600basic.h LEVEL 2 PASS 2
      0  11000 ????				       include	"2600basic.h"
      1  11000 ????						; Provided under the CC0 license. See the included LICENSE.txt for details.
      2  11000 ????
      3  11000 ????				       processor	6502
------- FILE vcs.h LEVEL 3 PASS 2
      0  11000 ????				       include	"vcs.h"
      1  11000 ????						; Provided under the CC0 license. See the included LICENSE.txt for details.
      2  11000 ????
      3  11000 ????						; VCS.H
      4  11000 ????						; Version 1.05, 13/November/2003
      5  11000 ????
      6  11000 ????		00 69	    VERSION_VCS =	105
      7  11000 ????
      8  11000 ????						; THIS IS A PRELIMINARY RELEASE OF *THE* "STANDARD" VCS.H
      9  11000 ????						; THIS FILE IS EXPLICITLY SUPPORTED AS A DASM-PREFERRED COMPANION FILE
     10  11000 ????						; PLEASE DO *NOT* REDISTRIBUTE THIS FILE!
     11  11000 ????						;
     12  11000 ????						; This file defines hardware registers and memory mapping for the
     13  11000 ????						; Atari 2600. It is distributed as a companion machine-specific support package
     14  11000 ????						; for the DASM compiler. Updates to this file, DASM, and associated tools are
     15  11000 ????						; available at at http://www.atari2600.org/dasm
     16  11000 ????						;
     17  11000 ????						; Many thanks to the original author(s) of this file, and to everyone who has
     18  11000 ????						; contributed to understanding the Atari 2600.  If you take issue with the
     19  11000 ????						; contents, or naming of registers, please write to me (atari2600@taswegian.com)
     20  11000 ????						; with your views.  Please contribute, if you think you can improve this
     21  11000 ????						; file!
     22  11000 ????						;
     23  11000 ????						; Latest Revisions...
     24  11000 ????						; 1.05  13/NOV/2003	  - Correction to 1.04 - now functions as requested by MR.
     25  11000 ????						;			  - Added VERSION_VCS equate (which will reflect 100x version #)
     26  11000 ????						;			    This will allow conditional code to verify VCS.H being
     27  11000 ????						;			    used for code assembly.
     28  11000 ????						; 1.04  12/NOV/2003	 Added TIA_BASE_WRITE_ADDRESS and TIA_BASE_READ_ADDRESS for
     29  11000 ????						;			 convenient disassembly/reassembly compatibility for hardware
     30  11000 ????						;			 mirrored reading/writing differences.	This is more a 
     31  11000 ????						;			 readability issue, and binary compatibility with disassembled
     32  11000 ????						;			 and reassembled sources.  Per Manuel Rotschkar's suggestion.
     33  11000 ????						; 1.03  12/MAY/2003	 Added SEG segment at end of file to fix old-code compatibility
     34  11000 ????						;			 which was broken by the use of segments in this file, as
     35  11000 ????						;			 reported by Manuel Polik on [stella] 11/MAY/2003
     36  11000 ????						; 1.02  22/MAR/2003	 Added TIMINT($285)
     37  11000 ????						; 1.01				Constant offset added to allow use for 3F-style bankswitching
     38  11000 ????						;						 - define TIA_BASE_ADDRESS as $40 for Tigervision carts, otherwise
     39  11000 ????						;						   it is safe to leave it undefined, and the base address will
     40  11000 ????						;						   be set to 0.  Thanks to Eckhard Stolberg for the suggestion.
     41  11000 ????						;			    Note, may use -DLABEL=EXPRESSION to define TIA_BASE_ADDRESS
     42  11000 ????						;			  - register definitions are now generated through assignment
     43  11000 ????						;			    in uninitialised segments.	This allows a changeable base
     44  11000 ????						;			    address architecture.
     45  11000 ????						; 1.0	22/MAR/2003		Initial release
     46  11000 ????
     47  11000 ????
     48  11000 ????						;-------------------------------------------------------------------------------
     49  11000 ????
     50  11000 ????						; TIA_BASE_ADDRESS
     51  11000 ????						; The TIA_BASE_ADDRESS defines the base address of access to TIA registers.
     52  11000 ????						; Normally 0, the base address should (externally, before including this file)
     53  11000 ????						; be set to $40 when creating 3F-bankswitched (and other?) cartridges.
     54  11000 ????						; The reason is that this bankswitching scheme treats any access to locations
     55  11000 ????						; < $40 as a bankswitch.
     56  11000 ????
     57  11000 ????			   -	       IFNCONST	TIA_BASE_ADDRESS
     58  11000 ????			   -TIA_BASE_ADDRESS =	0
     59  11000 ????				       ENDIF
     60  11000 ????
     61  11000 ????						; Note: The address may be defined on the command-line using the -D switch, eg:
     62  11000 ????						; dasm.exe code.asm -DTIA_BASE_ADDRESS=$40 -f3 -v5 -ocode.bin
     63  11000 ????						; *OR* by declaring the label before including this file, eg:
     64  11000 ????						; TIA_BASE_ADDRESS = $40
     65  11000 ????						;   include "vcs.h"
     66  11000 ????
     67  11000 ????						; Alternate read/write address capability - allows for some disassembly compatibility
     68  11000 ????						; usage ; to allow reassembly to binary perfect copies).  This is essentially catering
     69  11000 ????						; for the mirrored ROM hardware registers.
     70  11000 ????
     71  11000 ????						; Usage: As per above, define the TIA_BASE_READ_ADDRESS and/or TIA_BASE_WRITE_ADDRESS
     72  11000 ????						; using the -D command-line switch, as required.  If the addresses are not defined, 
     73  11000 ????						; they defaut to the TIA_BASE_ADDRESS.
     74  11000 ????
     75  11000 ????			   -	       IFNCONST	TIA_BASE_READ_ADDRESS
     76  11000 ????			   -TIA_BASE_READ_ADDRESS =	TIA_BASE_ADDRESS
     77  11000 ????				       ENDIF
     78  11000 ????
     79  11000 ????			   -	       IFNCONST	TIA_BASE_WRITE_ADDRESS
     80  11000 ????			   -TIA_BASE_WRITE_ADDRESS =	TIA_BASE_ADDRESS
     81  11000 ????				       ENDIF
     82  11000 ????
     83  11000 ????						;-------------------------------------------------------------------------------
     84  11000 ????
     85 U002d					      SEG.U	TIA_REGISTERS_WRITE
     86 U0000					      ORG	TIA_BASE_WRITE_ADDRESS
     87 U0000
     88 U0000							; DO NOT CHANGE THE RELATIVE ORDERING OF REGISTERS!
     89 U0000
     90 U0000		       00	   VSYNC      ds	1	; $00	 0000 00x0   Vertical Sync Set-Clear
     91 U0001		       00	   VBLANK     ds	1	; $01	 xx00 00x0   Vertical Blank Set-Clear
     92 U0002		       00	   WSYNC      ds	1	; $02	 ---- ----   Wait for Horizontal Blank
     93 U0003		       00	   RSYNC      ds	1	; $03	 ---- ----   Reset Horizontal Sync Counter
     94 U0004		       00	   NUSIZ0     ds	1	; $04	 00xx 0xxx   Number-Size player/missle 0
     95 U0005		       00	   NUSIZ1     ds	1	; $05	 00xx 0xxx   Number-Size player/missle 1
     96 U0006		       00	   COLUP0     ds	1	; $06	 xxxx xxx0   Color-Luminance Player 0
     97 U0007		       00	   COLUP1     ds	1	; $07	 xxxx xxx0   Color-Luminance Player 1
     98 U0008		       00	   COLUPF     ds	1	; $08	 xxxx xxx0   Color-Luminance Playfield
     99 U0009		       00	   COLUBK     ds	1	; $09	 xxxx xxx0   Color-Luminance Background
    100 U000a		       00	   CTRLPF     ds	1	; $0A	 00xx 0xxx   Control Playfield, Ball, Collisions
    101 U000b		       00	   REFP0      ds	1	; $0B	 0000 x000   Reflection Player 0
    102 U000c		       00	   REFP1      ds	1	; $0C	 0000 x000   Reflection Player 1
    103 U000d		       00	   PF0	      ds	1	; $0D	 xxxx 0000   Playfield Register Byte 0
    104 U000e		       00	   PF1	      ds	1	; $0E	 xxxx xxxx   Playfield Register Byte 1
    105 U000f		       00	   PF2	      ds	1	; $0F	 xxxx xxxx   Playfield Register Byte 2
    106 U0010		       00	   RESP0      ds	1	; $10	 ---- ----   Reset Player 0
    107 U0011		       00	   RESP1      ds	1	; $11	 ---- ----   Reset Player 1
    108 U0012		       00	   RESM0      ds	1	; $12	 ---- ----   Reset Missle 0
    109 U0013		       00	   RESM1      ds	1	; $13	 ---- ----   Reset Missle 1
    110 U0014		       00	   RESBL      ds	1	; $14	 ---- ----   Reset Ball
    111 U0015		       00	   AUDC0      ds	1	; $15	 0000 xxxx   Audio Control 0
    112 U0016		       00	   AUDC1      ds	1	; $16	 0000 xxxx   Audio Control 1
    113 U0017		       00	   AUDF0      ds	1	; $17	 000x xxxx   Audio Frequency 0
    114 U0018		       00	   AUDF1      ds	1	; $18	 000x xxxx   Audio Frequency 1
    115 U0019		       00	   AUDV0      ds	1	; $19	 0000 xxxx   Audio Volume 0
    116 U001a		       00	   AUDV1      ds	1	; $1A	 0000 xxxx   Audio Volume 1
    117 U001b		       00	   GRP0       ds	1	; $1B	 xxxx xxxx   Graphics Register Player 0
    118 U001c		       00	   GRP1       ds	1	; $1C	 xxxx xxxx   Graphics Register Player 1
    119 U001d		       00	   ENAM0      ds	1	; $1D	 0000 00x0   Graphics Enable Missle 0
    120 U001e		       00	   ENAM1      ds	1	; $1E	 0000 00x0   Graphics Enable Missle 1
    121 U001f		       00	   ENABL      ds	1	; $1F	 0000 00x0   Graphics Enable Ball
    122 U0020		       00	   HMP0       ds	1	; $20	 xxxx 0000   Horizontal Motion Player 0
    123 U0021		       00	   HMP1       ds	1	; $21	 xxxx 0000   Horizontal Motion Player 1
    124 U0022		       00	   HMM0       ds	1	; $22	 xxxx 0000   Horizontal Motion Missle 0
    125 U0023		       00	   HMM1       ds	1	; $23	 xxxx 0000   Horizontal Motion Missle 1
    126 U0024		       00	   HMBL       ds	1	; $24	 xxxx 0000   Horizontal Motion Ball
    127 U0025		       00	   VDELP0     ds	1	; $25	 0000 000x   Vertical Delay Player 0
    128 U0026		       00	   VDELP1     ds	1	; $26	 0000 000x   Vertical Delay Player 1
    129 U0027		       00	   VDELBL     ds	1	; $27	 0000 000x   Vertical Delay Ball
    130 U0028		       00	   RESMP0     ds	1	; $28	 0000 00x0   Reset Missle 0 to Player 0
    131 U0029		       00	   RESMP1     ds	1	; $29	 0000 00x0   Reset Missle 1 to Player 1
    132 U002a		       00	   HMOVE      ds	1	; $2A	 ---- ----   Apply Horizontal Motion
    133 U002b		       00	   HMCLR      ds	1	; $2B	 ---- ----   Clear Horizontal Move Registers
    134 U002c		       00	   CXCLR      ds	1	; $2C	 ---- ----   Clear Collision Latches
    135 U002d
    136 U002d							;-------------------------------------------------------------------------------
    137 U002d
    138 U0010					      SEG.U	TIA_REGISTERS_READ
    139 U0000					      ORG	TIA_BASE_READ_ADDRESS
    140 U0000
    141 U0000							;											bit 7	 bit 6
    142 U0000		       00	   CXM0P      ds	1	; $00	     xx00 0000	     Read Collision  M0-P1   M0-P0
    143 U0001		       00	   CXM1P      ds	1	; $01	     xx00 0000			     M1-P0   M1-P1
    144 U0002		       00	   CXP0FB     ds	1	; $02	     xx00 0000			     P0-PF   P0-BL
    145 U0003		       00	   CXP1FB     ds	1	; $03	     xx00 0000			     P1-PF   P1-BL
    146 U0004		       00	   CXM0FB     ds	1	; $04	     xx00 0000			     M0-PF   M0-BL
    147 U0005		       00	   CXM1FB     ds	1	; $05	     xx00 0000			     M1-PF   M1-BL
    148 U0006		       00	   CXBLPF     ds	1	; $06	     x000 0000			     BL-PF   -----
    149 U0007		       00	   CXPPMM     ds	1	; $07	     xx00 0000			     P0-P1   M0-M1
    150 U0008		       00	   INPT0      ds	1	; $08	     x000 0000	     Read Pot Port 0
    151 U0009		       00	   INPT1      ds	1	; $09	     x000 0000	     Read Pot Port 1
    152 U000a		       00	   INPT2      ds	1	; $0A	     x000 0000	     Read Pot Port 2
    153 U000b		       00	   INPT3      ds	1	; $0B	     x000 0000	     Read Pot Port 3
    154 U000c		       00	   INPT4      ds	1	; $0C		x000 0000	 Read Input (Trigger) 0
    155 U000d		       00	   INPT5      ds	1	; $0D		x000 0000	 Read Input (Trigger) 1
    156 U000e
    157 U000e							;Used by PXE for Quadtari support
    158 U000e		       00	   INPT6      ds	1	; $0E		x000 0000	 Read Input (Trigger) 2
    159 U000f		       00	   INPT7      ds	1	; $0F		x000 0000	 Read Input (Trigger) 3
    160 U0010
    161 U0010							;-------------------------------------------------------------------------------
    162 U0010
    163 U0298					      SEG.U	RIOT
    164 U0280					      ORG	$280
    165 U0280
    166 U0280							; RIOT MEMORY MAP
    167 U0280
    168 U0280		       00	   SWCHA      ds	1	; $280      Port A data register for joysticks:
    169 U0281							;			Bits 4-7 for player 1.  Bits 0-3 for player 2.
    170 U0281
    171 U0281		       00	   SWACNT     ds	1	; $281      Port A data direction register (DDR)
    172 U0282		       00	   SWCHB      ds	1	; $282		Port B data (console switches)
    173 U0283		       00	   SWBCNT     ds	1	; $283      Port B DDR
    174 U0284		       00	   INTIM      ds	1	; $284		Timer output
    175 U0285
    176 U0285		       00	   TIMINT     ds	1	; $285
    177 U0286
    178 U0286		       00	   SWCHA2     ds	1	; $286		Used by PXE for Quadtari support
    179 U0287
    180 U0287							; Unused/undefined registers ($287-$294)
    181 U0287		       00		      ds	1	; $287
    182 U0288		       00		      ds	1	; $288
    183 U0289		       00		      ds	1	; $289
    184 U028a		       00		      ds	1	; $28A
    185 U028b		       00		      ds	1	; $28B
    186 U028c		       00		      ds	1	; $28C
    187 U028d		       00		      ds	1	; $28D
    188 U028e		       00		      ds	1	; $28E
    189 U028f		       00		      ds	1	; $28F
    190 U0290
    191 U0290							; Used by PXE to make "on JOYx_DIR gosub" faster and smaller
    192 U0290		       00	   JOY0_DIR   ds	1	; $290
    193 U0291		       00	   JOY1_DIR   ds	1	; $291
    194 U0292		       00	   JOY2_DIR   ds	1	; $292
    195 U0293		       00	   JOY3_DIR   ds	1	; $293
    196 U0294
    197 U0294		       00	   TIM1T      ds	1	; $294		set 1 clock interval
    198 U0295		       00	   TIM8T      ds	1	; $295      set 8 clock interval
    199 U0296		       00	   TIM64T     ds	1	; $296      set 64 clock interval
    200 U0297		       00	   T1024T     ds	1	; $297      set 1024 clock interval
    201 U0298
    202 U0298							;-------------------------------------------------------------------------------
    203 U0298							; The following required for back-compatibility with code which does not use
    204 U0298							; segments.
    205 U0298
    206  11000 ????				       SEG
    207  11000 ????
    208  11000 ????						; EOF
------- FILE 2600basic.h
------- FILE macro.h LEVEL 3 PASS 2
      0  11000 ????				       include	"macro.h"
      1  11000 ????						; Provided under the CC0 license. See the included LICENSE.txt for details.
      2  11000 ????
      3  11000 ????						; MACRO.H
      4  11000 ????						; Version 1.05, 13/NOVEMBER/2003
      5  11000 ????
      6  11000 ????		00 69	    VERSION_MACRO =	105
      7  11000 ????
      8  11000 ????						;
      9  11000 ????						; THIS FILE IS EXPLICITLY SUPPORTED AS A DASM-PREFERRED COMPANION FILE
     10  11000 ????						; PLEASE DO *NOT* REDISTRIBUTE MODIFIED VERSIONS OF THIS FILE!
     11  11000 ????						;
     12  11000 ????						; This file defines DASM macros useful for development for the Atari 2600.
     13  11000 ????						; It is distributed as a companion machine-specific support package
     14  11000 ????						; for the DASM compiler. Updates to this file, DASM, and associated tools are
     15  11000 ????						; available at at http://www.atari2600.org/dasm
     16  11000 ????						;
     17  11000 ????						; Many thanks to the people who have contributed.  If you take issue with the
     18  11000 ????						; contents, or would like to add something, please write to me
     19  11000 ????						; (atari2600@taswegian.com) with your contribution.
     20  11000 ????						;
     21  11000 ????						; Latest Revisions...
     22  11000 ????						;
     23  11000 ????						; 1.05  14/NOV/2003	  - Added VERSION_MACRO equate (which will reflect 100x version #)
     24  11000 ????						;			    This will allow conditional code to verify MACRO.H being
     25  11000 ????						;			    used for code assembly.
     26  11000 ????						; 1.04  13/NOV/2003	 - SET_POINTER macro added (16-bit address load)
     27  11000 ????						;
     28  11000 ????						; 1.03  23/JUN/2003	 - CLEAN_START macro added - clears TIA, RAM, registers
     29  11000 ????						;
     30  11000 ????						; 1.02  14/JUN/2003	 - VERTICAL_SYNC macro added
     31  11000 ????						;			   (standardised macro for vertical synch code)
     32  11000 ????						; 1.01  22/MAR/2003	 - SLEEP macro added. 
     33  11000 ????						;			 - NO_ILLEGAL_OPCODES switch implemented
     34  11000 ????						; 1.0	22/MAR/2003		Initial release
     35  11000 ????
     36  11000 ????						; Note: These macros use illegal opcodes.  To disable illegal opcode usage, 
     37  11000 ????						;   define the symbol NO_ILLEGAL_OPCODES (-DNO_ILLEGAL_OPCODES=1 on command-line).
     38  11000 ????						;   If you do not allow illegal opcode usage, you must include this file 
     39  11000 ????						;   *after* including VCS.H (as the non-illegal opcodes access hardware
     40  11000 ????						;   registers and require them to be defined first).
     41  11000 ????
     42  11000 ????						; Available macros...
     43  11000 ????						;   SLEEP n		 - sleep for n cycles
     44  11000 ????						;   VERTICAL_SYNC	 - correct 3 scanline vertical synch code
     45  11000 ????						;   CLEAN_START	 - set machine to known state on startup
     46  11000 ????						;   SET_POINTER	 - load a 16-bit absolute to a 16-bit variable
     47  11000 ????
     48  11000 ????						;-------------------------------------------------------------------------------
     49  11000 ????						; SLEEP duration
     50  11000 ????						; Original author: Thomas Jentzsch
     51  11000 ????						; Inserts code which takes the specified number of cycles to execute.	This is
     52  11000 ????						; useful for code where precise timing is required.
     53  11000 ????						; ILLEGAL-OPCODE VERSION DOES NOT AFFECT FLAGS OR REGISTERS.
     54  11000 ????						; LEGAL OPCODE VERSION MAY AFFECT FLAGS
     55  11000 ????						; Uses illegal opcode (DASM 2.20.01 onwards).
     56  11000 ????
     57  11000 ????				       MAC	sleep
     58  11000 ????			    .CYCLES    SET	{1}
     59  11000 ????
     60  11000 ????				       IF	.CYCLES < 2
     61  11000 ????				       ECHO	"MACRO ERROR: 'SLEEP': Duration must be > 1"
     62  11000 ????				       ERR
     63  11000 ????				       ENDIF
     64  11000 ????
     65  11000 ????				       IF	.CYCLES & 1
     66  11000 ????				       IFNCONST	NO_ILLEGAL_OPCODES
     67  11000 ????				       nop	0
     68  11000 ????				       ELSE
     69  11000 ????				       bit	VSYNC
     70  11000 ????				       ENDIF
     71  11000 ????			    .CYCLES    SET	.CYCLES - 3
     72  11000 ????				       ENDIF
     73  11000 ????
     74  11000 ????				       REPEAT	.CYCLES / 2
     75  11000 ????				       nop
     76  11000 ????				       REPEND
     77  11000 ????				       ENDM		;usage: SLEEP n (n>1)
     78  11000 ????
     79  11000 ????						;-------------------------------------------------------------------------------
     80  11000 ????						; VERTICAL_SYNC
     81  11000 ????						; Original author: Manuel Polik
     82  11000 ????						; Inserts the code required for a proper 3 scannline 
     83  11000 ????						; vertical sync sequence
     84  11000 ????						;
     85  11000 ????						; Note: Alters the accumulator
     86  11000 ????						;
     87  11000 ????						; IN:
     88  11000 ????						; OUT: A = 1
     89  11000 ????
     90  11000 ????				       MAC	vertical_sync
     91  11000 ????				       LDA	#$02	; A = VSYNC enable
     92  11000 ????				       STA	WSYNC	; Finish current line
     93  11000 ????				       STA	VSYNC	; Start vertical sync
     94  11000 ????				       STA	WSYNC	; 1st line vertical sync
     95  11000 ????				       STA	WSYNC	; 2nd line vertical sync
     96  11000 ????				       LSR		; A = VSYNC disable
     97  11000 ????				       STA	WSYNC	; 3rd line vertical sync
     98  11000 ????				       STA	VSYNC	; Stop vertical sync
     99  11000 ????				       ENDM
    100  11000 ????
    101  11000 ????						;-------------------------------------------------------------------------------
    102  11000 ????						; CLEAN_START
    103  11000 ????						; Original author: Andrew Davie
    104  11000 ????						; Standardised start-up code, clears stack, all TIA registers and RAM to 0
    105  11000 ????						; Sets stack pointer to $FF, and all registers to 0
    106  11000 ????						; Sets decimal mode off, sets interrupt flag (kind of un-necessary)
    107  11000 ????						; Use as very first section of code on boot (ie: at reset)
    108  11000 ????						; Code written to minimise total ROM usage - uses weird 6502 knowledge :)
    109  11000 ????
    110  11000 ????				       MAC	clean_start
    111  11000 ????				       sei
    112  11000 ????				       cld
    113  11000 ????
    114  11000 ????				       ldx	#0
    115  11000 ????				       txa
    116  11000 ????				       tay
    117  11000 ????			    .CLEAR_STACK dex
    118  11000 ????				       txs
    119  11000 ????				       pha
    120  11000 ????				       bne	.CLEAR_STACK	; SP=$FF, X = A = Y = 0
    121  11000 ????
    122  11000 ????				       ENDM
    123  11000 ????
    124  11000 ????						;-------------------------------------------------------
    125  11000 ????						; SET_POINTER
    126  11000 ????						; Original author: Manuel Rotschkar
    127  11000 ????						;
    128  11000 ????						; Sets a 2 byte RAM pointer to an absolute address.
    129  11000 ????						;
    130  11000 ????						; Usage: SET_POINTER pointer, address
    131  11000 ????						; Example: SET_POINTER SpritePTR, SpriteData
    132  11000 ????						;
    133  11000 ????						; Note: Alters the accumulator, NZ flags
    134  11000 ????						; IN 1: 2 byte RAM location reserved for pointer
    135  11000 ????						; IN 2: absolute address
    136  11000 ????
    137  11000 ????				       MAC	set_pointer
    138  11000 ????			    .POINTER   SET	{1}
    139  11000 ????			    .ADDRESS   SET	{2}
    140  11000 ????
    141  11000 ????				       LDA	#<.ADDRESS	; Get Lowbyte of Address
    142  11000 ????				       STA	.POINTER	; Store in pointer
    143  11000 ????				       LDA	#>.ADDRESS	; Get Hibyte of Address
    144  11000 ????				       STA	.POINTER+1	; Store in pointer+1
    145  11000 ????
    146  11000 ????				       ENDM
    147  11000 ????
    148  11000 ????						; EOF
------- FILE 2600basic.h
------- FILE 2600basic_variable_redefs.h LEVEL 3 PASS 2
      0  11000 ????				       include	"2600basic_variable_redefs.h"
      1  11000 ????						; This file contains variable mapping and other information for the current project.
      2  11000 ????
      3  11000 ????		00 24	    bscode_length =	36
      4  11000 ????		00 93	    sc0        =	score
      5  11000 ????
      6  11000 ????		00 d6	    memloc     =	c
      7  11000 ????
      8  11000 ????		00 d5	    bchoice    =	b
      9  11000 ????
     10  11000 ????		00 d4	    frame      =	a
     11  11000 ????
     12  11000 ????		00 01	    superchip  =	1
     13  11000 ????		00 0f	    bs_mask    =	15
     14  11000 ????		00 40	    bankswitch =	64
     15  11000 ????		1f e0	    bankswitch_hotspot =	$1FE0
------- FILE 2600basic.h
      7  11000 ????
      8  11000 ????		00 80	    player0x   =	$80
      9  11000 ????		00 81	    player1x   =	$81
     10  11000 ????		00 82	    missile0x  =	$82
     11  11000 ????		00 83	    missile1x  =	$83
     12  11000 ????		00 84	    ballx      =	$84
     13  11000 ????
     14  11000 ????		00 85	    objecty    =	$85
     15  11000 ????		00 85	    player0y   =	$85
     16  11000 ????		00 86	    player1y   =	$86
     17  11000 ????		00 87	    missile1height =	$87
     18  11000 ????		00 88	    missile1y  =	$88
     19  11000 ????		00 89	    bally      =	$89
     20  11000 ????
     21  11000 ????		00 87	    player1color =	$87	; replaces missile 1
     22  11000 ????
     23  11000 ????		00 8a	    player0pointer =	$8A	;uses $8A-$8B
     24  11000 ????		00 8a	    player0pointerlo =	$8A
     25  11000 ????		00 8b	    player0pointerhi =	$8B
     26  11000 ????		00 8c	    player1pointer =	$8C	; $8C-$8D
     27  11000 ????		00 8c	    player1pointerlo =	$8C
     28  11000 ????		00 8d	    player1pointerhi =	$8D
     29  11000 ????
     30  11000 ????		00 8e	    player0height =	$8E
     31  11000 ????		00 8f	    player1height =	$8F
     32  11000 ????		00 90	    missile0height =	$90
     33  11000 ????		00 91	    missile0y  =	$91
     34  11000 ????		00 92	    ballheight =	$92
     35  11000 ????
     36  11000 ????		00 90	    currentpaddle =	$90	; replaces missile 0 (and can't be used with playercolor)
     37  11000 ????		00 91	    paddle     =	$91	; replaces missile 0
     38  11000 ????		00 82	    player0colorstore =	$82	; replaces missile 0
     39  11000 ????		00 90	    player0color =	$90	; replaces missile 0
     40  11000 ????
     41  11000 ????		00 93	    score      =	$93	; $93-$95
     42  11000 ????		00 96	    scorepointers =	$96	; $96-$9B = 6 bytes
     43  11000 ????		00 9c	    temp1      =	$9C	;used by kernel.  can be used in program too, but
     44  11000 ????		00 9d	    temp2      =	$9D	;are obliterated when drawscreen is called.
     45  11000 ????		00 9e	    temp3      =	$9E
     46  11000 ????		00 9f	    temp4      =	$9F
     47  11000 ????		00 a0	    temp5      =	$A0
     48  11000 ????		00 a1	    temp6      =	$A1
     49  11000 ????
     50  11000 ????		00 a2	    rand       =	$A2
     51  11000 ????		00 a3	    scorecolor =	$A3
     52  11000 ????
     53  11000 ????		00 a4	    var0       =	$A4
     54  11000 ????		00 a5	    var1       =	$A5
     55  11000 ????		00 a6	    var2       =	$A6
     56  11000 ????		00 a7	    var3       =	$A7
     57  11000 ????		00 a8	    var4       =	$A8
     58  11000 ????		00 a9	    var5       =	$A9
     59  11000 ????		00 aa	    var6       =	$AA
     60  11000 ????		00 ab	    var7       =	$AB
     61  11000 ????		00 ac	    var8       =	$AC
     62  11000 ????		00 ad	    var9       =	$AD
     63  11000 ????		00 ae	    var10      =	$AE
     64  11000 ????		00 af	    var11      =	$AF
     65  11000 ????		00 b0	    var12      =	$B0
     66  11000 ????		00 b1	    var13      =	$B1
     67  11000 ????		00 b2	    var14      =	$B2
     68  11000 ????		00 b3	    var15      =	$B3
     69  11000 ????		00 b4	    var16      =	$B4
     70  11000 ????		00 b5	    var17      =	$B5
     71  11000 ????		00 b6	    var18      =	$B6
     72  11000 ????		00 b7	    var19      =	$B7
     73  11000 ????		00 b8	    var20      =	$B8
     74  11000 ????		00 b9	    var21      =	$B9
     75  11000 ????		00 ba	    var22      =	$BA
     76  11000 ????		00 bb	    var23      =	$BB
     77  11000 ????		00 bc	    var24      =	$BC
     78  11000 ????		00 bd	    var25      =	$BD
     79  11000 ????		00 be	    var26      =	$BE
     80  11000 ????		00 bf	    var27      =	$BF
     81  11000 ????		00 c0	    var28      =	$C0
     82  11000 ????		00 c1	    var29      =	$C1
     83  11000 ????		00 c2	    var30      =	$C2
     84  11000 ????		00 c3	    var31      =	$C3
     85  11000 ????		00 c4	    var32      =	$C4
     86  11000 ????		00 c5	    var33      =	$C5
     87  11000 ????		00 c6	    var34      =	$C6
     88  11000 ????		00 c7	    var35      =	$C7
     89  11000 ????		00 c8	    var36      =	$C8
     90  11000 ????		00 c9	    var37      =	$C9
     91  11000 ????		00 ca	    var38      =	$CA
     92  11000 ????		00 cb	    var39      =	$CB
     93  11000 ????		00 cc	    var40      =	$CC
     94  11000 ????		00 cd	    var41      =	$CD
     95  11000 ????		00 ce	    var42      =	$CE
     96  11000 ????		00 cf	    var43      =	$CF
     97  11000 ????		00 d0	    var44      =	$D0
     98  11000 ????		00 d1	    var45      =	$D1
     99  11000 ????		00 d2	    var46      =	$D2
    100  11000 ????		00 d3	    var47      =	$D3
    101  11000 ????
    102  11000 ????		00 d4	    A	       =	$d4
    103  11000 ????		00 d4	    a	       =	$d4
    104  11000 ????		00 d5	    B	       =	$d5
    105  11000 ????		00 d5	    b	       =	$d5
    106  11000 ????		00 d6	    C	       =	$d6
    107  11000 ????		00 d6	    c	       =	$d6
    108  11000 ????		00 d7	    D	       =	$d7
    109  11000 ????		00 d7	    d	       =	$d7
    110  11000 ????		00 d8	    E	       =	$d8
    111  11000 ????		00 d8	    e	       =	$d8
    112  11000 ????		00 d9	    F	       =	$d9
    113  11000 ????		00 d9	    f	       =	$d9
    114  11000 ????		00 da	    G	       =	$da
    115  11000 ????		00 da	    g	       =	$da
    116  11000 ????		00 db	    H	       =	$db
    117  11000 ????		00 db	    h	       =	$db
    118  11000 ????		00 dc	    I	       =	$dc
    119  11000 ????		00 dc	    i	       =	$dc
    120  11000 ????		00 dd	    J	       =	$dd
    121  11000 ????		00 dd	    j	       =	$dd
    122  11000 ????		00 de	    K	       =	$de
    123  11000 ????		00 de	    k	       =	$de
    124  11000 ????		00 df	    L	       =	$df
    125  11000 ????		00 df	    l	       =	$df
    126  11000 ????		00 e0	    M	       =	$e0
    127  11000 ????		00 e0	    m	       =	$e0
    128  11000 ????		00 e1	    N	       =	$e1
    129  11000 ????		00 e1	    n	       =	$e1
    130  11000 ????		00 e2	    O	       =	$e2
    131  11000 ????		00 e2	    o	       =	$e2
    132  11000 ????		00 e3	    P	       =	$e3
    133  11000 ????		00 e3	    p	       =	$e3
    134  11000 ????		00 e4	    Q	       =	$e4
    135  11000 ????		00 e4	    q	       =	$e4
    136  11000 ????		00 e5	    R	       =	$e5
    137  11000 ????		00 e5	    r	       =	$e5
    138  11000 ????		00 e6	    S	       =	$e6
    139  11000 ????		00 e6	    s	       =	$e6
    140  11000 ????		00 e7	    T	       =	$e7
    141  11000 ????		00 e7	    t	       =	$e7
    142  11000 ????		00 e8	    U	       =	$e8
    143  11000 ????		00 e8	    u	       =	$e8
    144  11000 ????		00 e9	    V	       =	$e9
    145  11000 ????		00 e9	    v	       =	$e9
    146  11000 ????		00 ea	    W	       =	$ea
    147  11000 ????		00 ea	    w	       =	$ea
    148  11000 ????		00 eb	    X	       =	$eb
    149  11000 ????		00 eb	    x	       =	$eb
    150  11000 ????		00 ec	    Y	       =	$ec
    151  11000 ????		00 ec	    y	       =	$ec
    152  11000 ????		00 ed	    Z	       =	$ed
    153  11000 ????		00 ed	    z	       =	$ed
    154  11000 ????
    155  11000 ????		00 ee	    temp7      =	$ee	; This is used to aid in bankswitching
    156  11000 ????		00 ef	    playfieldpos =	$ef
    157  11000 ????
    158  11000 ????						; available for other uses, or if unused, provide more stack space
    159  11000 ????
    160  11000 ????		00 f0	    aux1       =	$f0
    161  11000 ????		00 f1	    aux2       =	$f1
    162  11000 ????		00 f2	    aux3       =	$f2
    163  11000 ????		00 f3	    aux4       =	$f3
    164  11000 ????		00 f4	    aux5       =	$f4
    165  11000 ????		00 f5	    aux6       =	$f5
    166  11000 ????
    167  11000 ????						; playfield color/height pointers
    168  11000 ????		00 f0	    pfcolortable =	$f0	; and $d5
    169  11000 ????		00 f0	    pfheighttable =	$f0	; and $d5
    170  11000 ????						; the above pointers are the same because if color and height are both used together,
    171  11000 ????						; they must used absolute indexed and cannot use pointers
    172  11000 ????
    173  11000 ????		00 f2	    lifepointer =	$f2	; pointer to "lives" shape
    174  11000 ????						; upper 3 bits of $f2 contain the number of lives
    175  11000 ????		00 f4	    lifecolor  =	$f4
    176  11000 ????		00 f3	    lives      =	$f3	; # lives >> 5
    177  11000 ????		00 f5	    statusbarlength =	$f5	; only uses upper 5 bits; other bits free
    178  11000 ????
    179  11000 ????		00 f2	    pfscore1   =	$f2	; optional playfield bytes in score
    180  11000 ????		00 f3	    pfscore2   =	$f3
    181  11000 ????		00 f4	    pfscorecolor =	$f4
    182  11000 ????
    183  11000 ????		00 f6	    stack1     =	$f6
    184  11000 ????		00 f7	    stack2     =	$f7
    185  11000 ????		00 f8	    stack3     =	$f8
    186  11000 ????		00 f9	    stack4     =	$f9
    187  11000 ????						; the stack bytes above may be used in the kernel
    188  11000 ????						; stack = F6-F7, F8-F9, FA-FB, FC-FD, FE-FF
    189  11000 ????
    190  11000 ????				       MAC	return
    191  11000 ????				       ifnconst	bankswitch
    192  11000 ????				       rts
    193  11000 ????				       else
    194  11000 ????				       jmp	BS_return
    195  11000 ????				       endif
    196  11000 ????				       ENDM		; auto-return from either a regular or bankswitched module
    197  11000 ????
    198  11000 ????				       ifconst	superchip
    199  11000 ????		10 d0	    playfieldbase =	$10D0
------- FILE superchip.h LEVEL 3 PASS 2
      0  11000 ????				       include	superchip.h
      1  11000 ????						; Provided under the CC0 license. See the included LICENSE.txt for details.
      2  11000 ????
      3  11000 ????		f0 00	    write_RAM  =	$F000
      4  11000 ????		f0 00	    wRAM       =	$F000
      5  11000 ????		f0 00	    w000       =	$F000
      6  11000 ????		f0 01	    w001       =	$F001
      7  11000 ????		f0 02	    w002       =	$F002
      8  11000 ????		f0 03	    w003       =	$F003
      9  11000 ????		f0 04	    w004       =	$F004
     10  11000 ????		f0 05	    w005       =	$F005
     11  11000 ????		f0 06	    w006       =	$F006
     12  11000 ????		f0 07	    w007       =	$F007
     13  11000 ????		f0 08	    w008       =	$F008
     14  11000 ????		f0 09	    w009       =	$F009
     15  11000 ????		f0 0a	    w010       =	$F00A
     16  11000 ????		f0 0b	    w011       =	$F00B
     17  11000 ????		f0 0c	    w012       =	$F00C
     18  11000 ????		f0 0d	    w013       =	$F00D
     19  11000 ????		f0 0e	    w014       =	$F00E
     20  11000 ????		f0 0f	    w015       =	$F00F
     21  11000 ????		f0 10	    w016       =	$F010
     22  11000 ????		f0 11	    w017       =	$F011
     23  11000 ????		f0 12	    w018       =	$F012
     24  11000 ????		f0 13	    w019       =	$F013
     25  11000 ????		f0 14	    w020       =	$F014
     26  11000 ????		f0 15	    w021       =	$F015
     27  11000 ????		f0 16	    w022       =	$F016
     28  11000 ????		f0 17	    w023       =	$F017
     29  11000 ????		f0 18	    w024       =	$F018
     30  11000 ????		f0 19	    w025       =	$F019
     31  11000 ????		f0 1a	    w026       =	$F01A
     32  11000 ????		f0 1b	    w027       =	$F01B
     33  11000 ????		f0 1c	    w028       =	$F01C
     34  11000 ????		f0 1d	    w029       =	$F01D
     35  11000 ????		f0 1e	    w030       =	$F01E
     36  11000 ????		f0 1f	    w031       =	$F01F
     37  11000 ????		f0 20	    w032       =	$F020
     38  11000 ????		f0 21	    w033       =	$F021
     39  11000 ????		f0 22	    w034       =	$F022
     40  11000 ????		f0 23	    w035       =	$F023
     41  11000 ????		f0 24	    w036       =	$F024
     42  11000 ????		f0 25	    w037       =	$F025
     43  11000 ????		f0 26	    w038       =	$F026
     44  11000 ????		f0 27	    w039       =	$F027
     45  11000 ????		f0 28	    w040       =	$F028
     46  11000 ????		f0 29	    w041       =	$F029
     47  11000 ????		f0 2a	    w042       =	$F02A
     48  11000 ????		f0 2b	    w043       =	$F02B
     49  11000 ????		f0 2c	    w044       =	$F02C
     50  11000 ????		f0 2d	    w045       =	$F02D
     51  11000 ????		f0 2e	    w046       =	$F02E
     52  11000 ????		f0 2f	    w047       =	$F02F
     53  11000 ????		f0 30	    w048       =	$F030
     54  11000 ????		f0 31	    w049       =	$F031
     55  11000 ????		f0 32	    w050       =	$F032
     56  11000 ????		f0 33	    w051       =	$F033
     57  11000 ????		f0 34	    w052       =	$F034
     58  11000 ????		f0 35	    w053       =	$F035
     59  11000 ????		f0 36	    w054       =	$F036
     60  11000 ????		f0 37	    w055       =	$F037
     61  11000 ????		f0 38	    w056       =	$F038
     62  11000 ????		f0 39	    w057       =	$F039
     63  11000 ????		f0 3a	    w058       =	$F03A
     64  11000 ????		f0 3b	    w059       =	$F03B
     65  11000 ????		f0 3c	    w060       =	$F03C
     66  11000 ????		f0 3d	    w061       =	$F03D
     67  11000 ????		f0 3e	    w062       =	$F03E
     68  11000 ????		f0 3f	    w063       =	$F03F
     69  11000 ????		f0 40	    w064       =	$F040
     70  11000 ????		f0 41	    w065       =	$F041
     71  11000 ????		f0 42	    w066       =	$F042
     72  11000 ????		f0 43	    w067       =	$F043
     73  11000 ????		f0 44	    w068       =	$F044
     74  11000 ????		f0 45	    w069       =	$F045
     75  11000 ????		f0 46	    w070       =	$F046
     76  11000 ????		f0 47	    w071       =	$F047
     77  11000 ????		f0 48	    w072       =	$F048
     78  11000 ????		f0 49	    w073       =	$F049
     79  11000 ????		f0 4a	    w074       =	$F04A
     80  11000 ????		f0 4b	    w075       =	$F04B
     81  11000 ????		f0 4c	    w076       =	$F04C
     82  11000 ????		f0 4d	    w077       =	$F04D
     83  11000 ????		f0 4e	    w078       =	$F04E
     84  11000 ????		f0 4f	    w079       =	$F04F
     85  11000 ????		f0 50	    w080       =	$F050
     86  11000 ????		f0 51	    w081       =	$F051
     87  11000 ????		f0 52	    w082       =	$F052
     88  11000 ????		f0 53	    w083       =	$F053
     89  11000 ????		f0 54	    w084       =	$F054
     90  11000 ????		f0 55	    w085       =	$F055
     91  11000 ????		f0 56	    w086       =	$F056
     92  11000 ????		f0 57	    w087       =	$F057
     93  11000 ????		f0 58	    w088       =	$F058
     94  11000 ????		f0 59	    w089       =	$F059
     95  11000 ????		f0 5a	    w090       =	$F05A
     96  11000 ????		f0 5b	    w091       =	$F05B
     97  11000 ????		f0 5c	    w092       =	$F05C
     98  11000 ????		f0 5d	    w093       =	$F05D
     99  11000 ????		f0 5e	    w094       =	$F05E
    100  11000 ????		f0 5f	    w095       =	$F05F
    101  11000 ????		f0 60	    w096       =	$F060
    102  11000 ????		f0 61	    w097       =	$F061
    103  11000 ????		f0 62	    w098       =	$F062
    104  11000 ????		f0 63	    w099       =	$F063
    105  11000 ????		f0 64	    w100       =	$F064
    106  11000 ????		f0 65	    w101       =	$F065
    107  11000 ????		f0 66	    w102       =	$F066
    108  11000 ????		f0 67	    w103       =	$F067
    109  11000 ????		f0 68	    w104       =	$F068
    110  11000 ????		f0 69	    w105       =	$F069
    111  11000 ????		f0 6a	    w106       =	$F06A
    112  11000 ????		f0 6b	    w107       =	$F06B
    113  11000 ????		f0 6c	    w108       =	$F06C
    114  11000 ????		f0 6d	    w109       =	$F06D
    115  11000 ????		f0 6e	    w110       =	$F06E
    116  11000 ????		f0 6f	    w111       =	$F06F
    117  11000 ????		f0 70	    w112       =	$F070
    118  11000 ????		f0 71	    w113       =	$F071
    119  11000 ????		f0 72	    w114       =	$F072
    120  11000 ????		f0 73	    w115       =	$F073
    121  11000 ????		f0 74	    w116       =	$F074
    122  11000 ????		f0 75	    w117       =	$F075
    123  11000 ????		f0 76	    w118       =	$F076
    124  11000 ????		f0 77	    w119       =	$F077
    125  11000 ????		f0 78	    w120       =	$F078
    126  11000 ????		f0 79	    w121       =	$F079
    127  11000 ????		f0 7a	    w122       =	$F07A
    128  11000 ????		f0 7b	    w123       =	$F07B
    129  11000 ????		f0 7c	    w124       =	$F07C
    130  11000 ????		f0 7d	    w125       =	$F07D
    131  11000 ????		f0 7e	    w126       =	$F07E
    132  11000 ????		f0 7f	    w127       =	$F07F
    133  11000 ????
    134  11000 ????		f0 80	    read_RAM   =	$F080
    135  11000 ????		f0 80	    rRAM       =	$F080
    136  11000 ????		f0 80	    r000       =	$F080
    137  11000 ????		f0 81	    r001       =	$F081
    138  11000 ????		f0 82	    r002       =	$F082
    139  11000 ????		f0 83	    r003       =	$F083
    140  11000 ????		f0 84	    r004       =	$F084
    141  11000 ????		f0 85	    r005       =	$F085
    142  11000 ????		f0 86	    r006       =	$F086
    143  11000 ????		f0 87	    r007       =	$F087
    144  11000 ????		f0 88	    r008       =	$F088
    145  11000 ????		f0 89	    r009       =	$F089
    146  11000 ????		f0 8a	    r010       =	$F08A
    147  11000 ????		f0 8b	    r011       =	$F08B
    148  11000 ????		f0 8c	    r012       =	$F08C
    149  11000 ????		f0 8d	    r013       =	$F08D
    150  11000 ????		f0 8e	    r014       =	$F08E
    151  11000 ????		f0 8f	    r015       =	$F08F
    152  11000 ????		f0 90	    r016       =	$F090
    153  11000 ????		f0 91	    r017       =	$F091
    154  11000 ????		f0 92	    r018       =	$F092
    155  11000 ????		f0 93	    r019       =	$F093
    156  11000 ????		f0 94	    r020       =	$F094
    157  11000 ????		f0 95	    r021       =	$F095
    158  11000 ????		f0 96	    r022       =	$F096
    159  11000 ????		f0 97	    r023       =	$F097
    160  11000 ????		f0 98	    r024       =	$F098
    161  11000 ????		f0 99	    r025       =	$F099
    162  11000 ????		f0 9a	    r026       =	$F09A
    163  11000 ????		f0 9b	    r027       =	$F09B
    164  11000 ????		f0 9c	    r028       =	$F09C
    165  11000 ????		f0 9d	    r029       =	$F09D
    166  11000 ????		f0 9e	    r030       =	$F09E
    167  11000 ????		f0 9f	    r031       =	$F09F
    168  11000 ????		f0 a0	    r032       =	$F0A0
    169  11000 ????		f0 a1	    r033       =	$F0A1
    170  11000 ????		f0 a2	    r034       =	$F0A2
    171  11000 ????		f0 a3	    r035       =	$F0A3
    172  11000 ????		f0 a4	    r036       =	$F0A4
    173  11000 ????		f0 a5	    r037       =	$F0A5
    174  11000 ????		f0 a6	    r038       =	$F0A6
    175  11000 ????		f0 a7	    r039       =	$F0A7
    176  11000 ????		f0 a8	    r040       =	$F0A8
    177  11000 ????		f0 a9	    r041       =	$F0A9
    178  11000 ????		f0 aa	    r042       =	$F0AA
    179  11000 ????		f0 ab	    r043       =	$F0AB
    180  11000 ????		f0 ac	    r044       =	$F0AC
    181  11000 ????		f0 ad	    r045       =	$F0AD
    182  11000 ????		f0 ae	    r046       =	$F0AE
    183  11000 ????		f0 af	    r047       =	$F0AF
    184  11000 ????		f0 b0	    r048       =	$F0B0
    185  11000 ????		f0 b1	    r049       =	$F0B1
    186  11000 ????		f0 b2	    r050       =	$F0B2
    187  11000 ????		f0 b3	    r051       =	$F0B3
    188  11000 ????		f0 b4	    r052       =	$F0B4
    189  11000 ????		f0 b5	    r053       =	$F0B5
    190  11000 ????		f0 b6	    r054       =	$F0B6
    191  11000 ????		f0 b7	    r055       =	$F0B7
    192  11000 ????		f0 b8	    r056       =	$F0B8
    193  11000 ????		f0 b9	    r057       =	$F0B9
    194  11000 ????		f0 ba	    r058       =	$F0BA
    195  11000 ????		f0 bb	    r059       =	$F0BB
    196  11000 ????		f0 bc	    r060       =	$F0BC
    197  11000 ????		f0 bd	    r061       =	$F0BD
    198  11000 ????		f0 be	    r062       =	$F0BE
    199  11000 ????		f0 bf	    r063       =	$F0BF
    200  11000 ????		f0 c0	    r064       =	$F0C0
    201  11000 ????		f0 c1	    r065       =	$F0C1
    202  11000 ????		f0 c2	    r066       =	$F0C2
    203  11000 ????		f0 c3	    r067       =	$F0C3
    204  11000 ????		f0 c4	    r068       =	$F0C4
    205  11000 ????		f0 c5	    r069       =	$F0C5
    206  11000 ????		f0 c6	    r070       =	$F0C6
    207  11000 ????		f0 c7	    r071       =	$F0C7
    208  11000 ????		f0 c8	    r072       =	$F0C8
    209  11000 ????		f0 c9	    r073       =	$F0C9
    210  11000 ????		f0 ca	    r074       =	$F0CA
    211  11000 ????		f0 cb	    r075       =	$F0CB
    212  11000 ????		f0 cc	    r076       =	$F0CC
    213  11000 ????		f0 cd	    r077       =	$F0CD
    214  11000 ????		f0 ce	    r078       =	$F0CE
    215  11000 ????		f0 cf	    r079       =	$F0CF
    216  11000 ????		f0 d0	    r080       =	$F0D0
    217  11000 ????		f0 d1	    r081       =	$F0D1
    218  11000 ????		f0 d2	    r082       =	$F0D2
    219  11000 ????		f0 d3	    r083       =	$F0D3
    220  11000 ????		f0 d4	    r084       =	$F0D4
    221  11000 ????		f0 d5	    r085       =	$F0D5
    222  11000 ????		f0 d6	    r086       =	$F0D6
    223  11000 ????		f0 d7	    r087       =	$F0D7
    224  11000 ????		f0 d8	    r088       =	$F0D8
    225  11000 ????		f0 d9	    r089       =	$F0D9
    226  11000 ????		f0 da	    r090       =	$F0DA
    227  11000 ????		f0 db	    r091       =	$F0DB
    228  11000 ????		f0 dc	    r092       =	$F0DC
    229  11000 ????		f0 dd	    r093       =	$F0DD
    230  11000 ????		f0 de	    r094       =	$F0DE
    231  11000 ????		f0 df	    r095       =	$F0DF
    232  11000 ????		f0 e0	    r096       =	$F0E0
    233  11000 ????		f0 e1	    r097       =	$F0E1
    234  11000 ????		f0 e2	    r098       =	$F0E2
    235  11000 ????		f0 e3	    r099       =	$F0E3
    236  11000 ????		f0 e4	    r100       =	$F0E4
    237  11000 ????		f0 e5	    r101       =	$F0E5
    238  11000 ????		f0 e6	    r102       =	$F0E6
    239  11000 ????		f0 e7	    r103       =	$F0E7
    240  11000 ????		f0 e8	    r104       =	$F0E8
    241  11000 ????		f0 e9	    r105       =	$F0E9
    242  11000 ????		f0 ea	    r106       =	$F0EA
    243  11000 ????		f0 eb	    r107       =	$F0EB
    244  11000 ????		f0 ec	    r108       =	$F0EC
    245  11000 ????		f0 ed	    r109       =	$F0ED
    246  11000 ????		f0 ee	    r110       =	$F0EE
    247  11000 ????		f0 ef	    r111       =	$F0EF
    248  11000 ????		f0 f0	    r112       =	$F0F0
    249  11000 ????		f0 f1	    r113       =	$F0F1
    250  11000 ????		f0 f2	    r114       =	$F0F2
    251  11000 ????		f0 f3	    r115       =	$F0F3
    252  11000 ????		f0 f4	    r116       =	$F0F4
    253  11000 ????		f0 f5	    r117       =	$F0F5
    254  11000 ????		f0 f6	    r118       =	$F0F6
    255  11000 ????		f0 f7	    r119       =	$F0F7
    256  11000 ????		f0 f8	    r120       =	$F0F8
    257  11000 ????		f0 f9	    r121       =	$F0F9
    258  11000 ????		f0 fa	    r122       =	$F0FA
    259  11000 ????		f0 fb	    r123       =	$F0FB
    260  11000 ????		f0 fc	    r124       =	$F0FC
    261  11000 ????		f0 fd	    r125       =	$F0FD
    262  11000 ????		f0 fe	    r126       =	$F0FE
    263  11000 ????		f0 ff	    r127       =	$F0FF
------- FILE 2600basic.h
    201  11000 ????			   -	       else
    202  11000 ????			   -playfieldbase =	$A4
    203  11000 ????				       endif
    204  11000 ????
    205  11000 ????				       ifnconst	pfhalfwidth
    206  11000 ????		00 04	    pfwidth    =	4
    207  11000 ????		00 0e	    PF1L       =	PF1
    208  11000 ????		00 0f	    PF2L       =	PF2
    209  11000 ????		00 0e	    PF1R       =	PF1
    210  11000 ????		00 0f	    PF2R       =	PF2
    211  11000 ????		00 00	    pfadjust   =	0
    212  11000 ????			   -	       else
    213  11000 ????			   -pfwidth    =	2
    214  11000 ????			   -	       ifconst	pfcenter
    215  11000 ????			   -PF1L       =	$3F	; no effect
    216  11000 ????			   -PF2L       =	PF2
    217  11000 ????			   -PF1R       =	$3F
    218  11000 ????			   -PF2R       =	PF2	; no effect
    219  11000 ????			   -pfadjust   =	1
    220  11000 ????			   -	       else
    221  11000 ????			   -PF1L       =	PF1
    222  11000 ????			   -PF2L       =	PF2
    223  11000 ????			   -PF1R       =	$3F	; no effect
    224  11000 ????			   -PF2R       =	$3F	; no effect
    225  11000 ????			   -pfadjust   =	0
    226  11000 ????			   -	       endif
    227  11000 ????				       endif
    228  11000 ????
    229  11000 ????						; define playfield start based on height
    230  11000 ????				       ifnconst	pfres
    231  11000 ????		10 d0	    playfield  =	playfieldbase
    232  11000 ????			   -	       else
    233  11000 ????			   -playfield  =	playfieldbase-(pfres-12*(4/pfwidth))*pfwidth
    234  11000 ????				       endif
------- FILE 64kSC.bas.asm
------- FILE 2600basic_variable_redefs.h LEVEL 2 PASS 2
      0  11000 ????				       include	"2600basic_variable_redefs.h"
      1  11000 ????						; This file contains variable mapping and other information for the current project.
      2  11000 ????
      3  11000 ????		00 24	    bscode_length =	36
      4  11000 ????		00 93	    sc0        =	score
      5  11000 ????
      6  11000 ????		00 d6	    memloc     =	c
      7  11000 ????
      8  11000 ????		00 d5	    bchoice    =	b
      9  11000 ????
     10  11000 ????		00 d4	    frame      =	a
     11  11000 ????
     12  11000 ????		00 01	    superchip  =	1
     13  11000 ????		00 0f	    bs_mask    =	15
     14  11000 ????		00 40	    bankswitch =	64
     15  11000 ????		1f e0	    bankswitch_hotspot =	$1FE0
------- FILE 64kSC.bas.asm
      8  11000 ????				       ifconst	bankswitch
      9  11000 ????			   -	       if	bankswitch == 8
     10  11000 ????			   -	       ORG	$1000
     11  11000 ????			   -	       RORG	$D000
     12  11000 ????				       endif
     13  11000 ????			   -	       if	bankswitch == 16
     14  11000 ????			   -	       ORG	$1000
     15  11000 ????			   -	       RORG	$9000
     16  11000 ????				       endif
     17  11000 ????			   -	       if	bankswitch == 32
     18  11000 ????			   -	       ORG	$1000
     19  11000 ????			   -	       RORG	$1000
     20  11000 ????				       endif
     21  11000 ????				       if	bankswitch == 64
     22  1000					      ORG	$1000
     23  1000					      RORG	$1000
     24  1000					      endif
     25  1000				  -	      else
     26  1000				  -	      ORG	$F000
     27  1000					      endif
     28  1000					      repeat	256
     29  1000		       ff		      .byte.b	$ff
     28  1000					      repend
     29  1001		       ff		      .byte.b	$ff
     28  1001					      repend
     29  1002		       ff		      .byte.b	$ff
     28  1002					      repend
     29  1003		       ff		      .byte.b	$ff
     28  1003					      repend
     29  1004		       ff		      .byte.b	$ff
     28  1004					      repend
     29  1005		       ff		      .byte.b	$ff
     28  1005					      repend
     29  1006		       ff		      .byte.b	$ff
     28  1006					      repend
     29  1007		       ff		      .byte.b	$ff
     28  1007					      repend
     29  1008		       ff		      .byte.b	$ff
     28  1008					      repend
     29  1009		       ff		      .byte.b	$ff
     28  1009					      repend
     29  100a		       ff		      .byte.b	$ff
     28  100a					      repend
     29  100b		       ff		      .byte.b	$ff
     28  100b					      repend
     29  100c		       ff		      .byte.b	$ff
     28  100c					      repend
     29  100d		       ff		      .byte.b	$ff
     28  100d					      repend
     29  100e		       ff		      .byte.b	$ff
     28  100e					      repend
     29  100f		       ff		      .byte.b	$ff
     28  100f					      repend
     29  1010		       ff		      .byte.b	$ff
     28  1010					      repend
     29  1011		       ff		      .byte.b	$ff
     28  1011					      repend
     29  1012		       ff		      .byte.b	$ff
     28  1012					      repend
     29  1013		       ff		      .byte.b	$ff
     28  1013					      repend
     29  1014		       ff		      .byte.b	$ff
     28  1014					      repend
     29  1015		       ff		      .byte.b	$ff
     28  1015					      repend
     29  1016		       ff		      .byte.b	$ff
     28  1016					      repend
     29  1017		       ff		      .byte.b	$ff
     28  1017					      repend
     29  1018		       ff		      .byte.b	$ff
     28  1018					      repend
     29  1019		       ff		      .byte.b	$ff
     28  1019					      repend
     29  101a		       ff		      .byte.b	$ff
     28  101a					      repend
     29  101b		       ff		      .byte.b	$ff
     28  101b					      repend
     29  101c		       ff		      .byte.b	$ff
     28  101c					      repend
     29  101d		       ff		      .byte.b	$ff
     28  101d					      repend
     29  101e		       ff		      .byte.b	$ff
     28  101e					      repend
     29  101f		       ff		      .byte.b	$ff
     28  101f					      repend
     29  1020		       ff		      .byte.b	$ff
     28  1020					      repend
     29  1021		       ff		      .byte.b	$ff
     28  1021					      repend
     29  1022		       ff		      .byte.b	$ff
     28  1022					      repend
     29  1023		       ff		      .byte.b	$ff
     28  1023					      repend
     29  1024		       ff		      .byte.b	$ff
     28  1024					      repend
     29  1025		       ff		      .byte.b	$ff
     28  1025					      repend
     29  1026		       ff		      .byte.b	$ff
     28  1026					      repend
     29  1027		       ff		      .byte.b	$ff
     28  1027					      repend
     29  1028		       ff		      .byte.b	$ff
     28  1028					      repend
     29  1029		       ff		      .byte.b	$ff
     28  1029					      repend
     29  102a		       ff		      .byte.b	$ff
     28  102a					      repend
     29  102b		       ff		      .byte.b	$ff
     28  102b					      repend
     29  102c		       ff		      .byte.b	$ff
     28  102c					      repend
     29  102d		       ff		      .byte.b	$ff
     28  102d					      repend
     29  102e		       ff		      .byte.b	$ff
     28  102e					      repend
     29  102f		       ff		      .byte.b	$ff
     28  102f					      repend
     29  1030		       ff		      .byte.b	$ff
     28  1030					      repend
     29  1031		       ff		      .byte.b	$ff
     28  1031					      repend
     29  1032		       ff		      .byte.b	$ff
     28  1032					      repend
     29  1033		       ff		      .byte.b	$ff
     28  1033					      repend
     29  1034		       ff		      .byte.b	$ff
     28  1034					      repend
     29  1035		       ff		      .byte.b	$ff
     28  1035					      repend
     29  1036		       ff		      .byte.b	$ff
     28  1036					      repend
     29  1037		       ff		      .byte.b	$ff
     28  1037					      repend
     29  1038		       ff		      .byte.b	$ff
     28  1038					      repend
     29  1039		       ff		      .byte.b	$ff
     28  1039					      repend
     29  103a		       ff		      .byte.b	$ff
     28  103a					      repend
     29  103b		       ff		      .byte.b	$ff
     28  103b					      repend
     29  103c		       ff		      .byte.b	$ff
     28  103c					      repend
     29  103d		       ff		      .byte.b	$ff
     28  103d					      repend
     29  103e		       ff		      .byte.b	$ff
     28  103e					      repend
     29  103f		       ff		      .byte.b	$ff
     28  103f					      repend
     29  1040		       ff		      .byte.b	$ff
     28  1040					      repend
     29  1041		       ff		      .byte.b	$ff
     28  1041					      repend
     29  1042		       ff		      .byte.b	$ff
     28  1042					      repend
     29  1043		       ff		      .byte.b	$ff
     28  1043					      repend
     29  1044		       ff		      .byte.b	$ff
     28  1044					      repend
     29  1045		       ff		      .byte.b	$ff
     28  1045					      repend
     29  1046		       ff		      .byte.b	$ff
     28  1046					      repend
     29  1047		       ff		      .byte.b	$ff
     28  1047					      repend
     29  1048		       ff		      .byte.b	$ff
     28  1048					      repend
     29  1049		       ff		      .byte.b	$ff
     28  1049					      repend
     29  104a		       ff		      .byte.b	$ff
     28  104a					      repend
     29  104b		       ff		      .byte.b	$ff
     28  104b					      repend
     29  104c		       ff		      .byte.b	$ff
     28  104c					      repend
     29  104d		       ff		      .byte.b	$ff
     28  104d					      repend
     29  104e		       ff		      .byte.b	$ff
     28  104e					      repend
     29  104f		       ff		      .byte.b	$ff
     28  104f					      repend
     29  1050		       ff		      .byte.b	$ff
     28  1050					      repend
     29  1051		       ff		      .byte.b	$ff
     28  1051					      repend
     29  1052		       ff		      .byte.b	$ff
     28  1052					      repend
     29  1053		       ff		      .byte.b	$ff
     28  1053					      repend
     29  1054		       ff		      .byte.b	$ff
     28  1054					      repend
     29  1055		       ff		      .byte.b	$ff
     28  1055					      repend
     29  1056		       ff		      .byte.b	$ff
     28  1056					      repend
     29  1057		       ff		      .byte.b	$ff
     28  1057					      repend
     29  1058		       ff		      .byte.b	$ff
     28  1058					      repend
     29  1059		       ff		      .byte.b	$ff
     28  1059					      repend
     29  105a		       ff		      .byte.b	$ff
     28  105a					      repend
     29  105b		       ff		      .byte.b	$ff
     28  105b					      repend
     29  105c		       ff		      .byte.b	$ff
     28  105c					      repend
     29  105d		       ff		      .byte.b	$ff
     28  105d					      repend
     29  105e		       ff		      .byte.b	$ff
     28  105e					      repend
     29  105f		       ff		      .byte.b	$ff
     28  105f					      repend
     29  1060		       ff		      .byte.b	$ff
     28  1060					      repend
     29  1061		       ff		      .byte.b	$ff
     28  1061					      repend
     29  1062		       ff		      .byte.b	$ff
     28  1062					      repend
     29  1063		       ff		      .byte.b	$ff
     28  1063					      repend
     29  1064		       ff		      .byte.b	$ff
     28  1064					      repend
     29  1065		       ff		      .byte.b	$ff
     28  1065					      repend
     29  1066		       ff		      .byte.b	$ff
     28  1066					      repend
     29  1067		       ff		      .byte.b	$ff
     28  1067					      repend
     29  1068		       ff		      .byte.b	$ff
     28  1068					      repend
     29  1069		       ff		      .byte.b	$ff
     28  1069					      repend
     29  106a		       ff		      .byte.b	$ff
     28  106a					      repend
     29  106b		       ff		      .byte.b	$ff
     28  106b					      repend
     29  106c		       ff		      .byte.b	$ff
     28  106c					      repend
     29  106d		       ff		      .byte.b	$ff
     28  106d					      repend
     29  106e		       ff		      .byte.b	$ff
     28  106e					      repend
     29  106f		       ff		      .byte.b	$ff
     28  106f					      repend
     29  1070		       ff		      .byte.b	$ff
     28  1070					      repend
     29  1071		       ff		      .byte.b	$ff
     28  1071					      repend
     29  1072		       ff		      .byte.b	$ff
     28  1072					      repend
     29  1073		       ff		      .byte.b	$ff
     28  1073					      repend
     29  1074		       ff		      .byte.b	$ff
     28  1074					      repend
     29  1075		       ff		      .byte.b	$ff
     28  1075					      repend
     29  1076		       ff		      .byte.b	$ff
     28  1076					      repend
     29  1077		       ff		      .byte.b	$ff
     28  1077					      repend
     29  1078		       ff		      .byte.b	$ff
     28  1078					      repend
     29  1079		       ff		      .byte.b	$ff
     28  1079					      repend
     29  107a		       ff		      .byte.b	$ff
     28  107a					      repend
     29  107b		       ff		      .byte.b	$ff
     28  107b					      repend
     29  107c		       ff		      .byte.b	$ff
     28  107c					      repend
     29  107d		       ff		      .byte.b	$ff
     28  107d					      repend
     29  107e		       ff		      .byte.b	$ff
     28  107e					      repend
     29  107f		       ff		      .byte.b	$ff
     28  107f					      repend
     29  1080		       ff		      .byte.b	$ff
     28  1080					      repend
     29  1081		       ff		      .byte.b	$ff
     28  1081					      repend
     29  1082		       ff		      .byte.b	$ff
     28  1082					      repend
     29  1083		       ff		      .byte.b	$ff
     28  1083					      repend
     29  1084		       ff		      .byte.b	$ff
     28  1084					      repend
     29  1085		       ff		      .byte.b	$ff
     28  1085					      repend
     29  1086		       ff		      .byte.b	$ff
     28  1086					      repend
     29  1087		       ff		      .byte.b	$ff
     28  1087					      repend
     29  1088		       ff		      .byte.b	$ff
     28  1088					      repend
     29  1089		       ff		      .byte.b	$ff
     28  1089					      repend
     29  108a		       ff		      .byte.b	$ff
     28  108a					      repend
     29  108b		       ff		      .byte.b	$ff
     28  108b					      repend
     29  108c		       ff		      .byte.b	$ff
     28  108c					      repend
     29  108d		       ff		      .byte.b	$ff
     28  108d					      repend
     29  108e		       ff		      .byte.b	$ff
     28  108e					      repend
     29  108f		       ff		      .byte.b	$ff
     28  108f					      repend
     29  1090		       ff		      .byte.b	$ff
     28  1090					      repend
     29  1091		       ff		      .byte.b	$ff
     28  1091					      repend
     29  1092		       ff		      .byte.b	$ff
     28  1092					      repend
     29  1093		       ff		      .byte.b	$ff
     28  1093					      repend
     29  1094		       ff		      .byte.b	$ff
     28  1094					      repend
     29  1095		       ff		      .byte.b	$ff
     28  1095					      repend
     29  1096		       ff		      .byte.b	$ff
     28  1096					      repend
     29  1097		       ff		      .byte.b	$ff
     28  1097					      repend
     29  1098		       ff		      .byte.b	$ff
     28  1098					      repend
     29  1099		       ff		      .byte.b	$ff
     28  1099					      repend
     29  109a		       ff		      .byte.b	$ff
     28  109a					      repend
     29  109b		       ff		      .byte.b	$ff
     28  109b					      repend
     29  109c		       ff		      .byte.b	$ff
     28  109c					      repend
     29  109d		       ff		      .byte.b	$ff
     28  109d					      repend
     29  109e		       ff		      .byte.b	$ff
     28  109e					      repend
     29  109f		       ff		      .byte.b	$ff
     28  109f					      repend
     29  10a0		       ff		      .byte.b	$ff
     28  10a0					      repend
     29  10a1		       ff		      .byte.b	$ff
     28  10a1					      repend
     29  10a2		       ff		      .byte.b	$ff
     28  10a2					      repend
     29  10a3		       ff		      .byte.b	$ff
     28  10a3					      repend
     29  10a4		       ff		      .byte.b	$ff
     28  10a4					      repend
     29  10a5		       ff		      .byte.b	$ff
     28  10a5					      repend
     29  10a6		       ff		      .byte.b	$ff
     28  10a6					      repend
     29  10a7		       ff		      .byte.b	$ff
     28  10a7					      repend
     29  10a8		       ff		      .byte.b	$ff
     28  10a8					      repend
     29  10a9		       ff		      .byte.b	$ff
     28  10a9					      repend
     29  10aa		       ff		      .byte.b	$ff
     28  10aa					      repend
     29  10ab		       ff		      .byte.b	$ff
     28  10ab					      repend
     29  10ac		       ff		      .byte.b	$ff
     28  10ac					      repend
     29  10ad		       ff		      .byte.b	$ff
     28  10ad					      repend
     29  10ae		       ff		      .byte.b	$ff
     28  10ae					      repend
     29  10af		       ff		      .byte.b	$ff
     28  10af					      repend
     29  10b0		       ff		      .byte.b	$ff
     28  10b0					      repend
     29  10b1		       ff		      .byte.b	$ff
     28  10b1					      repend
     29  10b2		       ff		      .byte.b	$ff
     28  10b2					      repend
     29  10b3		       ff		      .byte.b	$ff
     28  10b3					      repend
     29  10b4		       ff		      .byte.b	$ff
     28  10b4					      repend
     29  10b5		       ff		      .byte.b	$ff
     28  10b5					      repend
     29  10b6		       ff		      .byte.b	$ff
     28  10b6					      repend
     29  10b7		       ff		      .byte.b	$ff
     28  10b7					      repend
     29  10b8		       ff		      .byte.b	$ff
     28  10b8					      repend
     29  10b9		       ff		      .byte.b	$ff
     28  10b9					      repend
     29  10ba		       ff		      .byte.b	$ff
     28  10ba					      repend
     29  10bb		       ff		      .byte.b	$ff
     28  10bb					      repend
     29  10bc		       ff		      .byte.b	$ff
     28  10bc					      repend
     29  10bd		       ff		      .byte.b	$ff
     28  10bd					      repend
     29  10be		       ff		      .byte.b	$ff
     28  10be					      repend
     29  10bf		       ff		      .byte.b	$ff
     28  10bf					      repend
     29  10c0		       ff		      .byte.b	$ff
     28  10c0					      repend
     29  10c1		       ff		      .byte.b	$ff
     28  10c1					      repend
     29  10c2		       ff		      .byte.b	$ff
     28  10c2					      repend
     29  10c3		       ff		      .byte.b	$ff
     28  10c3					      repend
     29  10c4		       ff		      .byte.b	$ff
     28  10c4					      repend
     29  10c5		       ff		      .byte.b	$ff
     28  10c5					      repend
     29  10c6		       ff		      .byte.b	$ff
     28  10c6					      repend
     29  10c7		       ff		      .byte.b	$ff
     28  10c7					      repend
     29  10c8		       ff		      .byte.b	$ff
     28  10c8					      repend
     29  10c9		       ff		      .byte.b	$ff
     28  10c9					      repend
     29  10ca		       ff		      .byte.b	$ff
     28  10ca					      repend
     29  10cb		       ff		      .byte.b	$ff
     28  10cb					      repend
     29  10cc		       ff		      .byte.b	$ff
     28  10cc					      repend
     29  10cd		       ff		      .byte.b	$ff
     28  10cd					      repend
     29  10ce		       ff		      .byte.b	$ff
     28  10ce					      repend
     29  10cf		       ff		      .byte.b	$ff
     28  10cf					      repend
     29  10d0		       ff		      .byte.b	$ff
     28  10d0					      repend
     29  10d1		       ff		      .byte.b	$ff
     28  10d1					      repend
     29  10d2		       ff		      .byte.b	$ff
     28  10d2					      repend
     29  10d3		       ff		      .byte.b	$ff
     28  10d3					      repend
     29  10d4		       ff		      .byte.b	$ff
     28  10d4					      repend
     29  10d5		       ff		      .byte.b	$ff
     28  10d5					      repend
     29  10d6		       ff		      .byte.b	$ff
     28  10d6					      repend
     29  10d7		       ff		      .byte.b	$ff
     28  10d7					      repend
     29  10d8		       ff		      .byte.b	$ff
     28  10d8					      repend
     29  10d9		       ff		      .byte.b	$ff
     28  10d9					      repend
     29  10da		       ff		      .byte.b	$ff
     28  10da					      repend
     29  10db		       ff		      .byte.b	$ff
     28  10db					      repend
     29  10dc		       ff		      .byte.b	$ff
     28  10dc					      repend
     29  10dd		       ff		      .byte.b	$ff
     28  10dd					      repend
     29  10de		       ff		      .byte.b	$ff
     28  10de					      repend
     29  10df		       ff		      .byte.b	$ff
     28  10df					      repend
     29  10e0		       ff		      .byte.b	$ff
     28  10e0					      repend
     29  10e1		       ff		      .byte.b	$ff
     28  10e1					      repend
     29  10e2		       ff		      .byte.b	$ff
     28  10e2					      repend
     29  10e3		       ff		      .byte.b	$ff
     28  10e3					      repend
     29  10e4		       ff		      .byte.b	$ff
     28  10e4					      repend
     29  10e5		       ff		      .byte.b	$ff
     28  10e5					      repend
     29  10e6		       ff		      .byte.b	$ff
     28  10e6					      repend
     29  10e7		       ff		      .byte.b	$ff
     28  10e7					      repend
     29  10e8		       ff		      .byte.b	$ff
     28  10e8					      repend
     29  10e9		       ff		      .byte.b	$ff
     28  10e9					      repend
     29  10ea		       ff		      .byte.b	$ff
     28  10ea					      repend
     29  10eb		       ff		      .byte.b	$ff
     28  10eb					      repend
     29  10ec		       ff		      .byte.b	$ff
     28  10ec					      repend
     29  10ed		       ff		      .byte.b	$ff
     28  10ed					      repend
     29  10ee		       ff		      .byte.b	$ff
     28  10ee					      repend
     29  10ef		       ff		      .byte.b	$ff
     28  10ef					      repend
     29  10f0		       ff		      .byte.b	$ff
     28  10f0					      repend
     29  10f1		       ff		      .byte.b	$ff
     28  10f1					      repend
     29  10f2		       ff		      .byte.b	$ff
     28  10f2					      repend
     29  10f3		       ff		      .byte.b	$ff
     28  10f3					      repend
     29  10f4		       ff		      .byte.b	$ff
     28  10f4					      repend
     29  10f5		       ff		      .byte.b	$ff
     28  10f5					      repend
     29  10f6		       ff		      .byte.b	$ff
     28  10f6					      repend
     29  10f7		       ff		      .byte.b	$ff
     28  10f7					      repend
     29  10f8		       ff		      .byte.b	$ff
     28  10f8					      repend
     29  10f9		       ff		      .byte.b	$ff
     28  10f9					      repend
     29  10fa		       ff		      .byte.b	$ff
     28  10fa					      repend
     29  10fb		       ff		      .byte.b	$ff
     28  10fb					      repend
     29  10fc		       ff		      .byte.b	$ff
     28  10fc					      repend
     29  10fd		       ff		      .byte.b	$ff
     28  10fd					      repend
     29  10fe		       ff		      .byte.b	$ff
     28  10fe					      repend
     29  10ff		       ff		      .byte.b	$ff
     30  1100					      repend
     31  1100				   game
     32  1100				   .L00 		;;line 1;;  rem ** The 64kSC test program
     33  1100
     34  1100				   .L01 		;;line 2;;  rem **
     35  1100
     36  1100				   .L02 		;;line 3;;  rem ** This runs through bank changes and does a memory test in each bank. 
     37  1100
     38  1100				   .L03 		;;line 4;;  rem ** The score is adjusted to reflect the last successful bank # changed 
     39  1100
     40  1100				   .L04 		;;line 5;;  rem ** to. The background color register changes according to the bank # 
     41  1100
     42  1100				   .L05 		;;line 6;;  rem ** that was tested, whether it was successful or not.
     43  1100
     44  1100				   .L06 		;;line 7;;  rem ** If the memory test fails from any bank, the score turns dark red and
     45  1100
     46  1100				   .L07 		;;line 8;;  rem ** the first score digit turns to "99"
     47  1100
     48  1100				   .
     49  1100							;;line 9;;
     50  1100
     51  1100				   .L08 		;;line 10;;  set romsize 64kSC
     52  1100
     53  1100				   .
     54  1100							;;line 11;;
     55  1100
     56  1100				   .L09 		;;line 12;;  dim frame = a
     57  1100
     58  1100				   .L010		;;line 13;;  dim bchoice = b
     59  1100
     60  1100				   .L011		;;line 14;;  dim memloc = c
     61  1100
     62  1100				   .
     63  1100							;;line 15;;
     64  1100
     65  1100				   .L012		;;line 16;;  dim sc0 = score
     66  1100
     67  1100				   .
     68  1100							;;line 17;;
     69  1100
     70  1100				   .L013		;;line 18;;  for memloc = 0 to 127
     71  1100
     72  1100		       a9 00		      LDA	#0
     73  1102		       85 d6		      STA	memloc
     74  1104				   .L013formemloc
     75  1104				   .L014		;;line 19;;  w000[memloc] = $aa
     76  1104
     77  1104		       a9 aa		      LDA	#$aa
     78  1106		       a6 d6		      LDX	memloc
     79  1108		       9d 00 f0 	      STA	w000,x
     80  110b				   .L015		;;line 20;;  next
     81  110b
     82  110b		       a5 d6		      LDA	memloc
     83  110d		       c9 7f		      CMP	#127
     84  110f		       e6 d6		      INC	memloc
     85  1111		       90 f1		      bcc	.L013formemloc
     86  1113				  -	      if	( (((((#>*)&$1f)*256)|(#<.L013formemloc))>=bankswitch_hotspot) && (((((#>*)&$1f)*256)|(#<.L013formemloc))<=(bankswitch_hotspot+bs_mask)) )
     87  1113				  -	      echo	"WARNING: branch near the end of bank 1 may accidentally trigger a bankswitch. Reposition code there if bad things happen."
     88  1113					      endif
     89  1113				   .
     90  1113							;;line 21;;
     91  1113
     92  1113				   .L016		;;line 22;;  score = 1
     93  1113
     94  1113		       a9 01		      LDA	#$01
     95  1115		       85 95		      STA	score+2
     96  1117		       a9 00		      LDA	#$00
     97  1119		       85 94		      STA	score+1
     98  111b		       a9 00		      LDA	#$00
     99  111d		       85 93		      STA	score
    100  111f				   .L017		;;line 23;;  bchoice = 0
    101  111f
    102  111f		       a9 00		      LDA	#0
    103  1121		       85 d5		      STA	bchoice
    104  1123				   .
    105  1123							;;line 24;;
    106  1123
    107  1123				   .main
    108  1123							;;line 25;; main
    109  1123
    110  1123				   .L018		;;line 26;;  scorecolor = $0f
    111  1123
    112  1123		       a9 0f		      LDA	#$0f
    113  1125		       85 a3		      STA	scorecolor
    114  1127				   .L019		;;line 27;;  COLUBK = bchoice * 4 * 4 + 2
    115  1127
    116  1127							; complex statement detected
    117  1127		       a5 d5		      LDA	bchoice
    118  1129		       0a		      asl
    119  112a		       0a		      asl
    120  112b		       0a		      asl
    121  112c		       0a		      asl
    122  112d		       18		      CLC
    123  112e		       69 02		      ADC	#2
    124  1130		       85 09		      STA	COLUBK
    125  1132				   .
    126  1132							;;line 28;;
    127  1132
    128  1132				   .L020		;;line 29;;  if bchoice = 0 then score = 1
    129  1132
    130  1132		       a5 d5		      LDA	bchoice
    131  1134		       c9 00		      CMP	#0
    132  1136		       d0 0c		      BNE	.skipL020
    133  1138				   .condpart0
    134  1138		       a9 01		      LDA	#$01
    135  113a		       85 95		      STA	score+2
    136  113c		       a9 00		      LDA	#$00
    137  113e		       85 94		      STA	score+1
    138  1140		       a9 00		      LDA	#$00
    139  1142		       85 93		      STA	score
    140  1144				   .skipL020
    141  1144				   .L021		;;line 30;;  if bchoice = 1 then goto bsub2 bank2
    142  1144
    143  1144		       a5 d5		      LDA	bchoice
    144  1146		       c9 01		      CMP	#1
    145  1148		       d0 12		      BNE	.skipL021
    146  114a				   .condpart1
    147  114a		       85 ee		      sta	temp7
    148  114c		       a9 30		      lda	#>(.bsub2-1)
    149  114e		       48		      pha
    150  114f		       a9 ff		      lda	#<(.bsub2-1)
    151  1151		       48		      pha
    152  1152		       a5 ee		      lda	temp7
    153  1154		       48		      pha
    154  1155		       8a		      txa
    155  1156		       48		      pha
    156  1157		       a2 02		      ldx	#2
    157  1159		       4c d7 ff 	      jmp	BS_jsr
    158  115c				   .skipL021
    159  115c				   .L022		;;line 31;;  if bchoice = 2 then goto bsub3 bank3
    160  115c
    161  115c		       a5 d5		      LDA	bchoice
    162  115e		       c9 02		      CMP	#2
    163  1160		       d0 12		      BNE	.skipL022
    164  1162				   .condpart2
    165  1162		       85 ee		      sta	temp7
    166  1164		       a9 50		      lda	#>(.bsub3-1)
    167  1166		       48		      pha
    168  1167		       a9 ff		      lda	#<(.bsub3-1)
    169  1169		       48		      pha
    170  116a		       a5 ee		      lda	temp7
    171  116c		       48		      pha
    172  116d		       8a		      txa
    173  116e		       48		      pha
    174  116f		       a2 03		      ldx	#3
    175  1171		       4c d7 ff 	      jmp	BS_jsr
    176  1174				   .skipL022
    177  1174				   .L023		;;line 32;;  if bchoice = 3 then goto bsub4 bank4
    178  1174
    179  1174		       a5 d5		      LDA	bchoice
    180  1176		       c9 03		      CMP	#3
    181  1178		       d0 12		      BNE	.skipL023
    182  117a				   .condpart3
    183  117a		       85 ee		      sta	temp7
    184  117c		       a9 70		      lda	#>(.bsub4-1)
    185  117e		       48		      pha
    186  117f		       a9 ff		      lda	#<(.bsub4-1)
    187  1181		       48		      pha
    188  1182		       a5 ee		      lda	temp7
    189  1184		       48		      pha
    190  1185		       8a		      txa
    191  1186		       48		      pha
    192  1187		       a2 04		      ldx	#4
    193  1189		       4c d7 ff 	      jmp	BS_jsr
    194  118c				   .skipL023
    195  118c				   .L024		;;line 33;;  if bchoice = 4 then goto bsub5 bank5
    196  118c
    197  118c		       a5 d5		      LDA	bchoice
    198  118e		       c9 04		      CMP	#4
    199  1190		       d0 12		      BNE	.skipL024
    200  1192				   .condpart4
    201  1192		       85 ee		      sta	temp7
    202  1194		       a9 90		      lda	#>(.bsub5-1)
    203  1196		       48		      pha
    204  1197		       a9 ff		      lda	#<(.bsub5-1)
    205  1199		       48		      pha
    206  119a		       a5 ee		      lda	temp7
    207  119c		       48		      pha
    208  119d		       8a		      txa
    209  119e		       48		      pha
    210  119f		       a2 05		      ldx	#5
    211  11a1		       4c d7 ff 	      jmp	BS_jsr
    212  11a4				   .skipL024
    213  11a4				   .L025		;;line 34;;  if bchoice = 5 then goto bsub6 bank6
    214  11a4
    215  11a4		       a5 d5		      LDA	bchoice
    216  11a6		       c9 05		      CMP	#5
    217  11a8		       d0 12		      BNE	.skipL025
    218  11aa				   .condpart5
    219  11aa		       85 ee		      sta	temp7
    220  11ac		       a9 b0		      lda	#>(.bsub6-1)
    221  11ae		       48		      pha
    222  11af		       a9 ff		      lda	#<(.bsub6-1)
    223  11b1		       48		      pha
    224  11b2		       a5 ee		      lda	temp7
    225  11b4		       48		      pha
    226  11b5		       8a		      txa
    227  11b6		       48		      pha
    228  11b7		       a2 06		      ldx	#6
    229  11b9		       4c d7 ff 	      jmp	BS_jsr
    230  11bc				   .skipL025
    231  11bc				   .L026		;;line 35;;  if bchoice = 6 then goto bsub7 bank7
    232  11bc
    233  11bc		       a5 d5		      LDA	bchoice
    234  11be		       c9 06		      CMP	#6
    235  11c0		       d0 12		      BNE	.skipL026
    236  11c2				   .condpart6
    237  11c2		       85 ee		      sta	temp7
    238  11c4		       a9 d0		      lda	#>(.bsub7-1)
    239  11c6		       48		      pha
    240  11c7		       a9 ff		      lda	#<(.bsub7-1)
    241  11c9		       48		      pha
    242  11ca		       a5 ee		      lda	temp7
    243  11cc		       48		      pha
    244  11cd		       8a		      txa
    245  11ce		       48		      pha
    246  11cf		       a2 07		      ldx	#7
    247  11d1		       4c d7 ff 	      jmp	BS_jsr
    248  11d4				   .skipL026
    249  11d4				   .L027		;;line 36;;  if bchoice = 7 then goto bsub8 bank8
    250  11d4
    251  11d4		       a5 d5		      LDA	bchoice
    252  11d6		       c9 07		      CMP	#7
    253  11d8		       d0 12		      BNE	.skipL027
    254  11da				   .condpart7
    255  11da		       85 ee		      sta	temp7
    256  11dc		       a9 f0		      lda	#>(.bsub8-1)
    257  11de		       48		      pha
    258  11df		       a9 ff		      lda	#<(.bsub8-1)
    259  11e1		       48		      pha
    260  11e2		       a5 ee		      lda	temp7
    261  11e4		       48		      pha
    262  11e5		       8a		      txa
    263  11e6		       48		      pha
    264  11e7		       a2 08		      ldx	#8
    265  11e9		       4c d7 ff 	      jmp	BS_jsr
    266  11ec				   .skipL027
    267  11ec				   .L028		;;line 37;;  if bchoice = 8 then goto bsub9 bank9
    268  11ec
    269  11ec		       a5 d5		      LDA	bchoice
    270  11ee		       c9 08		      CMP	#8
    271  11f0		       d0 12		      BNE	.skipL028
    272  11f2				   .condpart8
    273  11f2		       85 ee		      sta	temp7
    274  11f4		       a9 10		      lda	#>(.bsub9-1)
    275  11f6		       48		      pha
    276  11f7		       a9 ff		      lda	#<(.bsub9-1)
    277  11f9		       48		      pha
    278  11fa		       a5 ee		      lda	temp7
    279  11fc		       48		      pha
    280  11fd		       8a		      txa
    281  11fe		       48		      pha
    282  11ff		       a2 09		      ldx	#9
    283  1201		       4c d7 ff 	      jmp	BS_jsr
    284  1204				   .skipL028
    285  1204				   .L029		;;line 38;;  if bchoice = 9 then goto bsub10 bank10
    286  1204
    287  1204		       a5 d5		      LDA	bchoice
    288  1206		       c9 09		      CMP	#9
    289  1208		       d0 12		      BNE	.skipL029
    290  120a				   .condpart9
    291  120a		       85 ee		      sta	temp7
    292  120c		       a9 30		      lda	#>(.bsub10-1)
    293  120e		       48		      pha
    294  120f		       a9 ff		      lda	#<(.bsub10-1)
    295  1211		       48		      pha
    296  1212		       a5 ee		      lda	temp7
    297  1214		       48		      pha
    298  1215		       8a		      txa
    299  1216		       48		      pha
    300  1217		       a2 0a		      ldx	#10
    301  1219		       4c d7 ff 	      jmp	BS_jsr
    302  121c				   .skipL029
    303  121c				   .L030		;;line 39;;  if bchoice = 10 then goto bsub11 bank11
    304  121c
    305  121c		       a5 d5		      LDA	bchoice
    306  121e		       c9 0a		      CMP	#10
    307  1220		       d0 12		      BNE	.skipL030
    308  1222				   .condpart10
    309  1222		       85 ee		      sta	temp7
    310  1224		       a9 50		      lda	#>(.bsub11-1)
    311  1226		       48		      pha
    312  1227		       a9 ff		      lda	#<(.bsub11-1)
    313  1229		       48		      pha
    314  122a		       a5 ee		      lda	temp7
    315  122c		       48		      pha
    316  122d		       8a		      txa
    317  122e		       48		      pha
    318  122f		       a2 0b		      ldx	#11
    319  1231		       4c d7 ff 	      jmp	BS_jsr
    320  1234				   .skipL030
    321  1234				   .L031		;;line 40;;  if bchoice = 11 then goto bsub12 bank12
    322  1234
    323  1234		       a5 d5		      LDA	bchoice
    324  1236		       c9 0b		      CMP	#11
    325  1238		       d0 12		      BNE	.skipL031
    326  123a				   .condpart11
    327  123a		       85 ee		      sta	temp7
    328  123c		       a9 70		      lda	#>(.bsub12-1)
    329  123e		       48		      pha
    330  123f		       a9 ff		      lda	#<(.bsub12-1)
    331  1241		       48		      pha
    332  1242		       a5 ee		      lda	temp7
    333  1244		       48		      pha
    334  1245		       8a		      txa
    335  1246		       48		      pha
    336  1247		       a2 0c		      ldx	#12
    337  1249		       4c d7 ff 	      jmp	BS_jsr
    338  124c				   .skipL031
    339  124c				   .L032		;;line 41;;  if bchoice = 12 then goto bsub13 bank13
    340  124c
    341  124c		       a5 d5		      LDA	bchoice
    342  124e		       c9 0c		      CMP	#12
    343  1250		       d0 12		      BNE	.skipL032
    344  1252				   .condpart12
    345  1252		       85 ee		      sta	temp7
    346  1254		       a9 90		      lda	#>(.bsub13-1)
    347  1256		       48		      pha
    348  1257		       a9 ff		      lda	#<(.bsub13-1)
    349  1259		       48		      pha
    350  125a		       a5 ee		      lda	temp7
    351  125c		       48		      pha
    352  125d		       8a		      txa
    353  125e		       48		      pha
    354  125f		       a2 0d		      ldx	#13
    355  1261		       4c d7 ff 	      jmp	BS_jsr
    356  1264				   .skipL032
    357  1264				   .L033		;;line 42;;  if bchoice = 13 then goto bsub14 bank14
    358  1264
    359  1264		       a5 d5		      LDA	bchoice
    360  1266		       c9 0d		      CMP	#13
    361  1268		       d0 12		      BNE	.skipL033
    362  126a				   .condpart13
    363  126a		       85 ee		      sta	temp7
    364  126c		       a9 b0		      lda	#>(.bsub14-1)
    365  126e		       48		      pha
    366  126f		       a9 ff		      lda	#<(.bsub14-1)
    367  1271		       48		      pha
    368  1272		       a5 ee		      lda	temp7
    369  1274		       48		      pha
    370  1275		       8a		      txa
    371  1276		       48		      pha
    372  1277		       a2 0e		      ldx	#14
    373  1279		       4c d7 ff 	      jmp	BS_jsr
    374  127c				   .skipL033
    375  127c				   .L034		;;line 43;;  if bchoice = 14 then goto bsub15 bank15
    376  127c
    377  127c		       a5 d5		      LDA	bchoice
    378  127e		       c9 0e		      CMP	#14
    379  1280		       d0 12		      BNE	.skipL034
    380  1282				   .condpart14
    381  1282		       85 ee		      sta	temp7
    382  1284		       a9 d0		      lda	#>(.bsub15-1)
    383  1286		       48		      pha
    384  1287		       a9 ff		      lda	#<(.bsub15-1)
    385  1289		       48		      pha
    386  128a		       a5 ee		      lda	temp7
    387  128c		       48		      pha
    388  128d		       8a		      txa
    389  128e		       48		      pha
    390  128f		       a2 0f		      ldx	#15
    391  1291		       4c d7 ff 	      jmp	BS_jsr
    392  1294				   .skipL034
    393  1294				   .L035		;;line 44;;  if bchoice = 15 then goto bsub16 bank16
    394  1294
    395  1294		       a5 d5		      LDA	bchoice
    396  1296		       c9 0f		      CMP	#15
    397  1298		       d0 12		      BNE	.skipL035
    398  129a				   .condpart15
    399  129a		       85 ee		      sta	temp7
    400  129c		       a9 f6		      lda	#>(.bsub16-1)
    401  129e		       48		      pha
    402  129f		       a9 20		      lda	#<(.bsub16-1)
    403  12a1		       48		      pha
    404  12a2		       a5 ee		      lda	temp7
    405  12a4		       48		      pha
    406  12a5		       8a		      txa
    407  12a6		       48		      pha
    408  12a7		       a2 10		      ldx	#16
    409  12a9		       4c d7 ff 	      jmp	BS_jsr
    410  12ac				   .skipL035
    411  12ac				   .
    412  12ac							;;line 45;;
    413  12ac
    414  12ac				   .
    415  12ac							;;line 46;;
    416  12ac
    417  12ac				   .L036		;;line 47;;  for memloc = 0 to 127
    418  12ac
    419  12ac		       a9 00		      LDA	#0
    420  12ae		       85 d6		      STA	memloc
    421  12b0				   .L036formemloc
    422  12b0				   .L037		;;line 48;;  temp1 = r000[memloc]
    423  12b0
    424  12b0		       a6 d6		      LDX	memloc
    425  12b2		       bd 80 f0 	      LDA	r000,x
    426  12b5		       85 9c		      STA	temp1
    427  12b7				   .L038		;;line 49;;  w000[memloc] = r000[memloc] ^ $ff
    428  12b7
    429  12b7		       a6 d6		      LDX	memloc
    430  12b9		       bd 80 f0 	      LDA	r000,x
    431  12bc		       49 ff		      EOR	#$ff
    432  12be		       a6 d6		      LDX	memloc
    433  12c0		       9d 00 f0 	      STA	w000,x
    434  12c3				   .L039		;;line 50;;  temp1 = temp1 ^ $ff
    435  12c3
    436  12c3		       a5 9c		      LDA	temp1
    437  12c5		       49 ff		      EOR	#$ff
    438  12c7		       85 9c		      STA	temp1
    439  12c9				   .L040		;;line 51;;  if r000[memloc] <> temp1 then sc0 = $99 : scorecolor = $42
    440  12c9
    441  12c9		       a6 d6		      LDX	memloc
    442  12cb		       bd 80 f0 	      LDA	r000,x
    443  12ce		       c5 9c		      CMP	temp1
    444  12d0		       f0 08		      BEQ	.skipL040
    445  12d2				   .condpart16
    446  12d2		       a9 99		      LDA	#$99
    447  12d4		       85 93		      STA	sc0
    448  12d6		       a9 42		      LDA	#$42
    449  12d8		       85 a3		      STA	scorecolor
    450  12da				   .skipL040
    451  12da				   .L041		;;line 52;;  drawscreen
    452  12da
    453  12da		       85 ee		      sta	temp7
    454  12dc		       a9 02		      lda	#(((>(ret_point1-1)) & $0F) | $00)
    455  12de		       48		      pha
    456  12df		       a9 f1		      lda	#<(ret_point1-1)
    457  12e1		       48		      pha
    458  12e2		       a9 f5		      lda	#>(drawscreen-1)
    459  12e4		       48		      pha
    460  12e5		       a9 80		      lda	#<(drawscreen-1)
    461  12e7		       48		      pha
    462  12e8		       a5 ee		      lda	temp7
    463  12ea		       48		      pha
    464  12eb		       8a		      txa
    465  12ec		       48		      pha
    466  12ed		       a2 10		      ldx	#16
    467  12ef		       4c d7 ff 	      jmp	BS_jsr
    468  12f2				   ret_point1
    469  12f2				   .L042		;;line 53;;  next
    470  12f2
    471  12f2		       a5 d6		      LDA	memloc
    472  12f4		       c9 7f		      CMP	#127
    473  12f6		       e6 d6		      INC	memloc
    474  12f8		       90 b6		      bcc	.L036formemloc
    475  12fa				  -	      if	( (((((#>*)&$1f)*256)|(#<.L036formemloc))>=bankswitch_hotspot) && (((((#>*)&$1f)*256)|(#<.L036formemloc))<=(bankswitch_hotspot+bs_mask)) )
    476  12fa				  -	      echo	"WARNING: branch near the end of bank 1 may accidentally trigger a bankswitch. Reposition code there if bad things happen."
    477  12fa					      endif
    478  12fa				   .
    479  12fa							;;line 54;;
    480  12fa
    481  12fa				   .goback
    482  12fa							;;line 55;; goback
    483  12fa
    484  12fa				   .
    485  12fa							;;line 56;;
    486  12fa
    487  12fa				   .L043		;;line 57;;  bchoice = bchoice + 1 : if bchoice > 15 then bchoice = 0
    488  12fa
    489  12fa		       e6 d5		      INC	bchoice
    490  12fc		       a9 0f		      LDA	#15
    491  12fe		       c5 d5		      CMP	bchoice
    492  1300		       b0 04		      BCS	.skipL043
    493  1302				   .condpart17
    494  1302		       a9 00		      LDA	#0
    495  1304		       85 d5		      STA	bchoice
    496  1306				   .skipL043
    497  1306				   .L044		;;line 58;;  goto main
    498  1306
    499  1306		       4c 23 11 	      jmp	.main
    500  1309				   .
    501  1309							;;line 59;;
    502  1309
    503  1309				   .L045		;;line 60;;  bank 2
    504  1309
    505  1309					      if	ECHO1
      3251 bytes of ROM space left in bank 1
    506  1309					      echo	"    ",[(start_bank1 - *)]d , "bytes of ROM space left in bank 1")
    507  1309					      endif
    508  1309		       00 01	   ECHO1      =	1
    509  1fbc					      ORG	$1FE0-bscode_length
    510  1fbc					      RORG	$1FE0-bscode_length
    511  1fbc		       a2 ff	   start_bank1 ldx	#$ff
    512  1fbe				  -	      ifconst	FASTFETCH	; using DPC+
    513  1fbe				  -	      stx	FASTFETCH
    514  1fbe					      endif
    515  1fbe		       9a		      txs
    516  1fbf					      if	bankswitch == 64
    517  1fbf		       a9 f3		      lda	#(((>(start-1)) & $0F) | $F0)
    518  1fc1				  -	      else
    519  1fc1				  -	      lda	#>(start-1)
    520  1fc1					      endif
    521  1fc1		       48		      pha
    522  1fc2		       a9 4f		      lda	#<(start-1)
    523  1fc4		       48		      pha
    524  1fc5		       48		      pha
    525  1fc6		       8a		      txa
    526  1fc7		       48		      pha
    527  1fc8		       ba		      tsx
    528  1fc9				  -	      if	bankswitch != 64
    529  1fc9				  -	      lda	4,x	; get high byte of return address
    530  1fc9				  -	      rol
    531  1fc9				  -	      rol
    532  1fc9				  -	      rol
    533  1fc9				  -	      rol
    534  1fc9				  -	      and	#bs_mask	;1 3 or 7 for F8/F6/F4
    535  1fc9				  -	      tax
    536  1fc9				  -	      inx
    537  1fc9					      else
    538  1fc9		       b5 04		      lda	4,x	; get high byte of return address
    539  1fcb		       a8		      tay
    540  1fcc		       09 10		      ora	#$10	; change our bank nibble into a valid rom mirror
    541  1fce		       95 04		      sta	4,x
    542  1fd0		       98		      tya
    543  1fd1		       4a		      lsr
    544  1fd2		       4a		      lsr
    545  1fd3		       4a		      lsr
    546  1fd4		       4a		      lsr
    547  1fd5		       aa		      tax
    548  1fd6		       e8		      inx
    549  1fd7					      endif
    550  1fd7		       bd df 1f 	      lda	bankswitch_hotspot-1,x
    551  1fda		       68		      pla
    552  1fdb		       aa		      tax
    553  1fdc		       68		      pla
    554  1fdd		       60		      rts
    555  1fde				  -	      if	((* & $1FFF) > ((bankswitch_hotspot & $1FFF) - 1))
    556  1fde				  -	      echo	"WARNING: size parameter in banksw.asm too small - the program probably will not work."
    557  1fde				  -	      echo	"Change to",[(*-begin_bscode+1)&$FF]d,"and try again."
    558  1fde					      endif
    559  1ffc					      ORG	$1FFC
    560  1ffc					      RORG	$1FFC
    561  1ffc		       bc 1f		      .word.w	(start_bank1 & $ffff)
    562  1ffe		       bc 1f		      .word.w	(start_bank1 & $ffff)
    563  2000					      ORG	$2000
    564  2000					      RORG	$3000
    565  2000					      repeat	256
    566  2000		       ff		      .byte.b	$ff
    565  2000					      repend
    566  2001		       ff		      .byte.b	$ff
    565  2001					      repend
    566  2002		       ff		      .byte.b	$ff
    565  2002					      repend
    566  2003		       ff		      .byte.b	$ff
    565  2003					      repend
    566  2004		       ff		      .byte.b	$ff
    565  2004					      repend
    566  2005		       ff		      .byte.b	$ff
    565  2005					      repend
    566  2006		       ff		      .byte.b	$ff
    565  2006					      repend
    566  2007		       ff		      .byte.b	$ff
    565  2007					      repend
    566  2008		       ff		      .byte.b	$ff
    565  2008					      repend
    566  2009		       ff		      .byte.b	$ff
    565  2009					      repend
    566  200a		       ff		      .byte.b	$ff
    565  200a					      repend
    566  200b		       ff		      .byte.b	$ff
    565  200b					      repend
    566  200c		       ff		      .byte.b	$ff
    565  200c					      repend
    566  200d		       ff		      .byte.b	$ff
    565  200d					      repend
    566  200e		       ff		      .byte.b	$ff
    565  200e					      repend
    566  200f		       ff		      .byte.b	$ff
    565  200f					      repend
    566  2010		       ff		      .byte.b	$ff
    565  2010					      repend
    566  2011		       ff		      .byte.b	$ff
    565  2011					      repend
    566  2012		       ff		      .byte.b	$ff
    565  2012					      repend
    566  2013		       ff		      .byte.b	$ff
    565  2013					      repend
    566  2014		       ff		      .byte.b	$ff
    565  2014					      repend
    566  2015		       ff		      .byte.b	$ff
    565  2015					      repend
    566  2016		       ff		      .byte.b	$ff
    565  2016					      repend
    566  2017		       ff		      .byte.b	$ff
    565  2017					      repend
    566  2018		       ff		      .byte.b	$ff
    565  2018					      repend
    566  2019		       ff		      .byte.b	$ff
    565  2019					      repend
    566  201a		       ff		      .byte.b	$ff
    565  201a					      repend
    566  201b		       ff		      .byte.b	$ff
    565  201b					      repend
    566  201c		       ff		      .byte.b	$ff
    565  201c					      repend
    566  201d		       ff		      .byte.b	$ff
    565  201d					      repend
    566  201e		       ff		      .byte.b	$ff
    565  201e					      repend
    566  201f		       ff		      .byte.b	$ff
    565  201f					      repend
    566  2020		       ff		      .byte.b	$ff
    565  2020					      repend
    566  2021		       ff		      .byte.b	$ff
    565  2021					      repend
    566  2022		       ff		      .byte.b	$ff
    565  2022					      repend
    566  2023		       ff		      .byte.b	$ff
    565  2023					      repend
    566  2024		       ff		      .byte.b	$ff
    565  2024					      repend
    566  2025		       ff		      .byte.b	$ff
    565  2025					      repend
    566  2026		       ff		      .byte.b	$ff
    565  2026					      repend
    566  2027		       ff		      .byte.b	$ff
    565  2027					      repend
    566  2028		       ff		      .byte.b	$ff
    565  2028					      repend
    566  2029		       ff		      .byte.b	$ff
    565  2029					      repend
    566  202a		       ff		      .byte.b	$ff
    565  202a					      repend
    566  202b		       ff		      .byte.b	$ff
    565  202b					      repend
    566  202c		       ff		      .byte.b	$ff
    565  202c					      repend
    566  202d		       ff		      .byte.b	$ff
    565  202d					      repend
    566  202e		       ff		      .byte.b	$ff
    565  202e					      repend
    566  202f		       ff		      .byte.b	$ff
    565  202f					      repend
    566  2030		       ff		      .byte.b	$ff
    565  2030					      repend
    566  2031		       ff		      .byte.b	$ff
    565  2031					      repend
    566  2032		       ff		      .byte.b	$ff
    565  2032					      repend
    566  2033		       ff		      .byte.b	$ff
    565  2033					      repend
    566  2034		       ff		      .byte.b	$ff
    565  2034					      repend
    566  2035		       ff		      .byte.b	$ff
    565  2035					      repend
    566  2036		       ff		      .byte.b	$ff
    565  2036					      repend
    566  2037		       ff		      .byte.b	$ff
    565  2037					      repend
    566  2038		       ff		      .byte.b	$ff
    565  2038					      repend
    566  2039		       ff		      .byte.b	$ff
    565  2039					      repend
    566  203a		       ff		      .byte.b	$ff
    565  203a					      repend
    566  203b		       ff		      .byte.b	$ff
    565  203b					      repend
    566  203c		       ff		      .byte.b	$ff
    565  203c					      repend
    566  203d		       ff		      .byte.b	$ff
    565  203d					      repend
    566  203e		       ff		      .byte.b	$ff
    565  203e					      repend
    566  203f		       ff		      .byte.b	$ff
    565  203f					      repend
    566  2040		       ff		      .byte.b	$ff
    565  2040					      repend
    566  2041		       ff		      .byte.b	$ff
    565  2041					      repend
    566  2042		       ff		      .byte.b	$ff
    565  2042					      repend
    566  2043		       ff		      .byte.b	$ff
    565  2043					      repend
    566  2044		       ff		      .byte.b	$ff
    565  2044					      repend
    566  2045		       ff		      .byte.b	$ff
    565  2045					      repend
    566  2046		       ff		      .byte.b	$ff
    565  2046					      repend
    566  2047		       ff		      .byte.b	$ff
    565  2047					      repend
    566  2048		       ff		      .byte.b	$ff
    565  2048					      repend
    566  2049		       ff		      .byte.b	$ff
    565  2049					      repend
    566  204a		       ff		      .byte.b	$ff
    565  204a					      repend
    566  204b		       ff		      .byte.b	$ff
    565  204b					      repend
    566  204c		       ff		      .byte.b	$ff
    565  204c					      repend
    566  204d		       ff		      .byte.b	$ff
    565  204d					      repend
    566  204e		       ff		      .byte.b	$ff
    565  204e					      repend
    566  204f		       ff		      .byte.b	$ff
    565  204f					      repend
    566  2050		       ff		      .byte.b	$ff
    565  2050					      repend
    566  2051		       ff		      .byte.b	$ff
    565  2051					      repend
    566  2052		       ff		      .byte.b	$ff
    565  2052					      repend
    566  2053		       ff		      .byte.b	$ff
    565  2053					      repend
    566  2054		       ff		      .byte.b	$ff
    565  2054					      repend
    566  2055		       ff		      .byte.b	$ff
    565  2055					      repend
    566  2056		       ff		      .byte.b	$ff
    565  2056					      repend
    566  2057		       ff		      .byte.b	$ff
    565  2057					      repend
    566  2058		       ff		      .byte.b	$ff
    565  2058					      repend
    566  2059		       ff		      .byte.b	$ff
    565  2059					      repend
    566  205a		       ff		      .byte.b	$ff
    565  205a					      repend
    566  205b		       ff		      .byte.b	$ff
    565  205b					      repend
    566  205c		       ff		      .byte.b	$ff
    565  205c					      repend
    566  205d		       ff		      .byte.b	$ff
    565  205d					      repend
    566  205e		       ff		      .byte.b	$ff
    565  205e					      repend
    566  205f		       ff		      .byte.b	$ff
    565  205f					      repend
    566  2060		       ff		      .byte.b	$ff
    565  2060					      repend
    566  2061		       ff		      .byte.b	$ff
    565  2061					      repend
    566  2062		       ff		      .byte.b	$ff
    565  2062					      repend
    566  2063		       ff		      .byte.b	$ff
    565  2063					      repend
    566  2064		       ff		      .byte.b	$ff
    565  2064					      repend
    566  2065		       ff		      .byte.b	$ff
    565  2065					      repend
    566  2066		       ff		      .byte.b	$ff
    565  2066					      repend
    566  2067		       ff		      .byte.b	$ff
    565  2067					      repend
    566  2068		       ff		      .byte.b	$ff
    565  2068					      repend
    566  2069		       ff		      .byte.b	$ff
    565  2069					      repend
    566  206a		       ff		      .byte.b	$ff
    565  206a					      repend
    566  206b		       ff		      .byte.b	$ff
    565  206b					      repend
    566  206c		       ff		      .byte.b	$ff
    565  206c					      repend
    566  206d		       ff		      .byte.b	$ff
    565  206d					      repend
    566  206e		       ff		      .byte.b	$ff
    565  206e					      repend
    566  206f		       ff		      .byte.b	$ff
    565  206f					      repend
    566  2070		       ff		      .byte.b	$ff
    565  2070					      repend
    566  2071		       ff		      .byte.b	$ff
    565  2071					      repend
    566  2072		       ff		      .byte.b	$ff
    565  2072					      repend
    566  2073		       ff		      .byte.b	$ff
    565  2073					      repend
    566  2074		       ff		      .byte.b	$ff
    565  2074					      repend
    566  2075		       ff		      .byte.b	$ff
    565  2075					      repend
    566  2076		       ff		      .byte.b	$ff
    565  2076					      repend
    566  2077		       ff		      .byte.b	$ff
    565  2077					      repend
    566  2078		       ff		      .byte.b	$ff
    565  2078					      repend
    566  2079		       ff		      .byte.b	$ff
    565  2079					      repend
    566  207a		       ff		      .byte.b	$ff
    565  207a					      repend
    566  207b		       ff		      .byte.b	$ff
    565  207b					      repend
    566  207c		       ff		      .byte.b	$ff
    565  207c					      repend
    566  207d		       ff		      .byte.b	$ff
    565  207d					      repend
    566  207e		       ff		      .byte.b	$ff
    565  207e					      repend
    566  207f		       ff		      .byte.b	$ff
    565  207f					      repend
    566  2080		       ff		      .byte.b	$ff
    565  2080					      repend
    566  2081		       ff		      .byte.b	$ff
    565  2081					      repend
    566  2082		       ff		      .byte.b	$ff
    565  2082					      repend
    566  2083		       ff		      .byte.b	$ff
    565  2083					      repend
    566  2084		       ff		      .byte.b	$ff
    565  2084					      repend
    566  2085		       ff		      .byte.b	$ff
    565  2085					      repend
    566  2086		       ff		      .byte.b	$ff
    565  2086					      repend
    566  2087		       ff		      .byte.b	$ff
    565  2087					      repend
    566  2088		       ff		      .byte.b	$ff
    565  2088					      repend
    566  2089		       ff		      .byte.b	$ff
    565  2089					      repend
    566  208a		       ff		      .byte.b	$ff
    565  208a					      repend
    566  208b		       ff		      .byte.b	$ff
    565  208b					      repend
    566  208c		       ff		      .byte.b	$ff
    565  208c					      repend
    566  208d		       ff		      .byte.b	$ff
    565  208d					      repend
    566  208e		       ff		      .byte.b	$ff
    565  208e					      repend
    566  208f		       ff		      .byte.b	$ff
    565  208f					      repend
    566  2090		       ff		      .byte.b	$ff
    565  2090					      repend
    566  2091		       ff		      .byte.b	$ff
    565  2091					      repend
    566  2092		       ff		      .byte.b	$ff
    565  2092					      repend
    566  2093		       ff		      .byte.b	$ff
    565  2093					      repend
    566  2094		       ff		      .byte.b	$ff
    565  2094					      repend
    566  2095		       ff		      .byte.b	$ff
    565  2095					      repend
    566  2096		       ff		      .byte.b	$ff
    565  2096					      repend
    566  2097		       ff		      .byte.b	$ff
    565  2097					      repend
    566  2098		       ff		      .byte.b	$ff
    565  2098					      repend
    566  2099		       ff		      .byte.b	$ff
    565  2099					      repend
    566  209a		       ff		      .byte.b	$ff
    565  209a					      repend
    566  209b		       ff		      .byte.b	$ff
    565  209b					      repend
    566  209c		       ff		      .byte.b	$ff
    565  209c					      repend
    566  209d		       ff		      .byte.b	$ff
    565  209d					      repend
    566  209e		       ff		      .byte.b	$ff
    565  209e					      repend
    566  209f		       ff		      .byte.b	$ff
    565  209f					      repend
    566  20a0		       ff		      .byte.b	$ff
    565  20a0					      repend
    566  20a1		       ff		      .byte.b	$ff
    565  20a1					      repend
    566  20a2		       ff		      .byte.b	$ff
    565  20a2					      repend
    566  20a3		       ff		      .byte.b	$ff
    565  20a3					      repend
    566  20a4		       ff		      .byte.b	$ff
    565  20a4					      repend
    566  20a5		       ff		      .byte.b	$ff
    565  20a5					      repend
    566  20a6		       ff		      .byte.b	$ff
    565  20a6					      repend
    566  20a7		       ff		      .byte.b	$ff
    565  20a7					      repend
    566  20a8		       ff		      .byte.b	$ff
    565  20a8					      repend
    566  20a9		       ff		      .byte.b	$ff
    565  20a9					      repend
    566  20aa		       ff		      .byte.b	$ff
    565  20aa					      repend
    566  20ab		       ff		      .byte.b	$ff
    565  20ab					      repend
    566  20ac		       ff		      .byte.b	$ff
    565  20ac					      repend
    566  20ad		       ff		      .byte.b	$ff
    565  20ad					      repend
    566  20ae		       ff		      .byte.b	$ff
    565  20ae					      repend
    566  20af		       ff		      .byte.b	$ff
    565  20af					      repend
    566  20b0		       ff		      .byte.b	$ff
    565  20b0					      repend
    566  20b1		       ff		      .byte.b	$ff
    565  20b1					      repend
    566  20b2		       ff		      .byte.b	$ff
    565  20b2					      repend
    566  20b3		       ff		      .byte.b	$ff
    565  20b3					      repend
    566  20b4		       ff		      .byte.b	$ff
    565  20b4					      repend
    566  20b5		       ff		      .byte.b	$ff
    565  20b5					      repend
    566  20b6		       ff		      .byte.b	$ff
    565  20b6					      repend
    566  20b7		       ff		      .byte.b	$ff
    565  20b7					      repend
    566  20b8		       ff		      .byte.b	$ff
    565  20b8					      repend
    566  20b9		       ff		      .byte.b	$ff
    565  20b9					      repend
    566  20ba		       ff		      .byte.b	$ff
    565  20ba					      repend
    566  20bb		       ff		      .byte.b	$ff
    565  20bb					      repend
    566  20bc		       ff		      .byte.b	$ff
    565  20bc					      repend
    566  20bd		       ff		      .byte.b	$ff
    565  20bd					      repend
    566  20be		       ff		      .byte.b	$ff
    565  20be					      repend
    566  20bf		       ff		      .byte.b	$ff
    565  20bf					      repend
    566  20c0		       ff		      .byte.b	$ff
    565  20c0					      repend
    566  20c1		       ff		      .byte.b	$ff
    565  20c1					      repend
    566  20c2		       ff		      .byte.b	$ff
    565  20c2					      repend
    566  20c3		       ff		      .byte.b	$ff
    565  20c3					      repend
    566  20c4		       ff		      .byte.b	$ff
    565  20c4					      repend
    566  20c5		       ff		      .byte.b	$ff
    565  20c5					      repend
    566  20c6		       ff		      .byte.b	$ff
    565  20c6					      repend
    566  20c7		       ff		      .byte.b	$ff
    565  20c7					      repend
    566  20c8		       ff		      .byte.b	$ff
    565  20c8					      repend
    566  20c9		       ff		      .byte.b	$ff
    565  20c9					      repend
    566  20ca		       ff		      .byte.b	$ff
    565  20ca					      repend
    566  20cb		       ff		      .byte.b	$ff
    565  20cb					      repend
    566  20cc		       ff		      .byte.b	$ff
    565  20cc					      repend
    566  20cd		       ff		      .byte.b	$ff
    565  20cd					      repend
    566  20ce		       ff		      .byte.b	$ff
    565  20ce					      repend
    566  20cf		       ff		      .byte.b	$ff
    565  20cf					      repend
    566  20d0		       ff		      .byte.b	$ff
    565  20d0					      repend
    566  20d1		       ff		      .byte.b	$ff
    565  20d1					      repend
    566  20d2		       ff		      .byte.b	$ff
    565  20d2					      repend
    566  20d3		       ff		      .byte.b	$ff
    565  20d3					      repend
    566  20d4		       ff		      .byte.b	$ff
    565  20d4					      repend
    566  20d5		       ff		      .byte.b	$ff
    565  20d5					      repend
    566  20d6		       ff		      .byte.b	$ff
    565  20d6					      repend
    566  20d7		       ff		      .byte.b	$ff
    565  20d7					      repend
    566  20d8		       ff		      .byte.b	$ff
    565  20d8					      repend
    566  20d9		       ff		      .byte.b	$ff
    565  20d9					      repend
    566  20da		       ff		      .byte.b	$ff
    565  20da					      repend
    566  20db		       ff		      .byte.b	$ff
    565  20db					      repend
    566  20dc		       ff		      .byte.b	$ff
    565  20dc					      repend
    566  20dd		       ff		      .byte.b	$ff
    565  20dd					      repend
    566  20de		       ff		      .byte.b	$ff
    565  20de					      repend
    566  20df		       ff		      .byte.b	$ff
    565  20df					      repend
    566  20e0		       ff		      .byte.b	$ff
    565  20e0					      repend
    566  20e1		       ff		      .byte.b	$ff
    565  20e1					      repend
    566  20e2		       ff		      .byte.b	$ff
    565  20e2					      repend
    566  20e3		       ff		      .byte.b	$ff
    565  20e3					      repend
    566  20e4		       ff		      .byte.b	$ff
    565  20e4					      repend
    566  20e5		       ff		      .byte.b	$ff
    565  20e5					      repend
    566  20e6		       ff		      .byte.b	$ff
    565  20e6					      repend
    566  20e7		       ff		      .byte.b	$ff
    565  20e7					      repend
    566  20e8		       ff		      .byte.b	$ff
    565  20e8					      repend
    566  20e9		       ff		      .byte.b	$ff
    565  20e9					      repend
    566  20ea		       ff		      .byte.b	$ff
    565  20ea					      repend
    566  20eb		       ff		      .byte.b	$ff
    565  20eb					      repend
    566  20ec		       ff		      .byte.b	$ff
    565  20ec					      repend
    566  20ed		       ff		      .byte.b	$ff
    565  20ed					      repend
    566  20ee		       ff		      .byte.b	$ff
    565  20ee					      repend
    566  20ef		       ff		      .byte.b	$ff
    565  20ef					      repend
    566  20f0		       ff		      .byte.b	$ff
    565  20f0					      repend
    566  20f1		       ff		      .byte.b	$ff
    565  20f1					      repend
    566  20f2		       ff		      .byte.b	$ff
    565  20f2					      repend
    566  20f3		       ff		      .byte.b	$ff
    565  20f3					      repend
    566  20f4		       ff		      .byte.b	$ff
    565  20f4					      repend
    566  20f5		       ff		      .byte.b	$ff
    565  20f5					      repend
    566  20f6		       ff		      .byte.b	$ff
    565  20f6					      repend
    566  20f7		       ff		      .byte.b	$ff
    565  20f7					      repend
    566  20f8		       ff		      .byte.b	$ff
    565  20f8					      repend
    566  20f9		       ff		      .byte.b	$ff
    565  20f9					      repend
    566  20fa		       ff		      .byte.b	$ff
    565  20fa					      repend
    566  20fb		       ff		      .byte.b	$ff
    565  20fb					      repend
    566  20fc		       ff		      .byte.b	$ff
    565  20fc					      repend
    566  20fd		       ff		      .byte.b	$ff
    565  20fd					      repend
    566  20fe		       ff		      .byte.b	$ff
    565  20fe					      repend
    566  20ff		       ff		      .byte.b	$ff
    567  2100					      repend
    568  2100				   .bsub2
    569  2100							;;line 61;; bsub2
    570  2100
    571  2100				   .L046		;;line 62;;  score = 2
    572  2100
    573  2100		       a9 02		      LDA	#$02
    574  2102		       85 95		      STA	score+2
    575  2104		       a9 00		      LDA	#$00
    576  2106		       85 94		      STA	score+1
    577  2108		       a9 00		      LDA	#$00
    578  210a		       85 93		      STA	score
    579  210c				   .L047		;;line 63;;  for memloc = 0 to 127
    580  210c
    581  210c		       a9 00		      LDA	#0
    582  210e		       85 d6		      STA	memloc
    583  2110				   .L047formemloc
    584  2110				   .L048		;;line 64;;  temp1 = r000[memloc]
    585  2110
    586  2110		       a6 d6		      LDX	memloc
    587  2112		       bd 80 f0 	      LDA	r000,x
    588  2115		       85 9c		      STA	temp1
    589  2117				   .L049		;;line 65;;  w000[memloc] = r000[memloc] ^ $ff
    590  2117
    591  2117		       a6 d6		      LDX	memloc
    592  2119		       bd 80 f0 	      LDA	r000,x
    593  211c		       49 ff		      EOR	#$ff
    594  211e		       a6 d6		      LDX	memloc
    595  2120		       9d 00 f0 	      STA	w000,x
    596  2123				   .L050		;;line 66;;  temp1 = temp1 ^ $ff
    597  2123
    598  2123		       a5 9c		      LDA	temp1
    599  2125		       49 ff		      EOR	#$ff
    600  2127		       85 9c		      STA	temp1
    601  2129				   .L051		;;line 67;;  if r000[memloc] <> temp1 then sc0 = $99 : scorecolor = $42
    602  2129
    603  2129		       a6 d6		      LDX	memloc
    604  212b		       bd 80 f0 	      LDA	r000,x
    605  212e		       c5 9c		      CMP	temp1
    606  2130		       f0 08		      BEQ	.skipL051
    607  2132				   .condpart18
    608  2132		       a9 99		      LDA	#$99
    609  2134		       85 93		      STA	sc0
    610  2136		       a9 42		      LDA	#$42
    611  2138		       85 a3		      STA	scorecolor
    612  213a				   .skipL051
    613  213a				   .L052		;;line 68;;  drawscreen
    614  213a
    615  213a		       85 ee		      sta	temp7
    616  213c		       a9 11		      lda	#(((>(ret_point2-1)) & $0F) | $10)
    617  213e		       48		      pha
    618  213f		       a9 51		      lda	#<(ret_point2-1)
    619  2141		       48		      pha
    620  2142		       a9 f5		      lda	#>(drawscreen-1)
    621  2144		       48		      pha
    622  2145		       a9 80		      lda	#<(drawscreen-1)
    623  2147		       48		      pha
    624  2148		       a5 ee		      lda	temp7
    625  214a		       48		      pha
    626  214b		       8a		      txa
    627  214c		       48		      pha
    628  214d		       a2 10		      ldx	#16
    629  214f		       4c d7 ff 	      jmp	BS_jsr
    630  2152				   ret_point2
    631  2152				   .L053		;;line 69;;  next
    632  2152
    633  2152		       a5 d6		      LDA	memloc
    634  2154		       c9 7f		      CMP	#127
    635  2156		       e6 d6		      INC	memloc
    636  2158		       90 b6		      bcc	.L047formemloc
    637  215a				  -	      if	( (((((#>*)&$1f)*256)|(#<.L047formemloc))>=bankswitch_hotspot) && (((((#>*)&$1f)*256)|(#<.L047formemloc))<=(bankswitch_hotspot+bs_mask)) )
    638  215a				  -	      echo	"WARNING: branch near the end of bank 2 may accidentally trigger a bankswitch. Reposition code there if bad things happen."
    639  215a					      endif
    640  215a				   .
    641  215a							;;line 70;;
    642  215a
    643  215a				   .L054		;;line 71;;  goto goback bank1
    644  215a
    645  215a		       85 ee		      sta	temp7
    646  215c		       a9 12		      lda	#>(.goback-1)
    647  215e		       48		      pha
    648  215f		       a9 f9		      lda	#<(.goback-1)
    649  2161		       48		      pha
    650  2162		       a5 ee		      lda	temp7
    651  2164		       48		      pha
    652  2165		       8a		      txa
    653  2166		       48		      pha
    654  2167		       a2 01		      ldx	#1
    655  2169		       4c d7 ff 	      jmp	BS_jsr
    656  216c				   .
    657  216c							;;line 72;;
    658  216c
    659  216c				   .L055		;;line 73;;  bank 3
    660  216c
    661  216c					      if	ECHO2
      3664 bytes of ROM space left in bank 2
    662  216c					      echo	"    ",[(start_bank2 - *)]d , "bytes of ROM space left in bank 2")
    663  216c					      endif
    664  216c		       00 01	   ECHO2      =	1
    665  2fbc					      ORG	$2FE0-bscode_length
    666  2fbc					      RORG	$3FE0-bscode_length
    667  2fbc		       a2 ff	   start_bank2 ldx	#$ff
    668  2fbe				  -	      ifconst	FASTFETCH	; using DPC+
    669  2fbe				  -	      stx	FASTFETCH
    670  2fbe					      endif
    671  2fbe		       9a		      txs
    672  2fbf					      if	bankswitch == 64
    673  2fbf		       a9 f3		      lda	#(((>(start-1)) & $0F) | $F0)
    674  2fc1				  -	      else
    675  2fc1				  -	      lda	#>(start-1)
    676  2fc1					      endif
    677  2fc1		       48		      pha
    678  2fc2		       a9 4f		      lda	#<(start-1)
    679  2fc4		       48		      pha
    680  2fc5		       48		      pha
    681  2fc6		       8a		      txa
    682  2fc7		       48		      pha
    683  2fc8		       ba		      tsx
    684  2fc9				  -	      if	bankswitch != 64
    685  2fc9				  -	      lda	4,x	; get high byte of return address
    686  2fc9				  -	      rol
    687  2fc9				  -	      rol
    688  2fc9				  -	      rol
    689  2fc9				  -	      rol
    690  2fc9				  -	      and	#bs_mask	;1 3 or 7 for F8/F6/F4
    691  2fc9				  -	      tax
    692  2fc9				  -	      inx
    693  2fc9					      else
    694  2fc9		       b5 04		      lda	4,x	; get high byte of return address
    695  2fcb		       a8		      tay
    696  2fcc		       09 10		      ora	#$10	; change our bank nibble into a valid rom mirror
    697  2fce		       95 04		      sta	4,x
    698  2fd0		       98		      tya
    699  2fd1		       4a		      lsr
    700  2fd2		       4a		      lsr
    701  2fd3		       4a		      lsr
    702  2fd4		       4a		      lsr
    703  2fd5		       aa		      tax
    704  2fd6		       e8		      inx
    705  2fd7					      endif
    706  2fd7		       bd df 1f 	      lda	bankswitch_hotspot-1,x
    707  2fda		       68		      pla
    708  2fdb		       aa		      tax
    709  2fdc		       68		      pla
    710  2fdd		       60		      rts
    711  2fde				  -	      if	((* & $1FFF) > ((bankswitch_hotspot & $1FFF) - 1))
    712  2fde				  -	      echo	"WARNING: size parameter in banksw.asm too small - the program probably will not work."
    713  2fde				  -	      echo	"Change to",[(*-begin_bscode+1)&$FF]d,"and try again."
    714  2fde					      endif
    715  2ffc					      ORG	$2FFC
    716  2ffc					      RORG	$3FFC
    717  2ffc		       bc 3f		      .word.w	(start_bank2 & $ffff)
    718  2ffe		       bc 3f		      .word.w	(start_bank2 & $ffff)
    719  3000					      ORG	$3000
    720  3000					      RORG	$5000
    721  3000					      repeat	256
    722  3000		       ff		      .byte.b	$ff
    721  3000					      repend
    722  3001		       ff		      .byte.b	$ff
    721  3001					      repend
    722  3002		       ff		      .byte.b	$ff
    721  3002					      repend
    722  3003		       ff		      .byte.b	$ff
    721  3003					      repend
    722  3004		       ff		      .byte.b	$ff
    721  3004					      repend
    722  3005		       ff		      .byte.b	$ff
    721  3005					      repend
    722  3006		       ff		      .byte.b	$ff
    721  3006					      repend
    722  3007		       ff		      .byte.b	$ff
    721  3007					      repend
    722  3008		       ff		      .byte.b	$ff
    721  3008					      repend
    722  3009		       ff		      .byte.b	$ff
    721  3009					      repend
    722  300a		       ff		      .byte.b	$ff
    721  300a					      repend
    722  300b		       ff		      .byte.b	$ff
    721  300b					      repend
    722  300c		       ff		      .byte.b	$ff
    721  300c					      repend
    722  300d		       ff		      .byte.b	$ff
    721  300d					      repend
    722  300e		       ff		      .byte.b	$ff
    721  300e					      repend
    722  300f		       ff		      .byte.b	$ff
    721  300f					      repend
    722  3010		       ff		      .byte.b	$ff
    721  3010					      repend
    722  3011		       ff		      .byte.b	$ff
    721  3011					      repend
    722  3012		       ff		      .byte.b	$ff
    721  3012					      repend
    722  3013		       ff		      .byte.b	$ff
    721  3013					      repend
    722  3014		       ff		      .byte.b	$ff
    721  3014					      repend
    722  3015		       ff		      .byte.b	$ff
    721  3015					      repend
    722  3016		       ff		      .byte.b	$ff
    721  3016					      repend
    722  3017		       ff		      .byte.b	$ff
    721  3017					      repend
    722  3018		       ff		      .byte.b	$ff
    721  3018					      repend
    722  3019		       ff		      .byte.b	$ff
    721  3019					      repend
    722  301a		       ff		      .byte.b	$ff
    721  301a					      repend
    722  301b		       ff		      .byte.b	$ff
    721  301b					      repend
    722  301c		       ff		      .byte.b	$ff
    721  301c					      repend
    722  301d		       ff		      .byte.b	$ff
    721  301d					      repend
    722  301e		       ff		      .byte.b	$ff
    721  301e					      repend
    722  301f		       ff		      .byte.b	$ff
    721  301f					      repend
    722  3020		       ff		      .byte.b	$ff
    721  3020					      repend
    722  3021		       ff		      .byte.b	$ff
    721  3021					      repend
    722  3022		       ff		      .byte.b	$ff
    721  3022					      repend
    722  3023		       ff		      .byte.b	$ff
    721  3023					      repend
    722  3024		       ff		      .byte.b	$ff
    721  3024					      repend
    722  3025		       ff		      .byte.b	$ff
    721  3025					      repend
    722  3026		       ff		      .byte.b	$ff
    721  3026					      repend
    722  3027		       ff		      .byte.b	$ff
    721  3027					      repend
    722  3028		       ff		      .byte.b	$ff
    721  3028					      repend
    722  3029		       ff		      .byte.b	$ff
    721  3029					      repend
    722  302a		       ff		      .byte.b	$ff
    721  302a					      repend
    722  302b		       ff		      .byte.b	$ff
    721  302b					      repend
    722  302c		       ff		      .byte.b	$ff
    721  302c					      repend
    722  302d		       ff		      .byte.b	$ff
    721  302d					      repend
    722  302e		       ff		      .byte.b	$ff
    721  302e					      repend
    722  302f		       ff		      .byte.b	$ff
    721  302f					      repend
    722  3030		       ff		      .byte.b	$ff
    721  3030					      repend
    722  3031		       ff		      .byte.b	$ff
    721  3031					      repend
    722  3032		       ff		      .byte.b	$ff
    721  3032					      repend
    722  3033		       ff		      .byte.b	$ff
    721  3033					      repend
    722  3034		       ff		      .byte.b	$ff
    721  3034					      repend
    722  3035		       ff		      .byte.b	$ff
    721  3035					      repend
    722  3036		       ff		      .byte.b	$ff
    721  3036					      repend
    722  3037		       ff		      .byte.b	$ff
    721  3037					      repend
    722  3038		       ff		      .byte.b	$ff
    721  3038					      repend
    722  3039		       ff		      .byte.b	$ff
    721  3039					      repend
    722  303a		       ff		      .byte.b	$ff
    721  303a					      repend
    722  303b		       ff		      .byte.b	$ff
    721  303b					      repend
    722  303c		       ff		      .byte.b	$ff
    721  303c					      repend
    722  303d		       ff		      .byte.b	$ff
    721  303d					      repend
    722  303e		       ff		      .byte.b	$ff
    721  303e					      repend
    722  303f		       ff		      .byte.b	$ff
    721  303f					      repend
    722  3040		       ff		      .byte.b	$ff
    721  3040					      repend
    722  3041		       ff		      .byte.b	$ff
    721  3041					      repend
    722  3042		       ff		      .byte.b	$ff
    721  3042					      repend
    722  3043		       ff		      .byte.b	$ff
    721  3043					      repend
    722  3044		       ff		      .byte.b	$ff
    721  3044					      repend
    722  3045		       ff		      .byte.b	$ff
    721  3045					      repend
    722  3046		       ff		      .byte.b	$ff
    721  3046					      repend
    722  3047		       ff		      .byte.b	$ff
    721  3047					      repend
    722  3048		       ff		      .byte.b	$ff
    721  3048					      repend
    722  3049		       ff		      .byte.b	$ff
    721  3049					      repend
    722  304a		       ff		      .byte.b	$ff
    721  304a					      repend
    722  304b		       ff		      .byte.b	$ff
    721  304b					      repend
    722  304c		       ff		      .byte.b	$ff
    721  304c					      repend
    722  304d		       ff		      .byte.b	$ff
    721  304d					      repend
    722  304e		       ff		      .byte.b	$ff
    721  304e					      repend
    722  304f		       ff		      .byte.b	$ff
    721  304f					      repend
    722  3050		       ff		      .byte.b	$ff
    721  3050					      repend
    722  3051		       ff		      .byte.b	$ff
    721  3051					      repend
    722  3052		       ff		      .byte.b	$ff
    721  3052					      repend
    722  3053		       ff		      .byte.b	$ff
    721  3053					      repend
    722  3054		       ff		      .byte.b	$ff
    721  3054					      repend
    722  3055		       ff		      .byte.b	$ff
    721  3055					      repend
    722  3056		       ff		      .byte.b	$ff
    721  3056					      repend
    722  3057		       ff		      .byte.b	$ff
    721  3057					      repend
    722  3058		       ff		      .byte.b	$ff
    721  3058					      repend
    722  3059		       ff		      .byte.b	$ff
    721  3059					      repend
    722  305a		       ff		      .byte.b	$ff
    721  305a					      repend
    722  305b		       ff		      .byte.b	$ff
    721  305b					      repend
    722  305c		       ff		      .byte.b	$ff
    721  305c					      repend
    722  305d		       ff		      .byte.b	$ff
    721  305d					      repend
    722  305e		       ff		      .byte.b	$ff
    721  305e					      repend
    722  305f		       ff		      .byte.b	$ff
    721  305f					      repend
    722  3060		       ff		      .byte.b	$ff
    721  3060					      repend
    722  3061		       ff		      .byte.b	$ff
    721  3061					      repend
    722  3062		       ff		      .byte.b	$ff
    721  3062					      repend
    722  3063		       ff		      .byte.b	$ff
    721  3063					      repend
    722  3064		       ff		      .byte.b	$ff
    721  3064					      repend
    722  3065		       ff		      .byte.b	$ff
    721  3065					      repend
    722  3066		       ff		      .byte.b	$ff
    721  3066					      repend
    722  3067		       ff		      .byte.b	$ff
    721  3067					      repend
    722  3068		       ff		      .byte.b	$ff
    721  3068					      repend
    722  3069		       ff		      .byte.b	$ff
    721  3069					      repend
    722  306a		       ff		      .byte.b	$ff
    721  306a					      repend
    722  306b		       ff		      .byte.b	$ff
    721  306b					      repend
    722  306c		       ff		      .byte.b	$ff
    721  306c					      repend
    722  306d		       ff		      .byte.b	$ff
    721  306d					      repend
    722  306e		       ff		      .byte.b	$ff
    721  306e					      repend
    722  306f		       ff		      .byte.b	$ff
    721  306f					      repend
    722  3070		       ff		      .byte.b	$ff
    721  3070					      repend
    722  3071		       ff		      .byte.b	$ff
    721  3071					      repend
    722  3072		       ff		      .byte.b	$ff
    721  3072					      repend
    722  3073		       ff		      .byte.b	$ff
    721  3073					      repend
    722  3074		       ff		      .byte.b	$ff
    721  3074					      repend
    722  3075		       ff		      .byte.b	$ff
    721  3075					      repend
    722  3076		       ff		      .byte.b	$ff
    721  3076					      repend
    722  3077		       ff		      .byte.b	$ff
    721  3077					      repend
    722  3078		       ff		      .byte.b	$ff
    721  3078					      repend
    722  3079		       ff		      .byte.b	$ff
    721  3079					      repend
    722  307a		       ff		      .byte.b	$ff
    721  307a					      repend
    722  307b		       ff		      .byte.b	$ff
    721  307b					      repend
    722  307c		       ff		      .byte.b	$ff
    721  307c					      repend
    722  307d		       ff		      .byte.b	$ff
    721  307d					      repend
    722  307e		       ff		      .byte.b	$ff
    721  307e					      repend
    722  307f		       ff		      .byte.b	$ff
    721  307f					      repend
    722  3080		       ff		      .byte.b	$ff
    721  3080					      repend
    722  3081		       ff		      .byte.b	$ff
    721  3081					      repend
    722  3082		       ff		      .byte.b	$ff
    721  3082					      repend
    722  3083		       ff		      .byte.b	$ff
    721  3083					      repend
    722  3084		       ff		      .byte.b	$ff
    721  3084					      repend
    722  3085		       ff		      .byte.b	$ff
    721  3085					      repend
    722  3086		       ff		      .byte.b	$ff
    721  3086					      repend
    722  3087		       ff		      .byte.b	$ff
    721  3087					      repend
    722  3088		       ff		      .byte.b	$ff
    721  3088					      repend
    722  3089		       ff		      .byte.b	$ff
    721  3089					      repend
    722  308a		       ff		      .byte.b	$ff
    721  308a					      repend
    722  308b		       ff		      .byte.b	$ff
    721  308b					      repend
    722  308c		       ff		      .byte.b	$ff
    721  308c					      repend
    722  308d		       ff		      .byte.b	$ff
    721  308d					      repend
    722  308e		       ff		      .byte.b	$ff
    721  308e					      repend
    722  308f		       ff		      .byte.b	$ff
    721  308f					      repend
    722  3090		       ff		      .byte.b	$ff
    721  3090					      repend
    722  3091		       ff		      .byte.b	$ff
    721  3091					      repend
    722  3092		       ff		      .byte.b	$ff
    721  3092					      repend
    722  3093		       ff		      .byte.b	$ff
    721  3093					      repend
    722  3094		       ff		      .byte.b	$ff
    721  3094					      repend
    722  3095		       ff		      .byte.b	$ff
    721  3095					      repend
    722  3096		       ff		      .byte.b	$ff
    721  3096					      repend
    722  3097		       ff		      .byte.b	$ff
    721  3097					      repend
    722  3098		       ff		      .byte.b	$ff
    721  3098					      repend
    722  3099		       ff		      .byte.b	$ff
    721  3099					      repend
    722  309a		       ff		      .byte.b	$ff
    721  309a					      repend
    722  309b		       ff		      .byte.b	$ff
    721  309b					      repend
    722  309c		       ff		      .byte.b	$ff
    721  309c					      repend
    722  309d		       ff		      .byte.b	$ff
    721  309d					      repend
    722  309e		       ff		      .byte.b	$ff
    721  309e					      repend
    722  309f		       ff		      .byte.b	$ff
    721  309f					      repend
    722  30a0		       ff		      .byte.b	$ff
    721  30a0					      repend
    722  30a1		       ff		      .byte.b	$ff
    721  30a1					      repend
    722  30a2		       ff		      .byte.b	$ff
    721  30a2					      repend
    722  30a3		       ff		      .byte.b	$ff
    721  30a3					      repend
    722  30a4		       ff		      .byte.b	$ff
    721  30a4					      repend
    722  30a5		       ff		      .byte.b	$ff
    721  30a5					      repend
    722  30a6		       ff		      .byte.b	$ff
    721  30a6					      repend
    722  30a7		       ff		      .byte.b	$ff
    721  30a7					      repend
    722  30a8		       ff		      .byte.b	$ff
    721  30a8					      repend
    722  30a9		       ff		      .byte.b	$ff
    721  30a9					      repend
    722  30aa		       ff		      .byte.b	$ff
    721  30aa					      repend
    722  30ab		       ff		      .byte.b	$ff
    721  30ab					      repend
    722  30ac		       ff		      .byte.b	$ff
    721  30ac					      repend
    722  30ad		       ff		      .byte.b	$ff
    721  30ad					      repend
    722  30ae		       ff		      .byte.b	$ff
    721  30ae					      repend
    722  30af		       ff		      .byte.b	$ff
    721  30af					      repend
    722  30b0		       ff		      .byte.b	$ff
    721  30b0					      repend
    722  30b1		       ff		      .byte.b	$ff
    721  30b1					      repend
    722  30b2		       ff		      .byte.b	$ff
    721  30b2					      repend
    722  30b3		       ff		      .byte.b	$ff
    721  30b3					      repend
    722  30b4		       ff		      .byte.b	$ff
    721  30b4					      repend
    722  30b5		       ff		      .byte.b	$ff
    721  30b5					      repend
    722  30b6		       ff		      .byte.b	$ff
    721  30b6					      repend
    722  30b7		       ff		      .byte.b	$ff
    721  30b7					      repend
    722  30b8		       ff		      .byte.b	$ff
    721  30b8					      repend
    722  30b9		       ff		      .byte.b	$ff
    721  30b9					      repend
    722  30ba		       ff		      .byte.b	$ff
    721  30ba					      repend
    722  30bb		       ff		      .byte.b	$ff
    721  30bb					      repend
    722  30bc		       ff		      .byte.b	$ff
    721  30bc					      repend
    722  30bd		       ff		      .byte.b	$ff
    721  30bd					      repend
    722  30be		       ff		      .byte.b	$ff
    721  30be					      repend
    722  30bf		       ff		      .byte.b	$ff
    721  30bf					      repend
    722  30c0		       ff		      .byte.b	$ff
    721  30c0					      repend
    722  30c1		       ff		      .byte.b	$ff
    721  30c1					      repend
    722  30c2		       ff		      .byte.b	$ff
    721  30c2					      repend
    722  30c3		       ff		      .byte.b	$ff
    721  30c3					      repend
    722  30c4		       ff		      .byte.b	$ff
    721  30c4					      repend
    722  30c5		       ff		      .byte.b	$ff
    721  30c5					      repend
    722  30c6		       ff		      .byte.b	$ff
    721  30c6					      repend
    722  30c7		       ff		      .byte.b	$ff
    721  30c7					      repend
    722  30c8		       ff		      .byte.b	$ff
    721  30c8					      repend
    722  30c9		       ff		      .byte.b	$ff
    721  30c9					      repend
    722  30ca		       ff		      .byte.b	$ff
    721  30ca					      repend
    722  30cb		       ff		      .byte.b	$ff
    721  30cb					      repend
    722  30cc		       ff		      .byte.b	$ff
    721  30cc					      repend
    722  30cd		       ff		      .byte.b	$ff
    721  30cd					      repend
    722  30ce		       ff		      .byte.b	$ff
    721  30ce					      repend
    722  30cf		       ff		      .byte.b	$ff
    721  30cf					      repend
    722  30d0		       ff		      .byte.b	$ff
    721  30d0					      repend
    722  30d1		       ff		      .byte.b	$ff
    721  30d1					      repend
    722  30d2		       ff		      .byte.b	$ff
    721  30d2					      repend
    722  30d3		       ff		      .byte.b	$ff
    721  30d3					      repend
    722  30d4		       ff		      .byte.b	$ff
    721  30d4					      repend
    722  30d5		       ff		      .byte.b	$ff
    721  30d5					      repend
    722  30d6		       ff		      .byte.b	$ff
    721  30d6					      repend
    722  30d7		       ff		      .byte.b	$ff
    721  30d7					      repend
    722  30d8		       ff		      .byte.b	$ff
    721  30d8					      repend
    722  30d9		       ff		      .byte.b	$ff
    721  30d9					      repend
    722  30da		       ff		      .byte.b	$ff
    721  30da					      repend
    722  30db		       ff		      .byte.b	$ff
    721  30db					      repend
    722  30dc		       ff		      .byte.b	$ff
    721  30dc					      repend
    722  30dd		       ff		      .byte.b	$ff
    721  30dd					      repend
    722  30de		       ff		      .byte.b	$ff
    721  30de					      repend
    722  30df		       ff		      .byte.b	$ff
    721  30df					      repend
    722  30e0		       ff		      .byte.b	$ff
    721  30e0					      repend
    722  30e1		       ff		      .byte.b	$ff
    721  30e1					      repend
    722  30e2		       ff		      .byte.b	$ff
    721  30e2					      repend
    722  30e3		       ff		      .byte.b	$ff
    721  30e3					      repend
    722  30e4		       ff		      .byte.b	$ff
    721  30e4					      repend
    722  30e5		       ff		      .byte.b	$ff
    721  30e5					      repend
    722  30e6		       ff		      .byte.b	$ff
    721  30e6					      repend
    722  30e7		       ff		      .byte.b	$ff
    721  30e7					      repend
    722  30e8		       ff		      .byte.b	$ff
    721  30e8					      repend
    722  30e9		       ff		      .byte.b	$ff
    721  30e9					      repend
    722  30ea		       ff		      .byte.b	$ff
    721  30ea					      repend
    722  30eb		       ff		      .byte.b	$ff
    721  30eb					      repend
    722  30ec		       ff		      .byte.b	$ff
    721  30ec					      repend
    722  30ed		       ff		      .byte.b	$ff
    721  30ed					      repend
    722  30ee		       ff		      .byte.b	$ff
    721  30ee					      repend
    722  30ef		       ff		      .byte.b	$ff
    721  30ef					      repend
    722  30f0		       ff		      .byte.b	$ff
    721  30f0					      repend
    722  30f1		       ff		      .byte.b	$ff
    721  30f1					      repend
    722  30f2		       ff		      .byte.b	$ff
    721  30f2					      repend
    722  30f3		       ff		      .byte.b	$ff
    721  30f3					      repend
    722  30f4		       ff		      .byte.b	$ff
    721  30f4					      repend
    722  30f5		       ff		      .byte.b	$ff
    721  30f5					      repend
    722  30f6		       ff		      .byte.b	$ff
    721  30f6					      repend
    722  30f7		       ff		      .byte.b	$ff
    721  30f7					      repend
    722  30f8		       ff		      .byte.b	$ff
    721  30f8					      repend
    722  30f9		       ff		      .byte.b	$ff
    721  30f9					      repend
    722  30fa		       ff		      .byte.b	$ff
    721  30fa					      repend
    722  30fb		       ff		      .byte.b	$ff
    721  30fb					      repend
    722  30fc		       ff		      .byte.b	$ff
    721  30fc					      repend
    722  30fd		       ff		      .byte.b	$ff
    721  30fd					      repend
    722  30fe		       ff		      .byte.b	$ff
    721  30fe					      repend
    722  30ff		       ff		      .byte.b	$ff
    723  3100					      repend
    724  3100				   .bsub3
    725  3100							;;line 74;; bsub3
    726  3100
    727  3100				   .L056		;;line 75;;  score = 3
    728  3100
    729  3100		       a9 03		      LDA	#$03
    730  3102		       85 95		      STA	score+2
    731  3104		       a9 00		      LDA	#$00
    732  3106		       85 94		      STA	score+1
    733  3108		       a9 00		      LDA	#$00
    734  310a		       85 93		      STA	score
    735  310c				   .L057		;;line 76;;  for memloc = 0 to 127
    736  310c
    737  310c		       a9 00		      LDA	#0
    738  310e		       85 d6		      STA	memloc
    739  3110				   .L057formemloc
    740  3110				   .L058		;;line 77;;  temp1 = r000[memloc]
    741  3110
    742  3110		       a6 d6		      LDX	memloc
    743  3112		       bd 80 f0 	      LDA	r000,x
    744  3115		       85 9c		      STA	temp1
    745  3117				   .L059		;;line 78;;  w000[memloc] = r000[memloc] ^ $ff
    746  3117
    747  3117		       a6 d6		      LDX	memloc
    748  3119		       bd 80 f0 	      LDA	r000,x
    749  311c		       49 ff		      EOR	#$ff
    750  311e		       a6 d6		      LDX	memloc
    751  3120		       9d 00 f0 	      STA	w000,x
    752  3123				   .L060		;;line 79;;  temp1 = temp1 ^ $ff
    753  3123
    754  3123		       a5 9c		      LDA	temp1
    755  3125		       49 ff		      EOR	#$ff
    756  3127		       85 9c		      STA	temp1
    757  3129				   .L061		;;line 80;;  if r000[memloc] <> temp1 then sc0 = $99 : scorecolor = $42
    758  3129
    759  3129		       a6 d6		      LDX	memloc
    760  312b		       bd 80 f0 	      LDA	r000,x
    761  312e		       c5 9c		      CMP	temp1
    762  3130		       f0 08		      BEQ	.skipL061
    763  3132				   .condpart19
    764  3132		       a9 99		      LDA	#$99
    765  3134		       85 93		      STA	sc0
    766  3136		       a9 42		      LDA	#$42
    767  3138		       85 a3		      STA	scorecolor
    768  313a				   .skipL061
    769  313a				   .L062		;;line 81;;  drawscreen
    770  313a
    771  313a		       85 ee		      sta	temp7
    772  313c		       a9 21		      lda	#(((>(ret_point3-1)) & $0F) | $20)
    773  313e		       48		      pha
    774  313f		       a9 51		      lda	#<(ret_point3-1)
    775  3141		       48		      pha
    776  3142		       a9 f5		      lda	#>(drawscreen-1)
    777  3144		       48		      pha
    778  3145		       a9 80		      lda	#<(drawscreen-1)
    779  3147		       48		      pha
    780  3148		       a5 ee		      lda	temp7
    781  314a		       48		      pha
    782  314b		       8a		      txa
    783  314c		       48		      pha
    784  314d		       a2 10		      ldx	#16
    785  314f		       4c d7 ff 	      jmp	BS_jsr
    786  3152				   ret_point3
    787  3152				   .L063		;;line 82;;  next
    788  3152
    789  3152		       a5 d6		      LDA	memloc
    790  3154		       c9 7f		      CMP	#127
    791  3156		       e6 d6		      INC	memloc
    792  3158		       90 b6		      bcc	.L057formemloc
    793  315a				  -	      if	( (((((#>*)&$1f)*256)|(#<.L057formemloc))>=bankswitch_hotspot) && (((((#>*)&$1f)*256)|(#<.L057formemloc))<=(bankswitch_hotspot+bs_mask)) )
    794  315a				  -	      echo	"WARNING: branch near the end of bank 3 may accidentally trigger a bankswitch. Reposition code there if bad things happen."
    795  315a					      endif
    796  315a				   .
    797  315a							;;line 83;;
    798  315a
    799  315a				   .L064		;;line 84;;  goto goback bank1
    800  315a
    801  315a		       85 ee		      sta	temp7
    802  315c		       a9 12		      lda	#>(.goback-1)
    803  315e		       48		      pha
    804  315f		       a9 f9		      lda	#<(.goback-1)
    805  3161		       48		      pha
    806  3162		       a5 ee		      lda	temp7
    807  3164		       48		      pha
    808  3165		       8a		      txa
    809  3166		       48		      pha
    810  3167		       a2 01		      ldx	#1
    811  3169		       4c d7 ff 	      jmp	BS_jsr
    812  316c				   .
    813  316c							;;line 85;;
    814  316c
    815  316c				   .L065		;;line 86;;  bank 4
    816  316c
    817  316c					      if	ECHO3
      3664 bytes of ROM space left in bank 3
    818  316c					      echo	"    ",[(start_bank3 - *)]d , "bytes of ROM space left in bank 3")
    819  316c					      endif
    820  316c		       00 01	   ECHO3      =	1
    821  3fbc					      ORG	$3FE0-bscode_length
    822  3fbc					      RORG	$5FE0-bscode_length
    823  3fbc		       a2 ff	   start_bank3 ldx	#$ff
    824  3fbe				  -	      ifconst	FASTFETCH	; using DPC+
    825  3fbe				  -	      stx	FASTFETCH
    826  3fbe					      endif
    827  3fbe		       9a		      txs
    828  3fbf					      if	bankswitch == 64
    829  3fbf		       a9 f3		      lda	#(((>(start-1)) & $0F) | $F0)
    830  3fc1				  -	      else
    831  3fc1				  -	      lda	#>(start-1)
    832  3fc1					      endif
    833  3fc1		       48		      pha
    834  3fc2		       a9 4f		      lda	#<(start-1)
    835  3fc4		       48		      pha
    836  3fc5		       48		      pha
    837  3fc6		       8a		      txa
    838  3fc7		       48		      pha
    839  3fc8		       ba		      tsx
    840  3fc9				  -	      if	bankswitch != 64
    841  3fc9				  -	      lda	4,x	; get high byte of return address
    842  3fc9				  -	      rol
    843  3fc9				  -	      rol
    844  3fc9				  -	      rol
    845  3fc9				  -	      rol
    846  3fc9				  -	      and	#bs_mask	;1 3 or 7 for F8/F6/F4
    847  3fc9				  -	      tax
    848  3fc9				  -	      inx
    849  3fc9					      else
    850  3fc9		       b5 04		      lda	4,x	; get high byte of return address
    851  3fcb		       a8		      tay
    852  3fcc		       09 10		      ora	#$10	; change our bank nibble into a valid rom mirror
    853  3fce		       95 04		      sta	4,x
    854  3fd0		       98		      tya
    855  3fd1		       4a		      lsr
    856  3fd2		       4a		      lsr
    857  3fd3		       4a		      lsr
    858  3fd4		       4a		      lsr
    859  3fd5		       aa		      tax
    860  3fd6		       e8		      inx
    861  3fd7					      endif
    862  3fd7		       bd df 1f 	      lda	bankswitch_hotspot-1,x
    863  3fda		       68		      pla
    864  3fdb		       aa		      tax
    865  3fdc		       68		      pla
    866  3fdd		       60		      rts
    867  3fde				  -	      if	((* & $1FFF) > ((bankswitch_hotspot & $1FFF) - 1))
    868  3fde				  -	      echo	"WARNING: size parameter in banksw.asm too small - the program probably will not work."
    869  3fde				  -	      echo	"Change to",[(*-begin_bscode+1)&$FF]d,"and try again."
    870  3fde					      endif
    871  3ffc					      ORG	$3FFC
    872  3ffc					      RORG	$5FFC
    873  3ffc		       bc 5f		      .word.w	(start_bank3 & $ffff)
    874  3ffe		       bc 5f		      .word.w	(start_bank3 & $ffff)
    875  4000					      ORG	$4000
    876  4000					      RORG	$7000
    877  4000					      repeat	256
    878  4000		       ff		      .byte.b	$ff
    877  4000					      repend
    878  4001		       ff		      .byte.b	$ff
    877  4001					      repend
    878  4002		       ff		      .byte.b	$ff
    877  4002					      repend
    878  4003		       ff		      .byte.b	$ff
    877  4003					      repend
    878  4004		       ff		      .byte.b	$ff
    877  4004					      repend
    878  4005		       ff		      .byte.b	$ff
    877  4005					      repend
    878  4006		       ff		      .byte.b	$ff
    877  4006					      repend
    878  4007		       ff		      .byte.b	$ff
    877  4007					      repend
    878  4008		       ff		      .byte.b	$ff
    877  4008					      repend
    878  4009		       ff		      .byte.b	$ff
    877  4009					      repend
    878  400a		       ff		      .byte.b	$ff
    877  400a					      repend
    878  400b		       ff		      .byte.b	$ff
    877  400b					      repend
    878  400c		       ff		      .byte.b	$ff
    877  400c					      repend
    878  400d		       ff		      .byte.b	$ff
    877  400d					      repend
    878  400e		       ff		      .byte.b	$ff
    877  400e					      repend
    878  400f		       ff		      .byte.b	$ff
    877  400f					      repend
    878  4010		       ff		      .byte.b	$ff
    877  4010					      repend
    878  4011		       ff		      .byte.b	$ff
    877  4011					      repend
    878  4012		       ff		      .byte.b	$ff
    877  4012					      repend
    878  4013		       ff		      .byte.b	$ff
    877  4013					      repend
    878  4014		       ff		      .byte.b	$ff
    877  4014					      repend
    878  4015		       ff		      .byte.b	$ff
    877  4015					      repend
    878  4016		       ff		      .byte.b	$ff
    877  4016					      repend
    878  4017		       ff		      .byte.b	$ff
    877  4017					      repend
    878  4018		       ff		      .byte.b	$ff
    877  4018					      repend
    878  4019		       ff		      .byte.b	$ff
    877  4019					      repend
    878  401a		       ff		      .byte.b	$ff
    877  401a					      repend
    878  401b		       ff		      .byte.b	$ff
    877  401b					      repend
    878  401c		       ff		      .byte.b	$ff
    877  401c					      repend
    878  401d		       ff		      .byte.b	$ff
    877  401d					      repend
    878  401e		       ff		      .byte.b	$ff
    877  401e					      repend
    878  401f		       ff		      .byte.b	$ff
    877  401f					      repend
    878  4020		       ff		      .byte.b	$ff
    877  4020					      repend
    878  4021		       ff		      .byte.b	$ff
    877  4021					      repend
    878  4022		       ff		      .byte.b	$ff
    877  4022					      repend
    878  4023		       ff		      .byte.b	$ff
    877  4023					      repend
    878  4024		       ff		      .byte.b	$ff
    877  4024					      repend
    878  4025		       ff		      .byte.b	$ff
    877  4025					      repend
    878  4026		       ff		      .byte.b	$ff
    877  4026					      repend
    878  4027		       ff		      .byte.b	$ff
    877  4027					      repend
    878  4028		       ff		      .byte.b	$ff
    877  4028					      repend
    878  4029		       ff		      .byte.b	$ff
    877  4029					      repend
    878  402a		       ff		      .byte.b	$ff
    877  402a					      repend
    878  402b		       ff		      .byte.b	$ff
    877  402b					      repend
    878  402c		       ff		      .byte.b	$ff
    877  402c					      repend
    878  402d		       ff		      .byte.b	$ff
    877  402d					      repend
    878  402e		       ff		      .byte.b	$ff
    877  402e					      repend
    878  402f		       ff		      .byte.b	$ff
    877  402f					      repend
    878  4030		       ff		      .byte.b	$ff
    877  4030					      repend
    878  4031		       ff		      .byte.b	$ff
    877  4031					      repend
    878  4032		       ff		      .byte.b	$ff
    877  4032					      repend
    878  4033		       ff		      .byte.b	$ff
    877  4033					      repend
    878  4034		       ff		      .byte.b	$ff
    877  4034					      repend
    878  4035		       ff		      .byte.b	$ff
    877  4035					      repend
    878  4036		       ff		      .byte.b	$ff
    877  4036					      repend
    878  4037		       ff		      .byte.b	$ff
    877  4037					      repend
    878  4038		       ff		      .byte.b	$ff
    877  4038					      repend
    878  4039		       ff		      .byte.b	$ff
    877  4039					      repend
    878  403a		       ff		      .byte.b	$ff
    877  403a					      repend
    878  403b		       ff		      .byte.b	$ff
    877  403b					      repend
    878  403c		       ff		      .byte.b	$ff
    877  403c					      repend
    878  403d		       ff		      .byte.b	$ff
    877  403d					      repend
    878  403e		       ff		      .byte.b	$ff
    877  403e					      repend
    878  403f		       ff		      .byte.b	$ff
    877  403f					      repend
    878  4040		       ff		      .byte.b	$ff
    877  4040					      repend
    878  4041		       ff		      .byte.b	$ff
    877  4041					      repend
    878  4042		       ff		      .byte.b	$ff
    877  4042					      repend
    878  4043		       ff		      .byte.b	$ff
    877  4043					      repend
    878  4044		       ff		      .byte.b	$ff
    877  4044					      repend
    878  4045		       ff		      .byte.b	$ff
    877  4045					      repend
    878  4046		       ff		      .byte.b	$ff
    877  4046					      repend
    878  4047		       ff		      .byte.b	$ff
    877  4047					      repend
    878  4048		       ff		      .byte.b	$ff
    877  4048					      repend
    878  4049		       ff		      .byte.b	$ff
    877  4049					      repend
    878  404a		       ff		      .byte.b	$ff
    877  404a					      repend
    878  404b		       ff		      .byte.b	$ff
    877  404b					      repend
    878  404c		       ff		      .byte.b	$ff
    877  404c					      repend
    878  404d		       ff		      .byte.b	$ff
    877  404d					      repend
    878  404e		       ff		      .byte.b	$ff
    877  404e					      repend
    878  404f		       ff		      .byte.b	$ff
    877  404f					      repend
    878  4050		       ff		      .byte.b	$ff
    877  4050					      repend
    878  4051		       ff		      .byte.b	$ff
    877  4051					      repend
    878  4052		       ff		      .byte.b	$ff
    877  4052					      repend
    878  4053		       ff		      .byte.b	$ff
    877  4053					      repend
    878  4054		       ff		      .byte.b	$ff
    877  4054					      repend
    878  4055		       ff		      .byte.b	$ff
    877  4055					      repend
    878  4056		       ff		      .byte.b	$ff
    877  4056					      repend
    878  4057		       ff		      .byte.b	$ff
    877  4057					      repend
    878  4058		       ff		      .byte.b	$ff
    877  4058					      repend
    878  4059		       ff		      .byte.b	$ff
    877  4059					      repend
    878  405a		       ff		      .byte.b	$ff
    877  405a					      repend
    878  405b		       ff		      .byte.b	$ff
    877  405b					      repend
    878  405c		       ff		      .byte.b	$ff
    877  405c					      repend
    878  405d		       ff		      .byte.b	$ff
    877  405d					      repend
    878  405e		       ff		      .byte.b	$ff
    877  405e					      repend
    878  405f		       ff		      .byte.b	$ff
    877  405f					      repend
    878  4060		       ff		      .byte.b	$ff
    877  4060					      repend
    878  4061		       ff		      .byte.b	$ff
    877  4061					      repend
    878  4062		       ff		      .byte.b	$ff
    877  4062					      repend
    878  4063		       ff		      .byte.b	$ff
    877  4063					      repend
    878  4064		       ff		      .byte.b	$ff
    877  4064					      repend
    878  4065		       ff		      .byte.b	$ff
    877  4065					      repend
    878  4066		       ff		      .byte.b	$ff
    877  4066					      repend
    878  4067		       ff		      .byte.b	$ff
    877  4067					      repend
    878  4068		       ff		      .byte.b	$ff
    877  4068					      repend
    878  4069		       ff		      .byte.b	$ff
    877  4069					      repend
    878  406a		       ff		      .byte.b	$ff
    877  406a					      repend
    878  406b		       ff		      .byte.b	$ff
    877  406b					      repend
    878  406c		       ff		      .byte.b	$ff
    877  406c					      repend
    878  406d		       ff		      .byte.b	$ff
    877  406d					      repend
    878  406e		       ff		      .byte.b	$ff
    877  406e					      repend
    878  406f		       ff		      .byte.b	$ff
    877  406f					      repend
    878  4070		       ff		      .byte.b	$ff
    877  4070					      repend
    878  4071		       ff		      .byte.b	$ff
    877  4071					      repend
    878  4072		       ff		      .byte.b	$ff
    877  4072					      repend
    878  4073		       ff		      .byte.b	$ff
    877  4073					      repend
    878  4074		       ff		      .byte.b	$ff
    877  4074					      repend
    878  4075		       ff		      .byte.b	$ff
    877  4075					      repend
    878  4076		       ff		      .byte.b	$ff
    877  4076					      repend
    878  4077		       ff		      .byte.b	$ff
    877  4077					      repend
    878  4078		       ff		      .byte.b	$ff
    877  4078					      repend
    878  4079		       ff		      .byte.b	$ff
    877  4079					      repend
    878  407a		       ff		      .byte.b	$ff
    877  407a					      repend
    878  407b		       ff		      .byte.b	$ff
    877  407b					      repend
    878  407c		       ff		      .byte.b	$ff
    877  407c					      repend
    878  407d		       ff		      .byte.b	$ff
    877  407d					      repend
    878  407e		       ff		      .byte.b	$ff
    877  407e					      repend
    878  407f		       ff		      .byte.b	$ff
    877  407f					      repend
    878  4080		       ff		      .byte.b	$ff
    877  4080					      repend
    878  4081		       ff		      .byte.b	$ff
    877  4081					      repend
    878  4082		       ff		      .byte.b	$ff
    877  4082					      repend
    878  4083		       ff		      .byte.b	$ff
    877  4083					      repend
    878  4084		       ff		      .byte.b	$ff
    877  4084					      repend
    878  4085		       ff		      .byte.b	$ff
    877  4085					      repend
    878  4086		       ff		      .byte.b	$ff
    877  4086					      repend
    878  4087		       ff		      .byte.b	$ff
    877  4087					      repend
    878  4088		       ff		      .byte.b	$ff
    877  4088					      repend
    878  4089		       ff		      .byte.b	$ff
    877  4089					      repend
    878  408a		       ff		      .byte.b	$ff
    877  408a					      repend
    878  408b		       ff		      .byte.b	$ff
    877  408b					      repend
    878  408c		       ff		      .byte.b	$ff
    877  408c					      repend
    878  408d		       ff		      .byte.b	$ff
    877  408d					      repend
    878  408e		       ff		      .byte.b	$ff
    877  408e					      repend
    878  408f		       ff		      .byte.b	$ff
    877  408f					      repend
    878  4090		       ff		      .byte.b	$ff
    877  4090					      repend
    878  4091		       ff		      .byte.b	$ff
    877  4091					      repend
    878  4092		       ff		      .byte.b	$ff
    877  4092					      repend
    878  4093		       ff		      .byte.b	$ff
    877  4093					      repend
    878  4094		       ff		      .byte.b	$ff
    877  4094					      repend
    878  4095		       ff		      .byte.b	$ff
    877  4095					      repend
    878  4096		       ff		      .byte.b	$ff
    877  4096					      repend
    878  4097		       ff		      .byte.b	$ff
    877  4097					      repend
    878  4098		       ff		      .byte.b	$ff
    877  4098					      repend
    878  4099		       ff		      .byte.b	$ff
    877  4099					      repend
    878  409a		       ff		      .byte.b	$ff
    877  409a					      repend
    878  409b		       ff		      .byte.b	$ff
    877  409b					      repend
    878  409c		       ff		      .byte.b	$ff
    877  409c					      repend
    878  409d		       ff		      .byte.b	$ff
    877  409d					      repend
    878  409e		       ff		      .byte.b	$ff
    877  409e					      repend
    878  409f		       ff		      .byte.b	$ff
    877  409f					      repend
    878  40a0		       ff		      .byte.b	$ff
    877  40a0					      repend
    878  40a1		       ff		      .byte.b	$ff
    877  40a1					      repend
    878  40a2		       ff		      .byte.b	$ff
    877  40a2					      repend
    878  40a3		       ff		      .byte.b	$ff
    877  40a3					      repend
    878  40a4		       ff		      .byte.b	$ff
    877  40a4					      repend
    878  40a5		       ff		      .byte.b	$ff
    877  40a5					      repend
    878  40a6		       ff		      .byte.b	$ff
    877  40a6					      repend
    878  40a7		       ff		      .byte.b	$ff
    877  40a7					      repend
    878  40a8		       ff		      .byte.b	$ff
    877  40a8					      repend
    878  40a9		       ff		      .byte.b	$ff
    877  40a9					      repend
    878  40aa		       ff		      .byte.b	$ff
    877  40aa					      repend
    878  40ab		       ff		      .byte.b	$ff
    877  40ab					      repend
    878  40ac		       ff		      .byte.b	$ff
    877  40ac					      repend
    878  40ad		       ff		      .byte.b	$ff
    877  40ad					      repend
    878  40ae		       ff		      .byte.b	$ff
    877  40ae					      repend
    878  40af		       ff		      .byte.b	$ff
    877  40af					      repend
    878  40b0		       ff		      .byte.b	$ff
    877  40b0					      repend
    878  40b1		       ff		      .byte.b	$ff
    877  40b1					      repend
    878  40b2		       ff		      .byte.b	$ff
    877  40b2					      repend
    878  40b3		       ff		      .byte.b	$ff
    877  40b3					      repend
    878  40b4		       ff		      .byte.b	$ff
    877  40b4					      repend
    878  40b5		       ff		      .byte.b	$ff
    877  40b5					      repend
    878  40b6		       ff		      .byte.b	$ff
    877  40b6					      repend
    878  40b7		       ff		      .byte.b	$ff
    877  40b7					      repend
    878  40b8		       ff		      .byte.b	$ff
    877  40b8					      repend
    878  40b9		       ff		      .byte.b	$ff
    877  40b9					      repend
    878  40ba		       ff		      .byte.b	$ff
    877  40ba					      repend
    878  40bb		       ff		      .byte.b	$ff
    877  40bb					      repend
    878  40bc		       ff		      .byte.b	$ff
    877  40bc					      repend
    878  40bd		       ff		      .byte.b	$ff
    877  40bd					      repend
    878  40be		       ff		      .byte.b	$ff
    877  40be					      repend
    878  40bf		       ff		      .byte.b	$ff
    877  40bf					      repend
    878  40c0		       ff		      .byte.b	$ff
    877  40c0					      repend
    878  40c1		       ff		      .byte.b	$ff
    877  40c1					      repend
    878  40c2		       ff		      .byte.b	$ff
    877  40c2					      repend
    878  40c3		       ff		      .byte.b	$ff
    877  40c3					      repend
    878  40c4		       ff		      .byte.b	$ff
    877  40c4					      repend
    878  40c5		       ff		      .byte.b	$ff
    877  40c5					      repend
    878  40c6		       ff		      .byte.b	$ff
    877  40c6					      repend
    878  40c7		       ff		      .byte.b	$ff
    877  40c7					      repend
    878  40c8		       ff		      .byte.b	$ff
    877  40c8					      repend
    878  40c9		       ff		      .byte.b	$ff
    877  40c9					      repend
    878  40ca		       ff		      .byte.b	$ff
    877  40ca					      repend
    878  40cb		       ff		      .byte.b	$ff
    877  40cb					      repend
    878  40cc		       ff		      .byte.b	$ff
    877  40cc					      repend
    878  40cd		       ff		      .byte.b	$ff
    877  40cd					      repend
    878  40ce		       ff		      .byte.b	$ff
    877  40ce					      repend
    878  40cf		       ff		      .byte.b	$ff
    877  40cf					      repend
    878  40d0		       ff		      .byte.b	$ff
    877  40d0					      repend
    878  40d1		       ff		      .byte.b	$ff
    877  40d1					      repend
    878  40d2		       ff		      .byte.b	$ff
    877  40d2					      repend
    878  40d3		       ff		      .byte.b	$ff
    877  40d3					      repend
    878  40d4		       ff		      .byte.b	$ff
    877  40d4					      repend
    878  40d5		       ff		      .byte.b	$ff
    877  40d5					      repend
    878  40d6		       ff		      .byte.b	$ff
    877  40d6					      repend
    878  40d7		       ff		      .byte.b	$ff
    877  40d7					      repend
    878  40d8		       ff		      .byte.b	$ff
    877  40d8					      repend
    878  40d9		       ff		      .byte.b	$ff
    877  40d9					      repend
    878  40da		       ff		      .byte.b	$ff
    877  40da					      repend
    878  40db		       ff		      .byte.b	$ff
    877  40db					      repend
    878  40dc		       ff		      .byte.b	$ff
    877  40dc					      repend
    878  40dd		       ff		      .byte.b	$ff
    877  40dd					      repend
    878  40de		       ff		      .byte.b	$ff
    877  40de					      repend
    878  40df		       ff		      .byte.b	$ff
    877  40df					      repend
    878  40e0		       ff		      .byte.b	$ff
    877  40e0					      repend
    878  40e1		       ff		      .byte.b	$ff
    877  40e1					      repend
    878  40e2		       ff		      .byte.b	$ff
    877  40e2					      repend
    878  40e3		       ff		      .byte.b	$ff
    877  40e3					      repend
    878  40e4		       ff		      .byte.b	$ff
    877  40e4					      repend
    878  40e5		       ff		      .byte.b	$ff
    877  40e5					      repend
    878  40e6		       ff		      .byte.b	$ff
    877  40e6					      repend
    878  40e7		       ff		      .byte.b	$ff
    877  40e7					      repend
    878  40e8		       ff		      .byte.b	$ff
    877  40e8					      repend
    878  40e9		       ff		      .byte.b	$ff
    877  40e9					      repend
    878  40ea		       ff		      .byte.b	$ff
    877  40ea					      repend
    878  40eb		       ff		      .byte.b	$ff
    877  40eb					      repend
    878  40ec		       ff		      .byte.b	$ff
    877  40ec					      repend
    878  40ed		       ff		      .byte.b	$ff
    877  40ed					      repend
    878  40ee		       ff		      .byte.b	$ff
    877  40ee					      repend
    878  40ef		       ff		      .byte.b	$ff
    877  40ef					      repend
    878  40f0		       ff		      .byte.b	$ff
    877  40f0					      repend
    878  40f1		       ff		      .byte.b	$ff
    877  40f1					      repend
    878  40f2		       ff		      .byte.b	$ff
    877  40f2					      repend
    878  40f3		       ff		      .byte.b	$ff
    877  40f3					      repend
    878  40f4		       ff		      .byte.b	$ff
    877  40f4					      repend
    878  40f5		       ff		      .byte.b	$ff
    877  40f5					      repend
    878  40f6		       ff		      .byte.b	$ff
    877  40f6					      repend
    878  40f7		       ff		      .byte.b	$ff
    877  40f7					      repend
    878  40f8		       ff		      .byte.b	$ff
    877  40f8					      repend
    878  40f9		       ff		      .byte.b	$ff
    877  40f9					      repend
    878  40fa		       ff		      .byte.b	$ff
    877  40fa					      repend
    878  40fb		       ff		      .byte.b	$ff
    877  40fb					      repend
    878  40fc		       ff		      .byte.b	$ff
    877  40fc					      repend
    878  40fd		       ff		      .byte.b	$ff
    877  40fd					      repend
    878  40fe		       ff		      .byte.b	$ff
    877  40fe					      repend
    878  40ff		       ff		      .byte.b	$ff
    879  4100					      repend
    880  4100				   .bsub4
    881  4100							;;line 87;; bsub4
    882  4100
    883  4100				   .L066		;;line 88;;  score = 4
    884  4100
    885  4100		       a9 04		      LDA	#$04
    886  4102		       85 95		      STA	score+2
    887  4104		       a9 00		      LDA	#$00
    888  4106		       85 94		      STA	score+1
    889  4108		       a9 00		      LDA	#$00
    890  410a		       85 93		      STA	score
    891  410c				   .L067		;;line 89;;  for memloc = 0 to 127
    892  410c
    893  410c		       a9 00		      LDA	#0
    894  410e		       85 d6		      STA	memloc
    895  4110				   .L067formemloc
    896  4110				   .L068		;;line 90;;  temp1 = r000[memloc]
    897  4110
    898  4110		       a6 d6		      LDX	memloc
    899  4112		       bd 80 f0 	      LDA	r000,x
    900  4115		       85 9c		      STA	temp1
    901  4117				   .L069		;;line 91;;  w000[memloc] = r000[memloc] ^ $ff
    902  4117
    903  4117		       a6 d6		      LDX	memloc
    904  4119		       bd 80 f0 	      LDA	r000,x
    905  411c		       49 ff		      EOR	#$ff
    906  411e		       a6 d6		      LDX	memloc
    907  4120		       9d 00 f0 	      STA	w000,x
    908  4123				   .L070		;;line 92;;  temp1 = temp1 ^ $ff
    909  4123
    910  4123		       a5 9c		      LDA	temp1
    911  4125		       49 ff		      EOR	#$ff
    912  4127		       85 9c		      STA	temp1
    913  4129				   .L071		;;line 93;;  if r000[memloc] <> temp1 then sc0 = $99 : scorecolor = $42
    914  4129
    915  4129		       a6 d6		      LDX	memloc
    916  412b		       bd 80 f0 	      LDA	r000,x
    917  412e		       c5 9c		      CMP	temp1
    918  4130		       f0 08		      BEQ	.skipL071
    919  4132				   .condpart20
    920  4132		       a9 99		      LDA	#$99
    921  4134		       85 93		      STA	sc0
    922  4136		       a9 42		      LDA	#$42
    923  4138		       85 a3		      STA	scorecolor
    924  413a				   .skipL071
    925  413a				   .L072		;;line 94;;  drawscreen
    926  413a
    927  413a		       85 ee		      sta	temp7
    928  413c		       a9 31		      lda	#(((>(ret_point4-1)) & $0F) | $30)
    929  413e		       48		      pha
    930  413f		       a9 51		      lda	#<(ret_point4-1)
    931  4141		       48		      pha
    932  4142		       a9 f5		      lda	#>(drawscreen-1)
    933  4144		       48		      pha
    934  4145		       a9 80		      lda	#<(drawscreen-1)
    935  4147		       48		      pha
    936  4148		       a5 ee		      lda	temp7
    937  414a		       48		      pha
    938  414b		       8a		      txa
    939  414c		       48		      pha
    940  414d		       a2 10		      ldx	#16
    941  414f		       4c d7 ff 	      jmp	BS_jsr
    942  4152				   ret_point4
    943  4152				   .L073		;;line 95;;  next
    944  4152
    945  4152		       a5 d6		      LDA	memloc
    946  4154		       c9 7f		      CMP	#127
    947  4156		       e6 d6		      INC	memloc
    948  4158		       90 b6		      bcc	.L067formemloc
    949  415a				  -	      if	( (((((#>*)&$1f)*256)|(#<.L067formemloc))>=bankswitch_hotspot) && (((((#>*)&$1f)*256)|(#<.L067formemloc))<=(bankswitch_hotspot+bs_mask)) )
    950  415a				  -	      echo	"WARNING: branch near the end of bank 4 may accidentally trigger a bankswitch. Reposition code there if bad things happen."
    951  415a					      endif
    952  415a				   .
    953  415a							;;line 96;;
    954  415a
    955  415a				   .L074		;;line 97;;  goto goback bank1
    956  415a
    957  415a		       85 ee		      sta	temp7
    958  415c		       a9 12		      lda	#>(.goback-1)
    959  415e		       48		      pha
    960  415f		       a9 f9		      lda	#<(.goback-1)
    961  4161		       48		      pha
    962  4162		       a5 ee		      lda	temp7
    963  4164		       48		      pha
    964  4165		       8a		      txa
    965  4166		       48		      pha
    966  4167		       a2 01		      ldx	#1
    967  4169		       4c d7 ff 	      jmp	BS_jsr
    968  416c				   .
    969  416c							;;line 98;;
    970  416c
    971  416c				   .L075		;;line 99;;  bank 5
    972  416c
    973  416c					      if	ECHO4
      3664 bytes of ROM space left in bank 4
    974  416c					      echo	"    ",[(start_bank4 - *)]d , "bytes of ROM space left in bank 4")
    975  416c					      endif
    976  416c		       00 01	   ECHO4      =	1
    977  4fbc					      ORG	$4FE0-bscode_length
    978  4fbc					      RORG	$7FE0-bscode_length
    979  4fbc		       a2 ff	   start_bank4 ldx	#$ff
    980  4fbe				  -	      ifconst	FASTFETCH	; using DPC+
    981  4fbe				  -	      stx	FASTFETCH
    982  4fbe					      endif
    983  4fbe		       9a		      txs
    984  4fbf					      if	bankswitch == 64
    985  4fbf		       a9 f3		      lda	#(((>(start-1)) & $0F) | $F0)
    986  4fc1				  -	      else
    987  4fc1				  -	      lda	#>(start-1)
    988  4fc1					      endif
    989  4fc1		       48		      pha
    990  4fc2		       a9 4f		      lda	#<(start-1)
    991  4fc4		       48		      pha
    992  4fc5		       48		      pha
    993  4fc6		       8a		      txa
    994  4fc7		       48		      pha
    995  4fc8		       ba		      tsx
    996  4fc9				  -	      if	bankswitch != 64
    997  4fc9				  -	      lda	4,x	; get high byte of return address
    998  4fc9				  -	      rol
    999  4fc9				  -	      rol
   1000  4fc9				  -	      rol
   1001  4fc9				  -	      rol
   1002  4fc9				  -	      and	#bs_mask	;1 3 or 7 for F8/F6/F4
   1003  4fc9				  -	      tax
   1004  4fc9				  -	      inx
   1005  4fc9					      else
   1006  4fc9		       b5 04		      lda	4,x	; get high byte of return address
   1007  4fcb		       a8		      tay
   1008  4fcc		       09 10		      ora	#$10	; change our bank nibble into a valid rom mirror
   1009  4fce		       95 04		      sta	4,x
   1010  4fd0		       98		      tya
   1011  4fd1		       4a		      lsr
   1012  4fd2		       4a		      lsr
   1013  4fd3		       4a		      lsr
   1014  4fd4		       4a		      lsr
   1015  4fd5		       aa		      tax
   1016  4fd6		       e8		      inx
   1017  4fd7					      endif
   1018  4fd7		       bd df 1f 	      lda	bankswitch_hotspot-1,x
   1019  4fda		       68		      pla
   1020  4fdb		       aa		      tax
   1021  4fdc		       68		      pla
   1022  4fdd		       60		      rts
   1023  4fde				  -	      if	((* & $1FFF) > ((bankswitch_hotspot & $1FFF) - 1))
   1024  4fde				  -	      echo	"WARNING: size parameter in banksw.asm too small - the program probably will not work."
   1025  4fde				  -	      echo	"Change to",[(*-begin_bscode+1)&$FF]d,"and try again."
   1026  4fde					      endif
   1027  4ffc					      ORG	$4FFC
   1028  4ffc					      RORG	$7FFC
   1029  4ffc		       bc 7f		      .word.w	(start_bank4 & $ffff)
   1030  4ffe		       bc 7f		      .word.w	(start_bank4 & $ffff)
   1031  5000					      ORG	$5000
   1032  5000					      RORG	$9000
   1033  5000					      repeat	256
   1034  5000		       ff		      .byte.b	$ff
   1033  5000					      repend
   1034  5001		       ff		      .byte.b	$ff
   1033  5001					      repend
   1034  5002		       ff		      .byte.b	$ff
   1033  5002					      repend
   1034  5003		       ff		      .byte.b	$ff
   1033  5003					      repend
   1034  5004		       ff		      .byte.b	$ff
   1033  5004					      repend
   1034  5005		       ff		      .byte.b	$ff
   1033  5005					      repend
   1034  5006		       ff		      .byte.b	$ff
   1033  5006					      repend
   1034  5007		       ff		      .byte.b	$ff
   1033  5007					      repend
   1034  5008		       ff		      .byte.b	$ff
   1033  5008					      repend
   1034  5009		       ff		      .byte.b	$ff
   1033  5009					      repend
   1034  500a		       ff		      .byte.b	$ff
   1033  500a					      repend
   1034  500b		       ff		      .byte.b	$ff
   1033  500b					      repend
   1034  500c		       ff		      .byte.b	$ff
   1033  500c					      repend
   1034  500d		       ff		      .byte.b	$ff
   1033  500d					      repend
   1034  500e		       ff		      .byte.b	$ff
   1033  500e					      repend
   1034  500f		       ff		      .byte.b	$ff
   1033  500f					      repend
   1034  5010		       ff		      .byte.b	$ff
   1033  5010					      repend
   1034  5011		       ff		      .byte.b	$ff
   1033  5011					      repend
   1034  5012		       ff		      .byte.b	$ff
   1033  5012					      repend
   1034  5013		       ff		      .byte.b	$ff
   1033  5013					      repend
   1034  5014		       ff		      .byte.b	$ff
   1033  5014					      repend
   1034  5015		       ff		      .byte.b	$ff
   1033  5015					      repend
   1034  5016		       ff		      .byte.b	$ff
   1033  5016					      repend
   1034  5017		       ff		      .byte.b	$ff
   1033  5017					      repend
   1034  5018		       ff		      .byte.b	$ff
   1033  5018					      repend
   1034  5019		       ff		      .byte.b	$ff
   1033  5019					      repend
   1034  501a		       ff		      .byte.b	$ff
   1033  501a					      repend
   1034  501b		       ff		      .byte.b	$ff
   1033  501b					      repend
   1034  501c		       ff		      .byte.b	$ff
   1033  501c					      repend
   1034  501d		       ff		      .byte.b	$ff
   1033  501d					      repend
   1034  501e		       ff		      .byte.b	$ff
   1033  501e					      repend
   1034  501f		       ff		      .byte.b	$ff
   1033  501f					      repend
   1034  5020		       ff		      .byte.b	$ff
   1033  5020					      repend
   1034  5021		       ff		      .byte.b	$ff
   1033  5021					      repend
   1034  5022		       ff		      .byte.b	$ff
   1033  5022					      repend
   1034  5023		       ff		      .byte.b	$ff
   1033  5023					      repend
   1034  5024		       ff		      .byte.b	$ff
   1033  5024					      repend
   1034  5025		       ff		      .byte.b	$ff
   1033  5025					      repend
   1034  5026		       ff		      .byte.b	$ff
   1033  5026					      repend
   1034  5027		       ff		      .byte.b	$ff
   1033  5027					      repend
   1034  5028		       ff		      .byte.b	$ff
   1033  5028					      repend
   1034  5029		       ff		      .byte.b	$ff
   1033  5029					      repend
   1034  502a		       ff		      .byte.b	$ff
   1033  502a					      repend
   1034  502b		       ff		      .byte.b	$ff
   1033  502b					      repend
   1034  502c		       ff		      .byte.b	$ff
   1033  502c					      repend
   1034  502d		       ff		      .byte.b	$ff
   1033  502d					      repend
   1034  502e		       ff		      .byte.b	$ff
   1033  502e					      repend
   1034  502f		       ff		      .byte.b	$ff
   1033  502f					      repend
   1034  5030		       ff		      .byte.b	$ff
   1033  5030					      repend
   1034  5031		       ff		      .byte.b	$ff
   1033  5031					      repend
   1034  5032		       ff		      .byte.b	$ff
   1033  5032					      repend
   1034  5033		       ff		      .byte.b	$ff
   1033  5033					      repend
   1034  5034		       ff		      .byte.b	$ff
   1033  5034					      repend
   1034  5035		       ff		      .byte.b	$ff
   1033  5035					      repend
   1034  5036		       ff		      .byte.b	$ff
   1033  5036					      repend
   1034  5037		       ff		      .byte.b	$ff
   1033  5037					      repend
   1034  5038		       ff		      .byte.b	$ff
   1033  5038					      repend
   1034  5039		       ff		      .byte.b	$ff
   1033  5039					      repend
   1034  503a		       ff		      .byte.b	$ff
   1033  503a					      repend
   1034  503b		       ff		      .byte.b	$ff
   1033  503b					      repend
   1034  503c		       ff		      .byte.b	$ff
   1033  503c					      repend
   1034  503d		       ff		      .byte.b	$ff
   1033  503d					      repend
   1034  503e		       ff		      .byte.b	$ff
   1033  503e					      repend
   1034  503f		       ff		      .byte.b	$ff
   1033  503f					      repend
   1034  5040		       ff		      .byte.b	$ff
   1033  5040					      repend
   1034  5041		       ff		      .byte.b	$ff
   1033  5041					      repend
   1034  5042		       ff		      .byte.b	$ff
   1033  5042					      repend
   1034  5043		       ff		      .byte.b	$ff
   1033  5043					      repend
   1034  5044		       ff		      .byte.b	$ff
   1033  5044					      repend
   1034  5045		       ff		      .byte.b	$ff
   1033  5045					      repend
   1034  5046		       ff		      .byte.b	$ff
   1033  5046					      repend
   1034  5047		       ff		      .byte.b	$ff
   1033  5047					      repend
   1034  5048		       ff		      .byte.b	$ff
   1033  5048					      repend
   1034  5049		       ff		      .byte.b	$ff
   1033  5049					      repend
   1034  504a		       ff		      .byte.b	$ff
   1033  504a					      repend
   1034  504b		       ff		      .byte.b	$ff
   1033  504b					      repend
   1034  504c		       ff		      .byte.b	$ff
   1033  504c					      repend
   1034  504d		       ff		      .byte.b	$ff
   1033  504d					      repend
   1034  504e		       ff		      .byte.b	$ff
   1033  504e					      repend
   1034  504f		       ff		      .byte.b	$ff
   1033  504f					      repend
   1034  5050		       ff		      .byte.b	$ff
   1033  5050					      repend
   1034  5051		       ff		      .byte.b	$ff
   1033  5051					      repend
   1034  5052		       ff		      .byte.b	$ff
   1033  5052					      repend
   1034  5053		       ff		      .byte.b	$ff
   1033  5053					      repend
   1034  5054		       ff		      .byte.b	$ff
   1033  5054					      repend
   1034  5055		       ff		      .byte.b	$ff
   1033  5055					      repend
   1034  5056		       ff		      .byte.b	$ff
   1033  5056					      repend
   1034  5057		       ff		      .byte.b	$ff
   1033  5057					      repend
   1034  5058		       ff		      .byte.b	$ff
   1033  5058					      repend
   1034  5059		       ff		      .byte.b	$ff
   1033  5059					      repend
   1034  505a		       ff		      .byte.b	$ff
   1033  505a					      repend
   1034  505b		       ff		      .byte.b	$ff
   1033  505b					      repend
   1034  505c		       ff		      .byte.b	$ff
   1033  505c					      repend
   1034  505d		       ff		      .byte.b	$ff
   1033  505d					      repend
   1034  505e		       ff		      .byte.b	$ff
   1033  505e					      repend
   1034  505f		       ff		      .byte.b	$ff
   1033  505f					      repend
   1034  5060		       ff		      .byte.b	$ff
   1033  5060					      repend
   1034  5061		       ff		      .byte.b	$ff
   1033  5061					      repend
   1034  5062		       ff		      .byte.b	$ff
   1033  5062					      repend
   1034  5063		       ff		      .byte.b	$ff
   1033  5063					      repend
   1034  5064		       ff		      .byte.b	$ff
   1033  5064					      repend
   1034  5065		       ff		      .byte.b	$ff
   1033  5065					      repend
   1034  5066		       ff		      .byte.b	$ff
   1033  5066					      repend
   1034  5067		       ff		      .byte.b	$ff
   1033  5067					      repend
   1034  5068		       ff		      .byte.b	$ff
   1033  5068					      repend
   1034  5069		       ff		      .byte.b	$ff
   1033  5069					      repend
   1034  506a		       ff		      .byte.b	$ff
   1033  506a					      repend
   1034  506b		       ff		      .byte.b	$ff
   1033  506b					      repend
   1034  506c		       ff		      .byte.b	$ff
   1033  506c					      repend
   1034  506d		       ff		      .byte.b	$ff
   1033  506d					      repend
   1034  506e		       ff		      .byte.b	$ff
   1033  506e					      repend
   1034  506f		       ff		      .byte.b	$ff
   1033  506f					      repend
   1034  5070		       ff		      .byte.b	$ff
   1033  5070					      repend
   1034  5071		       ff		      .byte.b	$ff
   1033  5071					      repend
   1034  5072		       ff		      .byte.b	$ff
   1033  5072					      repend
   1034  5073		       ff		      .byte.b	$ff
   1033  5073					      repend
   1034  5074		       ff		      .byte.b	$ff
   1033  5074					      repend
   1034  5075		       ff		      .byte.b	$ff
   1033  5075					      repend
   1034  5076		       ff		      .byte.b	$ff
   1033  5076					      repend
   1034  5077		       ff		      .byte.b	$ff
   1033  5077					      repend
   1034  5078		       ff		      .byte.b	$ff
   1033  5078					      repend
   1034  5079		       ff		      .byte.b	$ff
   1033  5079					      repend
   1034  507a		       ff		      .byte.b	$ff
   1033  507a					      repend
   1034  507b		       ff		      .byte.b	$ff
   1033  507b					      repend
   1034  507c		       ff		      .byte.b	$ff
   1033  507c					      repend
   1034  507d		       ff		      .byte.b	$ff
   1033  507d					      repend
   1034  507e		       ff		      .byte.b	$ff
   1033  507e					      repend
   1034  507f		       ff		      .byte.b	$ff
   1033  507f					      repend
   1034  5080		       ff		      .byte.b	$ff
   1033  5080					      repend
   1034  5081		       ff		      .byte.b	$ff
   1033  5081					      repend
   1034  5082		       ff		      .byte.b	$ff
   1033  5082					      repend
   1034  5083		       ff		      .byte.b	$ff
   1033  5083					      repend
   1034  5084		       ff		      .byte.b	$ff
   1033  5084					      repend
   1034  5085		       ff		      .byte.b	$ff
   1033  5085					      repend
   1034  5086		       ff		      .byte.b	$ff
   1033  5086					      repend
   1034  5087		       ff		      .byte.b	$ff
   1033  5087					      repend
   1034  5088		       ff		      .byte.b	$ff
   1033  5088					      repend
   1034  5089		       ff		      .byte.b	$ff
   1033  5089					      repend
   1034  508a		       ff		      .byte.b	$ff
   1033  508a					      repend
   1034  508b		       ff		      .byte.b	$ff
   1033  508b					      repend
   1034  508c		       ff		      .byte.b	$ff
   1033  508c					      repend
   1034  508d		       ff		      .byte.b	$ff
   1033  508d					      repend
   1034  508e		       ff		      .byte.b	$ff
   1033  508e					      repend
   1034  508f		       ff		      .byte.b	$ff
   1033  508f					      repend
   1034  5090		       ff		      .byte.b	$ff
   1033  5090					      repend
   1034  5091		       ff		      .byte.b	$ff
   1033  5091					      repend
   1034  5092		       ff		      .byte.b	$ff
   1033  5092					      repend
   1034  5093		       ff		      .byte.b	$ff
   1033  5093					      repend
   1034  5094		       ff		      .byte.b	$ff
   1033  5094					      repend
   1034  5095		       ff		      .byte.b	$ff
   1033  5095					      repend
   1034  5096		       ff		      .byte.b	$ff
   1033  5096					      repend
   1034  5097		       ff		      .byte.b	$ff
   1033  5097					      repend
   1034  5098		       ff		      .byte.b	$ff
   1033  5098					      repend
   1034  5099		       ff		      .byte.b	$ff
   1033  5099					      repend
   1034  509a		       ff		      .byte.b	$ff
   1033  509a					      repend
   1034  509b		       ff		      .byte.b	$ff
   1033  509b					      repend
   1034  509c		       ff		      .byte.b	$ff
   1033  509c					      repend
   1034  509d		       ff		      .byte.b	$ff
   1033  509d					      repend
   1034  509e		       ff		      .byte.b	$ff
   1033  509e					      repend
   1034  509f		       ff		      .byte.b	$ff
   1033  509f					      repend
   1034  50a0		       ff		      .byte.b	$ff
   1033  50a0					      repend
   1034  50a1		       ff		      .byte.b	$ff
   1033  50a1					      repend
   1034  50a2		       ff		      .byte.b	$ff
   1033  50a2					      repend
   1034  50a3		       ff		      .byte.b	$ff
   1033  50a3					      repend
   1034  50a4		       ff		      .byte.b	$ff
   1033  50a4					      repend
   1034  50a5		       ff		      .byte.b	$ff
   1033  50a5					      repend
   1034  50a6		       ff		      .byte.b	$ff
   1033  50a6					      repend
   1034  50a7		       ff		      .byte.b	$ff
   1033  50a7					      repend
   1034  50a8		       ff		      .byte.b	$ff
   1033  50a8					      repend
   1034  50a9		       ff		      .byte.b	$ff
   1033  50a9					      repend
   1034  50aa		       ff		      .byte.b	$ff
   1033  50aa					      repend
   1034  50ab		       ff		      .byte.b	$ff
   1033  50ab					      repend
   1034  50ac		       ff		      .byte.b	$ff
   1033  50ac					      repend
   1034  50ad		       ff		      .byte.b	$ff
   1033  50ad					      repend
   1034  50ae		       ff		      .byte.b	$ff
   1033  50ae					      repend
   1034  50af		       ff		      .byte.b	$ff
   1033  50af					      repend
   1034  50b0		       ff		      .byte.b	$ff
   1033  50b0					      repend
   1034  50b1		       ff		      .byte.b	$ff
   1033  50b1					      repend
   1034  50b2		       ff		      .byte.b	$ff
   1033  50b2					      repend
   1034  50b3		       ff		      .byte.b	$ff
   1033  50b3					      repend
   1034  50b4		       ff		      .byte.b	$ff
   1033  50b4					      repend
   1034  50b5		       ff		      .byte.b	$ff
   1033  50b5					      repend
   1034  50b6		       ff		      .byte.b	$ff
   1033  50b6					      repend
   1034  50b7		       ff		      .byte.b	$ff
   1033  50b7					      repend
   1034  50b8		       ff		      .byte.b	$ff
   1033  50b8					      repend
   1034  50b9		       ff		      .byte.b	$ff
   1033  50b9					      repend
   1034  50ba		       ff		      .byte.b	$ff
   1033  50ba					      repend
   1034  50bb		       ff		      .byte.b	$ff
   1033  50bb					      repend
   1034  50bc		       ff		      .byte.b	$ff
   1033  50bc					      repend
   1034  50bd		       ff		      .byte.b	$ff
   1033  50bd					      repend
   1034  50be		       ff		      .byte.b	$ff
   1033  50be					      repend
   1034  50bf		       ff		      .byte.b	$ff
   1033  50bf					      repend
   1034  50c0		       ff		      .byte.b	$ff
   1033  50c0					      repend
   1034  50c1		       ff		      .byte.b	$ff
   1033  50c1					      repend
   1034  50c2		       ff		      .byte.b	$ff
   1033  50c2					      repend
   1034  50c3		       ff		      .byte.b	$ff
   1033  50c3					      repend
   1034  50c4		       ff		      .byte.b	$ff
   1033  50c4					      repend
   1034  50c5		       ff		      .byte.b	$ff
   1033  50c5					      repend
   1034  50c6		       ff		      .byte.b	$ff
   1033  50c6					      repend
   1034  50c7		       ff		      .byte.b	$ff
   1033  50c7					      repend
   1034  50c8		       ff		      .byte.b	$ff
   1033  50c8					      repend
   1034  50c9		       ff		      .byte.b	$ff
   1033  50c9					      repend
   1034  50ca		       ff		      .byte.b	$ff
   1033  50ca					      repend
   1034  50cb		       ff		      .byte.b	$ff
   1033  50cb					      repend
   1034  50cc		       ff		      .byte.b	$ff
   1033  50cc					      repend
   1034  50cd		       ff		      .byte.b	$ff
   1033  50cd					      repend
   1034  50ce		       ff		      .byte.b	$ff
   1033  50ce					      repend
   1034  50cf		       ff		      .byte.b	$ff
   1033  50cf					      repend
   1034  50d0		       ff		      .byte.b	$ff
   1033  50d0					      repend
   1034  50d1		       ff		      .byte.b	$ff
   1033  50d1					      repend
   1034  50d2		       ff		      .byte.b	$ff
   1033  50d2					      repend
   1034  50d3		       ff		      .byte.b	$ff
   1033  50d3					      repend
   1034  50d4		       ff		      .byte.b	$ff
   1033  50d4					      repend
   1034  50d5		       ff		      .byte.b	$ff
   1033  50d5					      repend
   1034  50d6		       ff		      .byte.b	$ff
   1033  50d6					      repend
   1034  50d7		       ff		      .byte.b	$ff
   1033  50d7					      repend
   1034  50d8		       ff		      .byte.b	$ff
   1033  50d8					      repend
   1034  50d9		       ff		      .byte.b	$ff
   1033  50d9					      repend
   1034  50da		       ff		      .byte.b	$ff
   1033  50da					      repend
   1034  50db		       ff		      .byte.b	$ff
   1033  50db					      repend
   1034  50dc		       ff		      .byte.b	$ff
   1033  50dc					      repend
   1034  50dd		       ff		      .byte.b	$ff
   1033  50dd					      repend
   1034  50de		       ff		      .byte.b	$ff
   1033  50de					      repend
   1034  50df		       ff		      .byte.b	$ff
   1033  50df					      repend
   1034  50e0		       ff		      .byte.b	$ff
   1033  50e0					      repend
   1034  50e1		       ff		      .byte.b	$ff
   1033  50e1					      repend
   1034  50e2		       ff		      .byte.b	$ff
   1033  50e2					      repend
   1034  50e3		       ff		      .byte.b	$ff
   1033  50e3					      repend
   1034  50e4		       ff		      .byte.b	$ff
   1033  50e4					      repend
   1034  50e5		       ff		      .byte.b	$ff
   1033  50e5					      repend
   1034  50e6		       ff		      .byte.b	$ff
   1033  50e6					      repend
   1034  50e7		       ff		      .byte.b	$ff
   1033  50e7					      repend
   1034  50e8		       ff		      .byte.b	$ff
   1033  50e8					      repend
   1034  50e9		       ff		      .byte.b	$ff
   1033  50e9					      repend
   1034  50ea		       ff		      .byte.b	$ff
   1033  50ea					      repend
   1034  50eb		       ff		      .byte.b	$ff
   1033  50eb					      repend
   1034  50ec		       ff		      .byte.b	$ff
   1033  50ec					      repend
   1034  50ed		       ff		      .byte.b	$ff
   1033  50ed					      repend
   1034  50ee		       ff		      .byte.b	$ff
   1033  50ee					      repend
   1034  50ef		       ff		      .byte.b	$ff
   1033  50ef					      repend
   1034  50f0		       ff		      .byte.b	$ff
   1033  50f0					      repend
   1034  50f1		       ff		      .byte.b	$ff
   1033  50f1					      repend
   1034  50f2		       ff		      .byte.b	$ff
   1033  50f2					      repend
   1034  50f3		       ff		      .byte.b	$ff
   1033  50f3					      repend
   1034  50f4		       ff		      .byte.b	$ff
   1033  50f4					      repend
   1034  50f5		       ff		      .byte.b	$ff
   1033  50f5					      repend
   1034  50f6		       ff		      .byte.b	$ff
   1033  50f6					      repend
   1034  50f7		       ff		      .byte.b	$ff
   1033  50f7					      repend
   1034  50f8		       ff		      .byte.b	$ff
   1033  50f8					      repend
   1034  50f9		       ff		      .byte.b	$ff
   1033  50f9					      repend
   1034  50fa		       ff		      .byte.b	$ff
   1033  50fa					      repend
   1034  50fb		       ff		      .byte.b	$ff
   1033  50fb					      repend
   1034  50fc		       ff		      .byte.b	$ff
   1033  50fc					      repend
   1034  50fd		       ff		      .byte.b	$ff
   1033  50fd					      repend
   1034  50fe		       ff		      .byte.b	$ff
   1033  50fe					      repend
   1034  50ff		       ff		      .byte.b	$ff
   1035  5100					      repend
   1036  5100				   .bsub5
   1037  5100							;;line 100;; bsub5
   1038  5100
   1039  5100				   .L076		;;line 101;;  score = 5
   1040  5100
   1041  5100		       a9 05		      LDA	#$05
   1042  5102		       85 95		      STA	score+2
   1043  5104		       a9 00		      LDA	#$00
   1044  5106		       85 94		      STA	score+1
   1045  5108		       a9 00		      LDA	#$00
   1046  510a		       85 93		      STA	score
   1047  510c				   .L077		;;line 102;;  for memloc = 0 to 127
   1048  510c
   1049  510c		       a9 00		      LDA	#0
   1050  510e		       85 d6		      STA	memloc
   1051  5110				   .L077formemloc
   1052  5110				   .L078		;;line 103;;  temp1 = r000[memloc]
   1053  5110
   1054  5110		       a6 d6		      LDX	memloc
   1055  5112		       bd 80 f0 	      LDA	r000,x
   1056  5115		       85 9c		      STA	temp1
   1057  5117				   .L079		;;line 104;;  w000[memloc] = r000[memloc] ^ $ff
   1058  5117
   1059  5117		       a6 d6		      LDX	memloc
   1060  5119		       bd 80 f0 	      LDA	r000,x
   1061  511c		       49 ff		      EOR	#$ff
   1062  511e		       a6 d6		      LDX	memloc
   1063  5120		       9d 00 f0 	      STA	w000,x
   1064  5123				   .L080		;;line 105;;  temp1 = temp1 ^ $ff
   1065  5123
   1066  5123		       a5 9c		      LDA	temp1
   1067  5125		       49 ff		      EOR	#$ff
   1068  5127		       85 9c		      STA	temp1
   1069  5129				   .L081		;;line 106;;  if r000[memloc] <> temp1 then sc0 = $99 : scorecolor = $42
   1070  5129
   1071  5129		       a6 d6		      LDX	memloc
   1072  512b		       bd 80 f0 	      LDA	r000,x
   1073  512e		       c5 9c		      CMP	temp1
   1074  5130		       f0 08		      BEQ	.skipL081
   1075  5132				   .condpart21
   1076  5132		       a9 99		      LDA	#$99
   1077  5134		       85 93		      STA	sc0
   1078  5136		       a9 42		      LDA	#$42
   1079  5138		       85 a3		      STA	scorecolor
   1080  513a				   .skipL081
   1081  513a				   .L082		;;line 107;;  drawscreen
   1082  513a
   1083  513a		       85 ee		      sta	temp7
   1084  513c		       a9 41		      lda	#(((>(ret_point5-1)) & $0F) | $40)
   1085  513e		       48		      pha
   1086  513f		       a9 51		      lda	#<(ret_point5-1)
   1087  5141		       48		      pha
   1088  5142		       a9 f5		      lda	#>(drawscreen-1)
   1089  5144		       48		      pha
   1090  5145		       a9 80		      lda	#<(drawscreen-1)
   1091  5147		       48		      pha
   1092  5148		       a5 ee		      lda	temp7
   1093  514a		       48		      pha
   1094  514b		       8a		      txa
   1095  514c		       48		      pha
   1096  514d		       a2 10		      ldx	#16
   1097  514f		       4c d7 ff 	      jmp	BS_jsr
   1098  5152				   ret_point5
   1099  5152				   .L083		;;line 108;;  next
   1100  5152
   1101  5152		       a5 d6		      LDA	memloc
   1102  5154		       c9 7f		      CMP	#127
   1103  5156		       e6 d6		      INC	memloc
   1104  5158		       90 b6		      bcc	.L077formemloc
   1105  515a				  -	      if	( (((((#>*)&$1f)*256)|(#<.L077formemloc))>=bankswitch_hotspot) && (((((#>*)&$1f)*256)|(#<.L077formemloc))<=(bankswitch_hotspot+bs_mask)) )
   1106  515a				  -	      echo	"WARNING: branch near the end of bank 5 may accidentally trigger a bankswitch. Reposition code there if bad things happen."
   1107  515a					      endif
   1108  515a				   .
   1109  515a							;;line 109;;
   1110  515a
   1111  515a				   .L084		;;line 110;;  goto goback bank1
   1112  515a
   1113  515a		       85 ee		      sta	temp7
   1114  515c		       a9 12		      lda	#>(.goback-1)
   1115  515e		       48		      pha
   1116  515f		       a9 f9		      lda	#<(.goback-1)
   1117  5161		       48		      pha
   1118  5162		       a5 ee		      lda	temp7
   1119  5164		       48		      pha
   1120  5165		       8a		      txa
   1121  5166		       48		      pha
   1122  5167		       a2 01		      ldx	#1
   1123  5169		       4c d7 ff 	      jmp	BS_jsr
   1124  516c				   .
   1125  516c							;;line 111;;
   1126  516c
   1127  516c				   .L085		;;line 112;;  bank 6
   1128  516c
   1129  516c					      if	ECHO5
      3664 bytes of ROM space left in bank 5
   1130  516c					      echo	"    ",[(start_bank5 - *)]d , "bytes of ROM space left in bank 5")
   1131  516c					      endif
   1132  516c		       00 01	   ECHO5      =	1
   1133  5fbc					      ORG	$5FE0-bscode_length
   1134  5fbc					      RORG	$9FE0-bscode_length
   1135  5fbc		       a2 ff	   start_bank5 ldx	#$ff
   1136  5fbe				  -	      ifconst	FASTFETCH	; using DPC+
   1137  5fbe				  -	      stx	FASTFETCH
   1138  5fbe					      endif
   1139  5fbe		       9a		      txs
   1140  5fbf					      if	bankswitch == 64
   1141  5fbf		       a9 f3		      lda	#(((>(start-1)) & $0F) | $F0)
   1142  5fc1				  -	      else
   1143  5fc1				  -	      lda	#>(start-1)
   1144  5fc1					      endif
   1145  5fc1		       48		      pha
   1146  5fc2		       a9 4f		      lda	#<(start-1)
   1147  5fc4		       48		      pha
   1148  5fc5		       48		      pha
   1149  5fc6		       8a		      txa
   1150  5fc7		       48		      pha
   1151  5fc8		       ba		      tsx
   1152  5fc9				  -	      if	bankswitch != 64
   1153  5fc9				  -	      lda	4,x	; get high byte of return address
   1154  5fc9				  -	      rol
   1155  5fc9				  -	      rol
   1156  5fc9				  -	      rol
   1157  5fc9				  -	      rol
   1158  5fc9				  -	      and	#bs_mask	;1 3 or 7 for F8/F6/F4
   1159  5fc9				  -	      tax
   1160  5fc9				  -	      inx
   1161  5fc9					      else
   1162  5fc9		       b5 04		      lda	4,x	; get high byte of return address
   1163  5fcb		       a8		      tay
   1164  5fcc		       09 10		      ora	#$10	; change our bank nibble into a valid rom mirror
   1165  5fce		       95 04		      sta	4,x
   1166  5fd0		       98		      tya
   1167  5fd1		       4a		      lsr
   1168  5fd2		       4a		      lsr
   1169  5fd3		       4a		      lsr
   1170  5fd4		       4a		      lsr
   1171  5fd5		       aa		      tax
   1172  5fd6		       e8		      inx
   1173  5fd7					      endif
   1174  5fd7		       bd df 1f 	      lda	bankswitch_hotspot-1,x
   1175  5fda		       68		      pla
   1176  5fdb		       aa		      tax
   1177  5fdc		       68		      pla
   1178  5fdd		       60		      rts
   1179  5fde				  -	      if	((* & $1FFF) > ((bankswitch_hotspot & $1FFF) - 1))
   1180  5fde				  -	      echo	"WARNING: size parameter in banksw.asm too small - the program probably will not work."
   1181  5fde				  -	      echo	"Change to",[(*-begin_bscode+1)&$FF]d,"and try again."
   1182  5fde					      endif
   1183  5ffc					      ORG	$5FFC
   1184  5ffc					      RORG	$9FFC
   1185  5ffc		       bc 9f		      .word.w	(start_bank5 & $ffff)
   1186  5ffe		       bc 9f		      .word.w	(start_bank5 & $ffff)
   1187  6000					      ORG	$6000
   1188  6000					      RORG	$B000
   1189  6000					      repeat	256
   1190  6000		       ff		      .byte.b	$ff
   1189  6000					      repend
   1190  6001		       ff		      .byte.b	$ff
   1189  6001					      repend
   1190  6002		       ff		      .byte.b	$ff
   1189  6002					      repend
   1190  6003		       ff		      .byte.b	$ff
   1189  6003					      repend
   1190  6004		       ff		      .byte.b	$ff
   1189  6004					      repend
   1190  6005		       ff		      .byte.b	$ff
   1189  6005					      repend
   1190  6006		       ff		      .byte.b	$ff
   1189  6006					      repend
   1190  6007		       ff		      .byte.b	$ff
   1189  6007					      repend
   1190  6008		       ff		      .byte.b	$ff
   1189  6008					      repend
   1190  6009		       ff		      .byte.b	$ff
   1189  6009					      repend
   1190  600a		       ff		      .byte.b	$ff
   1189  600a					      repend
   1190  600b		       ff		      .byte.b	$ff
   1189  600b					      repend
   1190  600c		       ff		      .byte.b	$ff
   1189  600c					      repend
   1190  600d		       ff		      .byte.b	$ff
   1189  600d					      repend
   1190  600e		       ff		      .byte.b	$ff
   1189  600e					      repend
   1190  600f		       ff		      .byte.b	$ff
   1189  600f					      repend
   1190  6010		       ff		      .byte.b	$ff
   1189  6010					      repend
   1190  6011		       ff		      .byte.b	$ff
   1189  6011					      repend
   1190  6012		       ff		      .byte.b	$ff
   1189  6012					      repend
   1190  6013		       ff		      .byte.b	$ff
   1189  6013					      repend
   1190  6014		       ff		      .byte.b	$ff
   1189  6014					      repend
   1190  6015		       ff		      .byte.b	$ff
   1189  6015					      repend
   1190  6016		       ff		      .byte.b	$ff
   1189  6016					      repend
   1190  6017		       ff		      .byte.b	$ff
   1189  6017					      repend
   1190  6018		       ff		      .byte.b	$ff
   1189  6018					      repend
   1190  6019		       ff		      .byte.b	$ff
   1189  6019					      repend
   1190  601a		       ff		      .byte.b	$ff
   1189  601a					      repend
   1190  601b		       ff		      .byte.b	$ff
   1189  601b					      repend
   1190  601c		       ff		      .byte.b	$ff
   1189  601c					      repend
   1190  601d		       ff		      .byte.b	$ff
   1189  601d					      repend
   1190  601e		       ff		      .byte.b	$ff
   1189  601e					      repend
   1190  601f		       ff		      .byte.b	$ff
   1189  601f					      repend
   1190  6020		       ff		      .byte.b	$ff
   1189  6020					      repend
   1190  6021		       ff		      .byte.b	$ff
   1189  6021					      repend
   1190  6022		       ff		      .byte.b	$ff
   1189  6022					      repend
   1190  6023		       ff		      .byte.b	$ff
   1189  6023					      repend
   1190  6024		       ff		      .byte.b	$ff
   1189  6024					      repend
   1190  6025		       ff		      .byte.b	$ff
   1189  6025					      repend
   1190  6026		       ff		      .byte.b	$ff
   1189  6026					      repend
   1190  6027		       ff		      .byte.b	$ff
   1189  6027					      repend
   1190  6028		       ff		      .byte.b	$ff
   1189  6028					      repend
   1190  6029		       ff		      .byte.b	$ff
   1189  6029					      repend
   1190  602a		       ff		      .byte.b	$ff
   1189  602a					      repend
   1190  602b		       ff		      .byte.b	$ff
   1189  602b					      repend
   1190  602c		       ff		      .byte.b	$ff
   1189  602c					      repend
   1190  602d		       ff		      .byte.b	$ff
   1189  602d					      repend
   1190  602e		       ff		      .byte.b	$ff
   1189  602e					      repend
   1190  602f		       ff		      .byte.b	$ff
   1189  602f					      repend
   1190  6030		       ff		      .byte.b	$ff
   1189  6030					      repend
   1190  6031		       ff		      .byte.b	$ff
   1189  6031					      repend
   1190  6032		       ff		      .byte.b	$ff
   1189  6032					      repend
   1190  6033		       ff		      .byte.b	$ff
   1189  6033					      repend
   1190  6034		       ff		      .byte.b	$ff
   1189  6034					      repend
   1190  6035		       ff		      .byte.b	$ff
   1189  6035					      repend
   1190  6036		       ff		      .byte.b	$ff
   1189  6036					      repend
   1190  6037		       ff		      .byte.b	$ff
   1189  6037					      repend
   1190  6038		       ff		      .byte.b	$ff
   1189  6038					      repend
   1190  6039		       ff		      .byte.b	$ff
   1189  6039					      repend
   1190  603a		       ff		      .byte.b	$ff
   1189  603a					      repend
   1190  603b		       ff		      .byte.b	$ff
   1189  603b					      repend
   1190  603c		       ff		      .byte.b	$ff
   1189  603c					      repend
   1190  603d		       ff		      .byte.b	$ff
   1189  603d					      repend
   1190  603e		       ff		      .byte.b	$ff
   1189  603e					      repend
   1190  603f		       ff		      .byte.b	$ff
   1189  603f					      repend
   1190  6040		       ff		      .byte.b	$ff
   1189  6040					      repend
   1190  6041		       ff		      .byte.b	$ff
   1189  6041					      repend
   1190  6042		       ff		      .byte.b	$ff
   1189  6042					      repend
   1190  6043		       ff		      .byte.b	$ff
   1189  6043					      repend
   1190  6044		       ff		      .byte.b	$ff
   1189  6044					      repend
   1190  6045		       ff		      .byte.b	$ff
   1189  6045					      repend
   1190  6046		       ff		      .byte.b	$ff
   1189  6046					      repend
   1190  6047		       ff		      .byte.b	$ff
   1189  6047					      repend
   1190  6048		       ff		      .byte.b	$ff
   1189  6048					      repend
   1190  6049		       ff		      .byte.b	$ff
   1189  6049					      repend
   1190  604a		       ff		      .byte.b	$ff
   1189  604a					      repend
   1190  604b		       ff		      .byte.b	$ff
   1189  604b					      repend
   1190  604c		       ff		      .byte.b	$ff
   1189  604c					      repend
   1190  604d		       ff		      .byte.b	$ff
   1189  604d					      repend
   1190  604e		       ff		      .byte.b	$ff
   1189  604e					      repend
   1190  604f		       ff		      .byte.b	$ff
   1189  604f					      repend
   1190  6050		       ff		      .byte.b	$ff
   1189  6050					      repend
   1190  6051		       ff		      .byte.b	$ff
   1189  6051					      repend
   1190  6052		       ff		      .byte.b	$ff
   1189  6052					      repend
   1190  6053		       ff		      .byte.b	$ff
   1189  6053					      repend
   1190  6054		       ff		      .byte.b	$ff
   1189  6054					      repend
   1190  6055		       ff		      .byte.b	$ff
   1189  6055					      repend
   1190  6056		       ff		      .byte.b	$ff
   1189  6056					      repend
   1190  6057		       ff		      .byte.b	$ff
   1189  6057					      repend
   1190  6058		       ff		      .byte.b	$ff
   1189  6058					      repend
   1190  6059		       ff		      .byte.b	$ff
   1189  6059					      repend
   1190  605a		       ff		      .byte.b	$ff
   1189  605a					      repend
   1190  605b		       ff		      .byte.b	$ff
   1189  605b					      repend
   1190  605c		       ff		      .byte.b	$ff
   1189  605c					      repend
   1190  605d		       ff		      .byte.b	$ff
   1189  605d					      repend
   1190  605e		       ff		      .byte.b	$ff
   1189  605e					      repend
   1190  605f		       ff		      .byte.b	$ff
   1189  605f					      repend
   1190  6060		       ff		      .byte.b	$ff
   1189  6060					      repend
   1190  6061		       ff		      .byte.b	$ff
   1189  6061					      repend
   1190  6062		       ff		      .byte.b	$ff
   1189  6062					      repend
   1190  6063		       ff		      .byte.b	$ff
   1189  6063					      repend
   1190  6064		       ff		      .byte.b	$ff
   1189  6064					      repend
   1190  6065		       ff		      .byte.b	$ff
   1189  6065					      repend
   1190  6066		       ff		      .byte.b	$ff
   1189  6066					      repend
   1190  6067		       ff		      .byte.b	$ff
   1189  6067					      repend
   1190  6068		       ff		      .byte.b	$ff
   1189  6068					      repend
   1190  6069		       ff		      .byte.b	$ff
   1189  6069					      repend
   1190  606a		       ff		      .byte.b	$ff
   1189  606a					      repend
   1190  606b		       ff		      .byte.b	$ff
   1189  606b					      repend
   1190  606c		       ff		      .byte.b	$ff
   1189  606c					      repend
   1190  606d		       ff		      .byte.b	$ff
   1189  606d					      repend
   1190  606e		       ff		      .byte.b	$ff
   1189  606e					      repend
   1190  606f		       ff		      .byte.b	$ff
   1189  606f					      repend
   1190  6070		       ff		      .byte.b	$ff
   1189  6070					      repend
   1190  6071		       ff		      .byte.b	$ff
   1189  6071					      repend
   1190  6072		       ff		      .byte.b	$ff
   1189  6072					      repend
   1190  6073		       ff		      .byte.b	$ff
   1189  6073					      repend
   1190  6074		       ff		      .byte.b	$ff
   1189  6074					      repend
   1190  6075		       ff		      .byte.b	$ff
   1189  6075					      repend
   1190  6076		       ff		      .byte.b	$ff
   1189  6076					      repend
   1190  6077		       ff		      .byte.b	$ff
   1189  6077					      repend
   1190  6078		       ff		      .byte.b	$ff
   1189  6078					      repend
   1190  6079		       ff		      .byte.b	$ff
   1189  6079					      repend
   1190  607a		       ff		      .byte.b	$ff
   1189  607a					      repend
   1190  607b		       ff		      .byte.b	$ff
   1189  607b					      repend
   1190  607c		       ff		      .byte.b	$ff
   1189  607c					      repend
   1190  607d		       ff		      .byte.b	$ff
   1189  607d					      repend
   1190  607e		       ff		      .byte.b	$ff
   1189  607e					      repend
   1190  607f		       ff		      .byte.b	$ff
   1189  607f					      repend
   1190  6080		       ff		      .byte.b	$ff
   1189  6080					      repend
   1190  6081		       ff		      .byte.b	$ff
   1189  6081					      repend
   1190  6082		       ff		      .byte.b	$ff
   1189  6082					      repend
   1190  6083		       ff		      .byte.b	$ff
   1189  6083					      repend
   1190  6084		       ff		      .byte.b	$ff
   1189  6084					      repend
   1190  6085		       ff		      .byte.b	$ff
   1189  6085					      repend
   1190  6086		       ff		      .byte.b	$ff
   1189  6086					      repend
   1190  6087		       ff		      .byte.b	$ff
   1189  6087					      repend
   1190  6088		       ff		      .byte.b	$ff
   1189  6088					      repend
   1190  6089		       ff		      .byte.b	$ff
   1189  6089					      repend
   1190  608a		       ff		      .byte.b	$ff
   1189  608a					      repend
   1190  608b		       ff		      .byte.b	$ff
   1189  608b					      repend
   1190  608c		       ff		      .byte.b	$ff
   1189  608c					      repend
   1190  608d		       ff		      .byte.b	$ff
   1189  608d					      repend
   1190  608e		       ff		      .byte.b	$ff
   1189  608e					      repend
   1190  608f		       ff		      .byte.b	$ff
   1189  608f					      repend
   1190  6090		       ff		      .byte.b	$ff
   1189  6090					      repend
   1190  6091		       ff		      .byte.b	$ff
   1189  6091					      repend
   1190  6092		       ff		      .byte.b	$ff
   1189  6092					      repend
   1190  6093		       ff		      .byte.b	$ff
   1189  6093					      repend
   1190  6094		       ff		      .byte.b	$ff
   1189  6094					      repend
   1190  6095		       ff		      .byte.b	$ff
   1189  6095					      repend
   1190  6096		       ff		      .byte.b	$ff
   1189  6096					      repend
   1190  6097		       ff		      .byte.b	$ff
   1189  6097					      repend
   1190  6098		       ff		      .byte.b	$ff
   1189  6098					      repend
   1190  6099		       ff		      .byte.b	$ff
   1189  6099					      repend
   1190  609a		       ff		      .byte.b	$ff
   1189  609a					      repend
   1190  609b		       ff		      .byte.b	$ff
   1189  609b					      repend
   1190  609c		       ff		      .byte.b	$ff
   1189  609c					      repend
   1190  609d		       ff		      .byte.b	$ff
   1189  609d					      repend
   1190  609e		       ff		      .byte.b	$ff
   1189  609e					      repend
   1190  609f		       ff		      .byte.b	$ff
   1189  609f					      repend
   1190  60a0		       ff		      .byte.b	$ff
   1189  60a0					      repend
   1190  60a1		       ff		      .byte.b	$ff
   1189  60a1					      repend
   1190  60a2		       ff		      .byte.b	$ff
   1189  60a2					      repend
   1190  60a3		       ff		      .byte.b	$ff
   1189  60a3					      repend
   1190  60a4		       ff		      .byte.b	$ff
   1189  60a4					      repend
   1190  60a5		       ff		      .byte.b	$ff
   1189  60a5					      repend
   1190  60a6		       ff		      .byte.b	$ff
   1189  60a6					      repend
   1190  60a7		       ff		      .byte.b	$ff
   1189  60a7					      repend
   1190  60a8		       ff		      .byte.b	$ff
   1189  60a8					      repend
   1190  60a9		       ff		      .byte.b	$ff
   1189  60a9					      repend
   1190  60aa		       ff		      .byte.b	$ff
   1189  60aa					      repend
   1190  60ab		       ff		      .byte.b	$ff
   1189  60ab					      repend
   1190  60ac		       ff		      .byte.b	$ff
   1189  60ac					      repend
   1190  60ad		       ff		      .byte.b	$ff
   1189  60ad					      repend
   1190  60ae		       ff		      .byte.b	$ff
   1189  60ae					      repend
   1190  60af		       ff		      .byte.b	$ff
   1189  60af					      repend
   1190  60b0		       ff		      .byte.b	$ff
   1189  60b0					      repend
   1190  60b1		       ff		      .byte.b	$ff
   1189  60b1					      repend
   1190  60b2		       ff		      .byte.b	$ff
   1189  60b2					      repend
   1190  60b3		       ff		      .byte.b	$ff
   1189  60b3					      repend
   1190  60b4		       ff		      .byte.b	$ff
   1189  60b4					      repend
   1190  60b5		       ff		      .byte.b	$ff
   1189  60b5					      repend
   1190  60b6		       ff		      .byte.b	$ff
   1189  60b6					      repend
   1190  60b7		       ff		      .byte.b	$ff
   1189  60b7					      repend
   1190  60b8		       ff		      .byte.b	$ff
   1189  60b8					      repend
   1190  60b9		       ff		      .byte.b	$ff
   1189  60b9					      repend
   1190  60ba		       ff		      .byte.b	$ff
   1189  60ba					      repend
   1190  60bb		       ff		      .byte.b	$ff
   1189  60bb					      repend
   1190  60bc		       ff		      .byte.b	$ff
   1189  60bc					      repend
   1190  60bd		       ff		      .byte.b	$ff
   1189  60bd					      repend
   1190  60be		       ff		      .byte.b	$ff
   1189  60be					      repend
   1190  60bf		       ff		      .byte.b	$ff
   1189  60bf					      repend
   1190  60c0		       ff		      .byte.b	$ff
   1189  60c0					      repend
   1190  60c1		       ff		      .byte.b	$ff
   1189  60c1					      repend
   1190  60c2		       ff		      .byte.b	$ff
   1189  60c2					      repend
   1190  60c3		       ff		      .byte.b	$ff
   1189  60c3					      repend
   1190  60c4		       ff		      .byte.b	$ff
   1189  60c4					      repend
   1190  60c5		       ff		      .byte.b	$ff
   1189  60c5					      repend
   1190  60c6		       ff		      .byte.b	$ff
   1189  60c6					      repend
   1190  60c7		       ff		      .byte.b	$ff
   1189  60c7					      repend
   1190  60c8		       ff		      .byte.b	$ff
   1189  60c8					      repend
   1190  60c9		       ff		      .byte.b	$ff
   1189  60c9					      repend
   1190  60ca		       ff		      .byte.b	$ff
   1189  60ca					      repend
   1190  60cb		       ff		      .byte.b	$ff
   1189  60cb					      repend
   1190  60cc		       ff		      .byte.b	$ff
   1189  60cc					      repend
   1190  60cd		       ff		      .byte.b	$ff
   1189  60cd					      repend
   1190  60ce		       ff		      .byte.b	$ff
   1189  60ce					      repend
   1190  60cf		       ff		      .byte.b	$ff
   1189  60cf					      repend
   1190  60d0		       ff		      .byte.b	$ff
   1189  60d0					      repend
   1190  60d1		       ff		      .byte.b	$ff
   1189  60d1					      repend
   1190  60d2		       ff		      .byte.b	$ff
   1189  60d2					      repend
   1190  60d3		       ff		      .byte.b	$ff
   1189  60d3					      repend
   1190  60d4		       ff		      .byte.b	$ff
   1189  60d4					      repend
   1190  60d5		       ff		      .byte.b	$ff
   1189  60d5					      repend
   1190  60d6		       ff		      .byte.b	$ff
   1189  60d6					      repend
   1190  60d7		       ff		      .byte.b	$ff
   1189  60d7					      repend
   1190  60d8		       ff		      .byte.b	$ff
   1189  60d8					      repend
   1190  60d9		       ff		      .byte.b	$ff
   1189  60d9					      repend
   1190  60da		       ff		      .byte.b	$ff
   1189  60da					      repend
   1190  60db		       ff		      .byte.b	$ff
   1189  60db					      repend
   1190  60dc		       ff		      .byte.b	$ff
   1189  60dc					      repend
   1190  60dd		       ff		      .byte.b	$ff
   1189  60dd					      repend
   1190  60de		       ff		      .byte.b	$ff
   1189  60de					      repend
   1190  60df		       ff		      .byte.b	$ff
   1189  60df					      repend
   1190  60e0		       ff		      .byte.b	$ff
   1189  60e0					      repend
   1190  60e1		       ff		      .byte.b	$ff
   1189  60e1					      repend
   1190  60e2		       ff		      .byte.b	$ff
   1189  60e2					      repend
   1190  60e3		       ff		      .byte.b	$ff
   1189  60e3					      repend
   1190  60e4		       ff		      .byte.b	$ff
   1189  60e4					      repend
   1190  60e5		       ff		      .byte.b	$ff
   1189  60e5					      repend
   1190  60e6		       ff		      .byte.b	$ff
   1189  60e6					      repend
   1190  60e7		       ff		      .byte.b	$ff
   1189  60e7					      repend
   1190  60e8		       ff		      .byte.b	$ff
   1189  60e8					      repend
   1190  60e9		       ff		      .byte.b	$ff
   1189  60e9					      repend
   1190  60ea		       ff		      .byte.b	$ff
   1189  60ea					      repend
   1190  60eb		       ff		      .byte.b	$ff
   1189  60eb					      repend
   1190  60ec		       ff		      .byte.b	$ff
   1189  60ec					      repend
   1190  60ed		       ff		      .byte.b	$ff
   1189  60ed					      repend
   1190  60ee		       ff		      .byte.b	$ff
   1189  60ee					      repend
   1190  60ef		       ff		      .byte.b	$ff
   1189  60ef					      repend
   1190  60f0		       ff		      .byte.b	$ff
   1189  60f0					      repend
   1190  60f1		       ff		      .byte.b	$ff
   1189  60f1					      repend
   1190  60f2		       ff		      .byte.b	$ff
   1189  60f2					      repend
   1190  60f3		       ff		      .byte.b	$ff
   1189  60f3					      repend
   1190  60f4		       ff		      .byte.b	$ff
   1189  60f4					      repend
   1190  60f5		       ff		      .byte.b	$ff
   1189  60f5					      repend
   1190  60f6		       ff		      .byte.b	$ff
   1189  60f6					      repend
   1190  60f7		       ff		      .byte.b	$ff
   1189  60f7					      repend
   1190  60f8		       ff		      .byte.b	$ff
   1189  60f8					      repend
   1190  60f9		       ff		      .byte.b	$ff
   1189  60f9					      repend
   1190  60fa		       ff		      .byte.b	$ff
   1189  60fa					      repend
   1190  60fb		       ff		      .byte.b	$ff
   1189  60fb					      repend
   1190  60fc		       ff		      .byte.b	$ff
   1189  60fc					      repend
   1190  60fd		       ff		      .byte.b	$ff
   1189  60fd					      repend
   1190  60fe		       ff		      .byte.b	$ff
   1189  60fe					      repend
   1190  60ff		       ff		      .byte.b	$ff
   1191  6100					      repend
   1192  6100				   .bsub6
   1193  6100							;;line 113;; bsub6
   1194  6100
   1195  6100				   .L086		;;line 114;;  score = 6
   1196  6100
   1197  6100		       a9 06		      LDA	#$06
   1198  6102		       85 95		      STA	score+2
   1199  6104		       a9 00		      LDA	#$00
   1200  6106		       85 94		      STA	score+1
   1201  6108		       a9 00		      LDA	#$00
   1202  610a		       85 93		      STA	score
   1203  610c				   .L087		;;line 115;;  for memloc = 0 to 127
   1204  610c
   1205  610c		       a9 00		      LDA	#0
   1206  610e		       85 d6		      STA	memloc
   1207  6110				   .L087formemloc
   1208  6110				   .L088		;;line 116;;  temp1 = r000[memloc]
   1209  6110
   1210  6110		       a6 d6		      LDX	memloc
   1211  6112		       bd 80 f0 	      LDA	r000,x
   1212  6115		       85 9c		      STA	temp1
   1213  6117				   .L089		;;line 117;;  w000[memloc] = r000[memloc] ^ $ff
   1214  6117
   1215  6117		       a6 d6		      LDX	memloc
   1216  6119		       bd 80 f0 	      LDA	r000,x
   1217  611c		       49 ff		      EOR	#$ff
   1218  611e		       a6 d6		      LDX	memloc
   1219  6120		       9d 00 f0 	      STA	w000,x
   1220  6123				   .L090		;;line 118;;  temp1 = temp1 ^ $ff
   1221  6123
   1222  6123		       a5 9c		      LDA	temp1
   1223  6125		       49 ff		      EOR	#$ff
   1224  6127		       85 9c		      STA	temp1
   1225  6129				   .L091		;;line 119;;  if r000[memloc] <> temp1 then sc0 = $99 : scorecolor = $42
   1226  6129
   1227  6129		       a6 d6		      LDX	memloc
   1228  612b		       bd 80 f0 	      LDA	r000,x
   1229  612e		       c5 9c		      CMP	temp1
   1230  6130		       f0 08		      BEQ	.skipL091
   1231  6132				   .condpart22
   1232  6132		       a9 99		      LDA	#$99
   1233  6134		       85 93		      STA	sc0
   1234  6136		       a9 42		      LDA	#$42
   1235  6138		       85 a3		      STA	scorecolor
   1236  613a				   .skipL091
   1237  613a				   .L092		;;line 120;;  drawscreen
   1238  613a
   1239  613a		       85 ee		      sta	temp7
   1240  613c		       a9 51		      lda	#(((>(ret_point6-1)) & $0F) | $50)
   1241  613e		       48		      pha
   1242  613f		       a9 51		      lda	#<(ret_point6-1)
   1243  6141		       48		      pha
   1244  6142		       a9 f5		      lda	#>(drawscreen-1)
   1245  6144		       48		      pha
   1246  6145		       a9 80		      lda	#<(drawscreen-1)
   1247  6147		       48		      pha
   1248  6148		       a5 ee		      lda	temp7
   1249  614a		       48		      pha
   1250  614b		       8a		      txa
   1251  614c		       48		      pha
   1252  614d		       a2 10		      ldx	#16
   1253  614f		       4c d7 ff 	      jmp	BS_jsr
   1254  6152				   ret_point6
   1255  6152				   .L093		;;line 121;;  next
   1256  6152
   1257  6152		       a5 d6		      LDA	memloc
   1258  6154		       c9 7f		      CMP	#127
   1259  6156		       e6 d6		      INC	memloc
   1260  6158		       90 b6		      bcc	.L087formemloc
   1261  615a				  -	      if	( (((((#>*)&$1f)*256)|(#<.L087formemloc))>=bankswitch_hotspot) && (((((#>*)&$1f)*256)|(#<.L087formemloc))<=(bankswitch_hotspot+bs_mask)) )
   1262  615a				  -	      echo	"WARNING: branch near the end of bank 6 may accidentally trigger a bankswitch. Reposition code there if bad things happen."
   1263  615a					      endif
   1264  615a				   .
   1265  615a							;;line 122;;
   1266  615a
   1267  615a				   .L094		;;line 123;;  goto goback bank1
   1268  615a
   1269  615a		       85 ee		      sta	temp7
   1270  615c		       a9 12		      lda	#>(.goback-1)
   1271  615e		       48		      pha
   1272  615f		       a9 f9		      lda	#<(.goback-1)
   1273  6161		       48		      pha
   1274  6162		       a5 ee		      lda	temp7
   1275  6164		       48		      pha
   1276  6165		       8a		      txa
   1277  6166		       48		      pha
   1278  6167		       a2 01		      ldx	#1
   1279  6169		       4c d7 ff 	      jmp	BS_jsr
   1280  616c				   .
   1281  616c							;;line 124;;
   1282  616c
   1283  616c				   .L095		;;line 125;;  bank 7
   1284  616c
   1285  616c					      if	ECHO6
      3664 bytes of ROM space left in bank 6
   1286  616c					      echo	"    ",[(start_bank6 - *)]d , "bytes of ROM space left in bank 6")
   1287  616c					      endif
   1288  616c		       00 01	   ECHO6      =	1
   1289  6fbc					      ORG	$6FE0-bscode_length
   1290  6fbc					      RORG	$BFE0-bscode_length
   1291  6fbc		       a2 ff	   start_bank6 ldx	#$ff
   1292  6fbe				  -	      ifconst	FASTFETCH	; using DPC+
   1293  6fbe				  -	      stx	FASTFETCH
   1294  6fbe					      endif
   1295  6fbe		       9a		      txs
   1296  6fbf					      if	bankswitch == 64
   1297  6fbf		       a9 f3		      lda	#(((>(start-1)) & $0F) | $F0)
   1298  6fc1				  -	      else
   1299  6fc1				  -	      lda	#>(start-1)
   1300  6fc1					      endif
   1301  6fc1		       48		      pha
   1302  6fc2		       a9 4f		      lda	#<(start-1)
   1303  6fc4		       48		      pha
   1304  6fc5		       48		      pha
   1305  6fc6		       8a		      txa
   1306  6fc7		       48		      pha
   1307  6fc8		       ba		      tsx
   1308  6fc9				  -	      if	bankswitch != 64
   1309  6fc9				  -	      lda	4,x	; get high byte of return address
   1310  6fc9				  -	      rol
   1311  6fc9				  -	      rol
   1312  6fc9				  -	      rol
   1313  6fc9				  -	      rol
   1314  6fc9				  -	      and	#bs_mask	;1 3 or 7 for F8/F6/F4
   1315  6fc9				  -	      tax
   1316  6fc9				  -	      inx
   1317  6fc9					      else
   1318  6fc9		       b5 04		      lda	4,x	; get high byte of return address
   1319  6fcb		       a8		      tay
   1320  6fcc		       09 10		      ora	#$10	; change our bank nibble into a valid rom mirror
   1321  6fce		       95 04		      sta	4,x
   1322  6fd0		       98		      tya
   1323  6fd1		       4a		      lsr
   1324  6fd2		       4a		      lsr
   1325  6fd3		       4a		      lsr
   1326  6fd4		       4a		      lsr
   1327  6fd5		       aa		      tax
   1328  6fd6		       e8		      inx
   1329  6fd7					      endif
   1330  6fd7		       bd df 1f 	      lda	bankswitch_hotspot-1,x
   1331  6fda		       68		      pla
   1332  6fdb		       aa		      tax
   1333  6fdc		       68		      pla
   1334  6fdd		       60		      rts
   1335  6fde				  -	      if	((* & $1FFF) > ((bankswitch_hotspot & $1FFF) - 1))
   1336  6fde				  -	      echo	"WARNING: size parameter in banksw.asm too small - the program probably will not work."
   1337  6fde				  -	      echo	"Change to",[(*-begin_bscode+1)&$FF]d,"and try again."
   1338  6fde					      endif
   1339  6ffc					      ORG	$6FFC
   1340  6ffc					      RORG	$BFFC
   1341  6ffc		       bc bf		      .word.w	(start_bank6 & $ffff)
   1342  6ffe		       bc bf		      .word.w	(start_bank6 & $ffff)
   1343  7000					      ORG	$7000
   1344  7000					      RORG	$D000
   1345  7000					      repeat	256
   1346  7000		       ff		      .byte.b	$ff
   1345  7000					      repend
   1346  7001		       ff		      .byte.b	$ff
   1345  7001					      repend
   1346  7002		       ff		      .byte.b	$ff
   1345  7002					      repend
   1346  7003		       ff		      .byte.b	$ff
   1345  7003					      repend
   1346  7004		       ff		      .byte.b	$ff
   1345  7004					      repend
   1346  7005		       ff		      .byte.b	$ff
   1345  7005					      repend
   1346  7006		       ff		      .byte.b	$ff
   1345  7006					      repend
   1346  7007		       ff		      .byte.b	$ff
   1345  7007					      repend
   1346  7008		       ff		      .byte.b	$ff
   1345  7008					      repend
   1346  7009		       ff		      .byte.b	$ff
   1345  7009					      repend
   1346  700a		       ff		      .byte.b	$ff
   1345  700a					      repend
   1346  700b		       ff		      .byte.b	$ff
   1345  700b					      repend
   1346  700c		       ff		      .byte.b	$ff
   1345  700c					      repend
   1346  700d		       ff		      .byte.b	$ff
   1345  700d					      repend
   1346  700e		       ff		      .byte.b	$ff
   1345  700e					      repend
   1346  700f		       ff		      .byte.b	$ff
   1345  700f					      repend
   1346  7010		       ff		      .byte.b	$ff
   1345  7010					      repend
   1346  7011		       ff		      .byte.b	$ff
   1345  7011					      repend
   1346  7012		       ff		      .byte.b	$ff
   1345  7012					      repend
   1346  7013		       ff		      .byte.b	$ff
   1345  7013					      repend
   1346  7014		       ff		      .byte.b	$ff
   1345  7014					      repend
   1346  7015		       ff		      .byte.b	$ff
   1345  7015					      repend
   1346  7016		       ff		      .byte.b	$ff
   1345  7016					      repend
   1346  7017		       ff		      .byte.b	$ff
   1345  7017					      repend
   1346  7018		       ff		      .byte.b	$ff
   1345  7018					      repend
   1346  7019		       ff		      .byte.b	$ff
   1345  7019					      repend
   1346  701a		       ff		      .byte.b	$ff
   1345  701a					      repend
   1346  701b		       ff		      .byte.b	$ff
   1345  701b					      repend
   1346  701c		       ff		      .byte.b	$ff
   1345  701c					      repend
   1346  701d		       ff		      .byte.b	$ff
   1345  701d					      repend
   1346  701e		       ff		      .byte.b	$ff
   1345  701e					      repend
   1346  701f		       ff		      .byte.b	$ff
   1345  701f					      repend
   1346  7020		       ff		      .byte.b	$ff
   1345  7020					      repend
   1346  7021		       ff		      .byte.b	$ff
   1345  7021					      repend
   1346  7022		       ff		      .byte.b	$ff
   1345  7022					      repend
   1346  7023		       ff		      .byte.b	$ff
   1345  7023					      repend
   1346  7024		       ff		      .byte.b	$ff
   1345  7024					      repend
   1346  7025		       ff		      .byte.b	$ff
   1345  7025					      repend
   1346  7026		       ff		      .byte.b	$ff
   1345  7026					      repend
   1346  7027		       ff		      .byte.b	$ff
   1345  7027					      repend
   1346  7028		       ff		      .byte.b	$ff
   1345  7028					      repend
   1346  7029		       ff		      .byte.b	$ff
   1345  7029					      repend
   1346  702a		       ff		      .byte.b	$ff
   1345  702a					      repend
   1346  702b		       ff		      .byte.b	$ff
   1345  702b					      repend
   1346  702c		       ff		      .byte.b	$ff
   1345  702c					      repend
   1346  702d		       ff		      .byte.b	$ff
   1345  702d					      repend
   1346  702e		       ff		      .byte.b	$ff
   1345  702e					      repend
   1346  702f		       ff		      .byte.b	$ff
   1345  702f					      repend
   1346  7030		       ff		      .byte.b	$ff
   1345  7030					      repend
   1346  7031		       ff		      .byte.b	$ff
   1345  7031					      repend
   1346  7032		       ff		      .byte.b	$ff
   1345  7032					      repend
   1346  7033		       ff		      .byte.b	$ff
   1345  7033					      repend
   1346  7034		       ff		      .byte.b	$ff
   1345  7034					      repend
   1346  7035		       ff		      .byte.b	$ff
   1345  7035					      repend
   1346  7036		       ff		      .byte.b	$ff
   1345  7036					      repend
   1346  7037		       ff		      .byte.b	$ff
   1345  7037					      repend
   1346  7038		       ff		      .byte.b	$ff
   1345  7038					      repend
   1346  7039		       ff		      .byte.b	$ff
   1345  7039					      repend
   1346  703a		       ff		      .byte.b	$ff
   1345  703a					      repend
   1346  703b		       ff		      .byte.b	$ff
   1345  703b					      repend
   1346  703c		       ff		      .byte.b	$ff
   1345  703c					      repend
   1346  703d		       ff		      .byte.b	$ff
   1345  703d					      repend
   1346  703e		       ff		      .byte.b	$ff
   1345  703e					      repend
   1346  703f		       ff		      .byte.b	$ff
   1345  703f					      repend
   1346  7040		       ff		      .byte.b	$ff
   1345  7040					      repend
   1346  7041		       ff		      .byte.b	$ff
   1345  7041					      repend
   1346  7042		       ff		      .byte.b	$ff
   1345  7042					      repend
   1346  7043		       ff		      .byte.b	$ff
   1345  7043					      repend
   1346  7044		       ff		      .byte.b	$ff
   1345  7044					      repend
   1346  7045		       ff		      .byte.b	$ff
   1345  7045					      repend
   1346  7046		       ff		      .byte.b	$ff
   1345  7046					      repend
   1346  7047		       ff		      .byte.b	$ff
   1345  7047					      repend
   1346  7048		       ff		      .byte.b	$ff
   1345  7048					      repend
   1346  7049		       ff		      .byte.b	$ff
   1345  7049					      repend
   1346  704a		       ff		      .byte.b	$ff
   1345  704a					      repend
   1346  704b		       ff		      .byte.b	$ff
   1345  704b					      repend
   1346  704c		       ff		      .byte.b	$ff
   1345  704c					      repend
   1346  704d		       ff		      .byte.b	$ff
   1345  704d					      repend
   1346  704e		       ff		      .byte.b	$ff
   1345  704e					      repend
   1346  704f		       ff		      .byte.b	$ff
   1345  704f					      repend
   1346  7050		       ff		      .byte.b	$ff
   1345  7050					      repend
   1346  7051		       ff		      .byte.b	$ff
   1345  7051					      repend
   1346  7052		       ff		      .byte.b	$ff
   1345  7052					      repend
   1346  7053		       ff		      .byte.b	$ff
   1345  7053					      repend
   1346  7054		       ff		      .byte.b	$ff
   1345  7054					      repend
   1346  7055		       ff		      .byte.b	$ff
   1345  7055					      repend
   1346  7056		       ff		      .byte.b	$ff
   1345  7056					      repend
   1346  7057		       ff		      .byte.b	$ff
   1345  7057					      repend
   1346  7058		       ff		      .byte.b	$ff
   1345  7058					      repend
   1346  7059		       ff		      .byte.b	$ff
   1345  7059					      repend
   1346  705a		       ff		      .byte.b	$ff
   1345  705a					      repend
   1346  705b		       ff		      .byte.b	$ff
   1345  705b					      repend
   1346  705c		       ff		      .byte.b	$ff
   1345  705c					      repend
   1346  705d		       ff		      .byte.b	$ff
   1345  705d					      repend
   1346  705e		       ff		      .byte.b	$ff
   1345  705e					      repend
   1346  705f		       ff		      .byte.b	$ff
   1345  705f					      repend
   1346  7060		       ff		      .byte.b	$ff
   1345  7060					      repend
   1346  7061		       ff		      .byte.b	$ff
   1345  7061					      repend
   1346  7062		       ff		      .byte.b	$ff
   1345  7062					      repend
   1346  7063		       ff		      .byte.b	$ff
   1345  7063					      repend
   1346  7064		       ff		      .byte.b	$ff
   1345  7064					      repend
   1346  7065		       ff		      .byte.b	$ff
   1345  7065					      repend
   1346  7066		       ff		      .byte.b	$ff
   1345  7066					      repend
   1346  7067		       ff		      .byte.b	$ff
   1345  7067					      repend
   1346  7068		       ff		      .byte.b	$ff
   1345  7068					      repend
   1346  7069		       ff		      .byte.b	$ff
   1345  7069					      repend
   1346  706a		       ff		      .byte.b	$ff
   1345  706a					      repend
   1346  706b		       ff		      .byte.b	$ff
   1345  706b					      repend
   1346  706c		       ff		      .byte.b	$ff
   1345  706c					      repend
   1346  706d		       ff		      .byte.b	$ff
   1345  706d					      repend
   1346  706e		       ff		      .byte.b	$ff
   1345  706e					      repend
   1346  706f		       ff		      .byte.b	$ff
   1345  706f					      repend
   1346  7070		       ff		      .byte.b	$ff
   1345  7070					      repend
   1346  7071		       ff		      .byte.b	$ff
   1345  7071					      repend
   1346  7072		       ff		      .byte.b	$ff
   1345  7072					      repend
   1346  7073		       ff		      .byte.b	$ff
   1345  7073					      repend
   1346  7074		       ff		      .byte.b	$ff
   1345  7074					      repend
   1346  7075		       ff		      .byte.b	$ff
   1345  7075					      repend
   1346  7076		       ff		      .byte.b	$ff
   1345  7076					      repend
   1346  7077		       ff		      .byte.b	$ff
   1345  7077					      repend
   1346  7078		       ff		      .byte.b	$ff
   1345  7078					      repend
   1346  7079		       ff		      .byte.b	$ff
   1345  7079					      repend
   1346  707a		       ff		      .byte.b	$ff
   1345  707a					      repend
   1346  707b		       ff		      .byte.b	$ff
   1345  707b					      repend
   1346  707c		       ff		      .byte.b	$ff
   1345  707c					      repend
   1346  707d		       ff		      .byte.b	$ff
   1345  707d					      repend
   1346  707e		       ff		      .byte.b	$ff
   1345  707e					      repend
   1346  707f		       ff		      .byte.b	$ff
   1345  707f					      repend
   1346  7080		       ff		      .byte.b	$ff
   1345  7080					      repend
   1346  7081		       ff		      .byte.b	$ff
   1345  7081					      repend
   1346  7082		       ff		      .byte.b	$ff
   1345  7082					      repend
   1346  7083		       ff		      .byte.b	$ff
   1345  7083					      repend
   1346  7084		       ff		      .byte.b	$ff
   1345  7084					      repend
   1346  7085		       ff		      .byte.b	$ff
   1345  7085					      repend
   1346  7086		       ff		      .byte.b	$ff
   1345  7086					      repend
   1346  7087		       ff		      .byte.b	$ff
   1345  7087					      repend
   1346  7088		       ff		      .byte.b	$ff
   1345  7088					      repend
   1346  7089		       ff		      .byte.b	$ff
   1345  7089					      repend
   1346  708a		       ff		      .byte.b	$ff
   1345  708a					      repend
   1346  708b		       ff		      .byte.b	$ff
   1345  708b					      repend
   1346  708c		       ff		      .byte.b	$ff
   1345  708c					      repend
   1346  708d		       ff		      .byte.b	$ff
   1345  708d					      repend
   1346  708e		       ff		      .byte.b	$ff
   1345  708e					      repend
   1346  708f		       ff		      .byte.b	$ff
   1345  708f					      repend
   1346  7090		       ff		      .byte.b	$ff
   1345  7090					      repend
   1346  7091		       ff		      .byte.b	$ff
   1345  7091					      repend
   1346  7092		       ff		      .byte.b	$ff
   1345  7092					      repend
   1346  7093		       ff		      .byte.b	$ff
   1345  7093					      repend
   1346  7094		       ff		      .byte.b	$ff
   1345  7094					      repend
   1346  7095		       ff		      .byte.b	$ff
   1345  7095					      repend
   1346  7096		       ff		      .byte.b	$ff
   1345  7096					      repend
   1346  7097		       ff		      .byte.b	$ff
   1345  7097					      repend
   1346  7098		       ff		      .byte.b	$ff
   1345  7098					      repend
   1346  7099		       ff		      .byte.b	$ff
   1345  7099					      repend
   1346  709a		       ff		      .byte.b	$ff
   1345  709a					      repend
   1346  709b		       ff		      .byte.b	$ff
   1345  709b					      repend
   1346  709c		       ff		      .byte.b	$ff
   1345  709c					      repend
   1346  709d		       ff		      .byte.b	$ff
   1345  709d					      repend
   1346  709e		       ff		      .byte.b	$ff
   1345  709e					      repend
   1346  709f		       ff		      .byte.b	$ff
   1345  709f					      repend
   1346  70a0		       ff		      .byte.b	$ff
   1345  70a0					      repend
   1346  70a1		       ff		      .byte.b	$ff
   1345  70a1					      repend
   1346  70a2		       ff		      .byte.b	$ff
   1345  70a2					      repend
   1346  70a3		       ff		      .byte.b	$ff
   1345  70a3					      repend
   1346  70a4		       ff		      .byte.b	$ff
   1345  70a4					      repend
   1346  70a5		       ff		      .byte.b	$ff
   1345  70a5					      repend
   1346  70a6		       ff		      .byte.b	$ff
   1345  70a6					      repend
   1346  70a7		       ff		      .byte.b	$ff
   1345  70a7					      repend
   1346  70a8		       ff		      .byte.b	$ff
   1345  70a8					      repend
   1346  70a9		       ff		      .byte.b	$ff
   1345  70a9					      repend
   1346  70aa		       ff		      .byte.b	$ff
   1345  70aa					      repend
   1346  70ab		       ff		      .byte.b	$ff
   1345  70ab					      repend
   1346  70ac		       ff		      .byte.b	$ff
   1345  70ac					      repend
   1346  70ad		       ff		      .byte.b	$ff
   1345  70ad					      repend
   1346  70ae		       ff		      .byte.b	$ff
   1345  70ae					      repend
   1346  70af		       ff		      .byte.b	$ff
   1345  70af					      repend
   1346  70b0		       ff		      .byte.b	$ff
   1345  70b0					      repend
   1346  70b1		       ff		      .byte.b	$ff
   1345  70b1					      repend
   1346  70b2		       ff		      .byte.b	$ff
   1345  70b2					      repend
   1346  70b3		       ff		      .byte.b	$ff
   1345  70b3					      repend
   1346  70b4		       ff		      .byte.b	$ff
   1345  70b4					      repend
   1346  70b5		       ff		      .byte.b	$ff
   1345  70b5					      repend
   1346  70b6		       ff		      .byte.b	$ff
   1345  70b6					      repend
   1346  70b7		       ff		      .byte.b	$ff
   1345  70b7					      repend
   1346  70b8		       ff		      .byte.b	$ff
   1345  70b8					      repend
   1346  70b9		       ff		      .byte.b	$ff
   1345  70b9					      repend
   1346  70ba		       ff		      .byte.b	$ff
   1345  70ba					      repend
   1346  70bb		       ff		      .byte.b	$ff
   1345  70bb					      repend
   1346  70bc		       ff		      .byte.b	$ff
   1345  70bc					      repend
   1346  70bd		       ff		      .byte.b	$ff
   1345  70bd					      repend
   1346  70be		       ff		      .byte.b	$ff
   1345  70be					      repend
   1346  70bf		       ff		      .byte.b	$ff
   1345  70bf					      repend
   1346  70c0		       ff		      .byte.b	$ff
   1345  70c0					      repend
   1346  70c1		       ff		      .byte.b	$ff
   1345  70c1					      repend
   1346  70c2		       ff		      .byte.b	$ff
   1345  70c2					      repend
   1346  70c3		       ff		      .byte.b	$ff
   1345  70c3					      repend
   1346  70c4		       ff		      .byte.b	$ff
   1345  70c4					      repend
   1346  70c5		       ff		      .byte.b	$ff
   1345  70c5					      repend
   1346  70c6		       ff		      .byte.b	$ff
   1345  70c6					      repend
   1346  70c7		       ff		      .byte.b	$ff
   1345  70c7					      repend
   1346  70c8		       ff		      .byte.b	$ff
   1345  70c8					      repend
   1346  70c9		       ff		      .byte.b	$ff
   1345  70c9					      repend
   1346  70ca		       ff		      .byte.b	$ff
   1345  70ca					      repend
   1346  70cb		       ff		      .byte.b	$ff
   1345  70cb					      repend
   1346  70cc		       ff		      .byte.b	$ff
   1345  70cc					      repend
   1346  70cd		       ff		      .byte.b	$ff
   1345  70cd					      repend
   1346  70ce		       ff		      .byte.b	$ff
   1345  70ce					      repend
   1346  70cf		       ff		      .byte.b	$ff
   1345  70cf					      repend
   1346  70d0		       ff		      .byte.b	$ff
   1345  70d0					      repend
   1346  70d1		       ff		      .byte.b	$ff
   1345  70d1					      repend
   1346  70d2		       ff		      .byte.b	$ff
   1345  70d2					      repend
   1346  70d3		       ff		      .byte.b	$ff
   1345  70d3					      repend
   1346  70d4		       ff		      .byte.b	$ff
   1345  70d4					      repend
   1346  70d5		       ff		      .byte.b	$ff
   1345  70d5					      repend
   1346  70d6		       ff		      .byte.b	$ff
   1345  70d6					      repend
   1346  70d7		       ff		      .byte.b	$ff
   1345  70d7					      repend
   1346  70d8		       ff		      .byte.b	$ff
   1345  70d8					      repend
   1346  70d9		       ff		      .byte.b	$ff
   1345  70d9					      repend
   1346  70da		       ff		      .byte.b	$ff
   1345  70da					      repend
   1346  70db		       ff		      .byte.b	$ff
   1345  70db					      repend
   1346  70dc		       ff		      .byte.b	$ff
   1345  70dc					      repend
   1346  70dd		       ff		      .byte.b	$ff
   1345  70dd					      repend
   1346  70de		       ff		      .byte.b	$ff
   1345  70de					      repend
   1346  70df		       ff		      .byte.b	$ff
   1345  70df					      repend
   1346  70e0		       ff		      .byte.b	$ff
   1345  70e0					      repend
   1346  70e1		       ff		      .byte.b	$ff
   1345  70e1					      repend
   1346  70e2		       ff		      .byte.b	$ff
   1345  70e2					      repend
   1346  70e3		       ff		      .byte.b	$ff
   1345  70e3					      repend
   1346  70e4		       ff		      .byte.b	$ff
   1345  70e4					      repend
   1346  70e5		       ff		      .byte.b	$ff
   1345  70e5					      repend
   1346  70e6		       ff		      .byte.b	$ff
   1345  70e6					      repend
   1346  70e7		       ff		      .byte.b	$ff
   1345  70e7					      repend
   1346  70e8		       ff		      .byte.b	$ff
   1345  70e8					      repend
   1346  70e9		       ff		      .byte.b	$ff
   1345  70e9					      repend
   1346  70ea		       ff		      .byte.b	$ff
   1345  70ea					      repend
   1346  70eb		       ff		      .byte.b	$ff
   1345  70eb					      repend
   1346  70ec		       ff		      .byte.b	$ff
   1345  70ec					      repend
   1346  70ed		       ff		      .byte.b	$ff
   1345  70ed					      repend
   1346  70ee		       ff		      .byte.b	$ff
   1345  70ee					      repend
   1346  70ef		       ff		      .byte.b	$ff
   1345  70ef					      repend
   1346  70f0		       ff		      .byte.b	$ff
   1345  70f0					      repend
   1346  70f1		       ff		      .byte.b	$ff
   1345  70f1					      repend
   1346  70f2		       ff		      .byte.b	$ff
   1345  70f2					      repend
   1346  70f3		       ff		      .byte.b	$ff
   1345  70f3					      repend
   1346  70f4		       ff		      .byte.b	$ff
   1345  70f4					      repend
   1346  70f5		       ff		      .byte.b	$ff
   1345  70f5					      repend
   1346  70f6		       ff		      .byte.b	$ff
   1345  70f6					      repend
   1346  70f7		       ff		      .byte.b	$ff
   1345  70f7					      repend
   1346  70f8		       ff		      .byte.b	$ff
   1345  70f8					      repend
   1346  70f9		       ff		      .byte.b	$ff
   1345  70f9					      repend
   1346  70fa		       ff		      .byte.b	$ff
   1345  70fa					      repend
   1346  70fb		       ff		      .byte.b	$ff
   1345  70fb					      repend
   1346  70fc		       ff		      .byte.b	$ff
   1345  70fc					      repend
   1346  70fd		       ff		      .byte.b	$ff
   1345  70fd					      repend
   1346  70fe		       ff		      .byte.b	$ff
   1345  70fe					      repend
   1346  70ff		       ff		      .byte.b	$ff
   1347  7100					      repend
   1348  7100				   .bsub7
   1349  7100							;;line 126;; bsub7
   1350  7100
   1351  7100				   .L096		;;line 127;;  score = 7
   1352  7100
   1353  7100		       a9 07		      LDA	#$07
   1354  7102		       85 95		      STA	score+2
   1355  7104		       a9 00		      LDA	#$00
   1356  7106		       85 94		      STA	score+1
   1357  7108		       a9 00		      LDA	#$00
   1358  710a		       85 93		      STA	score
   1359  710c				   .L097		;;line 128;;  for memloc = 0 to 127
   1360  710c
   1361  710c		       a9 00		      LDA	#0
   1362  710e		       85 d6		      STA	memloc
   1363  7110				   .L097formemloc
   1364  7110				   .L098		;;line 129;;  temp1 = r000[memloc]
   1365  7110
   1366  7110		       a6 d6		      LDX	memloc
   1367  7112		       bd 80 f0 	      LDA	r000,x
   1368  7115		       85 9c		      STA	temp1
   1369  7117				   .L099		;;line 130;;  w000[memloc] = r000[memloc] ^ $ff
   1370  7117
   1371  7117		       a6 d6		      LDX	memloc
   1372  7119		       bd 80 f0 	      LDA	r000,x
   1373  711c		       49 ff		      EOR	#$ff
   1374  711e		       a6 d6		      LDX	memloc
   1375  7120		       9d 00 f0 	      STA	w000,x
   1376  7123				   .L0100		;;line 131;;  temp1 = temp1 ^ $ff
   1377  7123
   1378  7123		       a5 9c		      LDA	temp1
   1379  7125		       49 ff		      EOR	#$ff
   1380  7127		       85 9c		      STA	temp1
   1381  7129				   .L0101		;;line 132;;  if r000[memloc] <> temp1 then sc0 = $99 : scorecolor = $42
   1382  7129
   1383  7129		       a6 d6		      LDX	memloc
   1384  712b		       bd 80 f0 	      LDA	r000,x
   1385  712e		       c5 9c		      CMP	temp1
   1386  7130		       f0 08		      BEQ	.skipL0101
   1387  7132				   .condpart23
   1388  7132		       a9 99		      LDA	#$99
   1389  7134		       85 93		      STA	sc0
   1390  7136		       a9 42		      LDA	#$42
   1391  7138		       85 a3		      STA	scorecolor
   1392  713a				   .skipL0101
   1393  713a				   .L0102		;;line 133;;  drawscreen
   1394  713a
   1395  713a		       85 ee		      sta	temp7
   1396  713c		       a9 61		      lda	#(((>(ret_point7-1)) & $0F) | $60)
   1397  713e		       48		      pha
   1398  713f		       a9 51		      lda	#<(ret_point7-1)
   1399  7141		       48		      pha
   1400  7142		       a9 f5		      lda	#>(drawscreen-1)
   1401  7144		       48		      pha
   1402  7145		       a9 80		      lda	#<(drawscreen-1)
   1403  7147		       48		      pha
   1404  7148		       a5 ee		      lda	temp7
   1405  714a		       48		      pha
   1406  714b		       8a		      txa
   1407  714c		       48		      pha
   1408  714d		       a2 10		      ldx	#16
   1409  714f		       4c d7 ff 	      jmp	BS_jsr
   1410  7152				   ret_point7
   1411  7152				   .L0103		;;line 134;;  next
   1412  7152
   1413  7152		       a5 d6		      LDA	memloc
   1414  7154		       c9 7f		      CMP	#127
   1415  7156		       e6 d6		      INC	memloc
   1416  7158		       90 b6		      bcc	.L097formemloc
   1417  715a				  -	      if	( (((((#>*)&$1f)*256)|(#<.L097formemloc))>=bankswitch_hotspot) && (((((#>*)&$1f)*256)|(#<.L097formemloc))<=(bankswitch_hotspot+bs_mask)) )
   1418  715a				  -	      echo	"WARNING: branch near the end of bank 7 may accidentally trigger a bankswitch. Reposition code there if bad things happen."
   1419  715a					      endif
   1420  715a				   .
   1421  715a							;;line 135;;
   1422  715a
   1423  715a				   .L0104		;;line 136;;  goto goback bank1
   1424  715a
   1425  715a		       85 ee		      sta	temp7
   1426  715c		       a9 12		      lda	#>(.goback-1)
   1427  715e		       48		      pha
   1428  715f		       a9 f9		      lda	#<(.goback-1)
   1429  7161		       48		      pha
   1430  7162		       a5 ee		      lda	temp7
   1431  7164		       48		      pha
   1432  7165		       8a		      txa
   1433  7166		       48		      pha
   1434  7167		       a2 01		      ldx	#1
   1435  7169		       4c d7 ff 	      jmp	BS_jsr
   1436  716c				   .
   1437  716c							;;line 137;;
   1438  716c
   1439  716c				   .L0105		;;line 138;;  bank 8
   1440  716c
   1441  716c					      if	ECHO7
      3664 bytes of ROM space left in bank 7
   1442  716c					      echo	"    ",[(start_bank7 - *)]d , "bytes of ROM space left in bank 7")
   1443  716c					      endif
   1444  716c		       00 01	   ECHO7      =	1
   1445  7fbc					      ORG	$7FE0-bscode_length
   1446  7fbc					      RORG	$DFE0-bscode_length
   1447  7fbc		       a2 ff	   start_bank7 ldx	#$ff
   1448  7fbe				  -	      ifconst	FASTFETCH	; using DPC+
   1449  7fbe				  -	      stx	FASTFETCH
   1450  7fbe					      endif
   1451  7fbe		       9a		      txs
   1452  7fbf					      if	bankswitch == 64
   1453  7fbf		       a9 f3		      lda	#(((>(start-1)) & $0F) | $F0)
   1454  7fc1				  -	      else
   1455  7fc1				  -	      lda	#>(start-1)
   1456  7fc1					      endif
   1457  7fc1		       48		      pha
   1458  7fc2		       a9 4f		      lda	#<(start-1)
   1459  7fc4		       48		      pha
   1460  7fc5		       48		      pha
   1461  7fc6		       8a		      txa
   1462  7fc7		       48		      pha
   1463  7fc8		       ba		      tsx
   1464  7fc9				  -	      if	bankswitch != 64
   1465  7fc9				  -	      lda	4,x	; get high byte of return address
   1466  7fc9				  -	      rol
   1467  7fc9				  -	      rol
   1468  7fc9				  -	      rol
   1469  7fc9				  -	      rol
   1470  7fc9				  -	      and	#bs_mask	;1 3 or 7 for F8/F6/F4
   1471  7fc9				  -	      tax
   1472  7fc9				  -	      inx
   1473  7fc9					      else
   1474  7fc9		       b5 04		      lda	4,x	; get high byte of return address
   1475  7fcb		       a8		      tay
   1476  7fcc		       09 10		      ora	#$10	; change our bank nibble into a valid rom mirror
   1477  7fce		       95 04		      sta	4,x
   1478  7fd0		       98		      tya
   1479  7fd1		       4a		      lsr
   1480  7fd2		       4a		      lsr
   1481  7fd3		       4a		      lsr
   1482  7fd4		       4a		      lsr
   1483  7fd5		       aa		      tax
   1484  7fd6		       e8		      inx
   1485  7fd7					      endif
   1486  7fd7		       bd df 1f 	      lda	bankswitch_hotspot-1,x
   1487  7fda		       68		      pla
   1488  7fdb		       aa		      tax
   1489  7fdc		       68		      pla
   1490  7fdd		       60		      rts
   1491  7fde				  -	      if	((* & $1FFF) > ((bankswitch_hotspot & $1FFF) - 1))
   1492  7fde				  -	      echo	"WARNING: size parameter in banksw.asm too small - the program probably will not work."
   1493  7fde				  -	      echo	"Change to",[(*-begin_bscode+1)&$FF]d,"and try again."
   1494  7fde					      endif
   1495  7ffc					      ORG	$7FFC
   1496  7ffc					      RORG	$DFFC
   1497  7ffc		       bc df		      .word.w	(start_bank7 & $ffff)
   1498  7ffe		       bc df		      .word.w	(start_bank7 & $ffff)
   1499  8000					      ORG	$8000
   1500  8000					      RORG	$F000
   1501  8000					      repeat	256
   1502  8000		       ff		      .byte.b	$ff
   1501  8000					      repend
   1502  8001		       ff		      .byte.b	$ff
   1501  8001					      repend
   1502  8002		       ff		      .byte.b	$ff
   1501  8002					      repend
   1502  8003		       ff		      .byte.b	$ff
   1501  8003					      repend
   1502  8004		       ff		      .byte.b	$ff
   1501  8004					      repend
   1502  8005		       ff		      .byte.b	$ff
   1501  8005					      repend
   1502  8006		       ff		      .byte.b	$ff
   1501  8006					      repend
   1502  8007		       ff		      .byte.b	$ff
   1501  8007					      repend
   1502  8008		       ff		      .byte.b	$ff
   1501  8008					      repend
   1502  8009		       ff		      .byte.b	$ff
   1501  8009					      repend
   1502  800a		       ff		      .byte.b	$ff
   1501  800a					      repend
   1502  800b		       ff		      .byte.b	$ff
   1501  800b					      repend
   1502  800c		       ff		      .byte.b	$ff
   1501  800c					      repend
   1502  800d		       ff		      .byte.b	$ff
   1501  800d					      repend
   1502  800e		       ff		      .byte.b	$ff
   1501  800e					      repend
   1502  800f		       ff		      .byte.b	$ff
   1501  800f					      repend
   1502  8010		       ff		      .byte.b	$ff
   1501  8010					      repend
   1502  8011		       ff		      .byte.b	$ff
   1501  8011					      repend
   1502  8012		       ff		      .byte.b	$ff
   1501  8012					      repend
   1502  8013		       ff		      .byte.b	$ff
   1501  8013					      repend
   1502  8014		       ff		      .byte.b	$ff
   1501  8014					      repend
   1502  8015		       ff		      .byte.b	$ff
   1501  8015					      repend
   1502  8016		       ff		      .byte.b	$ff
   1501  8016					      repend
   1502  8017		       ff		      .byte.b	$ff
   1501  8017					      repend
   1502  8018		       ff		      .byte.b	$ff
   1501  8018					      repend
   1502  8019		       ff		      .byte.b	$ff
   1501  8019					      repend
   1502  801a		       ff		      .byte.b	$ff
   1501  801a					      repend
   1502  801b		       ff		      .byte.b	$ff
   1501  801b					      repend
   1502  801c		       ff		      .byte.b	$ff
   1501  801c					      repend
   1502  801d		       ff		      .byte.b	$ff
   1501  801d					      repend
   1502  801e		       ff		      .byte.b	$ff
   1501  801e					      repend
   1502  801f		       ff		      .byte.b	$ff
   1501  801f					      repend
   1502  8020		       ff		      .byte.b	$ff
   1501  8020					      repend
   1502  8021		       ff		      .byte.b	$ff
   1501  8021					      repend
   1502  8022		       ff		      .byte.b	$ff
   1501  8022					      repend
   1502  8023		       ff		      .byte.b	$ff
   1501  8023					      repend
   1502  8024		       ff		      .byte.b	$ff
   1501  8024					      repend
   1502  8025		       ff		      .byte.b	$ff
   1501  8025					      repend
   1502  8026		       ff		      .byte.b	$ff
   1501  8026					      repend
   1502  8027		       ff		      .byte.b	$ff
   1501  8027					      repend
   1502  8028		       ff		      .byte.b	$ff
   1501  8028					      repend
   1502  8029		       ff		      .byte.b	$ff
   1501  8029					      repend
   1502  802a		       ff		      .byte.b	$ff
   1501  802a					      repend
   1502  802b		       ff		      .byte.b	$ff
   1501  802b					      repend
   1502  802c		       ff		      .byte.b	$ff
   1501  802c					      repend
   1502  802d		       ff		      .byte.b	$ff
   1501  802d					      repend
   1502  802e		       ff		      .byte.b	$ff
   1501  802e					      repend
   1502  802f		       ff		      .byte.b	$ff
   1501  802f					      repend
   1502  8030		       ff		      .byte.b	$ff
   1501  8030					      repend
   1502  8031		       ff		      .byte.b	$ff
   1501  8031					      repend
   1502  8032		       ff		      .byte.b	$ff
   1501  8032					      repend
   1502  8033		       ff		      .byte.b	$ff
   1501  8033					      repend
   1502  8034		       ff		      .byte.b	$ff
   1501  8034					      repend
   1502  8035		       ff		      .byte.b	$ff
   1501  8035					      repend
   1502  8036		       ff		      .byte.b	$ff
   1501  8036					      repend
   1502  8037		       ff		      .byte.b	$ff
   1501  8037					      repend
   1502  8038		       ff		      .byte.b	$ff
   1501  8038					      repend
   1502  8039		       ff		      .byte.b	$ff
   1501  8039					      repend
   1502  803a		       ff		      .byte.b	$ff
   1501  803a					      repend
   1502  803b		       ff		      .byte.b	$ff
   1501  803b					      repend
   1502  803c		       ff		      .byte.b	$ff
   1501  803c					      repend
   1502  803d		       ff		      .byte.b	$ff
   1501  803d					      repend
   1502  803e		       ff		      .byte.b	$ff
   1501  803e					      repend
   1502  803f		       ff		      .byte.b	$ff
   1501  803f					      repend
   1502  8040		       ff		      .byte.b	$ff
   1501  8040					      repend
   1502  8041		       ff		      .byte.b	$ff
   1501  8041					      repend
   1502  8042		       ff		      .byte.b	$ff
   1501  8042					      repend
   1502  8043		       ff		      .byte.b	$ff
   1501  8043					      repend
   1502  8044		       ff		      .byte.b	$ff
   1501  8044					      repend
   1502  8045		       ff		      .byte.b	$ff
   1501  8045					      repend
   1502  8046		       ff		      .byte.b	$ff
   1501  8046					      repend
   1502  8047		       ff		      .byte.b	$ff
   1501  8047					      repend
   1502  8048		       ff		      .byte.b	$ff
   1501  8048					      repend
   1502  8049		       ff		      .byte.b	$ff
   1501  8049					      repend
   1502  804a		       ff		      .byte.b	$ff
   1501  804a					      repend
   1502  804b		       ff		      .byte.b	$ff
   1501  804b					      repend
   1502  804c		       ff		      .byte.b	$ff
   1501  804c					      repend
   1502  804d		       ff		      .byte.b	$ff
   1501  804d					      repend
   1502  804e		       ff		      .byte.b	$ff
   1501  804e					      repend
   1502  804f		       ff		      .byte.b	$ff
   1501  804f					      repend
   1502  8050		       ff		      .byte.b	$ff
   1501  8050					      repend
   1502  8051		       ff		      .byte.b	$ff
   1501  8051					      repend
   1502  8052		       ff		      .byte.b	$ff
   1501  8052					      repend
   1502  8053		       ff		      .byte.b	$ff
   1501  8053					      repend
   1502  8054		       ff		      .byte.b	$ff
   1501  8054					      repend
   1502  8055		       ff		      .byte.b	$ff
   1501  8055					      repend
   1502  8056		       ff		      .byte.b	$ff
   1501  8056					      repend
   1502  8057		       ff		      .byte.b	$ff
   1501  8057					      repend
   1502  8058		       ff		      .byte.b	$ff
   1501  8058					      repend
   1502  8059		       ff		      .byte.b	$ff
   1501  8059					      repend
   1502  805a		       ff		      .byte.b	$ff
   1501  805a					      repend
   1502  805b		       ff		      .byte.b	$ff
   1501  805b					      repend
   1502  805c		       ff		      .byte.b	$ff
   1501  805c					      repend
   1502  805d		       ff		      .byte.b	$ff
   1501  805d					      repend
   1502  805e		       ff		      .byte.b	$ff
   1501  805e					      repend
   1502  805f		       ff		      .byte.b	$ff
   1501  805f					      repend
   1502  8060		       ff		      .byte.b	$ff
   1501  8060					      repend
   1502  8061		       ff		      .byte.b	$ff
   1501  8061					      repend
   1502  8062		       ff		      .byte.b	$ff
   1501  8062					      repend
   1502  8063		       ff		      .byte.b	$ff
   1501  8063					      repend
   1502  8064		       ff		      .byte.b	$ff
   1501  8064					      repend
   1502  8065		       ff		      .byte.b	$ff
   1501  8065					      repend
   1502  8066		       ff		      .byte.b	$ff
   1501  8066					      repend
   1502  8067		       ff		      .byte.b	$ff
   1501  8067					      repend
   1502  8068		       ff		      .byte.b	$ff
   1501  8068					      repend
   1502  8069		       ff		      .byte.b	$ff
   1501  8069					      repend
   1502  806a		       ff		      .byte.b	$ff
   1501  806a					      repend
   1502  806b		       ff		      .byte.b	$ff
   1501  806b					      repend
   1502  806c		       ff		      .byte.b	$ff
   1501  806c					      repend
   1502  806d		       ff		      .byte.b	$ff
   1501  806d					      repend
   1502  806e		       ff		      .byte.b	$ff
   1501  806e					      repend
   1502  806f		       ff		      .byte.b	$ff
   1501  806f					      repend
   1502  8070		       ff		      .byte.b	$ff
   1501  8070					      repend
   1502  8071		       ff		      .byte.b	$ff
   1501  8071					      repend
   1502  8072		       ff		      .byte.b	$ff
   1501  8072					      repend
   1502  8073		       ff		      .byte.b	$ff
   1501  8073					      repend
   1502  8074		       ff		      .byte.b	$ff
   1501  8074					      repend
   1502  8075		       ff		      .byte.b	$ff
   1501  8075					      repend
   1502  8076		       ff		      .byte.b	$ff
   1501  8076					      repend
   1502  8077		       ff		      .byte.b	$ff
   1501  8077					      repend
   1502  8078		       ff		      .byte.b	$ff
   1501  8078					      repend
   1502  8079		       ff		      .byte.b	$ff
   1501  8079					      repend
   1502  807a		       ff		      .byte.b	$ff
   1501  807a					      repend
   1502  807b		       ff		      .byte.b	$ff
   1501  807b					      repend
   1502  807c		       ff		      .byte.b	$ff
   1501  807c					      repend
   1502  807d		       ff		      .byte.b	$ff
   1501  807d					      repend
   1502  807e		       ff		      .byte.b	$ff
   1501  807e					      repend
   1502  807f		       ff		      .byte.b	$ff
   1501  807f					      repend
   1502  8080		       ff		      .byte.b	$ff
   1501  8080					      repend
   1502  8081		       ff		      .byte.b	$ff
   1501  8081					      repend
   1502  8082		       ff		      .byte.b	$ff
   1501  8082					      repend
   1502  8083		       ff		      .byte.b	$ff
   1501  8083					      repend
   1502  8084		       ff		      .byte.b	$ff
   1501  8084					      repend
   1502  8085		       ff		      .byte.b	$ff
   1501  8085					      repend
   1502  8086		       ff		      .byte.b	$ff
   1501  8086					      repend
   1502  8087		       ff		      .byte.b	$ff
   1501  8087					      repend
   1502  8088		       ff		      .byte.b	$ff
   1501  8088					      repend
   1502  8089		       ff		      .byte.b	$ff
   1501  8089					      repend
   1502  808a		       ff		      .byte.b	$ff
   1501  808a					      repend
   1502  808b		       ff		      .byte.b	$ff
   1501  808b					      repend
   1502  808c		       ff		      .byte.b	$ff
   1501  808c					      repend
   1502  808d		       ff		      .byte.b	$ff
   1501  808d					      repend
   1502  808e		       ff		      .byte.b	$ff
   1501  808e					      repend
   1502  808f		       ff		      .byte.b	$ff
   1501  808f					      repend
   1502  8090		       ff		      .byte.b	$ff
   1501  8090					      repend
   1502  8091		       ff		      .byte.b	$ff
   1501  8091					      repend
   1502  8092		       ff		      .byte.b	$ff
   1501  8092					      repend
   1502  8093		       ff		      .byte.b	$ff
   1501  8093					      repend
   1502  8094		       ff		      .byte.b	$ff
   1501  8094					      repend
   1502  8095		       ff		      .byte.b	$ff
   1501  8095					      repend
   1502  8096		       ff		      .byte.b	$ff
   1501  8096					      repend
   1502  8097		       ff		      .byte.b	$ff
   1501  8097					      repend
   1502  8098		       ff		      .byte.b	$ff
   1501  8098					      repend
   1502  8099		       ff		      .byte.b	$ff
   1501  8099					      repend
   1502  809a		       ff		      .byte.b	$ff
   1501  809a					      repend
   1502  809b		       ff		      .byte.b	$ff
   1501  809b					      repend
   1502  809c		       ff		      .byte.b	$ff
   1501  809c					      repend
   1502  809d		       ff		      .byte.b	$ff
   1501  809d					      repend
   1502  809e		       ff		      .byte.b	$ff
   1501  809e					      repend
   1502  809f		       ff		      .byte.b	$ff
   1501  809f					      repend
   1502  80a0		       ff		      .byte.b	$ff
   1501  80a0					      repend
   1502  80a1		       ff		      .byte.b	$ff
   1501  80a1					      repend
   1502  80a2		       ff		      .byte.b	$ff
   1501  80a2					      repend
   1502  80a3		       ff		      .byte.b	$ff
   1501  80a3					      repend
   1502  80a4		       ff		      .byte.b	$ff
   1501  80a4					      repend
   1502  80a5		       ff		      .byte.b	$ff
   1501  80a5					      repend
   1502  80a6		       ff		      .byte.b	$ff
   1501  80a6					      repend
   1502  80a7		       ff		      .byte.b	$ff
   1501  80a7					      repend
   1502  80a8		       ff		      .byte.b	$ff
   1501  80a8					      repend
   1502  80a9		       ff		      .byte.b	$ff
   1501  80a9					      repend
   1502  80aa		       ff		      .byte.b	$ff
   1501  80aa					      repend
   1502  80ab		       ff		      .byte.b	$ff
   1501  80ab					      repend
   1502  80ac		       ff		      .byte.b	$ff
   1501  80ac					      repend
   1502  80ad		       ff		      .byte.b	$ff
   1501  80ad					      repend
   1502  80ae		       ff		      .byte.b	$ff
   1501  80ae					      repend
   1502  80af		       ff		      .byte.b	$ff
   1501  80af					      repend
   1502  80b0		       ff		      .byte.b	$ff
   1501  80b0					      repend
   1502  80b1		       ff		      .byte.b	$ff
   1501  80b1					      repend
   1502  80b2		       ff		      .byte.b	$ff
   1501  80b2					      repend
   1502  80b3		       ff		      .byte.b	$ff
   1501  80b3					      repend
   1502  80b4		       ff		      .byte.b	$ff
   1501  80b4					      repend
   1502  80b5		       ff		      .byte.b	$ff
   1501  80b5					      repend
   1502  80b6		       ff		      .byte.b	$ff
   1501  80b6					      repend
   1502  80b7		       ff		      .byte.b	$ff
   1501  80b7					      repend
   1502  80b8		       ff		      .byte.b	$ff
   1501  80b8					      repend
   1502  80b9		       ff		      .byte.b	$ff
   1501  80b9					      repend
   1502  80ba		       ff		      .byte.b	$ff
   1501  80ba					      repend
   1502  80bb		       ff		      .byte.b	$ff
   1501  80bb					      repend
   1502  80bc		       ff		      .byte.b	$ff
   1501  80bc					      repend
   1502  80bd		       ff		      .byte.b	$ff
   1501  80bd					      repend
   1502  80be		       ff		      .byte.b	$ff
   1501  80be					      repend
   1502  80bf		       ff		      .byte.b	$ff
   1501  80bf					      repend
   1502  80c0		       ff		      .byte.b	$ff
   1501  80c0					      repend
   1502  80c1		       ff		      .byte.b	$ff
   1501  80c1					      repend
   1502  80c2		       ff		      .byte.b	$ff
   1501  80c2					      repend
   1502  80c3		       ff		      .byte.b	$ff
   1501  80c3					      repend
   1502  80c4		       ff		      .byte.b	$ff
   1501  80c4					      repend
   1502  80c5		       ff		      .byte.b	$ff
   1501  80c5					      repend
   1502  80c6		       ff		      .byte.b	$ff
   1501  80c6					      repend
   1502  80c7		       ff		      .byte.b	$ff
   1501  80c7					      repend
   1502  80c8		       ff		      .byte.b	$ff
   1501  80c8					      repend
   1502  80c9		       ff		      .byte.b	$ff
   1501  80c9					      repend
   1502  80ca		       ff		      .byte.b	$ff
   1501  80ca					      repend
   1502  80cb		       ff		      .byte.b	$ff
   1501  80cb					      repend
   1502  80cc		       ff		      .byte.b	$ff
   1501  80cc					      repend
   1502  80cd		       ff		      .byte.b	$ff
   1501  80cd					      repend
   1502  80ce		       ff		      .byte.b	$ff
   1501  80ce					      repend
   1502  80cf		       ff		      .byte.b	$ff
   1501  80cf					      repend
   1502  80d0		       ff		      .byte.b	$ff
   1501  80d0					      repend
   1502  80d1		       ff		      .byte.b	$ff
   1501  80d1					      repend
   1502  80d2		       ff		      .byte.b	$ff
   1501  80d2					      repend
   1502  80d3		       ff		      .byte.b	$ff
   1501  80d3					      repend
   1502  80d4		       ff		      .byte.b	$ff
   1501  80d4					      repend
   1502  80d5		       ff		      .byte.b	$ff
   1501  80d5					      repend
   1502  80d6		       ff		      .byte.b	$ff
   1501  80d6					      repend
   1502  80d7		       ff		      .byte.b	$ff
   1501  80d7					      repend
   1502  80d8		       ff		      .byte.b	$ff
   1501  80d8					      repend
   1502  80d9		       ff		      .byte.b	$ff
   1501  80d9					      repend
   1502  80da		       ff		      .byte.b	$ff
   1501  80da					      repend
   1502  80db		       ff		      .byte.b	$ff
   1501  80db					      repend
   1502  80dc		       ff		      .byte.b	$ff
   1501  80dc					      repend
   1502  80dd		       ff		      .byte.b	$ff
   1501  80dd					      repend
   1502  80de		       ff		      .byte.b	$ff
   1501  80de					      repend
   1502  80df		       ff		      .byte.b	$ff
   1501  80df					      repend
   1502  80e0		       ff		      .byte.b	$ff
   1501  80e0					      repend
   1502  80e1		       ff		      .byte.b	$ff
   1501  80e1					      repend
   1502  80e2		       ff		      .byte.b	$ff
   1501  80e2					      repend
   1502  80e3		       ff		      .byte.b	$ff
   1501  80e3					      repend
   1502  80e4		       ff		      .byte.b	$ff
   1501  80e4					      repend
   1502  80e5		       ff		      .byte.b	$ff
   1501  80e5					      repend
   1502  80e6		       ff		      .byte.b	$ff
   1501  80e6					      repend
   1502  80e7		       ff		      .byte.b	$ff
   1501  80e7					      repend
   1502  80e8		       ff		      .byte.b	$ff
   1501  80e8					      repend
   1502  80e9		       ff		      .byte.b	$ff
   1501  80e9					      repend
   1502  80ea		       ff		      .byte.b	$ff
   1501  80ea					      repend
   1502  80eb		       ff		      .byte.b	$ff
   1501  80eb					      repend
   1502  80ec		       ff		      .byte.b	$ff
   1501  80ec					      repend
   1502  80ed		       ff		      .byte.b	$ff
   1501  80ed					      repend
   1502  80ee		       ff		      .byte.b	$ff
   1501  80ee					      repend
   1502  80ef		       ff		      .byte.b	$ff
   1501  80ef					      repend
   1502  80f0		       ff		      .byte.b	$ff
   1501  80f0					      repend
   1502  80f1		       ff		      .byte.b	$ff
   1501  80f1					      repend
   1502  80f2		       ff		      .byte.b	$ff
   1501  80f2					      repend
   1502  80f3		       ff		      .byte.b	$ff
   1501  80f3					      repend
   1502  80f4		       ff		      .byte.b	$ff
   1501  80f4					      repend
   1502  80f5		       ff		      .byte.b	$ff
   1501  80f5					      repend
   1502  80f6		       ff		      .byte.b	$ff
   1501  80f6					      repend
   1502  80f7		       ff		      .byte.b	$ff
   1501  80f7					      repend
   1502  80f8		       ff		      .byte.b	$ff
   1501  80f8					      repend
   1502  80f9		       ff		      .byte.b	$ff
   1501  80f9					      repend
   1502  80fa		       ff		      .byte.b	$ff
   1501  80fa					      repend
   1502  80fb		       ff		      .byte.b	$ff
   1501  80fb					      repend
   1502  80fc		       ff		      .byte.b	$ff
   1501  80fc					      repend
   1502  80fd		       ff		      .byte.b	$ff
   1501  80fd					      repend
   1502  80fe		       ff		      .byte.b	$ff
   1501  80fe					      repend
   1502  80ff		       ff		      .byte.b	$ff
   1503  8100					      repend
   1504  8100				   .bsub8
   1505  8100							;;line 139;; bsub8
   1506  8100
   1507  8100				   .L0106		;;line 140;;  score = 8
   1508  8100
   1509  8100		       a9 08		      LDA	#$08
   1510  8102		       85 95		      STA	score+2
   1511  8104		       a9 00		      LDA	#$00
   1512  8106		       85 94		      STA	score+1
   1513  8108		       a9 00		      LDA	#$00
   1514  810a		       85 93		      STA	score
   1515  810c				   .L0107		;;line 141;;  for memloc = 0 to 127
   1516  810c
   1517  810c		       a9 00		      LDA	#0
   1518  810e		       85 d6		      STA	memloc
   1519  8110				   .L0107formemloc
   1520  8110				   .L0108		;;line 142;;  temp1 = r000[memloc]
   1521  8110
   1522  8110		       a6 d6		      LDX	memloc
   1523  8112		       bd 80 f0 	      LDA	r000,x
   1524  8115		       85 9c		      STA	temp1
   1525  8117				   .L0109		;;line 143;;  w000[memloc] = r000[memloc] ^ $ff
   1526  8117
   1527  8117		       a6 d6		      LDX	memloc
   1528  8119		       bd 80 f0 	      LDA	r000,x
   1529  811c		       49 ff		      EOR	#$ff
   1530  811e		       a6 d6		      LDX	memloc
   1531  8120		       9d 00 f0 	      STA	w000,x
   1532  8123				   .L0110		;;line 144;;  temp1 = temp1 ^ $ff
   1533  8123
   1534  8123		       a5 9c		      LDA	temp1
   1535  8125		       49 ff		      EOR	#$ff
   1536  8127		       85 9c		      STA	temp1
   1537  8129				   .L0111		;;line 145;;  if r000[memloc] <> temp1 then sc0 = $99 : scorecolor = $42
   1538  8129
   1539  8129		       a6 d6		      LDX	memloc
   1540  812b		       bd 80 f0 	      LDA	r000,x
   1541  812e		       c5 9c		      CMP	temp1
   1542  8130		       f0 08		      BEQ	.skipL0111
   1543  8132				   .condpart24
   1544  8132		       a9 99		      LDA	#$99
   1545  8134		       85 93		      STA	sc0
   1546  8136		       a9 42		      LDA	#$42
   1547  8138		       85 a3		      STA	scorecolor
   1548  813a				   .skipL0111
   1549  813a				   .L0112		;;line 146;;  drawscreen
   1550  813a
   1551  813a		       85 ee		      sta	temp7
   1552  813c		       a9 71		      lda	#(((>(ret_point8-1)) & $0F) | $70)
   1553  813e		       48		      pha
   1554  813f		       a9 51		      lda	#<(ret_point8-1)
   1555  8141		       48		      pha
   1556  8142		       a9 f5		      lda	#>(drawscreen-1)
   1557  8144		       48		      pha
   1558  8145		       a9 80		      lda	#<(drawscreen-1)
   1559  8147		       48		      pha
   1560  8148		       a5 ee		      lda	temp7
   1561  814a		       48		      pha
   1562  814b		       8a		      txa
   1563  814c		       48		      pha
   1564  814d		       a2 10		      ldx	#16
   1565  814f		       4c d7 ff 	      jmp	BS_jsr
   1566  8152				   ret_point8
   1567  8152				   .L0113		;;line 147;;  next
   1568  8152
   1569  8152		       a5 d6		      LDA	memloc
   1570  8154		       c9 7f		      CMP	#127
   1571  8156		       e6 d6		      INC	memloc
   1572  8158		       90 b6		      bcc	.L0107formemloc
   1573  815a				  -	      if	( (((((#>*)&$1f)*256)|(#<.L0107formemloc))>=bankswitch_hotspot) && (((((#>*)&$1f)*256)|(#<.L0107formemloc))<=(bankswitch_hotspot+bs_mask)) )
   1574  815a				  -	      echo	"WARNING: branch near the end of bank 8 may accidentally trigger a bankswitch. Reposition code there if bad things happen."
   1575  815a					      endif
   1576  815a				   .
   1577  815a							;;line 148;;
   1578  815a
   1579  815a				   .L0114		;;line 149;;  goto goback bank1
   1580  815a
   1581  815a		       85 ee		      sta	temp7
   1582  815c		       a9 12		      lda	#>(.goback-1)
   1583  815e		       48		      pha
   1584  815f		       a9 f9		      lda	#<(.goback-1)
   1585  8161		       48		      pha
   1586  8162		       a5 ee		      lda	temp7
   1587  8164		       48		      pha
   1588  8165		       8a		      txa
   1589  8166		       48		      pha
   1590  8167		       a2 01		      ldx	#1
   1591  8169		       4c d7 ff 	      jmp	BS_jsr
   1592  816c				   .
   1593  816c							;;line 150;;
   1594  816c
   1595  816c				   .L0115		;;line 151;;  bank 9
   1596  816c
   1597  816c					      if	ECHO8
      3664 bytes of ROM space left in bank 8
   1598  816c					      echo	"    ",[(start_bank8 - *)]d , "bytes of ROM space left in bank 8")
   1599  816c					      endif
   1600  816c		       00 01	   ECHO8      =	1
   1601  8fbc					      ORG	$8FE0-bscode_length
   1602  8fbc					      RORG	$FFE0-bscode_length
   1603  8fbc		       a2 ff	   start_bank8 ldx	#$ff
   1604  8fbe				  -	      ifconst	FASTFETCH	; using DPC+
   1605  8fbe				  -	      stx	FASTFETCH
   1606  8fbe					      endif
   1607  8fbe		       9a		      txs
   1608  8fbf					      if	bankswitch == 64
   1609  8fbf		       a9 f3		      lda	#(((>(start-1)) & $0F) | $F0)
   1610  8fc1				  -	      else
   1611  8fc1				  -	      lda	#>(start-1)
   1612  8fc1					      endif
   1613  8fc1		       48		      pha
   1614  8fc2		       a9 4f		      lda	#<(start-1)
   1615  8fc4		       48		      pha
   1616  8fc5		       48		      pha
   1617  8fc6		       8a		      txa
   1618  8fc7		       48		      pha
   1619  8fc8		       ba		      tsx
   1620  8fc9				  -	      if	bankswitch != 64
   1621  8fc9				  -	      lda	4,x	; get high byte of return address
   1622  8fc9				  -	      rol
   1623  8fc9				  -	      rol
   1624  8fc9				  -	      rol
   1625  8fc9				  -	      rol
   1626  8fc9				  -	      and	#bs_mask	;1 3 or 7 for F8/F6/F4
   1627  8fc9				  -	      tax
   1628  8fc9				  -	      inx
   1629  8fc9					      else
   1630  8fc9		       b5 04		      lda	4,x	; get high byte of return address
   1631  8fcb		       a8		      tay
   1632  8fcc		       09 10		      ora	#$10	; change our bank nibble into a valid rom mirror
   1633  8fce		       95 04		      sta	4,x
   1634  8fd0		       98		      tya
   1635  8fd1		       4a		      lsr
   1636  8fd2		       4a		      lsr
   1637  8fd3		       4a		      lsr
   1638  8fd4		       4a		      lsr
   1639  8fd5		       aa		      tax
   1640  8fd6		       e8		      inx
   1641  8fd7					      endif
   1642  8fd7		       bd df 1f 	      lda	bankswitch_hotspot-1,x
   1643  8fda		       68		      pla
   1644  8fdb		       aa		      tax
   1645  8fdc		       68		      pla
   1646  8fdd		       60		      rts
   1647  8fde				  -	      if	((* & $1FFF) > ((bankswitch_hotspot & $1FFF) - 1))
   1648  8fde				  -	      echo	"WARNING: size parameter in banksw.asm too small - the program probably will not work."
   1649  8fde				  -	      echo	"Change to",[(*-begin_bscode+1)&$FF]d,"and try again."
   1650  8fde					      endif
   1651  8ffc					      ORG	$8FFC
   1652  8ffc					      RORG	$FFFC
   1653  8ffc		       bc ff		      .word.w	(start_bank8 & $ffff)
   1654  8ffe		       bc ff		      .word.w	(start_bank8 & $ffff)
   1655  9000					      ORG	$9000
   1656  9000					      RORG	$11000
   1657  9000					      repeat	256
   1658  9000		       ff		      .byte.b	$ff
   1657  9000					      repend
   1658  9001		       ff		      .byte.b	$ff
   1657  9001					      repend
   1658  9002		       ff		      .byte.b	$ff
   1657  9002					      repend
   1658  9003		       ff		      .byte.b	$ff
   1657  9003					      repend
   1658  9004		       ff		      .byte.b	$ff
   1657  9004					      repend
   1658  9005		       ff		      .byte.b	$ff
   1657  9005					      repend
   1658  9006		       ff		      .byte.b	$ff
   1657  9006					      repend
   1658  9007		       ff		      .byte.b	$ff
   1657  9007					      repend
   1658  9008		       ff		      .byte.b	$ff
   1657  9008					      repend
   1658  9009		       ff		      .byte.b	$ff
   1657  9009					      repend
   1658  900a		       ff		      .byte.b	$ff
   1657  900a					      repend
   1658  900b		       ff		      .byte.b	$ff
   1657  900b					      repend
   1658  900c		       ff		      .byte.b	$ff
   1657  900c					      repend
   1658  900d		       ff		      .byte.b	$ff
   1657  900d					      repend
   1658  900e		       ff		      .byte.b	$ff
   1657  900e					      repend
   1658  900f		       ff		      .byte.b	$ff
   1657  900f					      repend
   1658  9010		       ff		      .byte.b	$ff
   1657  9010					      repend
   1658  9011		       ff		      .byte.b	$ff
   1657  9011					      repend
   1658  9012		       ff		      .byte.b	$ff
   1657  9012					      repend
   1658  9013		       ff		      .byte.b	$ff
   1657  9013					      repend
   1658  9014		       ff		      .byte.b	$ff
   1657  9014					      repend
   1658  9015		       ff		      .byte.b	$ff
   1657  9015					      repend
   1658  9016		       ff		      .byte.b	$ff
   1657  9016					      repend
   1658  9017		       ff		      .byte.b	$ff
   1657  9017					      repend
   1658  9018		       ff		      .byte.b	$ff
   1657  9018					      repend
   1658  9019		       ff		      .byte.b	$ff
   1657  9019					      repend
   1658  901a		       ff		      .byte.b	$ff
   1657  901a					      repend
   1658  901b		       ff		      .byte.b	$ff
   1657  901b					      repend
   1658  901c		       ff		      .byte.b	$ff
   1657  901c					      repend
   1658  901d		       ff		      .byte.b	$ff
   1657  901d					      repend
   1658  901e		       ff		      .byte.b	$ff
   1657  901e					      repend
   1658  901f		       ff		      .byte.b	$ff
   1657  901f					      repend
   1658  9020		       ff		      .byte.b	$ff
   1657  9020					      repend
   1658  9021		       ff		      .byte.b	$ff
   1657  9021					      repend
   1658  9022		       ff		      .byte.b	$ff
   1657  9022					      repend
   1658  9023		       ff		      .byte.b	$ff
   1657  9023					      repend
   1658  9024		       ff		      .byte.b	$ff
   1657  9024					      repend
   1658  9025		       ff		      .byte.b	$ff
   1657  9025					      repend
   1658  9026		       ff		      .byte.b	$ff
   1657  9026					      repend
   1658  9027		       ff		      .byte.b	$ff
   1657  9027					      repend
   1658  9028		       ff		      .byte.b	$ff
   1657  9028					      repend
   1658  9029		       ff		      .byte.b	$ff
   1657  9029					      repend
   1658  902a		       ff		      .byte.b	$ff
   1657  902a					      repend
   1658  902b		       ff		      .byte.b	$ff
   1657  902b					      repend
   1658  902c		       ff		      .byte.b	$ff
   1657  902c					      repend
   1658  902d		       ff		      .byte.b	$ff
   1657  902d					      repend
   1658  902e		       ff		      .byte.b	$ff
   1657  902e					      repend
   1658  902f		       ff		      .byte.b	$ff
   1657  902f					      repend
   1658  9030		       ff		      .byte.b	$ff
   1657  9030					      repend
   1658  9031		       ff		      .byte.b	$ff
   1657  9031					      repend
   1658  9032		       ff		      .byte.b	$ff
   1657  9032					      repend
   1658  9033		       ff		      .byte.b	$ff
   1657  9033					      repend
   1658  9034		       ff		      .byte.b	$ff
   1657  9034					      repend
   1658  9035		       ff		      .byte.b	$ff
   1657  9035					      repend
   1658  9036		       ff		      .byte.b	$ff
   1657  9036					      repend
   1658  9037		       ff		      .byte.b	$ff
   1657  9037					      repend
   1658  9038		       ff		      .byte.b	$ff
   1657  9038					      repend
   1658  9039		       ff		      .byte.b	$ff
   1657  9039					      repend
   1658  903a		       ff		      .byte.b	$ff
   1657  903a					      repend
   1658  903b		       ff		      .byte.b	$ff
   1657  903b					      repend
   1658  903c		       ff		      .byte.b	$ff
   1657  903c					      repend
   1658  903d		       ff		      .byte.b	$ff
   1657  903d					      repend
   1658  903e		       ff		      .byte.b	$ff
   1657  903e					      repend
   1658  903f		       ff		      .byte.b	$ff
   1657  903f					      repend
   1658  9040		       ff		      .byte.b	$ff
   1657  9040					      repend
   1658  9041		       ff		      .byte.b	$ff
   1657  9041					      repend
   1658  9042		       ff		      .byte.b	$ff
   1657  9042					      repend
   1658  9043		       ff		      .byte.b	$ff
   1657  9043					      repend
   1658  9044		       ff		      .byte.b	$ff
   1657  9044					      repend
   1658  9045		       ff		      .byte.b	$ff
   1657  9045					      repend
   1658  9046		       ff		      .byte.b	$ff
   1657  9046					      repend
   1658  9047		       ff		      .byte.b	$ff
   1657  9047					      repend
   1658  9048		       ff		      .byte.b	$ff
   1657  9048					      repend
   1658  9049		       ff		      .byte.b	$ff
   1657  9049					      repend
   1658  904a		       ff		      .byte.b	$ff
   1657  904a					      repend
   1658  904b		       ff		      .byte.b	$ff
   1657  904b					      repend
   1658  904c		       ff		      .byte.b	$ff
   1657  904c					      repend
   1658  904d		       ff		      .byte.b	$ff
   1657  904d					      repend
   1658  904e		       ff		      .byte.b	$ff
   1657  904e					      repend
   1658  904f		       ff		      .byte.b	$ff
   1657  904f					      repend
   1658  9050		       ff		      .byte.b	$ff
   1657  9050					      repend
   1658  9051		       ff		      .byte.b	$ff
   1657  9051					      repend
   1658  9052		       ff		      .byte.b	$ff
   1657  9052					      repend
   1658  9053		       ff		      .byte.b	$ff
   1657  9053					      repend
   1658  9054		       ff		      .byte.b	$ff
   1657  9054					      repend
   1658  9055		       ff		      .byte.b	$ff
   1657  9055					      repend
   1658  9056		       ff		      .byte.b	$ff
   1657  9056					      repend
   1658  9057		       ff		      .byte.b	$ff
   1657  9057					      repend
   1658  9058		       ff		      .byte.b	$ff
   1657  9058					      repend
   1658  9059		       ff		      .byte.b	$ff
   1657  9059					      repend
   1658  905a		       ff		      .byte.b	$ff
   1657  905a					      repend
   1658  905b		       ff		      .byte.b	$ff
   1657  905b					      repend
   1658  905c		       ff		      .byte.b	$ff
   1657  905c					      repend
   1658  905d		       ff		      .byte.b	$ff
   1657  905d					      repend
   1658  905e		       ff		      .byte.b	$ff
   1657  905e					      repend
   1658  905f		       ff		      .byte.b	$ff
   1657  905f					      repend
   1658  9060		       ff		      .byte.b	$ff
   1657  9060					      repend
   1658  9061		       ff		      .byte.b	$ff
   1657  9061					      repend
   1658  9062		       ff		      .byte.b	$ff
   1657  9062					      repend
   1658  9063		       ff		      .byte.b	$ff
   1657  9063					      repend
   1658  9064		       ff		      .byte.b	$ff
   1657  9064					      repend
   1658  9065		       ff		      .byte.b	$ff
   1657  9065					      repend
   1658  9066		       ff		      .byte.b	$ff
   1657  9066					      repend
   1658  9067		       ff		      .byte.b	$ff
   1657  9067					      repend
   1658  9068		       ff		      .byte.b	$ff
   1657  9068					      repend
   1658  9069		       ff		      .byte.b	$ff
   1657  9069					      repend
   1658  906a		       ff		      .byte.b	$ff
   1657  906a					      repend
   1658  906b		       ff		      .byte.b	$ff
   1657  906b					      repend
   1658  906c		       ff		      .byte.b	$ff
   1657  906c					      repend
   1658  906d		       ff		      .byte.b	$ff
   1657  906d					      repend
   1658  906e		       ff		      .byte.b	$ff
   1657  906e					      repend
   1658  906f		       ff		      .byte.b	$ff
   1657  906f					      repend
   1658  9070		       ff		      .byte.b	$ff
   1657  9070					      repend
   1658  9071		       ff		      .byte.b	$ff
   1657  9071					      repend
   1658  9072		       ff		      .byte.b	$ff
   1657  9072					      repend
   1658  9073		       ff		      .byte.b	$ff
   1657  9073					      repend
   1658  9074		       ff		      .byte.b	$ff
   1657  9074					      repend
   1658  9075		       ff		      .byte.b	$ff
   1657  9075					      repend
   1658  9076		       ff		      .byte.b	$ff
   1657  9076					      repend
   1658  9077		       ff		      .byte.b	$ff
   1657  9077					      repend
   1658  9078		       ff		      .byte.b	$ff
   1657  9078					      repend
   1658  9079		       ff		      .byte.b	$ff
   1657  9079					      repend
   1658  907a		       ff		      .byte.b	$ff
   1657  907a					      repend
   1658  907b		       ff		      .byte.b	$ff
   1657  907b					      repend
   1658  907c		       ff		      .byte.b	$ff
   1657  907c					      repend
   1658  907d		       ff		      .byte.b	$ff
   1657  907d					      repend
   1658  907e		       ff		      .byte.b	$ff
   1657  907e					      repend
   1658  907f		       ff		      .byte.b	$ff
   1657  907f					      repend
   1658  9080		       ff		      .byte.b	$ff
   1657  9080					      repend
   1658  9081		       ff		      .byte.b	$ff
   1657  9081					      repend
   1658  9082		       ff		      .byte.b	$ff
   1657  9082					      repend
   1658  9083		       ff		      .byte.b	$ff
   1657  9083					      repend
   1658  9084		       ff		      .byte.b	$ff
   1657  9084					      repend
   1658  9085		       ff		      .byte.b	$ff
   1657  9085					      repend
   1658  9086		       ff		      .byte.b	$ff
   1657  9086					      repend
   1658  9087		       ff		      .byte.b	$ff
   1657  9087					      repend
   1658  9088		       ff		      .byte.b	$ff
   1657  9088					      repend
   1658  9089		       ff		      .byte.b	$ff
   1657  9089					      repend
   1658  908a		       ff		      .byte.b	$ff
   1657  908a					      repend
   1658  908b		       ff		      .byte.b	$ff
   1657  908b					      repend
   1658  908c		       ff		      .byte.b	$ff
   1657  908c					      repend
   1658  908d		       ff		      .byte.b	$ff
   1657  908d					      repend
   1658  908e		       ff		      .byte.b	$ff
   1657  908e					      repend
   1658  908f		       ff		      .byte.b	$ff
   1657  908f					      repend
   1658  9090		       ff		      .byte.b	$ff
   1657  9090					      repend
   1658  9091		       ff		      .byte.b	$ff
   1657  9091					      repend
   1658  9092		       ff		      .byte.b	$ff
   1657  9092					      repend
   1658  9093		       ff		      .byte.b	$ff
   1657  9093					      repend
   1658  9094		       ff		      .byte.b	$ff
   1657  9094					      repend
   1658  9095		       ff		      .byte.b	$ff
   1657  9095					      repend
   1658  9096		       ff		      .byte.b	$ff
   1657  9096					      repend
   1658  9097		       ff		      .byte.b	$ff
   1657  9097					      repend
   1658  9098		       ff		      .byte.b	$ff
   1657  9098					      repend
   1658  9099		       ff		      .byte.b	$ff
   1657  9099					      repend
   1658  909a		       ff		      .byte.b	$ff
   1657  909a					      repend
   1658  909b		       ff		      .byte.b	$ff
   1657  909b					      repend
   1658  909c		       ff		      .byte.b	$ff
   1657  909c					      repend
   1658  909d		       ff		      .byte.b	$ff
   1657  909d					      repend
   1658  909e		       ff		      .byte.b	$ff
   1657  909e					      repend
   1658  909f		       ff		      .byte.b	$ff
   1657  909f					      repend
   1658  90a0		       ff		      .byte.b	$ff
   1657  90a0					      repend
   1658  90a1		       ff		      .byte.b	$ff
   1657  90a1					      repend
   1658  90a2		       ff		      .byte.b	$ff
   1657  90a2					      repend
   1658  90a3		       ff		      .byte.b	$ff
   1657  90a3					      repend
   1658  90a4		       ff		      .byte.b	$ff
   1657  90a4					      repend
   1658  90a5		       ff		      .byte.b	$ff
   1657  90a5					      repend
   1658  90a6		       ff		      .byte.b	$ff
   1657  90a6					      repend
   1658  90a7		       ff		      .byte.b	$ff
   1657  90a7					      repend
   1658  90a8		       ff		      .byte.b	$ff
   1657  90a8					      repend
   1658  90a9		       ff		      .byte.b	$ff
   1657  90a9					      repend
   1658  90aa		       ff		      .byte.b	$ff
   1657  90aa					      repend
   1658  90ab		       ff		      .byte.b	$ff
   1657  90ab					      repend
   1658  90ac		       ff		      .byte.b	$ff
   1657  90ac					      repend
   1658  90ad		       ff		      .byte.b	$ff
   1657  90ad					      repend
   1658  90ae		       ff		      .byte.b	$ff
   1657  90ae					      repend
   1658  90af		       ff		      .byte.b	$ff
   1657  90af					      repend
   1658  90b0		       ff		      .byte.b	$ff
   1657  90b0					      repend
   1658  90b1		       ff		      .byte.b	$ff
   1657  90b1					      repend
   1658  90b2		       ff		      .byte.b	$ff
   1657  90b2					      repend
   1658  90b3		       ff		      .byte.b	$ff
   1657  90b3					      repend
   1658  90b4		       ff		      .byte.b	$ff
   1657  90b4					      repend
   1658  90b5		       ff		      .byte.b	$ff
   1657  90b5					      repend
   1658  90b6		       ff		      .byte.b	$ff
   1657  90b6					      repend
   1658  90b7		       ff		      .byte.b	$ff
   1657  90b7					      repend
   1658  90b8		       ff		      .byte.b	$ff
   1657  90b8					      repend
   1658  90b9		       ff		      .byte.b	$ff
   1657  90b9					      repend
   1658  90ba		       ff		      .byte.b	$ff
   1657  90ba					      repend
   1658  90bb		       ff		      .byte.b	$ff
   1657  90bb					      repend
   1658  90bc		       ff		      .byte.b	$ff
   1657  90bc					      repend
   1658  90bd		       ff		      .byte.b	$ff
   1657  90bd					      repend
   1658  90be		       ff		      .byte.b	$ff
   1657  90be					      repend
   1658  90bf		       ff		      .byte.b	$ff
   1657  90bf					      repend
   1658  90c0		       ff		      .byte.b	$ff
   1657  90c0					      repend
   1658  90c1		       ff		      .byte.b	$ff
   1657  90c1					      repend
   1658  90c2		       ff		      .byte.b	$ff
   1657  90c2					      repend
   1658  90c3		       ff		      .byte.b	$ff
   1657  90c3					      repend
   1658  90c4		       ff		      .byte.b	$ff
   1657  90c4					      repend
   1658  90c5		       ff		      .byte.b	$ff
   1657  90c5					      repend
   1658  90c6		       ff		      .byte.b	$ff
   1657  90c6					      repend
   1658  90c7		       ff		      .byte.b	$ff
   1657  90c7					      repend
   1658  90c8		       ff		      .byte.b	$ff
   1657  90c8					      repend
   1658  90c9		       ff		      .byte.b	$ff
   1657  90c9					      repend
   1658  90ca		       ff		      .byte.b	$ff
   1657  90ca					      repend
   1658  90cb		       ff		      .byte.b	$ff
   1657  90cb					      repend
   1658  90cc		       ff		      .byte.b	$ff
   1657  90cc					      repend
   1658  90cd		       ff		      .byte.b	$ff
   1657  90cd					      repend
   1658  90ce		       ff		      .byte.b	$ff
   1657  90ce					      repend
   1658  90cf		       ff		      .byte.b	$ff
   1657  90cf					      repend
   1658  90d0		       ff		      .byte.b	$ff
   1657  90d0					      repend
   1658  90d1		       ff		      .byte.b	$ff
   1657  90d1					      repend
   1658  90d2		       ff		      .byte.b	$ff
   1657  90d2					      repend
   1658  90d3		       ff		      .byte.b	$ff
   1657  90d3					      repend
   1658  90d4		       ff		      .byte.b	$ff
   1657  90d4					      repend
   1658  90d5		       ff		      .byte.b	$ff
   1657  90d5					      repend
   1658  90d6		       ff		      .byte.b	$ff
   1657  90d6					      repend
   1658  90d7		       ff		      .byte.b	$ff
   1657  90d7					      repend
   1658  90d8		       ff		      .byte.b	$ff
   1657  90d8					      repend
   1658  90d9		       ff		      .byte.b	$ff
   1657  90d9					      repend
   1658  90da		       ff		      .byte.b	$ff
   1657  90da					      repend
   1658  90db		       ff		      .byte.b	$ff
   1657  90db					      repend
   1658  90dc		       ff		      .byte.b	$ff
   1657  90dc					      repend
   1658  90dd		       ff		      .byte.b	$ff
   1657  90dd					      repend
   1658  90de		       ff		      .byte.b	$ff
   1657  90de					      repend
   1658  90df		       ff		      .byte.b	$ff
   1657  90df					      repend
   1658  90e0		       ff		      .byte.b	$ff
   1657  90e0					      repend
   1658  90e1		       ff		      .byte.b	$ff
   1657  90e1					      repend
   1658  90e2		       ff		      .byte.b	$ff
   1657  90e2					      repend
   1658  90e3		       ff		      .byte.b	$ff
   1657  90e3					      repend
   1658  90e4		       ff		      .byte.b	$ff
   1657  90e4					      repend
   1658  90e5		       ff		      .byte.b	$ff
   1657  90e5					      repend
   1658  90e6		       ff		      .byte.b	$ff
   1657  90e6					      repend
   1658  90e7		       ff		      .byte.b	$ff
   1657  90e7					      repend
   1658  90e8		       ff		      .byte.b	$ff
   1657  90e8					      repend
   1658  90e9		       ff		      .byte.b	$ff
   1657  90e9					      repend
   1658  90ea		       ff		      .byte.b	$ff
   1657  90ea					      repend
   1658  90eb		       ff		      .byte.b	$ff
   1657  90eb					      repend
   1658  90ec		       ff		      .byte.b	$ff
   1657  90ec					      repend
   1658  90ed		       ff		      .byte.b	$ff
   1657  90ed					      repend
   1658  90ee		       ff		      .byte.b	$ff
   1657  90ee					      repend
   1658  90ef		       ff		      .byte.b	$ff
   1657  90ef					      repend
   1658  90f0		       ff		      .byte.b	$ff
   1657  90f0					      repend
   1658  90f1		       ff		      .byte.b	$ff
   1657  90f1					      repend
   1658  90f2		       ff		      .byte.b	$ff
   1657  90f2					      repend
   1658  90f3		       ff		      .byte.b	$ff
   1657  90f3					      repend
   1658  90f4		       ff		      .byte.b	$ff
   1657  90f4					      repend
   1658  90f5		       ff		      .byte.b	$ff
   1657  90f5					      repend
   1658  90f6		       ff		      .byte.b	$ff
   1657  90f6					      repend
   1658  90f7		       ff		      .byte.b	$ff
   1657  90f7					      repend
   1658  90f8		       ff		      .byte.b	$ff
   1657  90f8					      repend
   1658  90f9		       ff		      .byte.b	$ff
   1657  90f9					      repend
   1658  90fa		       ff		      .byte.b	$ff
   1657  90fa					      repend
   1658  90fb		       ff		      .byte.b	$ff
   1657  90fb					      repend
   1658  90fc		       ff		      .byte.b	$ff
   1657  90fc					      repend
   1658  90fd		       ff		      .byte.b	$ff
   1657  90fd					      repend
   1658  90fe		       ff		      .byte.b	$ff
   1657  90fe					      repend
   1658  90ff		       ff		      .byte.b	$ff
   1659  9100					      repend
   1660  9100				   .bsub9
   1661  9100							;;line 152;; bsub9
   1662  9100
   1663  9100				   .L0116		;;line 153;;  score = 9
   1664  9100
   1665  9100		       a9 09		      LDA	#$09
   1666  9102		       85 95		      STA	score+2
   1667  9104		       a9 00		      LDA	#$00
   1668  9106		       85 94		      STA	score+1
   1669  9108		       a9 00		      LDA	#$00
   1670  910a		       85 93		      STA	score
   1671  910c				   .L0117		;;line 154;;  for memloc = 0 to 127
   1672  910c
   1673  910c		       a9 00		      LDA	#0
   1674  910e		       85 d6		      STA	memloc
   1675  9110				   .L0117formemloc
   1676  9110				   .L0118		;;line 155;;  temp1 = r000[memloc]
   1677  9110
   1678  9110		       a6 d6		      LDX	memloc
   1679  9112		       bd 80 f0 	      LDA	r000,x
   1680  9115		       85 9c		      STA	temp1
   1681  9117				   .L0119		;;line 156;;  w000[memloc] = r000[memloc] ^ $ff
   1682  9117
   1683  9117		       a6 d6		      LDX	memloc
   1684  9119		       bd 80 f0 	      LDA	r000,x
   1685  911c		       49 ff		      EOR	#$ff
   1686  911e		       a6 d6		      LDX	memloc
   1687  9120		       9d 00 f0 	      STA	w000,x
   1688  9123				   .L0120		;;line 157;;  temp1 = temp1 ^ $ff
   1689  9123
   1690  9123		       a5 9c		      LDA	temp1
   1691  9125		       49 ff		      EOR	#$ff
   1692  9127		       85 9c		      STA	temp1
   1693  9129				   .L0121		;;line 158;;  if r000[memloc] <> temp1 then sc0 = $99 : scorecolor = $42
   1694  9129
   1695  9129		       a6 d6		      LDX	memloc
   1696  912b		       bd 80 f0 	      LDA	r000,x
   1697  912e		       c5 9c		      CMP	temp1
   1698  9130		       f0 08		      BEQ	.skipL0121
   1699  9132				   .condpart25
   1700  9132		       a9 99		      LDA	#$99
   1701  9134		       85 93		      STA	sc0
   1702  9136		       a9 42		      LDA	#$42
   1703  9138		       85 a3		      STA	scorecolor
   1704  913a				   .skipL0121
   1705  913a				   .L0122		;;line 159;;  drawscreen
   1706  913a
   1707  913a		       85 ee		      sta	temp7
   1708  913c		       a9 81		      lda	#(((>(ret_point9-1)) & $0F) | $80)
   1709  913e		       48		      pha
   1710  913f		       a9 51		      lda	#<(ret_point9-1)
   1711  9141		       48		      pha
   1712  9142		       a9 f5		      lda	#>(drawscreen-1)
   1713  9144		       48		      pha
   1714  9145		       a9 80		      lda	#<(drawscreen-1)
   1715  9147		       48		      pha
   1716  9148		       a5 ee		      lda	temp7
   1717  914a		       48		      pha
   1718  914b		       8a		      txa
   1719  914c		       48		      pha
   1720  914d		       a2 10		      ldx	#16
   1721  914f		       4c d7 ff 	      jmp	BS_jsr
   1722  9152				   ret_point9
   1723  9152				   .L0123		;;line 160;;  next
   1724  9152
   1725  9152		       a5 d6		      LDA	memloc
   1726  9154		       c9 7f		      CMP	#127
   1727  9156		       e6 d6		      INC	memloc
   1728  9158		       90 b6		      bcc	.L0117formemloc
   1729  915a				  -	      if	( (((((#>*)&$1f)*256)|(#<.L0117formemloc))>=bankswitch_hotspot) && (((((#>*)&$1f)*256)|(#<.L0117formemloc))<=(bankswitch_hotspot+bs_mask)) )
   1730  915a				  -	      echo	"WARNING: branch near the end of bank 9 may accidentally trigger a bankswitch. Reposition code there if bad things happen."
   1731  915a					      endif
   1732  915a				   .
   1733  915a							;;line 161;;
   1734  915a
   1735  915a				   .L0124		;;line 162;;  goto goback bank1
   1736  915a
   1737  915a		       85 ee		      sta	temp7
   1738  915c		       a9 12		      lda	#>(.goback-1)
   1739  915e		       48		      pha
   1740  915f		       a9 f9		      lda	#<(.goback-1)
   1741  9161		       48		      pha
   1742  9162		       a5 ee		      lda	temp7
   1743  9164		       48		      pha
   1744  9165		       8a		      txa
   1745  9166		       48		      pha
   1746  9167		       a2 01		      ldx	#1
   1747  9169		       4c d7 ff 	      jmp	BS_jsr
   1748  916c				   .
   1749  916c							;;line 163;;
   1750  916c
   1751  916c				   .L0125		;;line 164;;  bank 10
   1752  916c
   1753  916c					      if	ECHO9
      3664 bytes of ROM space left in bank 9
   1754  916c					      echo	"    ",[(start_bank9 - *)]d , "bytes of ROM space left in bank 9")
   1755  916c					      endif
   1756  916c		       00 01	   ECHO9      =	1
   1757  9fbc					      ORG	$9FE0-bscode_length
   1758  9fbc					      RORG	$11FE0-bscode_length
   1759  9fbc		       a2 ff	   start_bank9 ldx	#$ff
   1760  9fbe				  -	      ifconst	FASTFETCH	; using DPC+
   1761  9fbe				  -	      stx	FASTFETCH
   1762  9fbe					      endif
   1763  9fbe		       9a		      txs
   1764  9fbf					      if	bankswitch == 64
   1765  9fbf		       a9 f3		      lda	#(((>(start-1)) & $0F) | $F0)
   1766  9fc1				  -	      else
   1767  9fc1				  -	      lda	#>(start-1)
   1768  9fc1					      endif
   1769  9fc1		       48		      pha
   1770  9fc2		       a9 4f		      lda	#<(start-1)
   1771  9fc4		       48		      pha
   1772  9fc5		       48		      pha
   1773  9fc6		       8a		      txa
   1774  9fc7		       48		      pha
   1775  9fc8		       ba		      tsx
   1776  9fc9				  -	      if	bankswitch != 64
   1777  9fc9				  -	      lda	4,x	; get high byte of return address
   1778  9fc9				  -	      rol
   1779  9fc9				  -	      rol
   1780  9fc9				  -	      rol
   1781  9fc9				  -	      rol
   1782  9fc9				  -	      and	#bs_mask	;1 3 or 7 for F8/F6/F4
   1783  9fc9				  -	      tax
   1784  9fc9				  -	      inx
   1785  9fc9					      else
   1786  9fc9		       b5 04		      lda	4,x	; get high byte of return address
   1787  9fcb		       a8		      tay
   1788  9fcc		       09 10		      ora	#$10	; change our bank nibble into a valid rom mirror
   1789  9fce		       95 04		      sta	4,x
   1790  9fd0		       98		      tya
   1791  9fd1		       4a		      lsr
   1792  9fd2		       4a		      lsr
   1793  9fd3		       4a		      lsr
   1794  9fd4		       4a		      lsr
   1795  9fd5		       aa		      tax
   1796  9fd6		       e8		      inx
   1797  9fd7					      endif
   1798  9fd7		       bd df 1f 	      lda	bankswitch_hotspot-1,x
   1799  9fda		       68		      pla
   1800  9fdb		       aa		      tax
   1801  9fdc		       68		      pla
   1802  9fdd		       60		      rts
   1803  9fde				  -	      if	((* & $1FFF) > ((bankswitch_hotspot & $1FFF) - 1))
   1804  9fde				  -	      echo	"WARNING: size parameter in banksw.asm too small - the program probably will not work."
   1805  9fde				  -	      echo	"Change to",[(*-begin_bscode+1)&$FF]d,"and try again."
   1806  9fde					      endif
   1807  9ffc					      ORG	$9FFC
   1808  9ffc					      RORG	$11FFC
   1809  9ffc		       bc 1f		      .word.w	(start_bank9 & $ffff)
   1810  9ffe		       bc 1f		      .word.w	(start_bank9 & $ffff)
   1811  a000					      ORG	$A000
   1812  a000					      RORG	$13000
   1813  a000					      repeat	256
   1814  a000		       ff		      .byte.b	$ff
   1813  a000					      repend
   1814  a001		       ff		      .byte.b	$ff
   1813  a001					      repend
   1814  a002		       ff		      .byte.b	$ff
   1813  a002					      repend
   1814  a003		       ff		      .byte.b	$ff
   1813  a003					      repend
   1814  a004		       ff		      .byte.b	$ff
   1813  a004					      repend
   1814  a005		       ff		      .byte.b	$ff
   1813  a005					      repend
   1814  a006		       ff		      .byte.b	$ff
   1813  a006					      repend
   1814  a007		       ff		      .byte.b	$ff
   1813  a007					      repend
   1814  a008		       ff		      .byte.b	$ff
   1813  a008					      repend
   1814  a009		       ff		      .byte.b	$ff
   1813  a009					      repend
   1814  a00a		       ff		      .byte.b	$ff
   1813  a00a					      repend
   1814  a00b		       ff		      .byte.b	$ff
   1813  a00b					      repend
   1814  a00c		       ff		      .byte.b	$ff
   1813  a00c					      repend
   1814  a00d		       ff		      .byte.b	$ff
   1813  a00d					      repend
   1814  a00e		       ff		      .byte.b	$ff
   1813  a00e					      repend
   1814  a00f		       ff		      .byte.b	$ff
   1813  a00f					      repend
   1814  a010		       ff		      .byte.b	$ff
   1813  a010					      repend
   1814  a011		       ff		      .byte.b	$ff
   1813  a011					      repend
   1814  a012		       ff		      .byte.b	$ff
   1813  a012					      repend
   1814  a013		       ff		      .byte.b	$ff
   1813  a013					      repend
   1814  a014		       ff		      .byte.b	$ff
   1813  a014					      repend
   1814  a015		       ff		      .byte.b	$ff
   1813  a015					      repend
   1814  a016		       ff		      .byte.b	$ff
   1813  a016					      repend
   1814  a017		       ff		      .byte.b	$ff
   1813  a017					      repend
   1814  a018		       ff		      .byte.b	$ff
   1813  a018					      repend
   1814  a019		       ff		      .byte.b	$ff
   1813  a019					      repend
   1814  a01a		       ff		      .byte.b	$ff
   1813  a01a					      repend
   1814  a01b		       ff		      .byte.b	$ff
   1813  a01b					      repend
   1814  a01c		       ff		      .byte.b	$ff
   1813  a01c					      repend
   1814  a01d		       ff		      .byte.b	$ff
   1813  a01d					      repend
   1814  a01e		       ff		      .byte.b	$ff
   1813  a01e					      repend
   1814  a01f		       ff		      .byte.b	$ff
   1813  a01f					      repend
   1814  a020		       ff		      .byte.b	$ff
   1813  a020					      repend
   1814  a021		       ff		      .byte.b	$ff
   1813  a021					      repend
   1814  a022		       ff		      .byte.b	$ff
   1813  a022					      repend
   1814  a023		       ff		      .byte.b	$ff
   1813  a023					      repend
   1814  a024		       ff		      .byte.b	$ff
   1813  a024					      repend
   1814  a025		       ff		      .byte.b	$ff
   1813  a025					      repend
   1814  a026		       ff		      .byte.b	$ff
   1813  a026					      repend
   1814  a027		       ff		      .byte.b	$ff
   1813  a027					      repend
   1814  a028		       ff		      .byte.b	$ff
   1813  a028					      repend
   1814  a029		       ff		      .byte.b	$ff
   1813  a029					      repend
   1814  a02a		       ff		      .byte.b	$ff
   1813  a02a					      repend
   1814  a02b		       ff		      .byte.b	$ff
   1813  a02b					      repend
   1814  a02c		       ff		      .byte.b	$ff
   1813  a02c					      repend
   1814  a02d		       ff		      .byte.b	$ff
   1813  a02d					      repend
   1814  a02e		       ff		      .byte.b	$ff
   1813  a02e					      repend
   1814  a02f		       ff		      .byte.b	$ff
   1813  a02f					      repend
   1814  a030		       ff		      .byte.b	$ff
   1813  a030					      repend
   1814  a031		       ff		      .byte.b	$ff
   1813  a031					      repend
   1814  a032		       ff		      .byte.b	$ff
   1813  a032					      repend
   1814  a033		       ff		      .byte.b	$ff
   1813  a033					      repend
   1814  a034		       ff		      .byte.b	$ff
   1813  a034					      repend
   1814  a035		       ff		      .byte.b	$ff
   1813  a035					      repend
   1814  a036		       ff		      .byte.b	$ff
   1813  a036					      repend
   1814  a037		       ff		      .byte.b	$ff
   1813  a037					      repend
   1814  a038		       ff		      .byte.b	$ff
   1813  a038					      repend
   1814  a039		       ff		      .byte.b	$ff
   1813  a039					      repend
   1814  a03a		       ff		      .byte.b	$ff
   1813  a03a					      repend
   1814  a03b		       ff		      .byte.b	$ff
   1813  a03b					      repend
   1814  a03c		       ff		      .byte.b	$ff
   1813  a03c					      repend
   1814  a03d		       ff		      .byte.b	$ff
   1813  a03d					      repend
   1814  a03e		       ff		      .byte.b	$ff
   1813  a03e					      repend
   1814  a03f		       ff		      .byte.b	$ff
   1813  a03f					      repend
   1814  a040		       ff		      .byte.b	$ff
   1813  a040					      repend
   1814  a041		       ff		      .byte.b	$ff
   1813  a041					      repend
   1814  a042		       ff		      .byte.b	$ff
   1813  a042					      repend
   1814  a043		       ff		      .byte.b	$ff
   1813  a043					      repend
   1814  a044		       ff		      .byte.b	$ff
   1813  a044					      repend
   1814  a045		       ff		      .byte.b	$ff
   1813  a045					      repend
   1814  a046		       ff		      .byte.b	$ff
   1813  a046					      repend
   1814  a047		       ff		      .byte.b	$ff
   1813  a047					      repend
   1814  a048		       ff		      .byte.b	$ff
   1813  a048					      repend
   1814  a049		       ff		      .byte.b	$ff
   1813  a049					      repend
   1814  a04a		       ff		      .byte.b	$ff
   1813  a04a					      repend
   1814  a04b		       ff		      .byte.b	$ff
   1813  a04b					      repend
   1814  a04c		       ff		      .byte.b	$ff
   1813  a04c					      repend
   1814  a04d		       ff		      .byte.b	$ff
   1813  a04d					      repend
   1814  a04e		       ff		      .byte.b	$ff
   1813  a04e					      repend
   1814  a04f		       ff		      .byte.b	$ff
   1813  a04f					      repend
   1814  a050		       ff		      .byte.b	$ff
   1813  a050					      repend
   1814  a051		       ff		      .byte.b	$ff
   1813  a051					      repend
   1814  a052		       ff		      .byte.b	$ff
   1813  a052					      repend
   1814  a053		       ff		      .byte.b	$ff
   1813  a053					      repend
   1814  a054		       ff		      .byte.b	$ff
   1813  a054					      repend
   1814  a055		       ff		      .byte.b	$ff
   1813  a055					      repend
   1814  a056		       ff		      .byte.b	$ff
   1813  a056					      repend
   1814  a057		       ff		      .byte.b	$ff
   1813  a057					      repend
   1814  a058		       ff		      .byte.b	$ff
   1813  a058					      repend
   1814  a059		       ff		      .byte.b	$ff
   1813  a059					      repend
   1814  a05a		       ff		      .byte.b	$ff
   1813  a05a					      repend
   1814  a05b		       ff		      .byte.b	$ff
   1813  a05b					      repend
   1814  a05c		       ff		      .byte.b	$ff
   1813  a05c					      repend
   1814  a05d		       ff		      .byte.b	$ff
   1813  a05d					      repend
   1814  a05e		       ff		      .byte.b	$ff
   1813  a05e					      repend
   1814  a05f		       ff		      .byte.b	$ff
   1813  a05f					      repend
   1814  a060		       ff		      .byte.b	$ff
   1813  a060					      repend
   1814  a061		       ff		      .byte.b	$ff
   1813  a061					      repend
   1814  a062		       ff		      .byte.b	$ff
   1813  a062					      repend
   1814  a063		       ff		      .byte.b	$ff
   1813  a063					      repend
   1814  a064		       ff		      .byte.b	$ff
   1813  a064					      repend
   1814  a065		       ff		      .byte.b	$ff
   1813  a065					      repend
   1814  a066		       ff		      .byte.b	$ff
   1813  a066					      repend
   1814  a067		       ff		      .byte.b	$ff
   1813  a067					      repend
   1814  a068		       ff		      .byte.b	$ff
   1813  a068					      repend
   1814  a069		       ff		      .byte.b	$ff
   1813  a069					      repend
   1814  a06a		       ff		      .byte.b	$ff
   1813  a06a					      repend
   1814  a06b		       ff		      .byte.b	$ff
   1813  a06b					      repend
   1814  a06c		       ff		      .byte.b	$ff
   1813  a06c					      repend
   1814  a06d		       ff		      .byte.b	$ff
   1813  a06d					      repend
   1814  a06e		       ff		      .byte.b	$ff
   1813  a06e					      repend
   1814  a06f		       ff		      .byte.b	$ff
   1813  a06f					      repend
   1814  a070		       ff		      .byte.b	$ff
   1813  a070					      repend
   1814  a071		       ff		      .byte.b	$ff
   1813  a071					      repend
   1814  a072		       ff		      .byte.b	$ff
   1813  a072					      repend
   1814  a073		       ff		      .byte.b	$ff
   1813  a073					      repend
   1814  a074		       ff		      .byte.b	$ff
   1813  a074					      repend
   1814  a075		       ff		      .byte.b	$ff
   1813  a075					      repend
   1814  a076		       ff		      .byte.b	$ff
   1813  a076					      repend
   1814  a077		       ff		      .byte.b	$ff
   1813  a077					      repend
   1814  a078		       ff		      .byte.b	$ff
   1813  a078					      repend
   1814  a079		       ff		      .byte.b	$ff
   1813  a079					      repend
   1814  a07a		       ff		      .byte.b	$ff
   1813  a07a					      repend
   1814  a07b		       ff		      .byte.b	$ff
   1813  a07b					      repend
   1814  a07c		       ff		      .byte.b	$ff
   1813  a07c					      repend
   1814  a07d		       ff		      .byte.b	$ff
   1813  a07d					      repend
   1814  a07e		       ff		      .byte.b	$ff
   1813  a07e					      repend
   1814  a07f		       ff		      .byte.b	$ff
   1813  a07f					      repend
   1814  a080		       ff		      .byte.b	$ff
   1813  a080					      repend
   1814  a081		       ff		      .byte.b	$ff
   1813  a081					      repend
   1814  a082		       ff		      .byte.b	$ff
   1813  a082					      repend
   1814  a083		       ff		      .byte.b	$ff
   1813  a083					      repend
   1814  a084		       ff		      .byte.b	$ff
   1813  a084					      repend
   1814  a085		       ff		      .byte.b	$ff
   1813  a085					      repend
   1814  a086		       ff		      .byte.b	$ff
   1813  a086					      repend
   1814  a087		       ff		      .byte.b	$ff
   1813  a087					      repend
   1814  a088		       ff		      .byte.b	$ff
   1813  a088					      repend
   1814  a089		       ff		      .byte.b	$ff
   1813  a089					      repend
   1814  a08a		       ff		      .byte.b	$ff
   1813  a08a					      repend
   1814  a08b		       ff		      .byte.b	$ff
   1813  a08b					      repend
   1814  a08c		       ff		      .byte.b	$ff
   1813  a08c					      repend
   1814  a08d		       ff		      .byte.b	$ff
   1813  a08d					      repend
   1814  a08e		       ff		      .byte.b	$ff
   1813  a08e					      repend
   1814  a08f		       ff		      .byte.b	$ff
   1813  a08f					      repend
   1814  a090		       ff		      .byte.b	$ff
   1813  a090					      repend
   1814  a091		       ff		      .byte.b	$ff
   1813  a091					      repend
   1814  a092		       ff		      .byte.b	$ff
   1813  a092					      repend
   1814  a093		       ff		      .byte.b	$ff
   1813  a093					      repend
   1814  a094		       ff		      .byte.b	$ff
   1813  a094					      repend
   1814  a095		       ff		      .byte.b	$ff
   1813  a095					      repend
   1814  a096		       ff		      .byte.b	$ff
   1813  a096					      repend
   1814  a097		       ff		      .byte.b	$ff
   1813  a097					      repend
   1814  a098		       ff		      .byte.b	$ff
   1813  a098					      repend
   1814  a099		       ff		      .byte.b	$ff
   1813  a099					      repend
   1814  a09a		       ff		      .byte.b	$ff
   1813  a09a					      repend
   1814  a09b		       ff		      .byte.b	$ff
   1813  a09b					      repend
   1814  a09c		       ff		      .byte.b	$ff
   1813  a09c					      repend
   1814  a09d		       ff		      .byte.b	$ff
   1813  a09d					      repend
   1814  a09e		       ff		      .byte.b	$ff
   1813  a09e					      repend
   1814  a09f		       ff		      .byte.b	$ff
   1813  a09f					      repend
   1814  a0a0		       ff		      .byte.b	$ff
   1813  a0a0					      repend
   1814  a0a1		       ff		      .byte.b	$ff
   1813  a0a1					      repend
   1814  a0a2		       ff		      .byte.b	$ff
   1813  a0a2					      repend
   1814  a0a3		       ff		      .byte.b	$ff
   1813  a0a3					      repend
   1814  a0a4		       ff		      .byte.b	$ff
   1813  a0a4					      repend
   1814  a0a5		       ff		      .byte.b	$ff
   1813  a0a5					      repend
   1814  a0a6		       ff		      .byte.b	$ff
   1813  a0a6					      repend
   1814  a0a7		       ff		      .byte.b	$ff
   1813  a0a7					      repend
   1814  a0a8		       ff		      .byte.b	$ff
   1813  a0a8					      repend
   1814  a0a9		       ff		      .byte.b	$ff
   1813  a0a9					      repend
   1814  a0aa		       ff		      .byte.b	$ff
   1813  a0aa					      repend
   1814  a0ab		       ff		      .byte.b	$ff
   1813  a0ab					      repend
   1814  a0ac		       ff		      .byte.b	$ff
   1813  a0ac					      repend
   1814  a0ad		       ff		      .byte.b	$ff
   1813  a0ad					      repend
   1814  a0ae		       ff		      .byte.b	$ff
   1813  a0ae					      repend
   1814  a0af		       ff		      .byte.b	$ff
   1813  a0af					      repend
   1814  a0b0		       ff		      .byte.b	$ff
   1813  a0b0					      repend
   1814  a0b1		       ff		      .byte.b	$ff
   1813  a0b1					      repend
   1814  a0b2		       ff		      .byte.b	$ff
   1813  a0b2					      repend
   1814  a0b3		       ff		      .byte.b	$ff
   1813  a0b3					      repend
   1814  a0b4		       ff		      .byte.b	$ff
   1813  a0b4					      repend
   1814  a0b5		       ff		      .byte.b	$ff
   1813  a0b5					      repend
   1814  a0b6		       ff		      .byte.b	$ff
   1813  a0b6					      repend
   1814  a0b7		       ff		      .byte.b	$ff
   1813  a0b7					      repend
   1814  a0b8		       ff		      .byte.b	$ff
   1813  a0b8					      repend
   1814  a0b9		       ff		      .byte.b	$ff
   1813  a0b9					      repend
   1814  a0ba		       ff		      .byte.b	$ff
   1813  a0ba					      repend
   1814  a0bb		       ff		      .byte.b	$ff
   1813  a0bb					      repend
   1814  a0bc		       ff		      .byte.b	$ff
   1813  a0bc					      repend
   1814  a0bd		       ff		      .byte.b	$ff
   1813  a0bd					      repend
   1814  a0be		       ff		      .byte.b	$ff
   1813  a0be					      repend
   1814  a0bf		       ff		      .byte.b	$ff
   1813  a0bf					      repend
   1814  a0c0		       ff		      .byte.b	$ff
   1813  a0c0					      repend
   1814  a0c1		       ff		      .byte.b	$ff
   1813  a0c1					      repend
   1814  a0c2		       ff		      .byte.b	$ff
   1813  a0c2					      repend
   1814  a0c3		       ff		      .byte.b	$ff
   1813  a0c3					      repend
   1814  a0c4		       ff		      .byte.b	$ff
   1813  a0c4					      repend
   1814  a0c5		       ff		      .byte.b	$ff
   1813  a0c5					      repend
   1814  a0c6		       ff		      .byte.b	$ff
   1813  a0c6					      repend
   1814  a0c7		       ff		      .byte.b	$ff
   1813  a0c7					      repend
   1814  a0c8		       ff		      .byte.b	$ff
   1813  a0c8					      repend
   1814  a0c9		       ff		      .byte.b	$ff
   1813  a0c9					      repend
   1814  a0ca		       ff		      .byte.b	$ff
   1813  a0ca					      repend
   1814  a0cb		       ff		      .byte.b	$ff
   1813  a0cb					      repend
   1814  a0cc		       ff		      .byte.b	$ff
   1813  a0cc					      repend
   1814  a0cd		       ff		      .byte.b	$ff
   1813  a0cd					      repend
   1814  a0ce		       ff		      .byte.b	$ff
   1813  a0ce					      repend
   1814  a0cf		       ff		      .byte.b	$ff
   1813  a0cf					      repend
   1814  a0d0		       ff		      .byte.b	$ff
   1813  a0d0					      repend
   1814  a0d1		       ff		      .byte.b	$ff
   1813  a0d1					      repend
   1814  a0d2		       ff		      .byte.b	$ff
   1813  a0d2					      repend
   1814  a0d3		       ff		      .byte.b	$ff
   1813  a0d3					      repend
   1814  a0d4		       ff		      .byte.b	$ff
   1813  a0d4					      repend
   1814  a0d5		       ff		      .byte.b	$ff
   1813  a0d5					      repend
   1814  a0d6		       ff		      .byte.b	$ff
   1813  a0d6					      repend
   1814  a0d7		       ff		      .byte.b	$ff
   1813  a0d7					      repend
   1814  a0d8		       ff		      .byte.b	$ff
   1813  a0d8					      repend
   1814  a0d9		       ff		      .byte.b	$ff
   1813  a0d9					      repend
   1814  a0da		       ff		      .byte.b	$ff
   1813  a0da					      repend
   1814  a0db		       ff		      .byte.b	$ff
   1813  a0db					      repend
   1814  a0dc		       ff		      .byte.b	$ff
   1813  a0dc					      repend
   1814  a0dd		       ff		      .byte.b	$ff
   1813  a0dd					      repend
   1814  a0de		       ff		      .byte.b	$ff
   1813  a0de					      repend
   1814  a0df		       ff		      .byte.b	$ff
   1813  a0df					      repend
   1814  a0e0		       ff		      .byte.b	$ff
   1813  a0e0					      repend
   1814  a0e1		       ff		      .byte.b	$ff
   1813  a0e1					      repend
   1814  a0e2		       ff		      .byte.b	$ff
   1813  a0e2					      repend
   1814  a0e3		       ff		      .byte.b	$ff
   1813  a0e3					      repend
   1814  a0e4		       ff		      .byte.b	$ff
   1813  a0e4					      repend
   1814  a0e5		       ff		      .byte.b	$ff
   1813  a0e5					      repend
   1814  a0e6		       ff		      .byte.b	$ff
   1813  a0e6					      repend
   1814  a0e7		       ff		      .byte.b	$ff
   1813  a0e7					      repend
   1814  a0e8		       ff		      .byte.b	$ff
   1813  a0e8					      repend
   1814  a0e9		       ff		      .byte.b	$ff
   1813  a0e9					      repend
   1814  a0ea		       ff		      .byte.b	$ff
   1813  a0ea					      repend
   1814  a0eb		       ff		      .byte.b	$ff
   1813  a0eb					      repend
   1814  a0ec		       ff		      .byte.b	$ff
   1813  a0ec					      repend
   1814  a0ed		       ff		      .byte.b	$ff
   1813  a0ed					      repend
   1814  a0ee		       ff		      .byte.b	$ff
   1813  a0ee					      repend
   1814  a0ef		       ff		      .byte.b	$ff
   1813  a0ef					      repend
   1814  a0f0		       ff		      .byte.b	$ff
   1813  a0f0					      repend
   1814  a0f1		       ff		      .byte.b	$ff
   1813  a0f1					      repend
   1814  a0f2		       ff		      .byte.b	$ff
   1813  a0f2					      repend
   1814  a0f3		       ff		      .byte.b	$ff
   1813  a0f3					      repend
   1814  a0f4		       ff		      .byte.b	$ff
   1813  a0f4					      repend
   1814  a0f5		       ff		      .byte.b	$ff
   1813  a0f5					      repend
   1814  a0f6		       ff		      .byte.b	$ff
   1813  a0f6					      repend
   1814  a0f7		       ff		      .byte.b	$ff
   1813  a0f7					      repend
   1814  a0f8		       ff		      .byte.b	$ff
   1813  a0f8					      repend
   1814  a0f9		       ff		      .byte.b	$ff
   1813  a0f9					      repend
   1814  a0fa		       ff		      .byte.b	$ff
   1813  a0fa					      repend
   1814  a0fb		       ff		      .byte.b	$ff
   1813  a0fb					      repend
   1814  a0fc		       ff		      .byte.b	$ff
   1813  a0fc					      repend
   1814  a0fd		       ff		      .byte.b	$ff
   1813  a0fd					      repend
   1814  a0fe		       ff		      .byte.b	$ff
   1813  a0fe					      repend
   1814  a0ff		       ff		      .byte.b	$ff
   1815  a100					      repend
   1816  a100				   .bsub10
   1817  a100							;;line 165;; bsub10
   1818  a100
   1819  a100				   .L0126		;;line 166;;  score = 10
   1820  a100
   1821  a100		       a9 10		      LDA	#$10
   1822  a102		       85 95		      STA	score+2
   1823  a104		       a9 00		      LDA	#$00
   1824  a106		       85 94		      STA	score+1
   1825  a108		       a9 00		      LDA	#$00
   1826  a10a		       85 93		      STA	score
   1827  a10c				   .L0127		;;line 167;;  for memloc = 0 to 127
   1828  a10c
   1829  a10c		       a9 00		      LDA	#0
   1830  a10e		       85 d6		      STA	memloc
   1831  a110				   .L0127formemloc
   1832  a110				   .L0128		;;line 168;;  temp1 = r000[memloc]
   1833  a110
   1834  a110		       a6 d6		      LDX	memloc
   1835  a112		       bd 80 f0 	      LDA	r000,x
   1836  a115		       85 9c		      STA	temp1
   1837  a117				   .L0129		;;line 169;;  w000[memloc] = r000[memloc] ^ $ff
   1838  a117
   1839  a117		       a6 d6		      LDX	memloc
   1840  a119		       bd 80 f0 	      LDA	r000,x
   1841  a11c		       49 ff		      EOR	#$ff
   1842  a11e		       a6 d6		      LDX	memloc
   1843  a120		       9d 00 f0 	      STA	w000,x
   1844  a123				   .L0130		;;line 170;;  temp1 = temp1 ^ $ff
   1845  a123
   1846  a123		       a5 9c		      LDA	temp1
   1847  a125		       49 ff		      EOR	#$ff
   1848  a127		       85 9c		      STA	temp1
   1849  a129				   .L0131		;;line 171;;  if r000[memloc] <> temp1 then sc0 = $99 : scorecolor = $42
   1850  a129
   1851  a129		       a6 d6		      LDX	memloc
   1852  a12b		       bd 80 f0 	      LDA	r000,x
   1853  a12e		       c5 9c		      CMP	temp1
   1854  a130		       f0 08		      BEQ	.skipL0131
   1855  a132				   .condpart26
   1856  a132		       a9 99		      LDA	#$99
   1857  a134		       85 93		      STA	sc0
   1858  a136		       a9 42		      LDA	#$42
   1859  a138		       85 a3		      STA	scorecolor
   1860  a13a				   .skipL0131
   1861  a13a				   .L0132		;;line 172;;  drawscreen
   1862  a13a
   1863  a13a		       85 ee		      sta	temp7
   1864  a13c		       a9 91		      lda	#(((>(ret_point10-1)) & $0F) | $90)
   1865  a13e		       48		      pha
   1866  a13f		       a9 51		      lda	#<(ret_point10-1)
   1867  a141		       48		      pha
   1868  a142		       a9 f5		      lda	#>(drawscreen-1)
   1869  a144		       48		      pha
   1870  a145		       a9 80		      lda	#<(drawscreen-1)
   1871  a147		       48		      pha
   1872  a148		       a5 ee		      lda	temp7
   1873  a14a		       48		      pha
   1874  a14b		       8a		      txa
   1875  a14c		       48		      pha
   1876  a14d		       a2 10		      ldx	#16
   1877  a14f		       4c d7 ff 	      jmp	BS_jsr
   1878  a152				   ret_point10
   1879  a152				   .L0133		;;line 173;;  next
   1880  a152
   1881  a152		       a5 d6		      LDA	memloc
   1882  a154		       c9 7f		      CMP	#127
   1883  a156		       e6 d6		      INC	memloc
   1884  a158		       90 b6		      bcc	.L0127formemloc
   1885  a15a				  -	      if	( (((((#>*)&$1f)*256)|(#<.L0127formemloc))>=bankswitch_hotspot) && (((((#>*)&$1f)*256)|(#<.L0127formemloc))<=(bankswitch_hotspot+bs_mask)) )
   1886  a15a				  -	      echo	"WARNING: branch near the end of bank 10 may accidentally trigger a bankswitch. Reposition code there if bad things happen."
   1887  a15a					      endif
   1888  a15a				   .
   1889  a15a							;;line 174;;
   1890  a15a
   1891  a15a				   .L0134		;;line 175;;  goto goback bank1
   1892  a15a
   1893  a15a		       85 ee		      sta	temp7
   1894  a15c		       a9 12		      lda	#>(.goback-1)
   1895  a15e		       48		      pha
   1896  a15f		       a9 f9		      lda	#<(.goback-1)
   1897  a161		       48		      pha
   1898  a162		       a5 ee		      lda	temp7
   1899  a164		       48		      pha
   1900  a165		       8a		      txa
   1901  a166		       48		      pha
   1902  a167		       a2 01		      ldx	#1
   1903  a169		       4c d7 ff 	      jmp	BS_jsr
   1904  a16c				   .
   1905  a16c							;;line 176;;
   1906  a16c
   1907  a16c				   .L0135		;;line 177;;  bank 11
   1908  a16c
   1909  a16c					      if	ECHO10
      3664 bytes of ROM space left in bank 10
   1910  a16c					      echo	"    ",[(start_bank10 - *)]d , "bytes of ROM space left in bank 10")
   1911  a16c					      endif
   1912  a16c		       00 01	   ECHO10     =	1
   1913  afbc					      ORG	$AFE0-bscode_length
   1914  afbc					      RORG	$13FE0-bscode_length
   1915  afbc		       a2 ff	   start_bank10 ldx	#$ff
   1916  afbe				  -	      ifconst	FASTFETCH	; using DPC+
   1917  afbe				  -	      stx	FASTFETCH
   1918  afbe					      endif
   1919  afbe		       9a		      txs
   1920  afbf					      if	bankswitch == 64
   1921  afbf		       a9 f3		      lda	#(((>(start-1)) & $0F) | $F0)
   1922  afc1				  -	      else
   1923  afc1				  -	      lda	#>(start-1)
   1924  afc1					      endif
   1925  afc1		       48		      pha
   1926  afc2		       a9 4f		      lda	#<(start-1)
   1927  afc4		       48		      pha
   1928  afc5		       48		      pha
   1929  afc6		       8a		      txa
   1930  afc7		       48		      pha
   1931  afc8		       ba		      tsx
   1932  afc9				  -	      if	bankswitch != 64
   1933  afc9				  -	      lda	4,x	; get high byte of return address
   1934  afc9				  -	      rol
   1935  afc9				  -	      rol
   1936  afc9				  -	      rol
   1937  afc9				  -	      rol
   1938  afc9				  -	      and	#bs_mask	;1 3 or 7 for F8/F6/F4
   1939  afc9				  -	      tax
   1940  afc9				  -	      inx
   1941  afc9					      else
   1942  afc9		       b5 04		      lda	4,x	; get high byte of return address
   1943  afcb		       a8		      tay
   1944  afcc		       09 10		      ora	#$10	; change our bank nibble into a valid rom mirror
   1945  afce		       95 04		      sta	4,x
   1946  afd0		       98		      tya
   1947  afd1		       4a		      lsr
   1948  afd2		       4a		      lsr
   1949  afd3		       4a		      lsr
   1950  afd4		       4a		      lsr
   1951  afd5		       aa		      tax
   1952  afd6		       e8		      inx
   1953  afd7					      endif
   1954  afd7		       bd df 1f 	      lda	bankswitch_hotspot-1,x
   1955  afda		       68		      pla
   1956  afdb		       aa		      tax
   1957  afdc		       68		      pla
   1958  afdd		       60		      rts
   1959  afde				  -	      if	((* & $1FFF) > ((bankswitch_hotspot & $1FFF) - 1))
   1960  afde				  -	      echo	"WARNING: size parameter in banksw.asm too small - the program probably will not work."
   1961  afde				  -	      echo	"Change to",[(*-begin_bscode+1)&$FF]d,"and try again."
   1962  afde					      endif
   1963  affc					      ORG	$AFFC
   1964  affc					      RORG	$13FFC
   1965  affc		       bc 3f		      .word.w	(start_bank10 & $ffff)
   1966  affe		       bc 3f		      .word.w	(start_bank10 & $ffff)
   1967  b000					      ORG	$B000
   1968  b000					      RORG	$15000
   1969  b000					      repeat	256
   1970  b000		       ff		      .byte.b	$ff
   1969  b000					      repend
   1970  b001		       ff		      .byte.b	$ff
   1969  b001					      repend
   1970  b002		       ff		      .byte.b	$ff
   1969  b002					      repend
   1970  b003		       ff		      .byte.b	$ff
   1969  b003					      repend
   1970  b004		       ff		      .byte.b	$ff
   1969  b004					      repend
   1970  b005		       ff		      .byte.b	$ff
   1969  b005					      repend
   1970  b006		       ff		      .byte.b	$ff
   1969  b006					      repend
   1970  b007		       ff		      .byte.b	$ff
   1969  b007					      repend
   1970  b008		       ff		      .byte.b	$ff
   1969  b008					      repend
   1970  b009		       ff		      .byte.b	$ff
   1969  b009					      repend
   1970  b00a		       ff		      .byte.b	$ff
   1969  b00a					      repend
   1970  b00b		       ff		      .byte.b	$ff
   1969  b00b					      repend
   1970  b00c		       ff		      .byte.b	$ff
   1969  b00c					      repend
   1970  b00d		       ff		      .byte.b	$ff
   1969  b00d					      repend
   1970  b00e		       ff		      .byte.b	$ff
   1969  b00e					      repend
   1970  b00f		       ff		      .byte.b	$ff
   1969  b00f					      repend
   1970  b010		       ff		      .byte.b	$ff
   1969  b010					      repend
   1970  b011		       ff		      .byte.b	$ff
   1969  b011					      repend
   1970  b012		       ff		      .byte.b	$ff
   1969  b012					      repend
   1970  b013		       ff		      .byte.b	$ff
   1969  b013					      repend
   1970  b014		       ff		      .byte.b	$ff
   1969  b014					      repend
   1970  b015		       ff		      .byte.b	$ff
   1969  b015					      repend
   1970  b016		       ff		      .byte.b	$ff
   1969  b016					      repend
   1970  b017		       ff		      .byte.b	$ff
   1969  b017					      repend
   1970  b018		       ff		      .byte.b	$ff
   1969  b018					      repend
   1970  b019		       ff		      .byte.b	$ff
   1969  b019					      repend
   1970  b01a		       ff		      .byte.b	$ff
   1969  b01a					      repend
   1970  b01b		       ff		      .byte.b	$ff
   1969  b01b					      repend
   1970  b01c		       ff		      .byte.b	$ff
   1969  b01c					      repend
   1970  b01d		       ff		      .byte.b	$ff
   1969  b01d					      repend
   1970  b01e		       ff		      .byte.b	$ff
   1969  b01e					      repend
   1970  b01f		       ff		      .byte.b	$ff
   1969  b01f					      repend
   1970  b020		       ff		      .byte.b	$ff
   1969  b020					      repend
   1970  b021		       ff		      .byte.b	$ff
   1969  b021					      repend
   1970  b022		       ff		      .byte.b	$ff
   1969  b022					      repend
   1970  b023		       ff		      .byte.b	$ff
   1969  b023					      repend
   1970  b024		       ff		      .byte.b	$ff
   1969  b024					      repend
   1970  b025		       ff		      .byte.b	$ff
   1969  b025					      repend
   1970  b026		       ff		      .byte.b	$ff
   1969  b026					      repend
   1970  b027		       ff		      .byte.b	$ff
   1969  b027					      repend
   1970  b028		       ff		      .byte.b	$ff
   1969  b028					      repend
   1970  b029		       ff		      .byte.b	$ff
   1969  b029					      repend
   1970  b02a		       ff		      .byte.b	$ff
   1969  b02a					      repend
   1970  b02b		       ff		      .byte.b	$ff
   1969  b02b					      repend
   1970  b02c		       ff		      .byte.b	$ff
   1969  b02c					      repend
   1970  b02d		       ff		      .byte.b	$ff
   1969  b02d					      repend
   1970  b02e		       ff		      .byte.b	$ff
   1969  b02e					      repend
   1970  b02f		       ff		      .byte.b	$ff
   1969  b02f					      repend
   1970  b030		       ff		      .byte.b	$ff
   1969  b030					      repend
   1970  b031		       ff		      .byte.b	$ff
   1969  b031					      repend
   1970  b032		       ff		      .byte.b	$ff
   1969  b032					      repend
   1970  b033		       ff		      .byte.b	$ff
   1969  b033					      repend
   1970  b034		       ff		      .byte.b	$ff
   1969  b034					      repend
   1970  b035		       ff		      .byte.b	$ff
   1969  b035					      repend
   1970  b036		       ff		      .byte.b	$ff
   1969  b036					      repend
   1970  b037		       ff		      .byte.b	$ff
   1969  b037					      repend
   1970  b038		       ff		      .byte.b	$ff
   1969  b038					      repend
   1970  b039		       ff		      .byte.b	$ff
   1969  b039					      repend
   1970  b03a		       ff		      .byte.b	$ff
   1969  b03a					      repend
   1970  b03b		       ff		      .byte.b	$ff
   1969  b03b					      repend
   1970  b03c		       ff		      .byte.b	$ff
   1969  b03c					      repend
   1970  b03d		       ff		      .byte.b	$ff
   1969  b03d					      repend
   1970  b03e		       ff		      .byte.b	$ff
   1969  b03e					      repend
   1970  b03f		       ff		      .byte.b	$ff
   1969  b03f					      repend
   1970  b040		       ff		      .byte.b	$ff
   1969  b040					      repend
   1970  b041		       ff		      .byte.b	$ff
   1969  b041					      repend
   1970  b042		       ff		      .byte.b	$ff
   1969  b042					      repend
   1970  b043		       ff		      .byte.b	$ff
   1969  b043					      repend
   1970  b044		       ff		      .byte.b	$ff
   1969  b044					      repend
   1970  b045		       ff		      .byte.b	$ff
   1969  b045					      repend
   1970  b046		       ff		      .byte.b	$ff
   1969  b046					      repend
   1970  b047		       ff		      .byte.b	$ff
   1969  b047					      repend
   1970  b048		       ff		      .byte.b	$ff
   1969  b048					      repend
   1970  b049		       ff		      .byte.b	$ff
   1969  b049					      repend
   1970  b04a		       ff		      .byte.b	$ff
   1969  b04a					      repend
   1970  b04b		       ff		      .byte.b	$ff
   1969  b04b					      repend
   1970  b04c		       ff		      .byte.b	$ff
   1969  b04c					      repend
   1970  b04d		       ff		      .byte.b	$ff
   1969  b04d					      repend
   1970  b04e		       ff		      .byte.b	$ff
   1969  b04e					      repend
   1970  b04f		       ff		      .byte.b	$ff
   1969  b04f					      repend
   1970  b050		       ff		      .byte.b	$ff
   1969  b050					      repend
   1970  b051		       ff		      .byte.b	$ff
   1969  b051					      repend
   1970  b052		       ff		      .byte.b	$ff
   1969  b052					      repend
   1970  b053		       ff		      .byte.b	$ff
   1969  b053					      repend
   1970  b054		       ff		      .byte.b	$ff
   1969  b054					      repend
   1970  b055		       ff		      .byte.b	$ff
   1969  b055					      repend
   1970  b056		       ff		      .byte.b	$ff
   1969  b056					      repend
   1970  b057		       ff		      .byte.b	$ff
   1969  b057					      repend
   1970  b058		       ff		      .byte.b	$ff
   1969  b058					      repend
   1970  b059		       ff		      .byte.b	$ff
   1969  b059					      repend
   1970  b05a		       ff		      .byte.b	$ff
   1969  b05a					      repend
   1970  b05b		       ff		      .byte.b	$ff
   1969  b05b					      repend
   1970  b05c		       ff		      .byte.b	$ff
   1969  b05c					      repend
   1970  b05d		       ff		      .byte.b	$ff
   1969  b05d					      repend
   1970  b05e		       ff		      .byte.b	$ff
   1969  b05e					      repend
   1970  b05f		       ff		      .byte.b	$ff
   1969  b05f					      repend
   1970  b060		       ff		      .byte.b	$ff
   1969  b060					      repend
   1970  b061		       ff		      .byte.b	$ff
   1969  b061					      repend
   1970  b062		       ff		      .byte.b	$ff
   1969  b062					      repend
   1970  b063		       ff		      .byte.b	$ff
   1969  b063					      repend
   1970  b064		       ff		      .byte.b	$ff
   1969  b064					      repend
   1970  b065		       ff		      .byte.b	$ff
   1969  b065					      repend
   1970  b066		       ff		      .byte.b	$ff
   1969  b066					      repend
   1970  b067		       ff		      .byte.b	$ff
   1969  b067					      repend
   1970  b068		       ff		      .byte.b	$ff
   1969  b068					      repend
   1970  b069		       ff		      .byte.b	$ff
   1969  b069					      repend
   1970  b06a		       ff		      .byte.b	$ff
   1969  b06a					      repend
   1970  b06b		       ff		      .byte.b	$ff
   1969  b06b					      repend
   1970  b06c		       ff		      .byte.b	$ff
   1969  b06c					      repend
   1970  b06d		       ff		      .byte.b	$ff
   1969  b06d					      repend
   1970  b06e		       ff		      .byte.b	$ff
   1969  b06e					      repend
   1970  b06f		       ff		      .byte.b	$ff
   1969  b06f					      repend
   1970  b070		       ff		      .byte.b	$ff
   1969  b070					      repend
   1970  b071		       ff		      .byte.b	$ff
   1969  b071					      repend
   1970  b072		       ff		      .byte.b	$ff
   1969  b072					      repend
   1970  b073		       ff		      .byte.b	$ff
   1969  b073					      repend
   1970  b074		       ff		      .byte.b	$ff
   1969  b074					      repend
   1970  b075		       ff		      .byte.b	$ff
   1969  b075					      repend
   1970  b076		       ff		      .byte.b	$ff
   1969  b076					      repend
   1970  b077		       ff		      .byte.b	$ff
   1969  b077					      repend
   1970  b078		       ff		      .byte.b	$ff
   1969  b078					      repend
   1970  b079		       ff		      .byte.b	$ff
   1969  b079					      repend
   1970  b07a		       ff		      .byte.b	$ff
   1969  b07a					      repend
   1970  b07b		       ff		      .byte.b	$ff
   1969  b07b					      repend
   1970  b07c		       ff		      .byte.b	$ff
   1969  b07c					      repend
   1970  b07d		       ff		      .byte.b	$ff
   1969  b07d					      repend
   1970  b07e		       ff		      .byte.b	$ff
   1969  b07e					      repend
   1970  b07f		       ff		      .byte.b	$ff
   1969  b07f					      repend
   1970  b080		       ff		      .byte.b	$ff
   1969  b080					      repend
   1970  b081		       ff		      .byte.b	$ff
   1969  b081					      repend
   1970  b082		       ff		      .byte.b	$ff
   1969  b082					      repend
   1970  b083		       ff		      .byte.b	$ff
   1969  b083					      repend
   1970  b084		       ff		      .byte.b	$ff
   1969  b084					      repend
   1970  b085		       ff		      .byte.b	$ff
   1969  b085					      repend
   1970  b086		       ff		      .byte.b	$ff
   1969  b086					      repend
   1970  b087		       ff		      .byte.b	$ff
   1969  b087					      repend
   1970  b088		       ff		      .byte.b	$ff
   1969  b088					      repend
   1970  b089		       ff		      .byte.b	$ff
   1969  b089					      repend
   1970  b08a		       ff		      .byte.b	$ff
   1969  b08a					      repend
   1970  b08b		       ff		      .byte.b	$ff
   1969  b08b					      repend
   1970  b08c		       ff		      .byte.b	$ff
   1969  b08c					      repend
   1970  b08d		       ff		      .byte.b	$ff
   1969  b08d					      repend
   1970  b08e		       ff		      .byte.b	$ff
   1969  b08e					      repend
   1970  b08f		       ff		      .byte.b	$ff
   1969  b08f					      repend
   1970  b090		       ff		      .byte.b	$ff
   1969  b090					      repend
   1970  b091		       ff		      .byte.b	$ff
   1969  b091					      repend
   1970  b092		       ff		      .byte.b	$ff
   1969  b092					      repend
   1970  b093		       ff		      .byte.b	$ff
   1969  b093					      repend
   1970  b094		       ff		      .byte.b	$ff
   1969  b094					      repend
   1970  b095		       ff		      .byte.b	$ff
   1969  b095					      repend
   1970  b096		       ff		      .byte.b	$ff
   1969  b096					      repend
   1970  b097		       ff		      .byte.b	$ff
   1969  b097					      repend
   1970  b098		       ff		      .byte.b	$ff
   1969  b098					      repend
   1970  b099		       ff		      .byte.b	$ff
   1969  b099					      repend
   1970  b09a		       ff		      .byte.b	$ff
   1969  b09a					      repend
   1970  b09b		       ff		      .byte.b	$ff
   1969  b09b					      repend
   1970  b09c		       ff		      .byte.b	$ff
   1969  b09c					      repend
   1970  b09d		       ff		      .byte.b	$ff
   1969  b09d					      repend
   1970  b09e		       ff		      .byte.b	$ff
   1969  b09e					      repend
   1970  b09f		       ff		      .byte.b	$ff
   1969  b09f					      repend
   1970  b0a0		       ff		      .byte.b	$ff
   1969  b0a0					      repend
   1970  b0a1		       ff		      .byte.b	$ff
   1969  b0a1					      repend
   1970  b0a2		       ff		      .byte.b	$ff
   1969  b0a2					      repend
   1970  b0a3		       ff		      .byte.b	$ff
   1969  b0a3					      repend
   1970  b0a4		       ff		      .byte.b	$ff
   1969  b0a4					      repend
   1970  b0a5		       ff		      .byte.b	$ff
   1969  b0a5					      repend
   1970  b0a6		       ff		      .byte.b	$ff
   1969  b0a6					      repend
   1970  b0a7		       ff		      .byte.b	$ff
   1969  b0a7					      repend
   1970  b0a8		       ff		      .byte.b	$ff
   1969  b0a8					      repend
   1970  b0a9		       ff		      .byte.b	$ff
   1969  b0a9					      repend
   1970  b0aa		       ff		      .byte.b	$ff
   1969  b0aa					      repend
   1970  b0ab		       ff		      .byte.b	$ff
   1969  b0ab					      repend
   1970  b0ac		       ff		      .byte.b	$ff
   1969  b0ac					      repend
   1970  b0ad		       ff		      .byte.b	$ff
   1969  b0ad					      repend
   1970  b0ae		       ff		      .byte.b	$ff
   1969  b0ae					      repend
   1970  b0af		       ff		      .byte.b	$ff
   1969  b0af					      repend
   1970  b0b0		       ff		      .byte.b	$ff
   1969  b0b0					      repend
   1970  b0b1		       ff		      .byte.b	$ff
   1969  b0b1					      repend
   1970  b0b2		       ff		      .byte.b	$ff
   1969  b0b2					      repend
   1970  b0b3		       ff		      .byte.b	$ff
   1969  b0b3					      repend
   1970  b0b4		       ff		      .byte.b	$ff
   1969  b0b4					      repend
   1970  b0b5		       ff		      .byte.b	$ff
   1969  b0b5					      repend
   1970  b0b6		       ff		      .byte.b	$ff
   1969  b0b6					      repend
   1970  b0b7		       ff		      .byte.b	$ff
   1969  b0b7					      repend
   1970  b0b8		       ff		      .byte.b	$ff
   1969  b0b8					      repend
   1970  b0b9		       ff		      .byte.b	$ff
   1969  b0b9					      repend
   1970  b0ba		       ff		      .byte.b	$ff
   1969  b0ba					      repend
   1970  b0bb		       ff		      .byte.b	$ff
   1969  b0bb					      repend
   1970  b0bc		       ff		      .byte.b	$ff
   1969  b0bc					      repend
   1970  b0bd		       ff		      .byte.b	$ff
   1969  b0bd					      repend
   1970  b0be		       ff		      .byte.b	$ff
   1969  b0be					      repend
   1970  b0bf		       ff		      .byte.b	$ff
   1969  b0bf					      repend
   1970  b0c0		       ff		      .byte.b	$ff
   1969  b0c0					      repend
   1970  b0c1		       ff		      .byte.b	$ff
   1969  b0c1					      repend
   1970  b0c2		       ff		      .byte.b	$ff
   1969  b0c2					      repend
   1970  b0c3		       ff		      .byte.b	$ff
   1969  b0c3					      repend
   1970  b0c4		       ff		      .byte.b	$ff
   1969  b0c4					      repend
   1970  b0c5		       ff		      .byte.b	$ff
   1969  b0c5					      repend
   1970  b0c6		       ff		      .byte.b	$ff
   1969  b0c6					      repend
   1970  b0c7		       ff		      .byte.b	$ff
   1969  b0c7					      repend
   1970  b0c8		       ff		      .byte.b	$ff
   1969  b0c8					      repend
   1970  b0c9		       ff		      .byte.b	$ff
   1969  b0c9					      repend
   1970  b0ca		       ff		      .byte.b	$ff
   1969  b0ca					      repend
   1970  b0cb		       ff		      .byte.b	$ff
   1969  b0cb					      repend
   1970  b0cc		       ff		      .byte.b	$ff
   1969  b0cc					      repend
   1970  b0cd		       ff		      .byte.b	$ff
   1969  b0cd					      repend
   1970  b0ce		       ff		      .byte.b	$ff
   1969  b0ce					      repend
   1970  b0cf		       ff		      .byte.b	$ff
   1969  b0cf					      repend
   1970  b0d0		       ff		      .byte.b	$ff
   1969  b0d0					      repend
   1970  b0d1		       ff		      .byte.b	$ff
   1969  b0d1					      repend
   1970  b0d2		       ff		      .byte.b	$ff
   1969  b0d2					      repend
   1970  b0d3		       ff		      .byte.b	$ff
   1969  b0d3					      repend
   1970  b0d4		       ff		      .byte.b	$ff
   1969  b0d4					      repend
   1970  b0d5		       ff		      .byte.b	$ff
   1969  b0d5					      repend
   1970  b0d6		       ff		      .byte.b	$ff
   1969  b0d6					      repend
   1970  b0d7		       ff		      .byte.b	$ff
   1969  b0d7					      repend
   1970  b0d8		       ff		      .byte.b	$ff
   1969  b0d8					      repend
   1970  b0d9		       ff		      .byte.b	$ff
   1969  b0d9					      repend
   1970  b0da		       ff		      .byte.b	$ff
   1969  b0da					      repend
   1970  b0db		       ff		      .byte.b	$ff
   1969  b0db					      repend
   1970  b0dc		       ff		      .byte.b	$ff
   1969  b0dc					      repend
   1970  b0dd		       ff		      .byte.b	$ff
   1969  b0dd					      repend
   1970  b0de		       ff		      .byte.b	$ff
   1969  b0de					      repend
   1970  b0df		       ff		      .byte.b	$ff
   1969  b0df					      repend
   1970  b0e0		       ff		      .byte.b	$ff
   1969  b0e0					      repend
   1970  b0e1		       ff		      .byte.b	$ff
   1969  b0e1					      repend
   1970  b0e2		       ff		      .byte.b	$ff
   1969  b0e2					      repend
   1970  b0e3		       ff		      .byte.b	$ff
   1969  b0e3					      repend
   1970  b0e4		       ff		      .byte.b	$ff
   1969  b0e4					      repend
   1970  b0e5		       ff		      .byte.b	$ff
   1969  b0e5					      repend
   1970  b0e6		       ff		      .byte.b	$ff
   1969  b0e6					      repend
   1970  b0e7		       ff		      .byte.b	$ff
   1969  b0e7					      repend
   1970  b0e8		       ff		      .byte.b	$ff
   1969  b0e8					      repend
   1970  b0e9		       ff		      .byte.b	$ff
   1969  b0e9					      repend
   1970  b0ea		       ff		      .byte.b	$ff
   1969  b0ea					      repend
   1970  b0eb		       ff		      .byte.b	$ff
   1969  b0eb					      repend
   1970  b0ec		       ff		      .byte.b	$ff
   1969  b0ec					      repend
   1970  b0ed		       ff		      .byte.b	$ff
   1969  b0ed					      repend
   1970  b0ee		       ff		      .byte.b	$ff
   1969  b0ee					      repend
   1970  b0ef		       ff		      .byte.b	$ff
   1969  b0ef					      repend
   1970  b0f0		       ff		      .byte.b	$ff
   1969  b0f0					      repend
   1970  b0f1		       ff		      .byte.b	$ff
   1969  b0f1					      repend
   1970  b0f2		       ff		      .byte.b	$ff
   1969  b0f2					      repend
   1970  b0f3		       ff		      .byte.b	$ff
   1969  b0f3					      repend
   1970  b0f4		       ff		      .byte.b	$ff
   1969  b0f4					      repend
   1970  b0f5		       ff		      .byte.b	$ff
   1969  b0f5					      repend
   1970  b0f6		       ff		      .byte.b	$ff
   1969  b0f6					      repend
   1970  b0f7		       ff		      .byte.b	$ff
   1969  b0f7					      repend
   1970  b0f8		       ff		      .byte.b	$ff
   1969  b0f8					      repend
   1970  b0f9		       ff		      .byte.b	$ff
   1969  b0f9					      repend
   1970  b0fa		       ff		      .byte.b	$ff
   1969  b0fa					      repend
   1970  b0fb		       ff		      .byte.b	$ff
   1969  b0fb					      repend
   1970  b0fc		       ff		      .byte.b	$ff
   1969  b0fc					      repend
   1970  b0fd		       ff		      .byte.b	$ff
   1969  b0fd					      repend
   1970  b0fe		       ff		      .byte.b	$ff
   1969  b0fe					      repend
   1970  b0ff		       ff		      .byte.b	$ff
   1971  b100					      repend
   1972  b100				   .bsub11
   1973  b100							;;line 178;; bsub11
   1974  b100
   1975  b100				   .L0136		;;line 179;;  score = 11
   1976  b100
   1977  b100		       a9 11		      LDA	#$11
   1978  b102		       85 95		      STA	score+2
   1979  b104		       a9 00		      LDA	#$00
   1980  b106		       85 94		      STA	score+1
   1981  b108		       a9 00		      LDA	#$00
   1982  b10a		       85 93		      STA	score
   1983  b10c				   .L0137		;;line 180;;  for memloc = 0 to 127
   1984  b10c
   1985  b10c		       a9 00		      LDA	#0
   1986  b10e		       85 d6		      STA	memloc
   1987  b110				   .L0137formemloc
   1988  b110				   .L0138		;;line 181;;  temp1 = r000[memloc]
   1989  b110
   1990  b110		       a6 d6		      LDX	memloc
   1991  b112		       bd 80 f0 	      LDA	r000,x
   1992  b115		       85 9c		      STA	temp1
   1993  b117				   .L0139		;;line 182;;  w000[memloc] = r000[memloc] ^ $ff
   1994  b117
   1995  b117		       a6 d6		      LDX	memloc
   1996  b119		       bd 80 f0 	      LDA	r000,x
   1997  b11c		       49 ff		      EOR	#$ff
   1998  b11e		       a6 d6		      LDX	memloc
   1999  b120		       9d 00 f0 	      STA	w000,x
   2000  b123				   .L0140		;;line 183;;  temp1 = temp1 ^ $ff
   2001  b123
   2002  b123		       a5 9c		      LDA	temp1
   2003  b125		       49 ff		      EOR	#$ff
   2004  b127		       85 9c		      STA	temp1
   2005  b129				   .L0141		;;line 184;;  if r000[memloc] <> temp1 then sc0 = $99 : scorecolor = $42
   2006  b129
   2007  b129		       a6 d6		      LDX	memloc
   2008  b12b		       bd 80 f0 	      LDA	r000,x
   2009  b12e		       c5 9c		      CMP	temp1
   2010  b130		       f0 08		      BEQ	.skipL0141
   2011  b132				   .condpart27
   2012  b132		       a9 99		      LDA	#$99
   2013  b134		       85 93		      STA	sc0
   2014  b136		       a9 42		      LDA	#$42
   2015  b138		       85 a3		      STA	scorecolor
   2016  b13a				   .skipL0141
   2017  b13a				   .L0142		;;line 185;;  drawscreen
   2018  b13a
   2019  b13a		       85 ee		      sta	temp7
   2020  b13c		       a9 a1		      lda	#(((>(ret_point11-1)) & $0F) | $a0)
   2021  b13e		       48		      pha
   2022  b13f		       a9 51		      lda	#<(ret_point11-1)
   2023  b141		       48		      pha
   2024  b142		       a9 f5		      lda	#>(drawscreen-1)
   2025  b144		       48		      pha
   2026  b145		       a9 80		      lda	#<(drawscreen-1)
   2027  b147		       48		      pha
   2028  b148		       a5 ee		      lda	temp7
   2029  b14a		       48		      pha
   2030  b14b		       8a		      txa
   2031  b14c		       48		      pha
   2032  b14d		       a2 10		      ldx	#16
   2033  b14f		       4c d7 ff 	      jmp	BS_jsr
   2034  b152				   ret_point11
   2035  b152				   .L0143		;;line 186;;  next
   2036  b152
   2037  b152		       a5 d6		      LDA	memloc
   2038  b154		       c9 7f		      CMP	#127
   2039  b156		       e6 d6		      INC	memloc
   2040  b158		       90 b6		      bcc	.L0137formemloc
   2041  b15a				  -	      if	( (((((#>*)&$1f)*256)|(#<.L0137formemloc))>=bankswitch_hotspot) && (((((#>*)&$1f)*256)|(#<.L0137formemloc))<=(bankswitch_hotspot+bs_mask)) )
   2042  b15a				  -	      echo	"WARNING: branch near the end of bank 11 may accidentally trigger a bankswitch. Reposition code there if bad things happen."
   2043  b15a					      endif
   2044  b15a				   .
   2045  b15a							;;line 187;;
   2046  b15a
   2047  b15a				   .L0144		;;line 188;;  goto goback bank1
   2048  b15a
   2049  b15a		       85 ee		      sta	temp7
   2050  b15c		       a9 12		      lda	#>(.goback-1)
   2051  b15e		       48		      pha
   2052  b15f		       a9 f9		      lda	#<(.goback-1)
   2053  b161		       48		      pha
   2054  b162		       a5 ee		      lda	temp7
   2055  b164		       48		      pha
   2056  b165		       8a		      txa
   2057  b166		       48		      pha
   2058  b167		       a2 01		      ldx	#1
   2059  b169		       4c d7 ff 	      jmp	BS_jsr
   2060  b16c				   .
   2061  b16c							;;line 189;;
   2062  b16c
   2063  b16c				   .L0145		;;line 190;;  bank 12
   2064  b16c
   2065  b16c					      if	ECHO11
      3664 bytes of ROM space left in bank 11
   2066  b16c					      echo	"    ",[(start_bank11 - *)]d , "bytes of ROM space left in bank 11")
   2067  b16c					      endif
   2068  b16c		       00 01	   ECHO11     =	1
   2069  bfbc					      ORG	$BFE0-bscode_length
   2070  bfbc					      RORG	$15FE0-bscode_length
   2071  bfbc		       a2 ff	   start_bank11 ldx	#$ff
   2072  bfbe				  -	      ifconst	FASTFETCH	; using DPC+
   2073  bfbe				  -	      stx	FASTFETCH
   2074  bfbe					      endif
   2075  bfbe		       9a		      txs
   2076  bfbf					      if	bankswitch == 64
   2077  bfbf		       a9 f3		      lda	#(((>(start-1)) & $0F) | $F0)
   2078  bfc1				  -	      else
   2079  bfc1				  -	      lda	#>(start-1)
   2080  bfc1					      endif
   2081  bfc1		       48		      pha
   2082  bfc2		       a9 4f		      lda	#<(start-1)
   2083  bfc4		       48		      pha
   2084  bfc5		       48		      pha
   2085  bfc6		       8a		      txa
   2086  bfc7		       48		      pha
   2087  bfc8		       ba		      tsx
   2088  bfc9				  -	      if	bankswitch != 64
   2089  bfc9				  -	      lda	4,x	; get high byte of return address
   2090  bfc9				  -	      rol
   2091  bfc9				  -	      rol
   2092  bfc9				  -	      rol
   2093  bfc9				  -	      rol
   2094  bfc9				  -	      and	#bs_mask	;1 3 or 7 for F8/F6/F4
   2095  bfc9				  -	      tax
   2096  bfc9				  -	      inx
   2097  bfc9					      else
   2098  bfc9		       b5 04		      lda	4,x	; get high byte of return address
   2099  bfcb		       a8		      tay
   2100  bfcc		       09 10		      ora	#$10	; change our bank nibble into a valid rom mirror
   2101  bfce		       95 04		      sta	4,x
   2102  bfd0		       98		      tya
   2103  bfd1		       4a		      lsr
   2104  bfd2		       4a		      lsr
   2105  bfd3		       4a		      lsr
   2106  bfd4		       4a		      lsr
   2107  bfd5		       aa		      tax
   2108  bfd6		       e8		      inx
   2109  bfd7					      endif
   2110  bfd7		       bd df 1f 	      lda	bankswitch_hotspot-1,x
   2111  bfda		       68		      pla
   2112  bfdb		       aa		      tax
   2113  bfdc		       68		      pla
   2114  bfdd		       60		      rts
   2115  bfde				  -	      if	((* & $1FFF) > ((bankswitch_hotspot & $1FFF) - 1))
   2116  bfde				  -	      echo	"WARNING: size parameter in banksw.asm too small - the program probably will not work."
   2117  bfde				  -	      echo	"Change to",[(*-begin_bscode+1)&$FF]d,"and try again."
   2118  bfde					      endif
   2119  bffc					      ORG	$BFFC
   2120  bffc					      RORG	$15FFC
   2121  bffc		       bc 5f		      .word.w	(start_bank11 & $ffff)
   2122  bffe		       bc 5f		      .word.w	(start_bank11 & $ffff)
   2123  c000					      ORG	$C000
   2124  c000					      RORG	$17000
   2125  c000					      repeat	256
   2126  c000		       ff		      .byte.b	$ff
   2125  c000					      repend
   2126  c001		       ff		      .byte.b	$ff
   2125  c001					      repend
   2126  c002		       ff		      .byte.b	$ff
   2125  c002					      repend
   2126  c003		       ff		      .byte.b	$ff
   2125  c003					      repend
   2126  c004		       ff		      .byte.b	$ff
   2125  c004					      repend
   2126  c005		       ff		      .byte.b	$ff
   2125  c005					      repend
   2126  c006		       ff		      .byte.b	$ff
   2125  c006					      repend
   2126  c007		       ff		      .byte.b	$ff
   2125  c007					      repend
   2126  c008		       ff		      .byte.b	$ff
   2125  c008					      repend
   2126  c009		       ff		      .byte.b	$ff
   2125  c009					      repend
   2126  c00a		       ff		      .byte.b	$ff
   2125  c00a					      repend
   2126  c00b		       ff		      .byte.b	$ff
   2125  c00b					      repend
   2126  c00c		       ff		      .byte.b	$ff
   2125  c00c					      repend
   2126  c00d		       ff		      .byte.b	$ff
   2125  c00d					      repend
   2126  c00e		       ff		      .byte.b	$ff
   2125  c00e					      repend
   2126  c00f		       ff		      .byte.b	$ff
   2125  c00f					      repend
   2126  c010		       ff		      .byte.b	$ff
   2125  c010					      repend
   2126  c011		       ff		      .byte.b	$ff
   2125  c011					      repend
   2126  c012		       ff		      .byte.b	$ff
   2125  c012					      repend
   2126  c013		       ff		      .byte.b	$ff
   2125  c013					      repend
   2126  c014		       ff		      .byte.b	$ff
   2125  c014					      repend
   2126  c015		       ff		      .byte.b	$ff
   2125  c015					      repend
   2126  c016		       ff		      .byte.b	$ff
   2125  c016					      repend
   2126  c017		       ff		      .byte.b	$ff
   2125  c017					      repend
   2126  c018		       ff		      .byte.b	$ff
   2125  c018					      repend
   2126  c019		       ff		      .byte.b	$ff
   2125  c019					      repend
   2126  c01a		       ff		      .byte.b	$ff
   2125  c01a					      repend
   2126  c01b		       ff		      .byte.b	$ff
   2125  c01b					      repend
   2126  c01c		       ff		      .byte.b	$ff
   2125  c01c					      repend
   2126  c01d		       ff		      .byte.b	$ff
   2125  c01d					      repend
   2126  c01e		       ff		      .byte.b	$ff
   2125  c01e					      repend
   2126  c01f		       ff		      .byte.b	$ff
   2125  c01f					      repend
   2126  c020		       ff		      .byte.b	$ff
   2125  c020					      repend
   2126  c021		       ff		      .byte.b	$ff
   2125  c021					      repend
   2126  c022		       ff		      .byte.b	$ff
   2125  c022					      repend
   2126  c023		       ff		      .byte.b	$ff
   2125  c023					      repend
   2126  c024		       ff		      .byte.b	$ff
   2125  c024					      repend
   2126  c025		       ff		      .byte.b	$ff
   2125  c025					      repend
   2126  c026		       ff		      .byte.b	$ff
   2125  c026					      repend
   2126  c027		       ff		      .byte.b	$ff
   2125  c027					      repend
   2126  c028		       ff		      .byte.b	$ff
   2125  c028					      repend
   2126  c029		       ff		      .byte.b	$ff
   2125  c029					      repend
   2126  c02a		       ff		      .byte.b	$ff
   2125  c02a					      repend
   2126  c02b		       ff		      .byte.b	$ff
   2125  c02b					      repend
   2126  c02c		       ff		      .byte.b	$ff
   2125  c02c					      repend
   2126  c02d		       ff		      .byte.b	$ff
   2125  c02d					      repend
   2126  c02e		       ff		      .byte.b	$ff
   2125  c02e					      repend
   2126  c02f		       ff		      .byte.b	$ff
   2125  c02f					      repend
   2126  c030		       ff		      .byte.b	$ff
   2125  c030					      repend
   2126  c031		       ff		      .byte.b	$ff
   2125  c031					      repend
   2126  c032		       ff		      .byte.b	$ff
   2125  c032					      repend
   2126  c033		       ff		      .byte.b	$ff
   2125  c033					      repend
   2126  c034		       ff		      .byte.b	$ff
   2125  c034					      repend
   2126  c035		       ff		      .byte.b	$ff
   2125  c035					      repend
   2126  c036		       ff		      .byte.b	$ff
   2125  c036					      repend
   2126  c037		       ff		      .byte.b	$ff
   2125  c037					      repend
   2126  c038		       ff		      .byte.b	$ff
   2125  c038					      repend
   2126  c039		       ff		      .byte.b	$ff
   2125  c039					      repend
   2126  c03a		       ff		      .byte.b	$ff
   2125  c03a					      repend
   2126  c03b		       ff		      .byte.b	$ff
   2125  c03b					      repend
   2126  c03c		       ff		      .byte.b	$ff
   2125  c03c					      repend
   2126  c03d		       ff		      .byte.b	$ff
   2125  c03d					      repend
   2126  c03e		       ff		      .byte.b	$ff
   2125  c03e					      repend
   2126  c03f		       ff		      .byte.b	$ff
   2125  c03f					      repend
   2126  c040		       ff		      .byte.b	$ff
   2125  c040					      repend
   2126  c041		       ff		      .byte.b	$ff
   2125  c041					      repend
   2126  c042		       ff		      .byte.b	$ff
   2125  c042					      repend
   2126  c043		       ff		      .byte.b	$ff
   2125  c043					      repend
   2126  c044		       ff		      .byte.b	$ff
   2125  c044					      repend
   2126  c045		       ff		      .byte.b	$ff
   2125  c045					      repend
   2126  c046		       ff		      .byte.b	$ff
   2125  c046					      repend
   2126  c047		       ff		      .byte.b	$ff
   2125  c047					      repend
   2126  c048		       ff		      .byte.b	$ff
   2125  c048					      repend
   2126  c049		       ff		      .byte.b	$ff
   2125  c049					      repend
   2126  c04a		       ff		      .byte.b	$ff
   2125  c04a					      repend
   2126  c04b		       ff		      .byte.b	$ff
   2125  c04b					      repend
   2126  c04c		       ff		      .byte.b	$ff
   2125  c04c					      repend
   2126  c04d		       ff		      .byte.b	$ff
   2125  c04d					      repend
   2126  c04e		       ff		      .byte.b	$ff
   2125  c04e					      repend
   2126  c04f		       ff		      .byte.b	$ff
   2125  c04f					      repend
   2126  c050		       ff		      .byte.b	$ff
   2125  c050					      repend
   2126  c051		       ff		      .byte.b	$ff
   2125  c051					      repend
   2126  c052		       ff		      .byte.b	$ff
   2125  c052					      repend
   2126  c053		       ff		      .byte.b	$ff
   2125  c053					      repend
   2126  c054		       ff		      .byte.b	$ff
   2125  c054					      repend
   2126  c055		       ff		      .byte.b	$ff
   2125  c055					      repend
   2126  c056		       ff		      .byte.b	$ff
   2125  c056					      repend
   2126  c057		       ff		      .byte.b	$ff
   2125  c057					      repend
   2126  c058		       ff		      .byte.b	$ff
   2125  c058					      repend
   2126  c059		       ff		      .byte.b	$ff
   2125  c059					      repend
   2126  c05a		       ff		      .byte.b	$ff
   2125  c05a					      repend
   2126  c05b		       ff		      .byte.b	$ff
   2125  c05b					      repend
   2126  c05c		       ff		      .byte.b	$ff
   2125  c05c					      repend
   2126  c05d		       ff		      .byte.b	$ff
   2125  c05d					      repend
   2126  c05e		       ff		      .byte.b	$ff
   2125  c05e					      repend
   2126  c05f		       ff		      .byte.b	$ff
   2125  c05f					      repend
   2126  c060		       ff		      .byte.b	$ff
   2125  c060					      repend
   2126  c061		       ff		      .byte.b	$ff
   2125  c061					      repend
   2126  c062		       ff		      .byte.b	$ff
   2125  c062					      repend
   2126  c063		       ff		      .byte.b	$ff
   2125  c063					      repend
   2126  c064		       ff		      .byte.b	$ff
   2125  c064					      repend
   2126  c065		       ff		      .byte.b	$ff
   2125  c065					      repend
   2126  c066		       ff		      .byte.b	$ff
   2125  c066					      repend
   2126  c067		       ff		      .byte.b	$ff
   2125  c067					      repend
   2126  c068		       ff		      .byte.b	$ff
   2125  c068					      repend
   2126  c069		       ff		      .byte.b	$ff
   2125  c069					      repend
   2126  c06a		       ff		      .byte.b	$ff
   2125  c06a					      repend
   2126  c06b		       ff		      .byte.b	$ff
   2125  c06b					      repend
   2126  c06c		       ff		      .byte.b	$ff
   2125  c06c					      repend
   2126  c06d		       ff		      .byte.b	$ff
   2125  c06d					      repend
   2126  c06e		       ff		      .byte.b	$ff
   2125  c06e					      repend
   2126  c06f		       ff		      .byte.b	$ff
   2125  c06f					      repend
   2126  c070		       ff		      .byte.b	$ff
   2125  c070					      repend
   2126  c071		       ff		      .byte.b	$ff
   2125  c071					      repend
   2126  c072		       ff		      .byte.b	$ff
   2125  c072					      repend
   2126  c073		       ff		      .byte.b	$ff
   2125  c073					      repend
   2126  c074		       ff		      .byte.b	$ff
   2125  c074					      repend
   2126  c075		       ff		      .byte.b	$ff
   2125  c075					      repend
   2126  c076		       ff		      .byte.b	$ff
   2125  c076					      repend
   2126  c077		       ff		      .byte.b	$ff
   2125  c077					      repend
   2126  c078		       ff		      .byte.b	$ff
   2125  c078					      repend
   2126  c079		       ff		      .byte.b	$ff
   2125  c079					      repend
   2126  c07a		       ff		      .byte.b	$ff
   2125  c07a					      repend
   2126  c07b		       ff		      .byte.b	$ff
   2125  c07b					      repend
   2126  c07c		       ff		      .byte.b	$ff
   2125  c07c					      repend
   2126  c07d		       ff		      .byte.b	$ff
   2125  c07d					      repend
   2126  c07e		       ff		      .byte.b	$ff
   2125  c07e					      repend
   2126  c07f		       ff		      .byte.b	$ff
   2125  c07f					      repend
   2126  c080		       ff		      .byte.b	$ff
   2125  c080					      repend
   2126  c081		       ff		      .byte.b	$ff
   2125  c081					      repend
   2126  c082		       ff		      .byte.b	$ff
   2125  c082					      repend
   2126  c083		       ff		      .byte.b	$ff
   2125  c083					      repend
   2126  c084		       ff		      .byte.b	$ff
   2125  c084					      repend
   2126  c085		       ff		      .byte.b	$ff
   2125  c085					      repend
   2126  c086		       ff		      .byte.b	$ff
   2125  c086					      repend
   2126  c087		       ff		      .byte.b	$ff
   2125  c087					      repend
   2126  c088		       ff		      .byte.b	$ff
   2125  c088					      repend
   2126  c089		       ff		      .byte.b	$ff
   2125  c089					      repend
   2126  c08a		       ff		      .byte.b	$ff
   2125  c08a					      repend
   2126  c08b		       ff		      .byte.b	$ff
   2125  c08b					      repend
   2126  c08c		       ff		      .byte.b	$ff
   2125  c08c					      repend
   2126  c08d		       ff		      .byte.b	$ff
   2125  c08d					      repend
   2126  c08e		       ff		      .byte.b	$ff
   2125  c08e					      repend
   2126  c08f		       ff		      .byte.b	$ff
   2125  c08f					      repend
   2126  c090		       ff		      .byte.b	$ff
   2125  c090					      repend
   2126  c091		       ff		      .byte.b	$ff
   2125  c091					      repend
   2126  c092		       ff		      .byte.b	$ff
   2125  c092					      repend
   2126  c093		       ff		      .byte.b	$ff
   2125  c093					      repend
   2126  c094		       ff		      .byte.b	$ff
   2125  c094					      repend
   2126  c095		       ff		      .byte.b	$ff
   2125  c095					      repend
   2126  c096		       ff		      .byte.b	$ff
   2125  c096					      repend
   2126  c097		       ff		      .byte.b	$ff
   2125  c097					      repend
   2126  c098		       ff		      .byte.b	$ff
   2125  c098					      repend
   2126  c099		       ff		      .byte.b	$ff
   2125  c099					      repend
   2126  c09a		       ff		      .byte.b	$ff
   2125  c09a					      repend
   2126  c09b		       ff		      .byte.b	$ff
   2125  c09b					      repend
   2126  c09c		       ff		      .byte.b	$ff
   2125  c09c					      repend
   2126  c09d		       ff		      .byte.b	$ff
   2125  c09d					      repend
   2126  c09e		       ff		      .byte.b	$ff
   2125  c09e					      repend
   2126  c09f		       ff		      .byte.b	$ff
   2125  c09f					      repend
   2126  c0a0		       ff		      .byte.b	$ff
   2125  c0a0					      repend
   2126  c0a1		       ff		      .byte.b	$ff
   2125  c0a1					      repend
   2126  c0a2		       ff		      .byte.b	$ff
   2125  c0a2					      repend
   2126  c0a3		       ff		      .byte.b	$ff
   2125  c0a3					      repend
   2126  c0a4		       ff		      .byte.b	$ff
   2125  c0a4					      repend
   2126  c0a5		       ff		      .byte.b	$ff
   2125  c0a5					      repend
   2126  c0a6		       ff		      .byte.b	$ff
   2125  c0a6					      repend
   2126  c0a7		       ff		      .byte.b	$ff
   2125  c0a7					      repend
   2126  c0a8		       ff		      .byte.b	$ff
   2125  c0a8					      repend
   2126  c0a9		       ff		      .byte.b	$ff
   2125  c0a9					      repend
   2126  c0aa		       ff		      .byte.b	$ff
   2125  c0aa					      repend
   2126  c0ab		       ff		      .byte.b	$ff
   2125  c0ab					      repend
   2126  c0ac		       ff		      .byte.b	$ff
   2125  c0ac					      repend
   2126  c0ad		       ff		      .byte.b	$ff
   2125  c0ad					      repend
   2126  c0ae		       ff		      .byte.b	$ff
   2125  c0ae					      repend
   2126  c0af		       ff		      .byte.b	$ff
   2125  c0af					      repend
   2126  c0b0		       ff		      .byte.b	$ff
   2125  c0b0					      repend
   2126  c0b1		       ff		      .byte.b	$ff
   2125  c0b1					      repend
   2126  c0b2		       ff		      .byte.b	$ff
   2125  c0b2					      repend
   2126  c0b3		       ff		      .byte.b	$ff
   2125  c0b3					      repend
   2126  c0b4		       ff		      .byte.b	$ff
   2125  c0b4					      repend
   2126  c0b5		       ff		      .byte.b	$ff
   2125  c0b5					      repend
   2126  c0b6		       ff		      .byte.b	$ff
   2125  c0b6					      repend
   2126  c0b7		       ff		      .byte.b	$ff
   2125  c0b7					      repend
   2126  c0b8		       ff		      .byte.b	$ff
   2125  c0b8					      repend
   2126  c0b9		       ff		      .byte.b	$ff
   2125  c0b9					      repend
   2126  c0ba		       ff		      .byte.b	$ff
   2125  c0ba					      repend
   2126  c0bb		       ff		      .byte.b	$ff
   2125  c0bb					      repend
   2126  c0bc		       ff		      .byte.b	$ff
   2125  c0bc					      repend
   2126  c0bd		       ff		      .byte.b	$ff
   2125  c0bd					      repend
   2126  c0be		       ff		      .byte.b	$ff
   2125  c0be					      repend
   2126  c0bf		       ff		      .byte.b	$ff
   2125  c0bf					      repend
   2126  c0c0		       ff		      .byte.b	$ff
   2125  c0c0					      repend
   2126  c0c1		       ff		      .byte.b	$ff
   2125  c0c1					      repend
   2126  c0c2		       ff		      .byte.b	$ff
   2125  c0c2					      repend
   2126  c0c3		       ff		      .byte.b	$ff
   2125  c0c3					      repend
   2126  c0c4		       ff		      .byte.b	$ff
   2125  c0c4					      repend
   2126  c0c5		       ff		      .byte.b	$ff
   2125  c0c5					      repend
   2126  c0c6		       ff		      .byte.b	$ff
   2125  c0c6					      repend
   2126  c0c7		       ff		      .byte.b	$ff
   2125  c0c7					      repend
   2126  c0c8		       ff		      .byte.b	$ff
   2125  c0c8					      repend
   2126  c0c9		       ff		      .byte.b	$ff
   2125  c0c9					      repend
   2126  c0ca		       ff		      .byte.b	$ff
   2125  c0ca					      repend
   2126  c0cb		       ff		      .byte.b	$ff
   2125  c0cb					      repend
   2126  c0cc		       ff		      .byte.b	$ff
   2125  c0cc					      repend
   2126  c0cd		       ff		      .byte.b	$ff
   2125  c0cd					      repend
   2126  c0ce		       ff		      .byte.b	$ff
   2125  c0ce					      repend
   2126  c0cf		       ff		      .byte.b	$ff
   2125  c0cf					      repend
   2126  c0d0		       ff		      .byte.b	$ff
   2125  c0d0					      repend
   2126  c0d1		       ff		      .byte.b	$ff
   2125  c0d1					      repend
   2126  c0d2		       ff		      .byte.b	$ff
   2125  c0d2					      repend
   2126  c0d3		       ff		      .byte.b	$ff
   2125  c0d3					      repend
   2126  c0d4		       ff		      .byte.b	$ff
   2125  c0d4					      repend
   2126  c0d5		       ff		      .byte.b	$ff
   2125  c0d5					      repend
   2126  c0d6		       ff		      .byte.b	$ff
   2125  c0d6					      repend
   2126  c0d7		       ff		      .byte.b	$ff
   2125  c0d7					      repend
   2126  c0d8		       ff		      .byte.b	$ff
   2125  c0d8					      repend
   2126  c0d9		       ff		      .byte.b	$ff
   2125  c0d9					      repend
   2126  c0da		       ff		      .byte.b	$ff
   2125  c0da					      repend
   2126  c0db		       ff		      .byte.b	$ff
   2125  c0db					      repend
   2126  c0dc		       ff		      .byte.b	$ff
   2125  c0dc					      repend
   2126  c0dd		       ff		      .byte.b	$ff
   2125  c0dd					      repend
   2126  c0de		       ff		      .byte.b	$ff
   2125  c0de					      repend
   2126  c0df		       ff		      .byte.b	$ff
   2125  c0df					      repend
   2126  c0e0		       ff		      .byte.b	$ff
   2125  c0e0					      repend
   2126  c0e1		       ff		      .byte.b	$ff
   2125  c0e1					      repend
   2126  c0e2		       ff		      .byte.b	$ff
   2125  c0e2					      repend
   2126  c0e3		       ff		      .byte.b	$ff
   2125  c0e3					      repend
   2126  c0e4		       ff		      .byte.b	$ff
   2125  c0e4					      repend
   2126  c0e5		       ff		      .byte.b	$ff
   2125  c0e5					      repend
   2126  c0e6		       ff		      .byte.b	$ff
   2125  c0e6					      repend
   2126  c0e7		       ff		      .byte.b	$ff
   2125  c0e7					      repend
   2126  c0e8		       ff		      .byte.b	$ff
   2125  c0e8					      repend
   2126  c0e9		       ff		      .byte.b	$ff
   2125  c0e9					      repend
   2126  c0ea		       ff		      .byte.b	$ff
   2125  c0ea					      repend
   2126  c0eb		       ff		      .byte.b	$ff
   2125  c0eb					      repend
   2126  c0ec		       ff		      .byte.b	$ff
   2125  c0ec					      repend
   2126  c0ed		       ff		      .byte.b	$ff
   2125  c0ed					      repend
   2126  c0ee		       ff		      .byte.b	$ff
   2125  c0ee					      repend
   2126  c0ef		       ff		      .byte.b	$ff
   2125  c0ef					      repend
   2126  c0f0		       ff		      .byte.b	$ff
   2125  c0f0					      repend
   2126  c0f1		       ff		      .byte.b	$ff
   2125  c0f1					      repend
   2126  c0f2		       ff		      .byte.b	$ff
   2125  c0f2					      repend
   2126  c0f3		       ff		      .byte.b	$ff
   2125  c0f3					      repend
   2126  c0f4		       ff		      .byte.b	$ff
   2125  c0f4					      repend
   2126  c0f5		       ff		      .byte.b	$ff
   2125  c0f5					      repend
   2126  c0f6		       ff		      .byte.b	$ff
   2125  c0f6					      repend
   2126  c0f7		       ff		      .byte.b	$ff
   2125  c0f7					      repend
   2126  c0f8		       ff		      .byte.b	$ff
   2125  c0f8					      repend
   2126  c0f9		       ff		      .byte.b	$ff
   2125  c0f9					      repend
   2126  c0fa		       ff		      .byte.b	$ff
   2125  c0fa					      repend
   2126  c0fb		       ff		      .byte.b	$ff
   2125  c0fb					      repend
   2126  c0fc		       ff		      .byte.b	$ff
   2125  c0fc					      repend
   2126  c0fd		       ff		      .byte.b	$ff
   2125  c0fd					      repend
   2126  c0fe		       ff		      .byte.b	$ff
   2125  c0fe					      repend
   2126  c0ff		       ff		      .byte.b	$ff
   2127  c100					      repend
   2128  c100				   .bsub12
   2129  c100							;;line 191;; bsub12
   2130  c100
   2131  c100				   .L0146		;;line 192;;  score = 12
   2132  c100
   2133  c100		       a9 12		      LDA	#$12
   2134  c102		       85 95		      STA	score+2
   2135  c104		       a9 00		      LDA	#$00
   2136  c106		       85 94		      STA	score+1
   2137  c108		       a9 00		      LDA	#$00
   2138  c10a		       85 93		      STA	score
   2139  c10c				   .L0147		;;line 193;;  for memloc = 0 to 127
   2140  c10c
   2141  c10c		       a9 00		      LDA	#0
   2142  c10e		       85 d6		      STA	memloc
   2143  c110				   .L0147formemloc
   2144  c110				   .L0148		;;line 194;;  temp1 = r000[memloc]
   2145  c110
   2146  c110		       a6 d6		      LDX	memloc
   2147  c112		       bd 80 f0 	      LDA	r000,x
   2148  c115		       85 9c		      STA	temp1
   2149  c117				   .L0149		;;line 195;;  w000[memloc] = r000[memloc] ^ $ff
   2150  c117
   2151  c117		       a6 d6		      LDX	memloc
   2152  c119		       bd 80 f0 	      LDA	r000,x
   2153  c11c		       49 ff		      EOR	#$ff
   2154  c11e		       a6 d6		      LDX	memloc
   2155  c120		       9d 00 f0 	      STA	w000,x
   2156  c123				   .L0150		;;line 196;;  temp1 = temp1 ^ $ff
   2157  c123
   2158  c123		       a5 9c		      LDA	temp1
   2159  c125		       49 ff		      EOR	#$ff
   2160  c127		       85 9c		      STA	temp1
   2161  c129				   .L0151		;;line 197;;  if r000[memloc] <> temp1 then sc0 = $99 : scorecolor = $42
   2162  c129
   2163  c129		       a6 d6		      LDX	memloc
   2164  c12b		       bd 80 f0 	      LDA	r000,x
   2165  c12e		       c5 9c		      CMP	temp1
   2166  c130		       f0 08		      BEQ	.skipL0151
   2167  c132				   .condpart28
   2168  c132		       a9 99		      LDA	#$99
   2169  c134		       85 93		      STA	sc0
   2170  c136		       a9 42		      LDA	#$42
   2171  c138		       85 a3		      STA	scorecolor
   2172  c13a				   .skipL0151
   2173  c13a				   .L0152		;;line 198;;  drawscreen
   2174  c13a
   2175  c13a		       85 ee		      sta	temp7
   2176  c13c		       a9 b1		      lda	#(((>(ret_point12-1)) & $0F) | $b0)
   2177  c13e		       48		      pha
   2178  c13f		       a9 51		      lda	#<(ret_point12-1)
   2179  c141		       48		      pha
   2180  c142		       a9 f5		      lda	#>(drawscreen-1)
   2181  c144		       48		      pha
   2182  c145		       a9 80		      lda	#<(drawscreen-1)
   2183  c147		       48		      pha
   2184  c148		       a5 ee		      lda	temp7
   2185  c14a		       48		      pha
   2186  c14b		       8a		      txa
   2187  c14c		       48		      pha
   2188  c14d		       a2 10		      ldx	#16
   2189  c14f		       4c d7 ff 	      jmp	BS_jsr
   2190  c152				   ret_point12
   2191  c152				   .L0153		;;line 199;;  next
   2192  c152
   2193  c152		       a5 d6		      LDA	memloc
   2194  c154		       c9 7f		      CMP	#127
   2195  c156		       e6 d6		      INC	memloc
   2196  c158		       90 b6		      bcc	.L0147formemloc
   2197  c15a				  -	      if	( (((((#>*)&$1f)*256)|(#<.L0147formemloc))>=bankswitch_hotspot) && (((((#>*)&$1f)*256)|(#<.L0147formemloc))<=(bankswitch_hotspot+bs_mask)) )
   2198  c15a				  -	      echo	"WARNING: branch near the end of bank 12 may accidentally trigger a bankswitch. Reposition code there if bad things happen."
   2199  c15a					      endif
   2200  c15a				   .
   2201  c15a							;;line 200;;
   2202  c15a
   2203  c15a				   .L0154		;;line 201;;  goto goback bank1
   2204  c15a
   2205  c15a		       85 ee		      sta	temp7
   2206  c15c		       a9 12		      lda	#>(.goback-1)
   2207  c15e		       48		      pha
   2208  c15f		       a9 f9		      lda	#<(.goback-1)
   2209  c161		       48		      pha
   2210  c162		       a5 ee		      lda	temp7
   2211  c164		       48		      pha
   2212  c165		       8a		      txa
   2213  c166		       48		      pha
   2214  c167		       a2 01		      ldx	#1
   2215  c169		       4c d7 ff 	      jmp	BS_jsr
   2216  c16c				   .
   2217  c16c							;;line 202;;
   2218  c16c
   2219  c16c				   .L0155		;;line 203;;  bank 13
   2220  c16c
   2221  c16c					      if	ECHO12
      3664 bytes of ROM space left in bank 12
   2222  c16c					      echo	"    ",[(start_bank12 - *)]d , "bytes of ROM space left in bank 12")
   2223  c16c					      endif
   2224  c16c		       00 01	   ECHO12     =	1
   2225  cfbc					      ORG	$CFE0-bscode_length
   2226  cfbc					      RORG	$17FE0-bscode_length
   2227  cfbc		       a2 ff	   start_bank12 ldx	#$ff
   2228  cfbe				  -	      ifconst	FASTFETCH	; using DPC+
   2229  cfbe				  -	      stx	FASTFETCH
   2230  cfbe					      endif
   2231  cfbe		       9a		      txs
   2232  cfbf					      if	bankswitch == 64
   2233  cfbf		       a9 f3		      lda	#(((>(start-1)) & $0F) | $F0)
   2234  cfc1				  -	      else
   2235  cfc1				  -	      lda	#>(start-1)
   2236  cfc1					      endif
   2237  cfc1		       48		      pha
   2238  cfc2		       a9 4f		      lda	#<(start-1)
   2239  cfc4		       48		      pha
   2240  cfc5		       48		      pha
   2241  cfc6		       8a		      txa
   2242  cfc7		       48		      pha
   2243  cfc8		       ba		      tsx
   2244  cfc9				  -	      if	bankswitch != 64
   2245  cfc9				  -	      lda	4,x	; get high byte of return address
   2246  cfc9				  -	      rol
   2247  cfc9				  -	      rol
   2248  cfc9				  -	      rol
   2249  cfc9				  -	      rol
   2250  cfc9				  -	      and	#bs_mask	;1 3 or 7 for F8/F6/F4
   2251  cfc9				  -	      tax
   2252  cfc9				  -	      inx
   2253  cfc9					      else
   2254  cfc9		       b5 04		      lda	4,x	; get high byte of return address
   2255  cfcb		       a8		      tay
   2256  cfcc		       09 10		      ora	#$10	; change our bank nibble into a valid rom mirror
   2257  cfce		       95 04		      sta	4,x
   2258  cfd0		       98		      tya
   2259  cfd1		       4a		      lsr
   2260  cfd2		       4a		      lsr
   2261  cfd3		       4a		      lsr
   2262  cfd4		       4a		      lsr
   2263  cfd5		       aa		      tax
   2264  cfd6		       e8		      inx
   2265  cfd7					      endif
   2266  cfd7		       bd df 1f 	      lda	bankswitch_hotspot-1,x
   2267  cfda		       68		      pla
   2268  cfdb		       aa		      tax
   2269  cfdc		       68		      pla
   2270  cfdd		       60		      rts
   2271  cfde				  -	      if	((* & $1FFF) > ((bankswitch_hotspot & $1FFF) - 1))
   2272  cfde				  -	      echo	"WARNING: size parameter in banksw.asm too small - the program probably will not work."
   2273  cfde				  -	      echo	"Change to",[(*-begin_bscode+1)&$FF]d,"and try again."
   2274  cfde					      endif
   2275  cffc					      ORG	$CFFC
   2276  cffc					      RORG	$17FFC
   2277  cffc		       bc 7f		      .word.w	(start_bank12 & $ffff)
   2278  cffe		       bc 7f		      .word.w	(start_bank12 & $ffff)
   2279  d000					      ORG	$D000
   2280  d000					      RORG	$19000
   2281  d000					      repeat	256
   2282  d000		       ff		      .byte.b	$ff
   2281  d000					      repend
   2282  d001		       ff		      .byte.b	$ff
   2281  d001					      repend
   2282  d002		       ff		      .byte.b	$ff
   2281  d002					      repend
   2282  d003		       ff		      .byte.b	$ff
   2281  d003					      repend
   2282  d004		       ff		      .byte.b	$ff
   2281  d004					      repend
   2282  d005		       ff		      .byte.b	$ff
   2281  d005					      repend
   2282  d006		       ff		      .byte.b	$ff
   2281  d006					      repend
   2282  d007		       ff		      .byte.b	$ff
   2281  d007					      repend
   2282  d008		       ff		      .byte.b	$ff
   2281  d008					      repend
   2282  d009		       ff		      .byte.b	$ff
   2281  d009					      repend
   2282  d00a		       ff		      .byte.b	$ff
   2281  d00a					      repend
   2282  d00b		       ff		      .byte.b	$ff
   2281  d00b					      repend
   2282  d00c		       ff		      .byte.b	$ff
   2281  d00c					      repend
   2282  d00d		       ff		      .byte.b	$ff
   2281  d00d					      repend
   2282  d00e		       ff		      .byte.b	$ff
   2281  d00e					      repend
   2282  d00f		       ff		      .byte.b	$ff
   2281  d00f					      repend
   2282  d010		       ff		      .byte.b	$ff
   2281  d010					      repend
   2282  d011		       ff		      .byte.b	$ff
   2281  d011					      repend
   2282  d012		       ff		      .byte.b	$ff
   2281  d012					      repend
   2282  d013		       ff		      .byte.b	$ff
   2281  d013					      repend
   2282  d014		       ff		      .byte.b	$ff
   2281  d014					      repend
   2282  d015		       ff		      .byte.b	$ff
   2281  d015					      repend
   2282  d016		       ff		      .byte.b	$ff
   2281  d016					      repend
   2282  d017		       ff		      .byte.b	$ff
   2281  d017					      repend
   2282  d018		       ff		      .byte.b	$ff
   2281  d018					      repend
   2282  d019		       ff		      .byte.b	$ff
   2281  d019					      repend
   2282  d01a		       ff		      .byte.b	$ff
   2281  d01a					      repend
   2282  d01b		       ff		      .byte.b	$ff
   2281  d01b					      repend
   2282  d01c		       ff		      .byte.b	$ff
   2281  d01c					      repend
   2282  d01d		       ff		      .byte.b	$ff
   2281  d01d					      repend
   2282  d01e		       ff		      .byte.b	$ff
   2281  d01e					      repend
   2282  d01f		       ff		      .byte.b	$ff
   2281  d01f					      repend
   2282  d020		       ff		      .byte.b	$ff
   2281  d020					      repend
   2282  d021		       ff		      .byte.b	$ff
   2281  d021					      repend
   2282  d022		       ff		      .byte.b	$ff
   2281  d022					      repend
   2282  d023		       ff		      .byte.b	$ff
   2281  d023					      repend
   2282  d024		       ff		      .byte.b	$ff
   2281  d024					      repend
   2282  d025		       ff		      .byte.b	$ff
   2281  d025					      repend
   2282  d026		       ff		      .byte.b	$ff
   2281  d026					      repend
   2282  d027		       ff		      .byte.b	$ff
   2281  d027					      repend
   2282  d028		       ff		      .byte.b	$ff
   2281  d028					      repend
   2282  d029		       ff		      .byte.b	$ff
   2281  d029					      repend
   2282  d02a		       ff		      .byte.b	$ff
   2281  d02a					      repend
   2282  d02b		       ff		      .byte.b	$ff
   2281  d02b					      repend
   2282  d02c		       ff		      .byte.b	$ff
   2281  d02c					      repend
   2282  d02d		       ff		      .byte.b	$ff
   2281  d02d					      repend
   2282  d02e		       ff		      .byte.b	$ff
   2281  d02e					      repend
   2282  d02f		       ff		      .byte.b	$ff
   2281  d02f					      repend
   2282  d030		       ff		      .byte.b	$ff
   2281  d030					      repend
   2282  d031		       ff		      .byte.b	$ff
   2281  d031					      repend
   2282  d032		       ff		      .byte.b	$ff
   2281  d032					      repend
   2282  d033		       ff		      .byte.b	$ff
   2281  d033					      repend
   2282  d034		       ff		      .byte.b	$ff
   2281  d034					      repend
   2282  d035		       ff		      .byte.b	$ff
   2281  d035					      repend
   2282  d036		       ff		      .byte.b	$ff
   2281  d036					      repend
   2282  d037		       ff		      .byte.b	$ff
   2281  d037					      repend
   2282  d038		       ff		      .byte.b	$ff
   2281  d038					      repend
   2282  d039		       ff		      .byte.b	$ff
   2281  d039					      repend
   2282  d03a		       ff		      .byte.b	$ff
   2281  d03a					      repend
   2282  d03b		       ff		      .byte.b	$ff
   2281  d03b					      repend
   2282  d03c		       ff		      .byte.b	$ff
   2281  d03c					      repend
   2282  d03d		       ff		      .byte.b	$ff
   2281  d03d					      repend
   2282  d03e		       ff		      .byte.b	$ff
   2281  d03e					      repend
   2282  d03f		       ff		      .byte.b	$ff
   2281  d03f					      repend
   2282  d040		       ff		      .byte.b	$ff
   2281  d040					      repend
   2282  d041		       ff		      .byte.b	$ff
   2281  d041					      repend
   2282  d042		       ff		      .byte.b	$ff
   2281  d042					      repend
   2282  d043		       ff		      .byte.b	$ff
   2281  d043					      repend
   2282  d044		       ff		      .byte.b	$ff
   2281  d044					      repend
   2282  d045		       ff		      .byte.b	$ff
   2281  d045					      repend
   2282  d046		       ff		      .byte.b	$ff
   2281  d046					      repend
   2282  d047		       ff		      .byte.b	$ff
   2281  d047					      repend
   2282  d048		       ff		      .byte.b	$ff
   2281  d048					      repend
   2282  d049		       ff		      .byte.b	$ff
   2281  d049					      repend
   2282  d04a		       ff		      .byte.b	$ff
   2281  d04a					      repend
   2282  d04b		       ff		      .byte.b	$ff
   2281  d04b					      repend
   2282  d04c		       ff		      .byte.b	$ff
   2281  d04c					      repend
   2282  d04d		       ff		      .byte.b	$ff
   2281  d04d					      repend
   2282  d04e		       ff		      .byte.b	$ff
   2281  d04e					      repend
   2282  d04f		       ff		      .byte.b	$ff
   2281  d04f					      repend
   2282  d050		       ff		      .byte.b	$ff
   2281  d050					      repend
   2282  d051		       ff		      .byte.b	$ff
   2281  d051					      repend
   2282  d052		       ff		      .byte.b	$ff
   2281  d052					      repend
   2282  d053		       ff		      .byte.b	$ff
   2281  d053					      repend
   2282  d054		       ff		      .byte.b	$ff
   2281  d054					      repend
   2282  d055		       ff		      .byte.b	$ff
   2281  d055					      repend
   2282  d056		       ff		      .byte.b	$ff
   2281  d056					      repend
   2282  d057		       ff		      .byte.b	$ff
   2281  d057					      repend
   2282  d058		       ff		      .byte.b	$ff
   2281  d058					      repend
   2282  d059		       ff		      .byte.b	$ff
   2281  d059					      repend
   2282  d05a		       ff		      .byte.b	$ff
   2281  d05a					      repend
   2282  d05b		       ff		      .byte.b	$ff
   2281  d05b					      repend
   2282  d05c		       ff		      .byte.b	$ff
   2281  d05c					      repend
   2282  d05d		       ff		      .byte.b	$ff
   2281  d05d					      repend
   2282  d05e		       ff		      .byte.b	$ff
   2281  d05e					      repend
   2282  d05f		       ff		      .byte.b	$ff
   2281  d05f					      repend
   2282  d060		       ff		      .byte.b	$ff
   2281  d060					      repend
   2282  d061		       ff		      .byte.b	$ff
   2281  d061					      repend
   2282  d062		       ff		      .byte.b	$ff
   2281  d062					      repend
   2282  d063		       ff		      .byte.b	$ff
   2281  d063					      repend
   2282  d064		       ff		      .byte.b	$ff
   2281  d064					      repend
   2282  d065		       ff		      .byte.b	$ff
   2281  d065					      repend
   2282  d066		       ff		      .byte.b	$ff
   2281  d066					      repend
   2282  d067		       ff		      .byte.b	$ff
   2281  d067					      repend
   2282  d068		       ff		      .byte.b	$ff
   2281  d068					      repend
   2282  d069		       ff		      .byte.b	$ff
   2281  d069					      repend
   2282  d06a		       ff		      .byte.b	$ff
   2281  d06a					      repend
   2282  d06b		       ff		      .byte.b	$ff
   2281  d06b					      repend
   2282  d06c		       ff		      .byte.b	$ff
   2281  d06c					      repend
   2282  d06d		       ff		      .byte.b	$ff
   2281  d06d					      repend
   2282  d06e		       ff		      .byte.b	$ff
   2281  d06e					      repend
   2282  d06f		       ff		      .byte.b	$ff
   2281  d06f					      repend
   2282  d070		       ff		      .byte.b	$ff
   2281  d070					      repend
   2282  d071		       ff		      .byte.b	$ff
   2281  d071					      repend
   2282  d072		       ff		      .byte.b	$ff
   2281  d072					      repend
   2282  d073		       ff		      .byte.b	$ff
   2281  d073					      repend
   2282  d074		       ff		      .byte.b	$ff
   2281  d074					      repend
   2282  d075		       ff		      .byte.b	$ff
   2281  d075					      repend
   2282  d076		       ff		      .byte.b	$ff
   2281  d076					      repend
   2282  d077		       ff		      .byte.b	$ff
   2281  d077					      repend
   2282  d078		       ff		      .byte.b	$ff
   2281  d078					      repend
   2282  d079		       ff		      .byte.b	$ff
   2281  d079					      repend
   2282  d07a		       ff		      .byte.b	$ff
   2281  d07a					      repend
   2282  d07b		       ff		      .byte.b	$ff
   2281  d07b					      repend
   2282  d07c		       ff		      .byte.b	$ff
   2281  d07c					      repend
   2282  d07d		       ff		      .byte.b	$ff
   2281  d07d					      repend
   2282  d07e		       ff		      .byte.b	$ff
   2281  d07e					      repend
   2282  d07f		       ff		      .byte.b	$ff
   2281  d07f					      repend
   2282  d080		       ff		      .byte.b	$ff
   2281  d080					      repend
   2282  d081		       ff		      .byte.b	$ff
   2281  d081					      repend
   2282  d082		       ff		      .byte.b	$ff
   2281  d082					      repend
   2282  d083		       ff		      .byte.b	$ff
   2281  d083					      repend
   2282  d084		       ff		      .byte.b	$ff
   2281  d084					      repend
   2282  d085		       ff		      .byte.b	$ff
   2281  d085					      repend
   2282  d086		       ff		      .byte.b	$ff
   2281  d086					      repend
   2282  d087		       ff		      .byte.b	$ff
   2281  d087					      repend
   2282  d088		       ff		      .byte.b	$ff
   2281  d088					      repend
   2282  d089		       ff		      .byte.b	$ff
   2281  d089					      repend
   2282  d08a		       ff		      .byte.b	$ff
   2281  d08a					      repend
   2282  d08b		       ff		      .byte.b	$ff
   2281  d08b					      repend
   2282  d08c		       ff		      .byte.b	$ff
   2281  d08c					      repend
   2282  d08d		       ff		      .byte.b	$ff
   2281  d08d					      repend
   2282  d08e		       ff		      .byte.b	$ff
   2281  d08e					      repend
   2282  d08f		       ff		      .byte.b	$ff
   2281  d08f					      repend
   2282  d090		       ff		      .byte.b	$ff
   2281  d090					      repend
   2282  d091		       ff		      .byte.b	$ff
   2281  d091					      repend
   2282  d092		       ff		      .byte.b	$ff
   2281  d092					      repend
   2282  d093		       ff		      .byte.b	$ff
   2281  d093					      repend
   2282  d094		       ff		      .byte.b	$ff
   2281  d094					      repend
   2282  d095		       ff		      .byte.b	$ff
   2281  d095					      repend
   2282  d096		       ff		      .byte.b	$ff
   2281  d096					      repend
   2282  d097		       ff		      .byte.b	$ff
   2281  d097					      repend
   2282  d098		       ff		      .byte.b	$ff
   2281  d098					      repend
   2282  d099		       ff		      .byte.b	$ff
   2281  d099					      repend
   2282  d09a		       ff		      .byte.b	$ff
   2281  d09a					      repend
   2282  d09b		       ff		      .byte.b	$ff
   2281  d09b					      repend
   2282  d09c		       ff		      .byte.b	$ff
   2281  d09c					      repend
   2282  d09d		       ff		      .byte.b	$ff
   2281  d09d					      repend
   2282  d09e		       ff		      .byte.b	$ff
   2281  d09e					      repend
   2282  d09f		       ff		      .byte.b	$ff
   2281  d09f					      repend
   2282  d0a0		       ff		      .byte.b	$ff
   2281  d0a0					      repend
   2282  d0a1		       ff		      .byte.b	$ff
   2281  d0a1					      repend
   2282  d0a2		       ff		      .byte.b	$ff
   2281  d0a2					      repend
   2282  d0a3		       ff		      .byte.b	$ff
   2281  d0a3					      repend
   2282  d0a4		       ff		      .byte.b	$ff
   2281  d0a4					      repend
   2282  d0a5		       ff		      .byte.b	$ff
   2281  d0a5					      repend
   2282  d0a6		       ff		      .byte.b	$ff
   2281  d0a6					      repend
   2282  d0a7		       ff		      .byte.b	$ff
   2281  d0a7					      repend
   2282  d0a8		       ff		      .byte.b	$ff
   2281  d0a8					      repend
   2282  d0a9		       ff		      .byte.b	$ff
   2281  d0a9					      repend
   2282  d0aa		       ff		      .byte.b	$ff
   2281  d0aa					      repend
   2282  d0ab		       ff		      .byte.b	$ff
   2281  d0ab					      repend
   2282  d0ac		       ff		      .byte.b	$ff
   2281  d0ac					      repend
   2282  d0ad		       ff		      .byte.b	$ff
   2281  d0ad					      repend
   2282  d0ae		       ff		      .byte.b	$ff
   2281  d0ae					      repend
   2282  d0af		       ff		      .byte.b	$ff
   2281  d0af					      repend
   2282  d0b0		       ff		      .byte.b	$ff
   2281  d0b0					      repend
   2282  d0b1		       ff		      .byte.b	$ff
   2281  d0b1					      repend
   2282  d0b2		       ff		      .byte.b	$ff
   2281  d0b2					      repend
   2282  d0b3		       ff		      .byte.b	$ff
   2281  d0b3					      repend
   2282  d0b4		       ff		      .byte.b	$ff
   2281  d0b4					      repend
   2282  d0b5		       ff		      .byte.b	$ff
   2281  d0b5					      repend
   2282  d0b6		       ff		      .byte.b	$ff
   2281  d0b6					      repend
   2282  d0b7		       ff		      .byte.b	$ff
   2281  d0b7					      repend
   2282  d0b8		       ff		      .byte.b	$ff
   2281  d0b8					      repend
   2282  d0b9		       ff		      .byte.b	$ff
   2281  d0b9					      repend
   2282  d0ba		       ff		      .byte.b	$ff
   2281  d0ba					      repend
   2282  d0bb		       ff		      .byte.b	$ff
   2281  d0bb					      repend
   2282  d0bc		       ff		      .byte.b	$ff
   2281  d0bc					      repend
   2282  d0bd		       ff		      .byte.b	$ff
   2281  d0bd					      repend
   2282  d0be		       ff		      .byte.b	$ff
   2281  d0be					      repend
   2282  d0bf		       ff		      .byte.b	$ff
   2281  d0bf					      repend
   2282  d0c0		       ff		      .byte.b	$ff
   2281  d0c0					      repend
   2282  d0c1		       ff		      .byte.b	$ff
   2281  d0c1					      repend
   2282  d0c2		       ff		      .byte.b	$ff
   2281  d0c2					      repend
   2282  d0c3		       ff		      .byte.b	$ff
   2281  d0c3					      repend
   2282  d0c4		       ff		      .byte.b	$ff
   2281  d0c4					      repend
   2282  d0c5		       ff		      .byte.b	$ff
   2281  d0c5					      repend
   2282  d0c6		       ff		      .byte.b	$ff
   2281  d0c6					      repend
   2282  d0c7		       ff		      .byte.b	$ff
   2281  d0c7					      repend
   2282  d0c8		       ff		      .byte.b	$ff
   2281  d0c8					      repend
   2282  d0c9		       ff		      .byte.b	$ff
   2281  d0c9					      repend
   2282  d0ca		       ff		      .byte.b	$ff
   2281  d0ca					      repend
   2282  d0cb		       ff		      .byte.b	$ff
   2281  d0cb					      repend
   2282  d0cc		       ff		      .byte.b	$ff
   2281  d0cc					      repend
   2282  d0cd		       ff		      .byte.b	$ff
   2281  d0cd					      repend
   2282  d0ce		       ff		      .byte.b	$ff
   2281  d0ce					      repend
   2282  d0cf		       ff		      .byte.b	$ff
   2281  d0cf					      repend
   2282  d0d0		       ff		      .byte.b	$ff
   2281  d0d0					      repend
   2282  d0d1		       ff		      .byte.b	$ff
   2281  d0d1					      repend
   2282  d0d2		       ff		      .byte.b	$ff
   2281  d0d2					      repend
   2282  d0d3		       ff		      .byte.b	$ff
   2281  d0d3					      repend
   2282  d0d4		       ff		      .byte.b	$ff
   2281  d0d4					      repend
   2282  d0d5		       ff		      .byte.b	$ff
   2281  d0d5					      repend
   2282  d0d6		       ff		      .byte.b	$ff
   2281  d0d6					      repend
   2282  d0d7		       ff		      .byte.b	$ff
   2281  d0d7					      repend
   2282  d0d8		       ff		      .byte.b	$ff
   2281  d0d8					      repend
   2282  d0d9		       ff		      .byte.b	$ff
   2281  d0d9					      repend
   2282  d0da		       ff		      .byte.b	$ff
   2281  d0da					      repend
   2282  d0db		       ff		      .byte.b	$ff
   2281  d0db					      repend
   2282  d0dc		       ff		      .byte.b	$ff
   2281  d0dc					      repend
   2282  d0dd		       ff		      .byte.b	$ff
   2281  d0dd					      repend
   2282  d0de		       ff		      .byte.b	$ff
   2281  d0de					      repend
   2282  d0df		       ff		      .byte.b	$ff
   2281  d0df					      repend
   2282  d0e0		       ff		      .byte.b	$ff
   2281  d0e0					      repend
   2282  d0e1		       ff		      .byte.b	$ff
   2281  d0e1					      repend
   2282  d0e2		       ff		      .byte.b	$ff
   2281  d0e2					      repend
   2282  d0e3		       ff		      .byte.b	$ff
   2281  d0e3					      repend
   2282  d0e4		       ff		      .byte.b	$ff
   2281  d0e4					      repend
   2282  d0e5		       ff		      .byte.b	$ff
   2281  d0e5					      repend
   2282  d0e6		       ff		      .byte.b	$ff
   2281  d0e6					      repend
   2282  d0e7		       ff		      .byte.b	$ff
   2281  d0e7					      repend
   2282  d0e8		       ff		      .byte.b	$ff
   2281  d0e8					      repend
   2282  d0e9		       ff		      .byte.b	$ff
   2281  d0e9					      repend
   2282  d0ea		       ff		      .byte.b	$ff
   2281  d0ea					      repend
   2282  d0eb		       ff		      .byte.b	$ff
   2281  d0eb					      repend
   2282  d0ec		       ff		      .byte.b	$ff
   2281  d0ec					      repend
   2282  d0ed		       ff		      .byte.b	$ff
   2281  d0ed					      repend
   2282  d0ee		       ff		      .byte.b	$ff
   2281  d0ee					      repend
   2282  d0ef		       ff		      .byte.b	$ff
   2281  d0ef					      repend
   2282  d0f0		       ff		      .byte.b	$ff
   2281  d0f0					      repend
   2282  d0f1		       ff		      .byte.b	$ff
   2281  d0f1					      repend
   2282  d0f2		       ff		      .byte.b	$ff
   2281  d0f2					      repend
   2282  d0f3		       ff		      .byte.b	$ff
   2281  d0f3					      repend
   2282  d0f4		       ff		      .byte.b	$ff
   2281  d0f4					      repend
   2282  d0f5		       ff		      .byte.b	$ff
   2281  d0f5					      repend
   2282  d0f6		       ff		      .byte.b	$ff
   2281  d0f6					      repend
   2282  d0f7		       ff		      .byte.b	$ff
   2281  d0f7					      repend
   2282  d0f8		       ff		      .byte.b	$ff
   2281  d0f8					      repend
   2282  d0f9		       ff		      .byte.b	$ff
   2281  d0f9					      repend
   2282  d0fa		       ff		      .byte.b	$ff
   2281  d0fa					      repend
   2282  d0fb		       ff		      .byte.b	$ff
   2281  d0fb					      repend
   2282  d0fc		       ff		      .byte.b	$ff
   2281  d0fc					      repend
   2282  d0fd		       ff		      .byte.b	$ff
   2281  d0fd					      repend
   2282  d0fe		       ff		      .byte.b	$ff
   2281  d0fe					      repend
   2282  d0ff		       ff		      .byte.b	$ff
   2283  d100					      repend
   2284  d100				   .bsub13
   2285  d100							;;line 204;; bsub13
   2286  d100
   2287  d100				   .L0156		;;line 205;;  score = 13
   2288  d100
   2289  d100		       a9 13		      LDA	#$13
   2290  d102		       85 95		      STA	score+2
   2291  d104		       a9 00		      LDA	#$00
   2292  d106		       85 94		      STA	score+1
   2293  d108		       a9 00		      LDA	#$00
   2294  d10a		       85 93		      STA	score
   2295  d10c				   .L0157		;;line 206;;  for memloc = 0 to 127
   2296  d10c
   2297  d10c		       a9 00		      LDA	#0
   2298  d10e		       85 d6		      STA	memloc
   2299  d110				   .L0157formemloc
   2300  d110				   .L0158		;;line 207;;  temp1 = r000[memloc]
   2301  d110
   2302  d110		       a6 d6		      LDX	memloc
   2303  d112		       bd 80 f0 	      LDA	r000,x
   2304  d115		       85 9c		      STA	temp1
   2305  d117				   .L0159		;;line 208;;  w000[memloc] = r000[memloc] ^ $ff
   2306  d117
   2307  d117		       a6 d6		      LDX	memloc
   2308  d119		       bd 80 f0 	      LDA	r000,x
   2309  d11c		       49 ff		      EOR	#$ff
   2310  d11e		       a6 d6		      LDX	memloc
   2311  d120		       9d 00 f0 	      STA	w000,x
   2312  d123				   .L0160		;;line 209;;  temp1 = temp1 ^ $ff
   2313  d123
   2314  d123		       a5 9c		      LDA	temp1
   2315  d125		       49 ff		      EOR	#$ff
   2316  d127		       85 9c		      STA	temp1
   2317  d129				   .L0161		;;line 210;;  if r000[memloc] <> temp1 then sc0 = $99 : scorecolor = $42
   2318  d129
   2319  d129		       a6 d6		      LDX	memloc
   2320  d12b		       bd 80 f0 	      LDA	r000,x
   2321  d12e		       c5 9c		      CMP	temp1
   2322  d130		       f0 08		      BEQ	.skipL0161
   2323  d132				   .condpart29
   2324  d132		       a9 99		      LDA	#$99
   2325  d134		       85 93		      STA	sc0
   2326  d136		       a9 42		      LDA	#$42
   2327  d138		       85 a3		      STA	scorecolor
   2328  d13a				   .skipL0161
   2329  d13a				   .L0162		;;line 211;;  drawscreen
   2330  d13a
   2331  d13a		       85 ee		      sta	temp7
   2332  d13c		       a9 c1		      lda	#(((>(ret_point13-1)) & $0F) | $c0)
   2333  d13e		       48		      pha
   2334  d13f		       a9 51		      lda	#<(ret_point13-1)
   2335  d141		       48		      pha
   2336  d142		       a9 f5		      lda	#>(drawscreen-1)
   2337  d144		       48		      pha
   2338  d145		       a9 80		      lda	#<(drawscreen-1)
   2339  d147		       48		      pha
   2340  d148		       a5 ee		      lda	temp7
   2341  d14a		       48		      pha
   2342  d14b		       8a		      txa
   2343  d14c		       48		      pha
   2344  d14d		       a2 10		      ldx	#16
   2345  d14f		       4c d7 ff 	      jmp	BS_jsr
   2346  d152				   ret_point13
   2347  d152				   .L0163		;;line 212;;  next
   2348  d152
   2349  d152		       a5 d6		      LDA	memloc
   2350  d154		       c9 7f		      CMP	#127
   2351  d156		       e6 d6		      INC	memloc
   2352  d158		       90 b6		      bcc	.L0157formemloc
   2353  d15a				  -	      if	( (((((#>*)&$1f)*256)|(#<.L0157formemloc))>=bankswitch_hotspot) && (((((#>*)&$1f)*256)|(#<.L0157formemloc))<=(bankswitch_hotspot+bs_mask)) )
   2354  d15a				  -	      echo	"WARNING: branch near the end of bank 13 may accidentally trigger a bankswitch. Reposition code there if bad things happen."
   2355  d15a					      endif
   2356  d15a				   .
   2357  d15a							;;line 213;;
   2358  d15a
   2359  d15a				   .L0164		;;line 214;;  goto goback bank1
   2360  d15a
   2361  d15a		       85 ee		      sta	temp7
   2362  d15c		       a9 12		      lda	#>(.goback-1)
   2363  d15e		       48		      pha
   2364  d15f		       a9 f9		      lda	#<(.goback-1)
   2365  d161		       48		      pha
   2366  d162		       a5 ee		      lda	temp7
   2367  d164		       48		      pha
   2368  d165		       8a		      txa
   2369  d166		       48		      pha
   2370  d167		       a2 01		      ldx	#1
   2371  d169		       4c d7 ff 	      jmp	BS_jsr
   2372  d16c				   .
   2373  d16c							;;line 215;;
   2374  d16c
   2375  d16c				   .L0165		;;line 216;;  bank 14
   2376  d16c
   2377  d16c					      if	ECHO13
      3664 bytes of ROM space left in bank 13
   2378  d16c					      echo	"    ",[(start_bank13 - *)]d , "bytes of ROM space left in bank 13")
   2379  d16c					      endif
   2380  d16c		       00 01	   ECHO13     =	1
   2381  dfbc					      ORG	$DFE0-bscode_length
   2382  dfbc					      RORG	$19FE0-bscode_length
   2383  dfbc		       a2 ff	   start_bank13 ldx	#$ff
   2384  dfbe				  -	      ifconst	FASTFETCH	; using DPC+
   2385  dfbe				  -	      stx	FASTFETCH
   2386  dfbe					      endif
   2387  dfbe		       9a		      txs
   2388  dfbf					      if	bankswitch == 64
   2389  dfbf		       a9 f3		      lda	#(((>(start-1)) & $0F) | $F0)
   2390  dfc1				  -	      else
   2391  dfc1				  -	      lda	#>(start-1)
   2392  dfc1					      endif
   2393  dfc1		       48		      pha
   2394  dfc2		       a9 4f		      lda	#<(start-1)
   2395  dfc4		       48		      pha
   2396  dfc5		       48		      pha
   2397  dfc6		       8a		      txa
   2398  dfc7		       48		      pha
   2399  dfc8		       ba		      tsx
   2400  dfc9				  -	      if	bankswitch != 64
   2401  dfc9				  -	      lda	4,x	; get high byte of return address
   2402  dfc9				  -	      rol
   2403  dfc9				  -	      rol
   2404  dfc9				  -	      rol
   2405  dfc9				  -	      rol
   2406  dfc9				  -	      and	#bs_mask	;1 3 or 7 for F8/F6/F4
   2407  dfc9				  -	      tax
   2408  dfc9				  -	      inx
   2409  dfc9					      else
   2410  dfc9		       b5 04		      lda	4,x	; get high byte of return address
   2411  dfcb		       a8		      tay
   2412  dfcc		       09 10		      ora	#$10	; change our bank nibble into a valid rom mirror
   2413  dfce		       95 04		      sta	4,x
   2414  dfd0		       98		      tya
   2415  dfd1		       4a		      lsr
   2416  dfd2		       4a		      lsr
   2417  dfd3		       4a		      lsr
   2418  dfd4		       4a		      lsr
   2419  dfd5		       aa		      tax
   2420  dfd6		       e8		      inx
   2421  dfd7					      endif
   2422  dfd7		       bd df 1f 	      lda	bankswitch_hotspot-1,x
   2423  dfda		       68		      pla
   2424  dfdb		       aa		      tax
   2425  dfdc		       68		      pla
   2426  dfdd		       60		      rts
   2427  dfde				  -	      if	((* & $1FFF) > ((bankswitch_hotspot & $1FFF) - 1))
   2428  dfde				  -	      echo	"WARNING: size parameter in banksw.asm too small - the program probably will not work."
   2429  dfde				  -	      echo	"Change to",[(*-begin_bscode+1)&$FF]d,"and try again."
   2430  dfde					      endif
   2431  dffc					      ORG	$DFFC
   2432  dffc					      RORG	$19FFC
   2433  dffc		       bc 9f		      .word.w	(start_bank13 & $ffff)
   2434  dffe		       bc 9f		      .word.w	(start_bank13 & $ffff)
   2435  e000					      ORG	$E000
   2436  e000					      RORG	$1B000
   2437  e000					      repeat	256
   2438  e000		       ff		      .byte.b	$ff
   2437  e000					      repend
   2438  e001		       ff		      .byte.b	$ff
   2437  e001					      repend
   2438  e002		       ff		      .byte.b	$ff
   2437  e002					      repend
   2438  e003		       ff		      .byte.b	$ff
   2437  e003					      repend
   2438  e004		       ff		      .byte.b	$ff
   2437  e004					      repend
   2438  e005		       ff		      .byte.b	$ff
   2437  e005					      repend
   2438  e006		       ff		      .byte.b	$ff
   2437  e006					      repend
   2438  e007		       ff		      .byte.b	$ff
   2437  e007					      repend
   2438  e008		       ff		      .byte.b	$ff
   2437  e008					      repend
   2438  e009		       ff		      .byte.b	$ff
   2437  e009					      repend
   2438  e00a		       ff		      .byte.b	$ff
   2437  e00a					      repend
   2438  e00b		       ff		      .byte.b	$ff
   2437  e00b					      repend
   2438  e00c		       ff		      .byte.b	$ff
   2437  e00c					      repend
   2438  e00d		       ff		      .byte.b	$ff
   2437  e00d					      repend
   2438  e00e		       ff		      .byte.b	$ff
   2437  e00e					      repend
   2438  e00f		       ff		      .byte.b	$ff
   2437  e00f					      repend
   2438  e010		       ff		      .byte.b	$ff
   2437  e010					      repend
   2438  e011		       ff		      .byte.b	$ff
   2437  e011					      repend
   2438  e012		       ff		      .byte.b	$ff
   2437  e012					      repend
   2438  e013		       ff		      .byte.b	$ff
   2437  e013					      repend
   2438  e014		       ff		      .byte.b	$ff
   2437  e014					      repend
   2438  e015		       ff		      .byte.b	$ff
   2437  e015					      repend
   2438  e016		       ff		      .byte.b	$ff
   2437  e016					      repend
   2438  e017		       ff		      .byte.b	$ff
   2437  e017					      repend
   2438  e018		       ff		      .byte.b	$ff
   2437  e018					      repend
   2438  e019		       ff		      .byte.b	$ff
   2437  e019					      repend
   2438  e01a		       ff		      .byte.b	$ff
   2437  e01a					      repend
   2438  e01b		       ff		      .byte.b	$ff
   2437  e01b					      repend
   2438  e01c		       ff		      .byte.b	$ff
   2437  e01c					      repend
   2438  e01d		       ff		      .byte.b	$ff
   2437  e01d					      repend
   2438  e01e		       ff		      .byte.b	$ff
   2437  e01e					      repend
   2438  e01f		       ff		      .byte.b	$ff
   2437  e01f					      repend
   2438  e020		       ff		      .byte.b	$ff
   2437  e020					      repend
   2438  e021		       ff		      .byte.b	$ff
   2437  e021					      repend
   2438  e022		       ff		      .byte.b	$ff
   2437  e022					      repend
   2438  e023		       ff		      .byte.b	$ff
   2437  e023					      repend
   2438  e024		       ff		      .byte.b	$ff
   2437  e024					      repend
   2438  e025		       ff		      .byte.b	$ff
   2437  e025					      repend
   2438  e026		       ff		      .byte.b	$ff
   2437  e026					      repend
   2438  e027		       ff		      .byte.b	$ff
   2437  e027					      repend
   2438  e028		       ff		      .byte.b	$ff
   2437  e028					      repend
   2438  e029		       ff		      .byte.b	$ff
   2437  e029					      repend
   2438  e02a		       ff		      .byte.b	$ff
   2437  e02a					      repend
   2438  e02b		       ff		      .byte.b	$ff
   2437  e02b					      repend
   2438  e02c		       ff		      .byte.b	$ff
   2437  e02c					      repend
   2438  e02d		       ff		      .byte.b	$ff
   2437  e02d					      repend
   2438  e02e		       ff		      .byte.b	$ff
   2437  e02e					      repend
   2438  e02f		       ff		      .byte.b	$ff
   2437  e02f					      repend
   2438  e030		       ff		      .byte.b	$ff
   2437  e030					      repend
   2438  e031		       ff		      .byte.b	$ff
   2437  e031					      repend
   2438  e032		       ff		      .byte.b	$ff
   2437  e032					      repend
   2438  e033		       ff		      .byte.b	$ff
   2437  e033					      repend
   2438  e034		       ff		      .byte.b	$ff
   2437  e034					      repend
   2438  e035		       ff		      .byte.b	$ff
   2437  e035					      repend
   2438  e036		       ff		      .byte.b	$ff
   2437  e036					      repend
   2438  e037		       ff		      .byte.b	$ff
   2437  e037					      repend
   2438  e038		       ff		      .byte.b	$ff
   2437  e038					      repend
   2438  e039		       ff		      .byte.b	$ff
   2437  e039					      repend
   2438  e03a		       ff		      .byte.b	$ff
   2437  e03a					      repend
   2438  e03b		       ff		      .byte.b	$ff
   2437  e03b					      repend
   2438  e03c		       ff		      .byte.b	$ff
   2437  e03c					      repend
   2438  e03d		       ff		      .byte.b	$ff
   2437  e03d					      repend
   2438  e03e		       ff		      .byte.b	$ff
   2437  e03e					      repend
   2438  e03f		       ff		      .byte.b	$ff
   2437  e03f					      repend
   2438  e040		       ff		      .byte.b	$ff
   2437  e040					      repend
   2438  e041		       ff		      .byte.b	$ff
   2437  e041					      repend
   2438  e042		       ff		      .byte.b	$ff
   2437  e042					      repend
   2438  e043		       ff		      .byte.b	$ff
   2437  e043					      repend
   2438  e044		       ff		      .byte.b	$ff
   2437  e044					      repend
   2438  e045		       ff		      .byte.b	$ff
   2437  e045					      repend
   2438  e046		       ff		      .byte.b	$ff
   2437  e046					      repend
   2438  e047		       ff		      .byte.b	$ff
   2437  e047					      repend
   2438  e048		       ff		      .byte.b	$ff
   2437  e048					      repend
   2438  e049		       ff		      .byte.b	$ff
   2437  e049					      repend
   2438  e04a		       ff		      .byte.b	$ff
   2437  e04a					      repend
   2438  e04b		       ff		      .byte.b	$ff
   2437  e04b					      repend
   2438  e04c		       ff		      .byte.b	$ff
   2437  e04c					      repend
   2438  e04d		       ff		      .byte.b	$ff
   2437  e04d					      repend
   2438  e04e		       ff		      .byte.b	$ff
   2437  e04e					      repend
   2438  e04f		       ff		      .byte.b	$ff
   2437  e04f					      repend
   2438  e050		       ff		      .byte.b	$ff
   2437  e050					      repend
   2438  e051		       ff		      .byte.b	$ff
   2437  e051					      repend
   2438  e052		       ff		      .byte.b	$ff
   2437  e052					      repend
   2438  e053		       ff		      .byte.b	$ff
   2437  e053					      repend
   2438  e054		       ff		      .byte.b	$ff
   2437  e054					      repend
   2438  e055		       ff		      .byte.b	$ff
   2437  e055					      repend
   2438  e056		       ff		      .byte.b	$ff
   2437  e056					      repend
   2438  e057		       ff		      .byte.b	$ff
   2437  e057					      repend
   2438  e058		       ff		      .byte.b	$ff
   2437  e058					      repend
   2438  e059		       ff		      .byte.b	$ff
   2437  e059					      repend
   2438  e05a		       ff		      .byte.b	$ff
   2437  e05a					      repend
   2438  e05b		       ff		      .byte.b	$ff
   2437  e05b					      repend
   2438  e05c		       ff		      .byte.b	$ff
   2437  e05c					      repend
   2438  e05d		       ff		      .byte.b	$ff
   2437  e05d					      repend
   2438  e05e		       ff		      .byte.b	$ff
   2437  e05e					      repend
   2438  e05f		       ff		      .byte.b	$ff
   2437  e05f					      repend
   2438  e060		       ff		      .byte.b	$ff
   2437  e060					      repend
   2438  e061		       ff		      .byte.b	$ff
   2437  e061					      repend
   2438  e062		       ff		      .byte.b	$ff
   2437  e062					      repend
   2438  e063		       ff		      .byte.b	$ff
   2437  e063					      repend
   2438  e064		       ff		      .byte.b	$ff
   2437  e064					      repend
   2438  e065		       ff		      .byte.b	$ff
   2437  e065					      repend
   2438  e066		       ff		      .byte.b	$ff
   2437  e066					      repend
   2438  e067		       ff		      .byte.b	$ff
   2437  e067					      repend
   2438  e068		       ff		      .byte.b	$ff
   2437  e068					      repend
   2438  e069		       ff		      .byte.b	$ff
   2437  e069					      repend
   2438  e06a		       ff		      .byte.b	$ff
   2437  e06a					      repend
   2438  e06b		       ff		      .byte.b	$ff
   2437  e06b					      repend
   2438  e06c		       ff		      .byte.b	$ff
   2437  e06c					      repend
   2438  e06d		       ff		      .byte.b	$ff
   2437  e06d					      repend
   2438  e06e		       ff		      .byte.b	$ff
   2437  e06e					      repend
   2438  e06f		       ff		      .byte.b	$ff
   2437  e06f					      repend
   2438  e070		       ff		      .byte.b	$ff
   2437  e070					      repend
   2438  e071		       ff		      .byte.b	$ff
   2437  e071					      repend
   2438  e072		       ff		      .byte.b	$ff
   2437  e072					      repend
   2438  e073		       ff		      .byte.b	$ff
   2437  e073					      repend
   2438  e074		       ff		      .byte.b	$ff
   2437  e074					      repend
   2438  e075		       ff		      .byte.b	$ff
   2437  e075					      repend
   2438  e076		       ff		      .byte.b	$ff
   2437  e076					      repend
   2438  e077		       ff		      .byte.b	$ff
   2437  e077					      repend
   2438  e078		       ff		      .byte.b	$ff
   2437  e078					      repend
   2438  e079		       ff		      .byte.b	$ff
   2437  e079					      repend
   2438  e07a		       ff		      .byte.b	$ff
   2437  e07a					      repend
   2438  e07b		       ff		      .byte.b	$ff
   2437  e07b					      repend
   2438  e07c		       ff		      .byte.b	$ff
   2437  e07c					      repend
   2438  e07d		       ff		      .byte.b	$ff
   2437  e07d					      repend
   2438  e07e		       ff		      .byte.b	$ff
   2437  e07e					      repend
   2438  e07f		       ff		      .byte.b	$ff
   2437  e07f					      repend
   2438  e080		       ff		      .byte.b	$ff
   2437  e080					      repend
   2438  e081		       ff		      .byte.b	$ff
   2437  e081					      repend
   2438  e082		       ff		      .byte.b	$ff
   2437  e082					      repend
   2438  e083		       ff		      .byte.b	$ff
   2437  e083					      repend
   2438  e084		       ff		      .byte.b	$ff
   2437  e084					      repend
   2438  e085		       ff		      .byte.b	$ff
   2437  e085					      repend
   2438  e086		       ff		      .byte.b	$ff
   2437  e086					      repend
   2438  e087		       ff		      .byte.b	$ff
   2437  e087					      repend
   2438  e088		       ff		      .byte.b	$ff
   2437  e088					      repend
   2438  e089		       ff		      .byte.b	$ff
   2437  e089					      repend
   2438  e08a		       ff		      .byte.b	$ff
   2437  e08a					      repend
   2438  e08b		       ff		      .byte.b	$ff
   2437  e08b					      repend
   2438  e08c		       ff		      .byte.b	$ff
   2437  e08c					      repend
   2438  e08d		       ff		      .byte.b	$ff
   2437  e08d					      repend
   2438  e08e		       ff		      .byte.b	$ff
   2437  e08e					      repend
   2438  e08f		       ff		      .byte.b	$ff
   2437  e08f					      repend
   2438  e090		       ff		      .byte.b	$ff
   2437  e090					      repend
   2438  e091		       ff		      .byte.b	$ff
   2437  e091					      repend
   2438  e092		       ff		      .byte.b	$ff
   2437  e092					      repend
   2438  e093		       ff		      .byte.b	$ff
   2437  e093					      repend
   2438  e094		       ff		      .byte.b	$ff
   2437  e094					      repend
   2438  e095		       ff		      .byte.b	$ff
   2437  e095					      repend
   2438  e096		       ff		      .byte.b	$ff
   2437  e096					      repend
   2438  e097		       ff		      .byte.b	$ff
   2437  e097					      repend
   2438  e098		       ff		      .byte.b	$ff
   2437  e098					      repend
   2438  e099		       ff		      .byte.b	$ff
   2437  e099					      repend
   2438  e09a		       ff		      .byte.b	$ff
   2437  e09a					      repend
   2438  e09b		       ff		      .byte.b	$ff
   2437  e09b					      repend
   2438  e09c		       ff		      .byte.b	$ff
   2437  e09c					      repend
   2438  e09d		       ff		      .byte.b	$ff
   2437  e09d					      repend
   2438  e09e		       ff		      .byte.b	$ff
   2437  e09e					      repend
   2438  e09f		       ff		      .byte.b	$ff
   2437  e09f					      repend
   2438  e0a0		       ff		      .byte.b	$ff
   2437  e0a0					      repend
   2438  e0a1		       ff		      .byte.b	$ff
   2437  e0a1					      repend
   2438  e0a2		       ff		      .byte.b	$ff
   2437  e0a2					      repend
   2438  e0a3		       ff		      .byte.b	$ff
   2437  e0a3					      repend
   2438  e0a4		       ff		      .byte.b	$ff
   2437  e0a4					      repend
   2438  e0a5		       ff		      .byte.b	$ff
   2437  e0a5					      repend
   2438  e0a6		       ff		      .byte.b	$ff
   2437  e0a6					      repend
   2438  e0a7		       ff		      .byte.b	$ff
   2437  e0a7					      repend
   2438  e0a8		       ff		      .byte.b	$ff
   2437  e0a8					      repend
   2438  e0a9		       ff		      .byte.b	$ff
   2437  e0a9					      repend
   2438  e0aa		       ff		      .byte.b	$ff
   2437  e0aa					      repend
   2438  e0ab		       ff		      .byte.b	$ff
   2437  e0ab					      repend
   2438  e0ac		       ff		      .byte.b	$ff
   2437  e0ac					      repend
   2438  e0ad		       ff		      .byte.b	$ff
   2437  e0ad					      repend
   2438  e0ae		       ff		      .byte.b	$ff
   2437  e0ae					      repend
   2438  e0af		       ff		      .byte.b	$ff
   2437  e0af					      repend
   2438  e0b0		       ff		      .byte.b	$ff
   2437  e0b0					      repend
   2438  e0b1		       ff		      .byte.b	$ff
   2437  e0b1					      repend
   2438  e0b2		       ff		      .byte.b	$ff
   2437  e0b2					      repend
   2438  e0b3		       ff		      .byte.b	$ff
   2437  e0b3					      repend
   2438  e0b4		       ff		      .byte.b	$ff
   2437  e0b4					      repend
   2438  e0b5		       ff		      .byte.b	$ff
   2437  e0b5					      repend
   2438  e0b6		       ff		      .byte.b	$ff
   2437  e0b6					      repend
   2438  e0b7		       ff		      .byte.b	$ff
   2437  e0b7					      repend
   2438  e0b8		       ff		      .byte.b	$ff
   2437  e0b8					      repend
   2438  e0b9		       ff		      .byte.b	$ff
   2437  e0b9					      repend
   2438  e0ba		       ff		      .byte.b	$ff
   2437  e0ba					      repend
   2438  e0bb		       ff		      .byte.b	$ff
   2437  e0bb					      repend
   2438  e0bc		       ff		      .byte.b	$ff
   2437  e0bc					      repend
   2438  e0bd		       ff		      .byte.b	$ff
   2437  e0bd					      repend
   2438  e0be		       ff		      .byte.b	$ff
   2437  e0be					      repend
   2438  e0bf		       ff		      .byte.b	$ff
   2437  e0bf					      repend
   2438  e0c0		       ff		      .byte.b	$ff
   2437  e0c0					      repend
   2438  e0c1		       ff		      .byte.b	$ff
   2437  e0c1					      repend
   2438  e0c2		       ff		      .byte.b	$ff
   2437  e0c2					      repend
   2438  e0c3		       ff		      .byte.b	$ff
   2437  e0c3					      repend
   2438  e0c4		       ff		      .byte.b	$ff
   2437  e0c4					      repend
   2438  e0c5		       ff		      .byte.b	$ff
   2437  e0c5					      repend
   2438  e0c6		       ff		      .byte.b	$ff
   2437  e0c6					      repend
   2438  e0c7		       ff		      .byte.b	$ff
   2437  e0c7					      repend
   2438  e0c8		       ff		      .byte.b	$ff
   2437  e0c8					      repend
   2438  e0c9		       ff		      .byte.b	$ff
   2437  e0c9					      repend
   2438  e0ca		       ff		      .byte.b	$ff
   2437  e0ca					      repend
   2438  e0cb		       ff		      .byte.b	$ff
   2437  e0cb					      repend
   2438  e0cc		       ff		      .byte.b	$ff
   2437  e0cc					      repend
   2438  e0cd		       ff		      .byte.b	$ff
   2437  e0cd					      repend
   2438  e0ce		       ff		      .byte.b	$ff
   2437  e0ce					      repend
   2438  e0cf		       ff		      .byte.b	$ff
   2437  e0cf					      repend
   2438  e0d0		       ff		      .byte.b	$ff
   2437  e0d0					      repend
   2438  e0d1		       ff		      .byte.b	$ff
   2437  e0d1					      repend
   2438  e0d2		       ff		      .byte.b	$ff
   2437  e0d2					      repend
   2438  e0d3		       ff		      .byte.b	$ff
   2437  e0d3					      repend
   2438  e0d4		       ff		      .byte.b	$ff
   2437  e0d4					      repend
   2438  e0d5		       ff		      .byte.b	$ff
   2437  e0d5					      repend
   2438  e0d6		       ff		      .byte.b	$ff
   2437  e0d6					      repend
   2438  e0d7		       ff		      .byte.b	$ff
   2437  e0d7					      repend
   2438  e0d8		       ff		      .byte.b	$ff
   2437  e0d8					      repend
   2438  e0d9		       ff		      .byte.b	$ff
   2437  e0d9					      repend
   2438  e0da		       ff		      .byte.b	$ff
   2437  e0da					      repend
   2438  e0db		       ff		      .byte.b	$ff
   2437  e0db					      repend
   2438  e0dc		       ff		      .byte.b	$ff
   2437  e0dc					      repend
   2438  e0dd		       ff		      .byte.b	$ff
   2437  e0dd					      repend
   2438  e0de		       ff		      .byte.b	$ff
   2437  e0de					      repend
   2438  e0df		       ff		      .byte.b	$ff
   2437  e0df					      repend
   2438  e0e0		       ff		      .byte.b	$ff
   2437  e0e0					      repend
   2438  e0e1		       ff		      .byte.b	$ff
   2437  e0e1					      repend
   2438  e0e2		       ff		      .byte.b	$ff
   2437  e0e2					      repend
   2438  e0e3		       ff		      .byte.b	$ff
   2437  e0e3					      repend
   2438  e0e4		       ff		      .byte.b	$ff
   2437  e0e4					      repend
   2438  e0e5		       ff		      .byte.b	$ff
   2437  e0e5					      repend
   2438  e0e6		       ff		      .byte.b	$ff
   2437  e0e6					      repend
   2438  e0e7		       ff		      .byte.b	$ff
   2437  e0e7					      repend
   2438  e0e8		       ff		      .byte.b	$ff
   2437  e0e8					      repend
   2438  e0e9		       ff		      .byte.b	$ff
   2437  e0e9					      repend
   2438  e0ea		       ff		      .byte.b	$ff
   2437  e0ea					      repend
   2438  e0eb		       ff		      .byte.b	$ff
   2437  e0eb					      repend
   2438  e0ec		       ff		      .byte.b	$ff
   2437  e0ec					      repend
   2438  e0ed		       ff		      .byte.b	$ff
   2437  e0ed					      repend
   2438  e0ee		       ff		      .byte.b	$ff
   2437  e0ee					      repend
   2438  e0ef		       ff		      .byte.b	$ff
   2437  e0ef					      repend
   2438  e0f0		       ff		      .byte.b	$ff
   2437  e0f0					      repend
   2438  e0f1		       ff		      .byte.b	$ff
   2437  e0f1					      repend
   2438  e0f2		       ff		      .byte.b	$ff
   2437  e0f2					      repend
   2438  e0f3		       ff		      .byte.b	$ff
   2437  e0f3					      repend
   2438  e0f4		       ff		      .byte.b	$ff
   2437  e0f4					      repend
   2438  e0f5		       ff		      .byte.b	$ff
   2437  e0f5					      repend
   2438  e0f6		       ff		      .byte.b	$ff
   2437  e0f6					      repend
   2438  e0f7		       ff		      .byte.b	$ff
   2437  e0f7					      repend
   2438  e0f8		       ff		      .byte.b	$ff
   2437  e0f8					      repend
   2438  e0f9		       ff		      .byte.b	$ff
   2437  e0f9					      repend
   2438  e0fa		       ff		      .byte.b	$ff
   2437  e0fa					      repend
   2438  e0fb		       ff		      .byte.b	$ff
   2437  e0fb					      repend
   2438  e0fc		       ff		      .byte.b	$ff
   2437  e0fc					      repend
   2438  e0fd		       ff		      .byte.b	$ff
   2437  e0fd					      repend
   2438  e0fe		       ff		      .byte.b	$ff
   2437  e0fe					      repend
   2438  e0ff		       ff		      .byte.b	$ff
   2439  e100					      repend
   2440  e100				   .bsub14
   2441  e100							;;line 217;; bsub14
   2442  e100
   2443  e100				   .L0166		;;line 218;;  score = 14
   2444  e100
   2445  e100		       a9 14		      LDA	#$14
   2446  e102		       85 95		      STA	score+2
   2447  e104		       a9 00		      LDA	#$00
   2448  e106		       85 94		      STA	score+1
   2449  e108		       a9 00		      LDA	#$00
   2450  e10a		       85 93		      STA	score
   2451  e10c				   .L0167		;;line 219;;  for memloc = 0 to 127
   2452  e10c
   2453  e10c		       a9 00		      LDA	#0
   2454  e10e		       85 d6		      STA	memloc
   2455  e110				   .L0167formemloc
   2456  e110				   .L0168		;;line 220;;  temp1 = r000[memloc]
   2457  e110
   2458  e110		       a6 d6		      LDX	memloc
   2459  e112		       bd 80 f0 	      LDA	r000,x
   2460  e115		       85 9c		      STA	temp1
   2461  e117				   .L0169		;;line 221;;  w000[memloc] = r000[memloc] ^ $ff
   2462  e117
   2463  e117		       a6 d6		      LDX	memloc
   2464  e119		       bd 80 f0 	      LDA	r000,x
   2465  e11c		       49 ff		      EOR	#$ff
   2466  e11e		       a6 d6		      LDX	memloc
   2467  e120		       9d 00 f0 	      STA	w000,x
   2468  e123				   .L0170		;;line 222;;  temp1 = temp1 ^ $ff
   2469  e123
   2470  e123		       a5 9c		      LDA	temp1
   2471  e125		       49 ff		      EOR	#$ff
   2472  e127		       85 9c		      STA	temp1
   2473  e129				   .L0171		;;line 223;;  if r000[memloc] <> temp1 then sc0 = $99 : scorecolor = $42
   2474  e129
   2475  e129		       a6 d6		      LDX	memloc
   2476  e12b		       bd 80 f0 	      LDA	r000,x
   2477  e12e		       c5 9c		      CMP	temp1
   2478  e130		       f0 08		      BEQ	.skipL0171
   2479  e132				   .condpart30
   2480  e132		       a9 99		      LDA	#$99
   2481  e134		       85 93		      STA	sc0
   2482  e136		       a9 42		      LDA	#$42
   2483  e138		       85 a3		      STA	scorecolor
   2484  e13a				   .skipL0171
   2485  e13a				   .L0172		;;line 224;;  drawscreen
   2486  e13a
   2487  e13a		       85 ee		      sta	temp7
   2488  e13c		       a9 d1		      lda	#(((>(ret_point14-1)) & $0F) | $d0)
   2489  e13e		       48		      pha
   2490  e13f		       a9 51		      lda	#<(ret_point14-1)
   2491  e141		       48		      pha
   2492  e142		       a9 f5		      lda	#>(drawscreen-1)
   2493  e144		       48		      pha
   2494  e145		       a9 80		      lda	#<(drawscreen-1)
   2495  e147		       48		      pha
   2496  e148		       a5 ee		      lda	temp7
   2497  e14a		       48		      pha
   2498  e14b		       8a		      txa
   2499  e14c		       48		      pha
   2500  e14d		       a2 10		      ldx	#16
   2501  e14f		       4c d7 ff 	      jmp	BS_jsr
   2502  e152				   ret_point14
   2503  e152				   .L0173		;;line 225;;  next
   2504  e152
   2505  e152		       a5 d6		      LDA	memloc
   2506  e154		       c9 7f		      CMP	#127
   2507  e156		       e6 d6		      INC	memloc
   2508  e158		       90 b6		      bcc	.L0167formemloc
   2509  e15a				  -	      if	( (((((#>*)&$1f)*256)|(#<.L0167formemloc))>=bankswitch_hotspot) && (((((#>*)&$1f)*256)|(#<.L0167formemloc))<=(bankswitch_hotspot+bs_mask)) )
   2510  e15a				  -	      echo	"WARNING: branch near the end of bank 14 may accidentally trigger a bankswitch. Reposition code there if bad things happen."
   2511  e15a					      endif
   2512  e15a				   .
   2513  e15a							;;line 226;;
   2514  e15a
   2515  e15a				   .L0174		;;line 227;;  goto goback bank1
   2516  e15a
   2517  e15a		       85 ee		      sta	temp7
   2518  e15c		       a9 12		      lda	#>(.goback-1)
   2519  e15e		       48		      pha
   2520  e15f		       a9 f9		      lda	#<(.goback-1)
   2521  e161		       48		      pha
   2522  e162		       a5 ee		      lda	temp7
   2523  e164		       48		      pha
   2524  e165		       8a		      txa
   2525  e166		       48		      pha
   2526  e167		       a2 01		      ldx	#1
   2527  e169		       4c d7 ff 	      jmp	BS_jsr
   2528  e16c				   .
   2529  e16c							;;line 228;;
   2530  e16c
   2531  e16c				   .L0175		;;line 229;;  bank 15
   2532  e16c
   2533  e16c					      if	ECHO14
      3664 bytes of ROM space left in bank 14
   2534  e16c					      echo	"    ",[(start_bank14 - *)]d , "bytes of ROM space left in bank 14")
   2535  e16c					      endif
   2536  e16c		       00 01	   ECHO14     =	1
   2537  efbc					      ORG	$EFE0-bscode_length
   2538  efbc					      RORG	$1BFE0-bscode_length
   2539  efbc		       a2 ff	   start_bank14 ldx	#$ff
   2540  efbe				  -	      ifconst	FASTFETCH	; using DPC+
   2541  efbe				  -	      stx	FASTFETCH
   2542  efbe					      endif
   2543  efbe		       9a		      txs
   2544  efbf					      if	bankswitch == 64
   2545  efbf		       a9 f3		      lda	#(((>(start-1)) & $0F) | $F0)
   2546  efc1				  -	      else
   2547  efc1				  -	      lda	#>(start-1)
   2548  efc1					      endif
   2549  efc1		       48		      pha
   2550  efc2		       a9 4f		      lda	#<(start-1)
   2551  efc4		       48		      pha
   2552  efc5		       48		      pha
   2553  efc6		       8a		      txa
   2554  efc7		       48		      pha
   2555  efc8		       ba		      tsx
   2556  efc9				  -	      if	bankswitch != 64
   2557  efc9				  -	      lda	4,x	; get high byte of return address
   2558  efc9				  -	      rol
   2559  efc9				  -	      rol
   2560  efc9				  -	      rol
   2561  efc9				  -	      rol
   2562  efc9				  -	      and	#bs_mask	;1 3 or 7 for F8/F6/F4
   2563  efc9				  -	      tax
   2564  efc9				  -	      inx
   2565  efc9					      else
   2566  efc9		       b5 04		      lda	4,x	; get high byte of return address
   2567  efcb		       a8		      tay
   2568  efcc		       09 10		      ora	#$10	; change our bank nibble into a valid rom mirror
   2569  efce		       95 04		      sta	4,x
   2570  efd0		       98		      tya
   2571  efd1		       4a		      lsr
   2572  efd2		       4a		      lsr
   2573  efd3		       4a		      lsr
   2574  efd4		       4a		      lsr
   2575  efd5		       aa		      tax
   2576  efd6		       e8		      inx
   2577  efd7					      endif
   2578  efd7		       bd df 1f 	      lda	bankswitch_hotspot-1,x
   2579  efda		       68		      pla
   2580  efdb		       aa		      tax
   2581  efdc		       68		      pla
   2582  efdd		       60		      rts
   2583  efde				  -	      if	((* & $1FFF) > ((bankswitch_hotspot & $1FFF) - 1))
   2584  efde				  -	      echo	"WARNING: size parameter in banksw.asm too small - the program probably will not work."
   2585  efde				  -	      echo	"Change to",[(*-begin_bscode+1)&$FF]d,"and try again."
   2586  efde					      endif
   2587  effc					      ORG	$EFFC
   2588  effc					      RORG	$1BFFC
   2589  effc		       bc bf		      .word.w	(start_bank14 & $ffff)
   2590  effe		       bc bf		      .word.w	(start_bank14 & $ffff)
   2591  f000					      ORG	$F000
   2592  f000					      RORG	$1D000
   2593  f000					      repeat	256
   2594  f000		       ff		      .byte.b	$ff
   2593  f000					      repend
   2594  f001		       ff		      .byte.b	$ff
   2593  f001					      repend
   2594  f002		       ff		      .byte.b	$ff
   2593  f002					      repend
   2594  f003		       ff		      .byte.b	$ff
   2593  f003					      repend
   2594  f004		       ff		      .byte.b	$ff
   2593  f004					      repend
   2594  f005		       ff		      .byte.b	$ff
   2593  f005					      repend
   2594  f006		       ff		      .byte.b	$ff
   2593  f006					      repend
   2594  f007		       ff		      .byte.b	$ff
   2593  f007					      repend
   2594  f008		       ff		      .byte.b	$ff
   2593  f008					      repend
   2594  f009		       ff		      .byte.b	$ff
   2593  f009					      repend
   2594  f00a		       ff		      .byte.b	$ff
   2593  f00a					      repend
   2594  f00b		       ff		      .byte.b	$ff
   2593  f00b					      repend
   2594  f00c		       ff		      .byte.b	$ff
   2593  f00c					      repend
   2594  f00d		       ff		      .byte.b	$ff
   2593  f00d					      repend
   2594  f00e		       ff		      .byte.b	$ff
   2593  f00e					      repend
   2594  f00f		       ff		      .byte.b	$ff
   2593  f00f					      repend
   2594  f010		       ff		      .byte.b	$ff
   2593  f010					      repend
   2594  f011		       ff		      .byte.b	$ff
   2593  f011					      repend
   2594  f012		       ff		      .byte.b	$ff
   2593  f012					      repend
   2594  f013		       ff		      .byte.b	$ff
   2593  f013					      repend
   2594  f014		       ff		      .byte.b	$ff
   2593  f014					      repend
   2594  f015		       ff		      .byte.b	$ff
   2593  f015					      repend
   2594  f016		       ff		      .byte.b	$ff
   2593  f016					      repend
   2594  f017		       ff		      .byte.b	$ff
   2593  f017					      repend
   2594  f018		       ff		      .byte.b	$ff
   2593  f018					      repend
   2594  f019		       ff		      .byte.b	$ff
   2593  f019					      repend
   2594  f01a		       ff		      .byte.b	$ff
   2593  f01a					      repend
   2594  f01b		       ff		      .byte.b	$ff
   2593  f01b					      repend
   2594  f01c		       ff		      .byte.b	$ff
   2593  f01c					      repend
   2594  f01d		       ff		      .byte.b	$ff
   2593  f01d					      repend
   2594  f01e		       ff		      .byte.b	$ff
   2593  f01e					      repend
   2594  f01f		       ff		      .byte.b	$ff
   2593  f01f					      repend
   2594  f020		       ff		      .byte.b	$ff
   2593  f020					      repend
   2594  f021		       ff		      .byte.b	$ff
   2593  f021					      repend
   2594  f022		       ff		      .byte.b	$ff
   2593  f022					      repend
   2594  f023		       ff		      .byte.b	$ff
   2593  f023					      repend
   2594  f024		       ff		      .byte.b	$ff
   2593  f024					      repend
   2594  f025		       ff		      .byte.b	$ff
   2593  f025					      repend
   2594  f026		       ff		      .byte.b	$ff
   2593  f026					      repend
   2594  f027		       ff		      .byte.b	$ff
   2593  f027					      repend
   2594  f028		       ff		      .byte.b	$ff
   2593  f028					      repend
   2594  f029		       ff		      .byte.b	$ff
   2593  f029					      repend
   2594  f02a		       ff		      .byte.b	$ff
   2593  f02a					      repend
   2594  f02b		       ff		      .byte.b	$ff
   2593  f02b					      repend
   2594  f02c		       ff		      .byte.b	$ff
   2593  f02c					      repend
   2594  f02d		       ff		      .byte.b	$ff
   2593  f02d					      repend
   2594  f02e		       ff		      .byte.b	$ff
   2593  f02e					      repend
   2594  f02f		       ff		      .byte.b	$ff
   2593  f02f					      repend
   2594  f030		       ff		      .byte.b	$ff
   2593  f030					      repend
   2594  f031		       ff		      .byte.b	$ff
   2593  f031					      repend
   2594  f032		       ff		      .byte.b	$ff
   2593  f032					      repend
   2594  f033		       ff		      .byte.b	$ff
   2593  f033					      repend
   2594  f034		       ff		      .byte.b	$ff
   2593  f034					      repend
   2594  f035		       ff		      .byte.b	$ff
   2593  f035					      repend
   2594  f036		       ff		      .byte.b	$ff
   2593  f036					      repend
   2594  f037		       ff		      .byte.b	$ff
   2593  f037					      repend
   2594  f038		       ff		      .byte.b	$ff
   2593  f038					      repend
   2594  f039		       ff		      .byte.b	$ff
   2593  f039					      repend
   2594  f03a		       ff		      .byte.b	$ff
   2593  f03a					      repend
   2594  f03b		       ff		      .byte.b	$ff
   2593  f03b					      repend
   2594  f03c		       ff		      .byte.b	$ff
   2593  f03c					      repend
   2594  f03d		       ff		      .byte.b	$ff
   2593  f03d					      repend
   2594  f03e		       ff		      .byte.b	$ff
   2593  f03e					      repend
   2594  f03f		       ff		      .byte.b	$ff
   2593  f03f					      repend
   2594  f040		       ff		      .byte.b	$ff
   2593  f040					      repend
   2594  f041		       ff		      .byte.b	$ff
   2593  f041					      repend
   2594  f042		       ff		      .byte.b	$ff
   2593  f042					      repend
   2594  f043		       ff		      .byte.b	$ff
   2593  f043					      repend
   2594  f044		       ff		      .byte.b	$ff
   2593  f044					      repend
   2594  f045		       ff		      .byte.b	$ff
   2593  f045					      repend
   2594  f046		       ff		      .byte.b	$ff
   2593  f046					      repend
   2594  f047		       ff		      .byte.b	$ff
   2593  f047					      repend
   2594  f048		       ff		      .byte.b	$ff
   2593  f048					      repend
   2594  f049		       ff		      .byte.b	$ff
   2593  f049					      repend
   2594  f04a		       ff		      .byte.b	$ff
   2593  f04a					      repend
   2594  f04b		       ff		      .byte.b	$ff
   2593  f04b					      repend
   2594  f04c		       ff		      .byte.b	$ff
   2593  f04c					      repend
   2594  f04d		       ff		      .byte.b	$ff
   2593  f04d					      repend
   2594  f04e		       ff		      .byte.b	$ff
   2593  f04e					      repend
   2594  f04f		       ff		      .byte.b	$ff
   2593  f04f					      repend
   2594  f050		       ff		      .byte.b	$ff
   2593  f050					      repend
   2594  f051		       ff		      .byte.b	$ff
   2593  f051					      repend
   2594  f052		       ff		      .byte.b	$ff
   2593  f052					      repend
   2594  f053		       ff		      .byte.b	$ff
   2593  f053					      repend
   2594  f054		       ff		      .byte.b	$ff
   2593  f054					      repend
   2594  f055		       ff		      .byte.b	$ff
   2593  f055					      repend
   2594  f056		       ff		      .byte.b	$ff
   2593  f056					      repend
   2594  f057		       ff		      .byte.b	$ff
   2593  f057					      repend
   2594  f058		       ff		      .byte.b	$ff
   2593  f058					      repend
   2594  f059		       ff		      .byte.b	$ff
   2593  f059					      repend
   2594  f05a		       ff		      .byte.b	$ff
   2593  f05a					      repend
   2594  f05b		       ff		      .byte.b	$ff
   2593  f05b					      repend
   2594  f05c		       ff		      .byte.b	$ff
   2593  f05c					      repend
   2594  f05d		       ff		      .byte.b	$ff
   2593  f05d					      repend
   2594  f05e		       ff		      .byte.b	$ff
   2593  f05e					      repend
   2594  f05f		       ff		      .byte.b	$ff
   2593  f05f					      repend
   2594  f060		       ff		      .byte.b	$ff
   2593  f060					      repend
   2594  f061		       ff		      .byte.b	$ff
   2593  f061					      repend
   2594  f062		       ff		      .byte.b	$ff
   2593  f062					      repend
   2594  f063		       ff		      .byte.b	$ff
   2593  f063					      repend
   2594  f064		       ff		      .byte.b	$ff
   2593  f064					      repend
   2594  f065		       ff		      .byte.b	$ff
   2593  f065					      repend
   2594  f066		       ff		      .byte.b	$ff
   2593  f066					      repend
   2594  f067		       ff		      .byte.b	$ff
   2593  f067					      repend
   2594  f068		       ff		      .byte.b	$ff
   2593  f068					      repend
   2594  f069		       ff		      .byte.b	$ff
   2593  f069					      repend
   2594  f06a		       ff		      .byte.b	$ff
   2593  f06a					      repend
   2594  f06b		       ff		      .byte.b	$ff
   2593  f06b					      repend
   2594  f06c		       ff		      .byte.b	$ff
   2593  f06c					      repend
   2594  f06d		       ff		      .byte.b	$ff
   2593  f06d					      repend
   2594  f06e		       ff		      .byte.b	$ff
   2593  f06e					      repend
   2594  f06f		       ff		      .byte.b	$ff
   2593  f06f					      repend
   2594  f070		       ff		      .byte.b	$ff
   2593  f070					      repend
   2594  f071		       ff		      .byte.b	$ff
   2593  f071					      repend
   2594  f072		       ff		      .byte.b	$ff
   2593  f072					      repend
   2594  f073		       ff		      .byte.b	$ff
   2593  f073					      repend
   2594  f074		       ff		      .byte.b	$ff
   2593  f074					      repend
   2594  f075		       ff		      .byte.b	$ff
   2593  f075					      repend
   2594  f076		       ff		      .byte.b	$ff
   2593  f076					      repend
   2594  f077		       ff		      .byte.b	$ff
   2593  f077					      repend
   2594  f078		       ff		      .byte.b	$ff
   2593  f078					      repend
   2594  f079		       ff		      .byte.b	$ff
   2593  f079					      repend
   2594  f07a		       ff		      .byte.b	$ff
   2593  f07a					      repend
   2594  f07b		       ff		      .byte.b	$ff
   2593  f07b					      repend
   2594  f07c		       ff		      .byte.b	$ff
   2593  f07c					      repend
   2594  f07d		       ff		      .byte.b	$ff
   2593  f07d					      repend
   2594  f07e		       ff		      .byte.b	$ff
   2593  f07e					      repend
   2594  f07f		       ff		      .byte.b	$ff
   2593  f07f					      repend
   2594  f080		       ff		      .byte.b	$ff
   2593  f080					      repend
   2594  f081		       ff		      .byte.b	$ff
   2593  f081					      repend
   2594  f082		       ff		      .byte.b	$ff
   2593  f082					      repend
   2594  f083		       ff		      .byte.b	$ff
   2593  f083					      repend
   2594  f084		       ff		      .byte.b	$ff
   2593  f084					      repend
   2594  f085		       ff		      .byte.b	$ff
   2593  f085					      repend
   2594  f086		       ff		      .byte.b	$ff
   2593  f086					      repend
   2594  f087		       ff		      .byte.b	$ff
   2593  f087					      repend
   2594  f088		       ff		      .byte.b	$ff
   2593  f088					      repend
   2594  f089		       ff		      .byte.b	$ff
   2593  f089					      repend
   2594  f08a		       ff		      .byte.b	$ff
   2593  f08a					      repend
   2594  f08b		       ff		      .byte.b	$ff
   2593  f08b					      repend
   2594  f08c		       ff		      .byte.b	$ff
   2593  f08c					      repend
   2594  f08d		       ff		      .byte.b	$ff
   2593  f08d					      repend
   2594  f08e		       ff		      .byte.b	$ff
   2593  f08e					      repend
   2594  f08f		       ff		      .byte.b	$ff
   2593  f08f					      repend
   2594  f090		       ff		      .byte.b	$ff
   2593  f090					      repend
   2594  f091		       ff		      .byte.b	$ff
   2593  f091					      repend
   2594  f092		       ff		      .byte.b	$ff
   2593  f092					      repend
   2594  f093		       ff		      .byte.b	$ff
   2593  f093					      repend
   2594  f094		       ff		      .byte.b	$ff
   2593  f094					      repend
   2594  f095		       ff		      .byte.b	$ff
   2593  f095					      repend
   2594  f096		       ff		      .byte.b	$ff
   2593  f096					      repend
   2594  f097		       ff		      .byte.b	$ff
   2593  f097					      repend
   2594  f098		       ff		      .byte.b	$ff
   2593  f098					      repend
   2594  f099		       ff		      .byte.b	$ff
   2593  f099					      repend
   2594  f09a		       ff		      .byte.b	$ff
   2593  f09a					      repend
   2594  f09b		       ff		      .byte.b	$ff
   2593  f09b					      repend
   2594  f09c		       ff		      .byte.b	$ff
   2593  f09c					      repend
   2594  f09d		       ff		      .byte.b	$ff
   2593  f09d					      repend
   2594  f09e		       ff		      .byte.b	$ff
   2593  f09e					      repend
   2594  f09f		       ff		      .byte.b	$ff
   2593  f09f					      repend
   2594  f0a0		       ff		      .byte.b	$ff
   2593  f0a0					      repend
   2594  f0a1		       ff		      .byte.b	$ff
   2593  f0a1					      repend
   2594  f0a2		       ff		      .byte.b	$ff
   2593  f0a2					      repend
   2594  f0a3		       ff		      .byte.b	$ff
   2593  f0a3					      repend
   2594  f0a4		       ff		      .byte.b	$ff
   2593  f0a4					      repend
   2594  f0a5		       ff		      .byte.b	$ff
   2593  f0a5					      repend
   2594  f0a6		       ff		      .byte.b	$ff
   2593  f0a6					      repend
   2594  f0a7		       ff		      .byte.b	$ff
   2593  f0a7					      repend
   2594  f0a8		       ff		      .byte.b	$ff
   2593  f0a8					      repend
   2594  f0a9		       ff		      .byte.b	$ff
   2593  f0a9					      repend
   2594  f0aa		       ff		      .byte.b	$ff
   2593  f0aa					      repend
   2594  f0ab		       ff		      .byte.b	$ff
   2593  f0ab					      repend
   2594  f0ac		       ff		      .byte.b	$ff
   2593  f0ac					      repend
   2594  f0ad		       ff		      .byte.b	$ff
   2593  f0ad					      repend
   2594  f0ae		       ff		      .byte.b	$ff
   2593  f0ae					      repend
   2594  f0af		       ff		      .byte.b	$ff
   2593  f0af					      repend
   2594  f0b0		       ff		      .byte.b	$ff
   2593  f0b0					      repend
   2594  f0b1		       ff		      .byte.b	$ff
   2593  f0b1					      repend
   2594  f0b2		       ff		      .byte.b	$ff
   2593  f0b2					      repend
   2594  f0b3		       ff		      .byte.b	$ff
   2593  f0b3					      repend
   2594  f0b4		       ff		      .byte.b	$ff
   2593  f0b4					      repend
   2594  f0b5		       ff		      .byte.b	$ff
   2593  f0b5					      repend
   2594  f0b6		       ff		      .byte.b	$ff
   2593  f0b6					      repend
   2594  f0b7		       ff		      .byte.b	$ff
   2593  f0b7					      repend
   2594  f0b8		       ff		      .byte.b	$ff
   2593  f0b8					      repend
   2594  f0b9		       ff		      .byte.b	$ff
   2593  f0b9					      repend
   2594  f0ba		       ff		      .byte.b	$ff
   2593  f0ba					      repend
   2594  f0bb		       ff		      .byte.b	$ff
   2593  f0bb					      repend
   2594  f0bc		       ff		      .byte.b	$ff
   2593  f0bc					      repend
   2594  f0bd		       ff		      .byte.b	$ff
   2593  f0bd					      repend
   2594  f0be		       ff		      .byte.b	$ff
   2593  f0be					      repend
   2594  f0bf		       ff		      .byte.b	$ff
   2593  f0bf					      repend
   2594  f0c0		       ff		      .byte.b	$ff
   2593  f0c0					      repend
   2594  f0c1		       ff		      .byte.b	$ff
   2593  f0c1					      repend
   2594  f0c2		       ff		      .byte.b	$ff
   2593  f0c2					      repend
   2594  f0c3		       ff		      .byte.b	$ff
   2593  f0c3					      repend
   2594  f0c4		       ff		      .byte.b	$ff
   2593  f0c4					      repend
   2594  f0c5		       ff		      .byte.b	$ff
   2593  f0c5					      repend
   2594  f0c6		       ff		      .byte.b	$ff
   2593  f0c6					      repend
   2594  f0c7		       ff		      .byte.b	$ff
   2593  f0c7					      repend
   2594  f0c8		       ff		      .byte.b	$ff
   2593  f0c8					      repend
   2594  f0c9		       ff		      .byte.b	$ff
   2593  f0c9					      repend
   2594  f0ca		       ff		      .byte.b	$ff
   2593  f0ca					      repend
   2594  f0cb		       ff		      .byte.b	$ff
   2593  f0cb					      repend
   2594  f0cc		       ff		      .byte.b	$ff
   2593  f0cc					      repend
   2594  f0cd		       ff		      .byte.b	$ff
   2593  f0cd					      repend
   2594  f0ce		       ff		      .byte.b	$ff
   2593  f0ce					      repend
   2594  f0cf		       ff		      .byte.b	$ff
   2593  f0cf					      repend
   2594  f0d0		       ff		      .byte.b	$ff
   2593  f0d0					      repend
   2594  f0d1		       ff		      .byte.b	$ff
   2593  f0d1					      repend
   2594  f0d2		       ff		      .byte.b	$ff
   2593  f0d2					      repend
   2594  f0d3		       ff		      .byte.b	$ff
   2593  f0d3					      repend
   2594  f0d4		       ff		      .byte.b	$ff
   2593  f0d4					      repend
   2594  f0d5		       ff		      .byte.b	$ff
   2593  f0d5					      repend
   2594  f0d6		       ff		      .byte.b	$ff
   2593  f0d6					      repend
   2594  f0d7		       ff		      .byte.b	$ff
   2593  f0d7					      repend
   2594  f0d8		       ff		      .byte.b	$ff
   2593  f0d8					      repend
   2594  f0d9		       ff		      .byte.b	$ff
   2593  f0d9					      repend
   2594  f0da		       ff		      .byte.b	$ff
   2593  f0da					      repend
   2594  f0db		       ff		      .byte.b	$ff
   2593  f0db					      repend
   2594  f0dc		       ff		      .byte.b	$ff
   2593  f0dc					      repend
   2594  f0dd		       ff		      .byte.b	$ff
   2593  f0dd					      repend
   2594  f0de		       ff		      .byte.b	$ff
   2593  f0de					      repend
   2594  f0df		       ff		      .byte.b	$ff
   2593  f0df					      repend
   2594  f0e0		       ff		      .byte.b	$ff
   2593  f0e0					      repend
   2594  f0e1		       ff		      .byte.b	$ff
   2593  f0e1					      repend
   2594  f0e2		       ff		      .byte.b	$ff
   2593  f0e2					      repend
   2594  f0e3		       ff		      .byte.b	$ff
   2593  f0e3					      repend
   2594  f0e4		       ff		      .byte.b	$ff
   2593  f0e4					      repend
   2594  f0e5		       ff		      .byte.b	$ff
   2593  f0e5					      repend
   2594  f0e6		       ff		      .byte.b	$ff
   2593  f0e6					      repend
   2594  f0e7		       ff		      .byte.b	$ff
   2593  f0e7					      repend
   2594  f0e8		       ff		      .byte.b	$ff
   2593  f0e8					      repend
   2594  f0e9		       ff		      .byte.b	$ff
   2593  f0e9					      repend
   2594  f0ea		       ff		      .byte.b	$ff
   2593  f0ea					      repend
   2594  f0eb		       ff		      .byte.b	$ff
   2593  f0eb					      repend
   2594  f0ec		       ff		      .byte.b	$ff
   2593  f0ec					      repend
   2594  f0ed		       ff		      .byte.b	$ff
   2593  f0ed					      repend
   2594  f0ee		       ff		      .byte.b	$ff
   2593  f0ee					      repend
   2594  f0ef		       ff		      .byte.b	$ff
   2593  f0ef					      repend
   2594  f0f0		       ff		      .byte.b	$ff
   2593  f0f0					      repend
   2594  f0f1		       ff		      .byte.b	$ff
   2593  f0f1					      repend
   2594  f0f2		       ff		      .byte.b	$ff
   2593  f0f2					      repend
   2594  f0f3		       ff		      .byte.b	$ff
   2593  f0f3					      repend
   2594  f0f4		       ff		      .byte.b	$ff
   2593  f0f4					      repend
   2594  f0f5		       ff		      .byte.b	$ff
   2593  f0f5					      repend
   2594  f0f6		       ff		      .byte.b	$ff
   2593  f0f6					      repend
   2594  f0f7		       ff		      .byte.b	$ff
   2593  f0f7					      repend
   2594  f0f8		       ff		      .byte.b	$ff
   2593  f0f8					      repend
   2594  f0f9		       ff		      .byte.b	$ff
   2593  f0f9					      repend
   2594  f0fa		       ff		      .byte.b	$ff
   2593  f0fa					      repend
   2594  f0fb		       ff		      .byte.b	$ff
   2593  f0fb					      repend
   2594  f0fc		       ff		      .byte.b	$ff
   2593  f0fc					      repend
   2594  f0fd		       ff		      .byte.b	$ff
   2593  f0fd					      repend
   2594  f0fe		       ff		      .byte.b	$ff
   2593  f0fe					      repend
   2594  f0ff		       ff		      .byte.b	$ff
   2595  f100					      repend
   2596  f100				   .bsub15
   2597  f100							;;line 230;; bsub15
   2598  f100
   2599  f100				   .L0176		;;line 231;;  score = 15
   2600  f100
   2601  f100		       a9 15		      LDA	#$15
   2602  f102		       85 95		      STA	score+2
   2603  f104		       a9 00		      LDA	#$00
   2604  f106		       85 94		      STA	score+1
   2605  f108		       a9 00		      LDA	#$00
   2606  f10a		       85 93		      STA	score
   2607  f10c				   .L0177		;;line 232;;  for memloc = 0 to 127
   2608  f10c
   2609  f10c		       a9 00		      LDA	#0
   2610  f10e		       85 d6		      STA	memloc
   2611  f110				   .L0177formemloc
   2612  f110				   .L0178		;;line 233;;  temp1 = r000[memloc]
   2613  f110
   2614  f110		       a6 d6		      LDX	memloc
   2615  f112		       bd 80 f0 	      LDA	r000,x
   2616  f115		       85 9c		      STA	temp1
   2617  f117				   .L0179		;;line 234;;  w000[memloc] = r000[memloc] ^ $ff
   2618  f117
   2619  f117		       a6 d6		      LDX	memloc
   2620  f119		       bd 80 f0 	      LDA	r000,x
   2621  f11c		       49 ff		      EOR	#$ff
   2622  f11e		       a6 d6		      LDX	memloc
   2623  f120		       9d 00 f0 	      STA	w000,x
   2624  f123				   .L0180		;;line 235;;  temp1 = temp1 ^ $ff
   2625  f123
   2626  f123		       a5 9c		      LDA	temp1
   2627  f125		       49 ff		      EOR	#$ff
   2628  f127		       85 9c		      STA	temp1
   2629  f129				   .L0181		;;line 236;;  if r000[memloc] <> temp1 then sc0 = $99 : scorecolor = $42
   2630  f129
   2631  f129		       a6 d6		      LDX	memloc
   2632  f12b		       bd 80 f0 	      LDA	r000,x
   2633  f12e		       c5 9c		      CMP	temp1
   2634  f130		       f0 08		      BEQ	.skipL0181
   2635  f132				   .condpart31
   2636  f132		       a9 99		      LDA	#$99
   2637  f134		       85 93		      STA	sc0
   2638  f136		       a9 42		      LDA	#$42
   2639  f138		       85 a3		      STA	scorecolor
   2640  f13a				   .skipL0181
   2641  f13a				   .L0182		;;line 237;;  drawscreen
   2642  f13a
   2643  f13a		       85 ee		      sta	temp7
   2644  f13c		       a9 e1		      lda	#(((>(ret_point15-1)) & $0F) | $e0)
   2645  f13e		       48		      pha
   2646  f13f		       a9 51		      lda	#<(ret_point15-1)
   2647  f141		       48		      pha
   2648  f142		       a9 f5		      lda	#>(drawscreen-1)
   2649  f144		       48		      pha
   2650  f145		       a9 80		      lda	#<(drawscreen-1)
   2651  f147		       48		      pha
   2652  f148		       a5 ee		      lda	temp7
   2653  f14a		       48		      pha
   2654  f14b		       8a		      txa
   2655  f14c		       48		      pha
   2656  f14d		       a2 10		      ldx	#16
   2657  f14f		       4c d7 ff 	      jmp	BS_jsr
   2658  f152				   ret_point15
   2659  f152				   .L0183		;;line 238;;  next
   2660  f152
   2661  f152		       a5 d6		      LDA	memloc
   2662  f154		       c9 7f		      CMP	#127
   2663  f156		       e6 d6		      INC	memloc
   2664  f158		       90 b6		      bcc	.L0177formemloc
   2665  f15a				  -	      if	( (((((#>*)&$1f)*256)|(#<.L0177formemloc))>=bankswitch_hotspot) && (((((#>*)&$1f)*256)|(#<.L0177formemloc))<=(bankswitch_hotspot+bs_mask)) )
   2666  f15a				  -	      echo	"WARNING: branch near the end of bank 15 may accidentally trigger a bankswitch. Reposition code there if bad things happen."
   2667  f15a					      endif
   2668  f15a				   .L0184		;;line 239;;  goto goback bank1
   2669  f15a
   2670  f15a		       85 ee		      sta	temp7
   2671  f15c		       a9 12		      lda	#>(.goback-1)
   2672  f15e		       48		      pha
   2673  f15f		       a9 f9		      lda	#<(.goback-1)
   2674  f161		       48		      pha
   2675  f162		       a5 ee		      lda	temp7
   2676  f164		       48		      pha
   2677  f165		       8a		      txa
   2678  f166		       48		      pha
   2679  f167		       a2 01		      ldx	#1
   2680  f169		       4c d7 ff 	      jmp	BS_jsr
   2681  f16c				   .
   2682  f16c							;;line 240;;
   2683  f16c
   2684  f16c				   .L0185		;;line 241;;  bank 16
   2685  f16c
   2686  f16c					      if	ECHO15
      3664 bytes of ROM space left in bank 15
   2687  f16c					      echo	"    ",[(start_bank15 - *)]d , "bytes of ROM space left in bank 15")
   2688  f16c					      endif
   2689  f16c		       00 01	   ECHO15     =	1
   2690  ffbc					      ORG	$FFE0-bscode_length
   2691  ffbc					      RORG	$1DFE0-bscode_length
   2692  ffbc		       a2 ff	   start_bank15 ldx	#$ff
   2693  ffbe				  -	      ifconst	FASTFETCH	; using DPC+
   2694  ffbe				  -	      stx	FASTFETCH
   2695  ffbe					      endif
   2696  ffbe		       9a		      txs
   2697  ffbf					      if	bankswitch == 64
   2698  ffbf		       a9 f3		      lda	#(((>(start-1)) & $0F) | $F0)
   2699  ffc1				  -	      else
   2700  ffc1				  -	      lda	#>(start-1)
   2701  ffc1					      endif
   2702  ffc1		       48		      pha
   2703  ffc2		       a9 4f		      lda	#<(start-1)
   2704  ffc4		       48		      pha
   2705  ffc5		       48		      pha
   2706  ffc6		       8a		      txa
   2707  ffc7		       48		      pha
   2708  ffc8		       ba		      tsx
   2709  ffc9				  -	      if	bankswitch != 64
   2710  ffc9				  -	      lda	4,x	; get high byte of return address
   2711  ffc9				  -	      rol
   2712  ffc9				  -	      rol
   2713  ffc9				  -	      rol
   2714  ffc9				  -	      rol
   2715  ffc9				  -	      and	#bs_mask	;1 3 or 7 for F8/F6/F4
   2716  ffc9				  -	      tax
   2717  ffc9				  -	      inx
   2718  ffc9					      else
   2719  ffc9		       b5 04		      lda	4,x	; get high byte of return address
   2720  ffcb		       a8		      tay
   2721  ffcc		       09 10		      ora	#$10	; change our bank nibble into a valid rom mirror
   2722  ffce		       95 04		      sta	4,x
   2723  ffd0		       98		      tya
   2724  ffd1		       4a		      lsr
   2725  ffd2		       4a		      lsr
   2726  ffd3		       4a		      lsr
   2727  ffd4		       4a		      lsr
   2728  ffd5		       aa		      tax
   2729  ffd6		       e8		      inx
   2730  ffd7					      endif
   2731  ffd7		       bd df 1f 	      lda	bankswitch_hotspot-1,x
   2732  ffda		       68		      pla
   2733  ffdb		       aa		      tax
   2734  ffdc		       68		      pla
   2735  ffdd		       60		      rts
   2736  ffde				  -	      if	((* & $1FFF) > ((bankswitch_hotspot & $1FFF) - 1))
   2737  ffde				  -	      echo	"WARNING: size parameter in banksw.asm too small - the program probably will not work."
   2738  ffde				  -	      echo	"Change to",[(*-begin_bscode+1)&$FF]d,"and try again."
   2739  ffde					      endif
   2740  fffc					      ORG	$FFFC
   2741  fffc					      RORG	$1DFFC
   2742  fffc		       bc df		      .word.w	(start_bank15 & $ffff)
   2743  fffe		       bc df		      .word.w	(start_bank15 & $ffff)
   2744  10000					       ORG	$10000
   2745  10000					       RORG	$1F000
   2746  10000					       repeat	256
   2747  10000			ff		       .byte.b	$ff
   2746  10000					       repend
   2747  10001			ff		       .byte.b	$ff
   2746  10001					       repend
   2747  10002			ff		       .byte.b	$ff
   2746  10002					       repend
   2747  10003			ff		       .byte.b	$ff
   2746  10003					       repend
   2747  10004			ff		       .byte.b	$ff
   2746  10004					       repend
   2747  10005			ff		       .byte.b	$ff
   2746  10005					       repend
   2747  10006			ff		       .byte.b	$ff
   2746  10006					       repend
   2747  10007			ff		       .byte.b	$ff
   2746  10007					       repend
   2747  10008			ff		       .byte.b	$ff
   2746  10008					       repend
   2747  10009			ff		       .byte.b	$ff
   2746  10009					       repend
   2747  1000a			ff		       .byte.b	$ff
   2746  1000a					       repend
   2747  1000b			ff		       .byte.b	$ff
   2746  1000b					       repend
   2747  1000c			ff		       .byte.b	$ff
   2746  1000c					       repend
   2747  1000d			ff		       .byte.b	$ff
   2746  1000d					       repend
   2747  1000e			ff		       .byte.b	$ff
   2746  1000e					       repend
   2747  1000f			ff		       .byte.b	$ff
   2746  1000f					       repend
   2747  10010			ff		       .byte.b	$ff
   2746  10010					       repend
   2747  10011			ff		       .byte.b	$ff
   2746  10011					       repend
   2747  10012			ff		       .byte.b	$ff
   2746  10012					       repend
   2747  10013			ff		       .byte.b	$ff
   2746  10013					       repend
   2747  10014			ff		       .byte.b	$ff
   2746  10014					       repend
   2747  10015			ff		       .byte.b	$ff
   2746  10015					       repend
   2747  10016			ff		       .byte.b	$ff
   2746  10016					       repend
   2747  10017			ff		       .byte.b	$ff
   2746  10017					       repend
   2747  10018			ff		       .byte.b	$ff
   2746  10018					       repend
   2747  10019			ff		       .byte.b	$ff
   2746  10019					       repend
   2747  1001a			ff		       .byte.b	$ff
   2746  1001a					       repend
   2747  1001b			ff		       .byte.b	$ff
   2746  1001b					       repend
   2747  1001c			ff		       .byte.b	$ff
   2746  1001c					       repend
   2747  1001d			ff		       .byte.b	$ff
   2746  1001d					       repend
   2747  1001e			ff		       .byte.b	$ff
   2746  1001e					       repend
   2747  1001f			ff		       .byte.b	$ff
   2746  1001f					       repend
   2747  10020			ff		       .byte.b	$ff
   2746  10020					       repend
   2747  10021			ff		       .byte.b	$ff
   2746  10021					       repend
   2747  10022			ff		       .byte.b	$ff
   2746  10022					       repend
   2747  10023			ff		       .byte.b	$ff
   2746  10023					       repend
   2747  10024			ff		       .byte.b	$ff
   2746  10024					       repend
   2747  10025			ff		       .byte.b	$ff
   2746  10025					       repend
   2747  10026			ff		       .byte.b	$ff
   2746  10026					       repend
   2747  10027			ff		       .byte.b	$ff
   2746  10027					       repend
   2747  10028			ff		       .byte.b	$ff
   2746  10028					       repend
   2747  10029			ff		       .byte.b	$ff
   2746  10029					       repend
   2747  1002a			ff		       .byte.b	$ff
   2746  1002a					       repend
   2747  1002b			ff		       .byte.b	$ff
   2746  1002b					       repend
   2747  1002c			ff		       .byte.b	$ff
   2746  1002c					       repend
   2747  1002d			ff		       .byte.b	$ff
   2746  1002d					       repend
   2747  1002e			ff		       .byte.b	$ff
   2746  1002e					       repend
   2747  1002f			ff		       .byte.b	$ff
   2746  1002f					       repend
   2747  10030			ff		       .byte.b	$ff
   2746  10030					       repend
   2747  10031			ff		       .byte.b	$ff
   2746  10031					       repend
   2747  10032			ff		       .byte.b	$ff
   2746  10032					       repend
   2747  10033			ff		       .byte.b	$ff
   2746  10033					       repend
   2747  10034			ff		       .byte.b	$ff
   2746  10034					       repend
   2747  10035			ff		       .byte.b	$ff
   2746  10035					       repend
   2747  10036			ff		       .byte.b	$ff
   2746  10036					       repend
   2747  10037			ff		       .byte.b	$ff
   2746  10037					       repend
   2747  10038			ff		       .byte.b	$ff
   2746  10038					       repend
   2747  10039			ff		       .byte.b	$ff
   2746  10039					       repend
   2747  1003a			ff		       .byte.b	$ff
   2746  1003a					       repend
   2747  1003b			ff		       .byte.b	$ff
   2746  1003b					       repend
   2747  1003c			ff		       .byte.b	$ff
   2746  1003c					       repend
   2747  1003d			ff		       .byte.b	$ff
   2746  1003d					       repend
   2747  1003e			ff		       .byte.b	$ff
   2746  1003e					       repend
   2747  1003f			ff		       .byte.b	$ff
   2746  1003f					       repend
   2747  10040			ff		       .byte.b	$ff
   2746  10040					       repend
   2747  10041			ff		       .byte.b	$ff
   2746  10041					       repend
   2747  10042			ff		       .byte.b	$ff
   2746  10042					       repend
   2747  10043			ff		       .byte.b	$ff
   2746  10043					       repend
   2747  10044			ff		       .byte.b	$ff
   2746  10044					       repend
   2747  10045			ff		       .byte.b	$ff
   2746  10045					       repend
   2747  10046			ff		       .byte.b	$ff
   2746  10046					       repend
   2747  10047			ff		       .byte.b	$ff
   2746  10047					       repend
   2747  10048			ff		       .byte.b	$ff
   2746  10048					       repend
   2747  10049			ff		       .byte.b	$ff
   2746  10049					       repend
   2747  1004a			ff		       .byte.b	$ff
   2746  1004a					       repend
   2747  1004b			ff		       .byte.b	$ff
   2746  1004b					       repend
   2747  1004c			ff		       .byte.b	$ff
   2746  1004c					       repend
   2747  1004d			ff		       .byte.b	$ff
   2746  1004d					       repend
   2747  1004e			ff		       .byte.b	$ff
   2746  1004e					       repend
   2747  1004f			ff		       .byte.b	$ff
   2746  1004f					       repend
   2747  10050			ff		       .byte.b	$ff
   2746  10050					       repend
   2747  10051			ff		       .byte.b	$ff
   2746  10051					       repend
   2747  10052			ff		       .byte.b	$ff
   2746  10052					       repend
   2747  10053			ff		       .byte.b	$ff
   2746  10053					       repend
   2747  10054			ff		       .byte.b	$ff
   2746  10054					       repend
   2747  10055			ff		       .byte.b	$ff
   2746  10055					       repend
   2747  10056			ff		       .byte.b	$ff
   2746  10056					       repend
   2747  10057			ff		       .byte.b	$ff
   2746  10057					       repend
   2747  10058			ff		       .byte.b	$ff
   2746  10058					       repend
   2747  10059			ff		       .byte.b	$ff
   2746  10059					       repend
   2747  1005a			ff		       .byte.b	$ff
   2746  1005a					       repend
   2747  1005b			ff		       .byte.b	$ff
   2746  1005b					       repend
   2747  1005c			ff		       .byte.b	$ff
   2746  1005c					       repend
   2747  1005d			ff		       .byte.b	$ff
   2746  1005d					       repend
   2747  1005e			ff		       .byte.b	$ff
   2746  1005e					       repend
   2747  1005f			ff		       .byte.b	$ff
   2746  1005f					       repend
   2747  10060			ff		       .byte.b	$ff
   2746  10060					       repend
   2747  10061			ff		       .byte.b	$ff
   2746  10061					       repend
   2747  10062			ff		       .byte.b	$ff
   2746  10062					       repend
   2747  10063			ff		       .byte.b	$ff
   2746  10063					       repend
   2747  10064			ff		       .byte.b	$ff
   2746  10064					       repend
   2747  10065			ff		       .byte.b	$ff
   2746  10065					       repend
   2747  10066			ff		       .byte.b	$ff
   2746  10066					       repend
   2747  10067			ff		       .byte.b	$ff
   2746  10067					       repend
   2747  10068			ff		       .byte.b	$ff
   2746  10068					       repend
   2747  10069			ff		       .byte.b	$ff
   2746  10069					       repend
   2747  1006a			ff		       .byte.b	$ff
   2746  1006a					       repend
   2747  1006b			ff		       .byte.b	$ff
   2746  1006b					       repend
   2747  1006c			ff		       .byte.b	$ff
   2746  1006c					       repend
   2747  1006d			ff		       .byte.b	$ff
   2746  1006d					       repend
   2747  1006e			ff		       .byte.b	$ff
   2746  1006e					       repend
   2747  1006f			ff		       .byte.b	$ff
   2746  1006f					       repend
   2747  10070			ff		       .byte.b	$ff
   2746  10070					       repend
   2747  10071			ff		       .byte.b	$ff
   2746  10071					       repend
   2747  10072			ff		       .byte.b	$ff
   2746  10072					       repend
   2747  10073			ff		       .byte.b	$ff
   2746  10073					       repend
   2747  10074			ff		       .byte.b	$ff
   2746  10074					       repend
   2747  10075			ff		       .byte.b	$ff
   2746  10075					       repend
   2747  10076			ff		       .byte.b	$ff
   2746  10076					       repend
   2747  10077			ff		       .byte.b	$ff
   2746  10077					       repend
   2747  10078			ff		       .byte.b	$ff
   2746  10078					       repend
   2747  10079			ff		       .byte.b	$ff
   2746  10079					       repend
   2747  1007a			ff		       .byte.b	$ff
   2746  1007a					       repend
   2747  1007b			ff		       .byte.b	$ff
   2746  1007b					       repend
   2747  1007c			ff		       .byte.b	$ff
   2746  1007c					       repend
   2747  1007d			ff		       .byte.b	$ff
   2746  1007d					       repend
   2747  1007e			ff		       .byte.b	$ff
   2746  1007e					       repend
   2747  1007f			ff		       .byte.b	$ff
   2746  1007f					       repend
   2747  10080			ff		       .byte.b	$ff
   2746  10080					       repend
   2747  10081			ff		       .byte.b	$ff
   2746  10081					       repend
   2747  10082			ff		       .byte.b	$ff
   2746  10082					       repend
   2747  10083			ff		       .byte.b	$ff
   2746  10083					       repend
   2747  10084			ff		       .byte.b	$ff
   2746  10084					       repend
   2747  10085			ff		       .byte.b	$ff
   2746  10085					       repend
   2747  10086			ff		       .byte.b	$ff
   2746  10086					       repend
   2747  10087			ff		       .byte.b	$ff
   2746  10087					       repend
   2747  10088			ff		       .byte.b	$ff
   2746  10088					       repend
   2747  10089			ff		       .byte.b	$ff
   2746  10089					       repend
   2747  1008a			ff		       .byte.b	$ff
   2746  1008a					       repend
   2747  1008b			ff		       .byte.b	$ff
   2746  1008b					       repend
   2747  1008c			ff		       .byte.b	$ff
   2746  1008c					       repend
   2747  1008d			ff		       .byte.b	$ff
   2746  1008d					       repend
   2747  1008e			ff		       .byte.b	$ff
   2746  1008e					       repend
   2747  1008f			ff		       .byte.b	$ff
   2746  1008f					       repend
   2747  10090			ff		       .byte.b	$ff
   2746  10090					       repend
   2747  10091			ff		       .byte.b	$ff
   2746  10091					       repend
   2747  10092			ff		       .byte.b	$ff
   2746  10092					       repend
   2747  10093			ff		       .byte.b	$ff
   2746  10093					       repend
   2747  10094			ff		       .byte.b	$ff
   2746  10094					       repend
   2747  10095			ff		       .byte.b	$ff
   2746  10095					       repend
   2747  10096			ff		       .byte.b	$ff
   2746  10096					       repend
   2747  10097			ff		       .byte.b	$ff
   2746  10097					       repend
   2747  10098			ff		       .byte.b	$ff
   2746  10098					       repend
   2747  10099			ff		       .byte.b	$ff
   2746  10099					       repend
   2747  1009a			ff		       .byte.b	$ff
   2746  1009a					       repend
   2747  1009b			ff		       .byte.b	$ff
   2746  1009b					       repend
   2747  1009c			ff		       .byte.b	$ff
   2746  1009c					       repend
   2747  1009d			ff		       .byte.b	$ff
   2746  1009d					       repend
   2747  1009e			ff		       .byte.b	$ff
   2746  1009e					       repend
   2747  1009f			ff		       .byte.b	$ff
   2746  1009f					       repend
   2747  100a0			ff		       .byte.b	$ff
   2746  100a0					       repend
   2747  100a1			ff		       .byte.b	$ff
   2746  100a1					       repend
   2747  100a2			ff		       .byte.b	$ff
   2746  100a2					       repend
   2747  100a3			ff		       .byte.b	$ff
   2746  100a3					       repend
   2747  100a4			ff		       .byte.b	$ff
   2746  100a4					       repend
   2747  100a5			ff		       .byte.b	$ff
   2746  100a5					       repend
   2747  100a6			ff		       .byte.b	$ff
   2746  100a6					       repend
   2747  100a7			ff		       .byte.b	$ff
   2746  100a7					       repend
   2747  100a8			ff		       .byte.b	$ff
   2746  100a8					       repend
   2747  100a9			ff		       .byte.b	$ff
   2746  100a9					       repend
   2747  100aa			ff		       .byte.b	$ff
   2746  100aa					       repend
   2747  100ab			ff		       .byte.b	$ff
   2746  100ab					       repend
   2747  100ac			ff		       .byte.b	$ff
   2746  100ac					       repend
   2747  100ad			ff		       .byte.b	$ff
   2746  100ad					       repend
   2747  100ae			ff		       .byte.b	$ff
   2746  100ae					       repend
   2747  100af			ff		       .byte.b	$ff
   2746  100af					       repend
   2747  100b0			ff		       .byte.b	$ff
   2746  100b0					       repend
   2747  100b1			ff		       .byte.b	$ff
   2746  100b1					       repend
   2747  100b2			ff		       .byte.b	$ff
   2746  100b2					       repend
   2747  100b3			ff		       .byte.b	$ff
   2746  100b3					       repend
   2747  100b4			ff		       .byte.b	$ff
   2746  100b4					       repend
   2747  100b5			ff		       .byte.b	$ff
   2746  100b5					       repend
   2747  100b6			ff		       .byte.b	$ff
   2746  100b6					       repend
   2747  100b7			ff		       .byte.b	$ff
   2746  100b7					       repend
   2747  100b8			ff		       .byte.b	$ff
   2746  100b8					       repend
   2747  100b9			ff		       .byte.b	$ff
   2746  100b9					       repend
   2747  100ba			ff		       .byte.b	$ff
   2746  100ba					       repend
   2747  100bb			ff		       .byte.b	$ff
   2746  100bb					       repend
   2747  100bc			ff		       .byte.b	$ff
   2746  100bc					       repend
   2747  100bd			ff		       .byte.b	$ff
   2746  100bd					       repend
   2747  100be			ff		       .byte.b	$ff
   2746  100be					       repend
   2747  100bf			ff		       .byte.b	$ff
   2746  100bf					       repend
   2747  100c0			ff		       .byte.b	$ff
   2746  100c0					       repend
   2747  100c1			ff		       .byte.b	$ff
   2746  100c1					       repend
   2747  100c2			ff		       .byte.b	$ff
   2746  100c2					       repend
   2747  100c3			ff		       .byte.b	$ff
   2746  100c3					       repend
   2747  100c4			ff		       .byte.b	$ff
   2746  100c4					       repend
   2747  100c5			ff		       .byte.b	$ff
   2746  100c5					       repend
   2747  100c6			ff		       .byte.b	$ff
   2746  100c6					       repend
   2747  100c7			ff		       .byte.b	$ff
   2746  100c7					       repend
   2747  100c8			ff		       .byte.b	$ff
   2746  100c8					       repend
   2747  100c9			ff		       .byte.b	$ff
   2746  100c9					       repend
   2747  100ca			ff		       .byte.b	$ff
   2746  100ca					       repend
   2747  100cb			ff		       .byte.b	$ff
   2746  100cb					       repend
   2747  100cc			ff		       .byte.b	$ff
   2746  100cc					       repend
   2747  100cd			ff		       .byte.b	$ff
   2746  100cd					       repend
   2747  100ce			ff		       .byte.b	$ff
   2746  100ce					       repend
   2747  100cf			ff		       .byte.b	$ff
   2746  100cf					       repend
   2747  100d0			ff		       .byte.b	$ff
   2746  100d0					       repend
   2747  100d1			ff		       .byte.b	$ff
   2746  100d1					       repend
   2747  100d2			ff		       .byte.b	$ff
   2746  100d2					       repend
   2747  100d3			ff		       .byte.b	$ff
   2746  100d3					       repend
   2747  100d4			ff		       .byte.b	$ff
   2746  100d4					       repend
   2747  100d5			ff		       .byte.b	$ff
   2746  100d5					       repend
   2747  100d6			ff		       .byte.b	$ff
   2746  100d6					       repend
   2747  100d7			ff		       .byte.b	$ff
   2746  100d7					       repend
   2747  100d8			ff		       .byte.b	$ff
   2746  100d8					       repend
   2747  100d9			ff		       .byte.b	$ff
   2746  100d9					       repend
   2747  100da			ff		       .byte.b	$ff
   2746  100da					       repend
   2747  100db			ff		       .byte.b	$ff
   2746  100db					       repend
   2747  100dc			ff		       .byte.b	$ff
   2746  100dc					       repend
   2747  100dd			ff		       .byte.b	$ff
   2746  100dd					       repend
   2747  100de			ff		       .byte.b	$ff
   2746  100de					       repend
   2747  100df			ff		       .byte.b	$ff
   2746  100df					       repend
   2747  100e0			ff		       .byte.b	$ff
   2746  100e0					       repend
   2747  100e1			ff		       .byte.b	$ff
   2746  100e1					       repend
   2747  100e2			ff		       .byte.b	$ff
   2746  100e2					       repend
   2747  100e3			ff		       .byte.b	$ff
   2746  100e3					       repend
   2747  100e4			ff		       .byte.b	$ff
   2746  100e4					       repend
   2747  100e5			ff		       .byte.b	$ff
   2746  100e5					       repend
   2747  100e6			ff		       .byte.b	$ff
   2746  100e6					       repend
   2747  100e7			ff		       .byte.b	$ff
   2746  100e7					       repend
   2747  100e8			ff		       .byte.b	$ff
   2746  100e8					       repend
   2747  100e9			ff		       .byte.b	$ff
   2746  100e9					       repend
   2747  100ea			ff		       .byte.b	$ff
   2746  100ea					       repend
   2747  100eb			ff		       .byte.b	$ff
   2746  100eb					       repend
   2747  100ec			ff		       .byte.b	$ff
   2746  100ec					       repend
   2747  100ed			ff		       .byte.b	$ff
   2746  100ed					       repend
   2747  100ee			ff		       .byte.b	$ff
   2746  100ee					       repend
   2747  100ef			ff		       .byte.b	$ff
   2746  100ef					       repend
   2747  100f0			ff		       .byte.b	$ff
   2746  100f0					       repend
   2747  100f1			ff		       .byte.b	$ff
   2746  100f1					       repend
   2747  100f2			ff		       .byte.b	$ff
   2746  100f2					       repend
   2747  100f3			ff		       .byte.b	$ff
   2746  100f3					       repend
   2747  100f4			ff		       .byte.b	$ff
   2746  100f4					       repend
   2747  100f5			ff		       .byte.b	$ff
   2746  100f5					       repend
   2747  100f6			ff		       .byte.b	$ff
   2746  100f6					       repend
   2747  100f7			ff		       .byte.b	$ff
   2746  100f7					       repend
   2747  100f8			ff		       .byte.b	$ff
   2746  100f8					       repend
   2747  100f9			ff		       .byte.b	$ff
   2746  100f9					       repend
   2747  100fa			ff		       .byte.b	$ff
   2746  100fa					       repend
   2747  100fb			ff		       .byte.b	$ff
   2746  100fb					       repend
   2747  100fc			ff		       .byte.b	$ff
   2746  100fc					       repend
   2747  100fd			ff		       .byte.b	$ff
   2746  100fd					       repend
   2747  100fe			ff		       .byte.b	$ff
   2746  100fe					       repend
   2747  100ff			ff		       .byte.b	$ff
   2748  10100					       repend
   2749  10100							; Provided under the CC0 license. See the included LICENSE.txt for details.
   2750  10100
   2751  10100							; This is a 2-line kernel!
   2752  10100					       ifnconst	vertical_reflect
   2753  10100				    kernel
   2754  10100					       endif
   2755  10100			85 02		       sta	WSYNC
   2756  10102			a9 ff		       lda	#255
   2757  10104			8d 96 02	       sta	TIM64T
   2758  10107
   2759  10107			a9 01		       lda	#1
   2760  10109			85 27		       sta	VDELBL
   2761  1010b			85 25		       sta	VDELP0
   2762  1010d			a6 92		       ldx	ballheight
   2763  1010f			e8		       inx
   2764  10110			e8		       inx
   2765  10111			86 9f		       stx	temp4
   2766  10113			a5 86		       lda	player1y
   2767  10115			85 9e		       sta	temp3
   2768  10117
   2769  10117				   -	       ifconst	shakescreen
   2770  10117				   -	       jsr	doshakescreen
   2771  10117					       else
   2772  10117			a6 90		       ldx	missile0height
   2773  10119			e8		       inx
   2774  1011a					       endif
   2775  1011a
   2776  1011a			e8		       inx
   2777  1011b			86 f6		       stx	stack1
   2778  1011d
   2779  1011d			a5 89		       lda	bally
   2780  1011f			85 f7		       sta	stack2
   2781  10121
   2782  10121			a5 85		       lda	player0y
   2783  10123			a2 00		       ldx	#0
   2784  10125			85 02		       sta	WSYNC
   2785  10127			86 1b		       stx	GRP0
   2786  10129			86 1c		       stx	GRP1
   2787  1012b			86 0e		       stx	PF1L
   2788  1012d			86 0f		       stx	PF2
   2789  1012f			86 2c		       stx	CXCLR
   2790  10131				   -	       ifconst	readpaddle
   2791  10131				   -	       stx	paddle
   2792  10131					       else
      0  10131					       sleep	3
      1  10131				    .CYCLES    SET	3
      2  10131
      3  10131				   -	       IF	.CYCLES < 2
      4  10131				   -	       ECHO	"MACRO ERROR: 'SLEEP': Duration must be > 1"
      5  10131				   -	       ERR
      6  10131					       ENDIF
      7  10131
      8  10131					       IF	.CYCLES & 1
      9  10131					       IFNCONST	NO_ILLEGAL_OPCODES
     10  10131			04 00		       nop	0
     11  10133				   -	       ELSE
     12  10133				   -	       bit	VSYNC
     13  10133					       ENDIF
     14  10133				    .CYCLES    SET	.CYCLES - 3
     15  10133					       ENDIF
     16  10133
     17  10133				   -	       REPEAT	.CYCLES / 2
     18  10133				   -	       nop
     19  10133					       REPEND
   2794  10133					       endif
   2795  10133
   2796  10133			95 9d		       sta	temp2,x
   2797  10135
   2798  10135							;store these so they can be retrieved later
   2799  10135					       ifnconst	pfres
   2800  10135			a2 54		       ldx	#128-44+(4-pfwidth)*12
   2801  10137				   -	       else
   2802  10137				   -	       ldx	#132-pfres*pfwidth
   2803  10137					       endif
   2804  10137
   2805  10137			c6 85		       dec	player0y
   2806  10139
   2807  10139			a5 91		       lda	missile0y
   2808  1013b			85 a0		       sta	temp5
   2809  1013d			a5 88		       lda	missile1y
   2810  1013f			85 a1		       sta	temp6
   2811  10141
   2812  10141			a5 ef		       lda	playfieldpos
   2813  10143			85 9c		       sta	temp1
   2814  10145
   2815  10145				   -	       ifconst	pfrowheight
   2816  10145				   -	       lda	#pfrowheight+2
   2817  10145					       else
   2818  10145					       ifnconst	pfres
   2819  10145			a9 0a		       lda	#10
   2820  10147				   -	       else
   2821  10147				   -	       lda	#(96/pfres)+2	; try to come close to the real size
   2822  10147					       endif
   2823  10147					       endif
   2824  10147			18		       clc
   2825  10148			e5 ef		       sbc	playfieldpos
   2826  1014a			85 ef		       sta	playfieldpos
   2827  1014c			4c 78 f1	       jmp	.startkernel
   2828  1014f
   2829  1014f				    .skipDrawP0
   2830  1014f			a9 00		       lda	#0
   2831  10151			a8		       tay
   2832  10152			4c aa f1	       jmp	.continueP0
   2833  10155
   2834  10155				    .skipDrawP1
   2835  10155			a9 00		       lda	#0
   2836  10157			a8		       tay
   2837  10158			4c 82 f1	       jmp	.continueP1
   2838  1015b
   2839  1015b				    .kerloop		; enter at cycle 59??
   2840  1015b
   2841  1015b				    continuekernel
      0  1015b					       sleep	2
      1  1015b				    .CYCLES    SET	2
      2  1015b
      3  1015b				   -	       IF	.CYCLES < 2
      4  1015b				   -	       ECHO	"MACRO ERROR: 'SLEEP': Duration must be > 1"
      5  1015b				   -	       ERR
      6  1015b					       ENDIF
      7  1015b
      8  1015b				   -	       IF	.CYCLES & 1
      9  1015b				   -	       IFNCONST	NO_ILLEGAL_OPCODES
     10  1015b				   -	       nop	0
     11  1015b				   -	       ELSE
     12  1015b				   -	       bit	VSYNC
     13  1015b				   -	       ENDIF
     14  1015b				   -.CYCLES    SET	.CYCLES - 3
     15  1015b					       ENDIF
     16  1015b
     17  1015b					       REPEAT	.CYCLES / 2
     18  1015b			ea		       nop
     19  1015c					       REPEND
   2843  1015c				    continuekernel2
   2844  1015c			a5 92		       lda	ballheight
   2845  1015e
   2846  1015e				   -	       ifconst	pfres
   2847  1015e				   -	       ldy	playfield+pfres*pfwidth-132,x
   2848  1015e				   -	       sty	PF1L	;3
   2849  1015e				   -	       ldy	playfield+pfres*pfwidth-131-pfadjust,x
   2850  1015e				   -	       sty	PF2L	;3
   2851  1015e				   -	       ldy	playfield+pfres*pfwidth-129,x
   2852  1015e				   -	       sty	PF1R	; 3 too early?
   2853  1015e				   -	       ldy	playfield+pfres*pfwidth-130-pfadjust,x
   2854  1015e				   -	       sty	PF2R	;3
   2855  1015e					       else
   2856  1015e			bc 7c 10	       ldy	playfield-48+pfwidth*12+44-128,x
   2857  10161			84 0e		       sty	PF1L	;3
   2858  10163			bc 7d 10	       ldy	playfield-48+pfwidth*12+45-128-pfadjust,x	;4
   2859  10166			84 0f		       sty	PF2L	;3
   2860  10168			bc 7f 10	       ldy	playfield-48+pfwidth*12+47-128,x	;4
   2861  1016b			84 0e		       sty	PF1R	; 3 too early?
   2862  1016d			bc 7e 10	       ldy	playfield-48+pfwidth*12+46-128-pfadjust,x	;4
   2863  10170			84 0f		       sty	PF2R	;3
   2864  10172					       endif
   2865  10172
   2866  10172							; should be playfield+$38 for width=2
   2867  10172
   2868  10172			c7 89		       dcp	bally
   2869  10174			2a		       rol
   2870  10175			2a		       rol
   2871  10176							; rol
   2872  10176							; rol
   2873  10176				    goback
   2874  10176			85 1f		       sta	ENABL
   2875  10178				    .startkernel
   2876  10178			a5 8f		       lda	player1height	;3
   2877  1017a			c7 86		       dcp	player1y	;5
   2878  1017c			90 d7		       bcc	.skipDrawP1	;2
   2879  1017e			a4 86		       ldy	player1y	;3
   2880  10180			b1 8c		       lda	(player1pointer),y	;5; player0pointer must be selected carefully by the compiler
   2881  10182							; so it doesn't cross a page boundary!
   2882  10182
   2883  10182				    .continueP1
   2884  10182			85 1c		       sta	GRP1	;3
   2885  10184
   2886  10184					       ifnconst	player1colors
   2887  10184			a5 87		       lda	missile1height	;3
   2888  10186			c7 88		       dcp	missile1y	;5
   2889  10188			2a		       rol		;2
   2890  10189			2a		       rol		;2
   2891  1018a			85 1e		       sta	ENAM1	;3
   2892  1018c				   -	       else
   2893  1018c				   -	       lda	(player1color),y
   2894  1018c				   -	       sta	COLUP1
   2895  1018c				   -	       ifnconst	playercolors
   2896  1018c				   -	       sleep	7
   2897  1018c				   -	       else
   2898  1018c				   -	       lda.w	player0colorstore
   2899  1018c				   -	       sta	COLUP0
   2900  1018c				   -	       endif
   2901  1018c					       endif
   2902  1018c
   2903  1018c				   -	       ifconst	pfres
   2904  1018c				   -	       lda	playfield+pfres*pfwidth-132,x
   2905  1018c				   -	       sta	PF1L	;3
   2906  1018c				   -	       lda	playfield+pfres*pfwidth-131-pfadjust,x
   2907  1018c				   -	       sta	PF2L	;3
   2908  1018c				   -	       lda	playfield+pfres*pfwidth-129,x
   2909  1018c				   -	       sta	PF1R	; 3 too early?
   2910  1018c				   -	       lda	playfield+pfres*pfwidth-130-pfadjust,x
   2911  1018c				   -	       sta	PF2R	;3
   2912  1018c					       else
   2913  1018c			bd 7c 10	       lda	playfield-48+pfwidth*12+44-128,x	;4
   2914  1018f			85 0e		       sta	PF1L	;3
   2915  10191			bd 7d 10	       lda	playfield-48+pfwidth*12+45-128-pfadjust,x	;4
   2916  10194			85 0f		       sta	PF2L	;3
   2917  10196			bd 7f 10	       lda	playfield-48+pfwidth*12+47-128,x	;4
   2918  10199			85 0e		       sta	PF1R	; 3 too early?
   2919  1019b			bd 7e 10	       lda	playfield-48+pfwidth*12+46-128-pfadjust,x	;4
   2920  1019e			85 0f		       sta	PF2R	;3
   2921  101a0					       endif
   2922  101a0							; sleep 3
   2923  101a0
   2924  101a0			a5 8e		       lda	player0height
   2925  101a2			c7 85		       dcp	player0y
   2926  101a4			90 a9		       bcc	.skipDrawP0
   2927  101a6			a4 85		       ldy	player0y
   2928  101a8			b1 8a		       lda	(player0pointer),y
   2929  101aa				    .continueP0
   2930  101aa			85 1b		       sta	GRP0
   2931  101ac
   2932  101ac					       ifnconst	no_blank_lines
   2933  101ac					       ifnconst	playercolors
   2934  101ac			a5 90		       lda	missile0height	;3
   2935  101ae			c7 91		       dcp	missile0y	;5
   2936  101b0			e5 f6		       sbc	stack1
   2937  101b2			85 1d		       sta	ENAM0	;3
   2938  101b4				   -	       else
   2939  101b4				   -	       lda	(player0color),y
   2940  101b4				   -	       sta	player0colorstore
   2941  101b4				   -	       sleep	6
   2942  101b4					       endif
   2943  101b4			c6 9c		       dec	temp1
   2944  101b6			d0 a3		       bne	continuekernel
   2945  101b8				   -	       else
   2946  101b8				   -	       dec	temp1
   2947  101b8				   -	       beq	altkernel2
   2948  101b8				   -	       ifconst	readpaddle
   2949  101b8				   -	       ldy	currentpaddle
   2950  101b8				   -	       lda	INPT0,y
   2951  101b8				   -	       bpl	noreadpaddle
   2952  101b8				   -	       inc	paddle
   2953  101b8				   -	       jmp	continuekernel2
   2954  101b8				   -noreadpaddle
   2955  101b8				   -	       sleep	2
   2956  101b8				   -	       jmp	continuekernel
   2957  101b8				   -	       else
   2958  101b8				   -	       ifnconst	playercolors
   2959  101b8				   -	       ifconst	PFcolors
   2960  101b8				   -	       txa
   2961  101b8				   -	       tay
   2962  101b8				   -	       lda	(pfcolortable),y
   2963  101b8				   -	       ifnconst	backgroundchange
   2964  101b8				   -	       sta	COLUPF
   2965  101b8				   -	       else
   2966  101b8				   -	       sta	COLUBK
   2967  101b8				   -	       endif
   2968  101b8				   -	       jmp	continuekernel
   2969  101b8				   -	       else
   2970  101b8				   -	       ifconst	kernelmacrodef
   2971  101b8				   -	       kernelmacro
   2972  101b8				   -	       else
   2973  101b8				   -	       sleep	12
   2974  101b8				   -	       endif
   2975  101b8				   -	       endif
   2976  101b8				   -	       else
   2977  101b8				   -	       lda	(player0color),y
   2978  101b8				   -	       sta	player0colorstore
   2979  101b8				   -	       sleep	4
   2980  101b8				   -	       endif
   2981  101b8				   -	       jmp	continuekernel
   2982  101b8				   -	       endif
   2983  101b8				   -altkernel2
   2984  101b8				   -	       txa
   2985  101b8				   -	       ifnconst	vertical_reflect
   2986  101b8				   -	       sbx	#256-pfwidth
   2987  101b8				   -	       else
   2988  101b8				   -	       sbx	#256-pfwidth/2
   2989  101b8				   -	       endif
   2990  101b8				   -	       bmi	lastkernelline
   2991  101b8				   -	       ifconst	pfrowheight
   2992  101b8				   -	       lda	#pfrowheight
   2993  101b8				   -	       else
   2994  101b8				   -	       ifnconst	pfres
   2995  101b8				   -	       lda	#8
   2996  101b8				   -	       else
   2997  101b8				   -	       lda	#(96/pfres)	; try to come close to the real size
   2998  101b8				   -	       endif
   2999  101b8				   -	       endif
   3000  101b8				   -	       sta	temp1
   3001  101b8				   -	       jmp	continuekernel
   3002  101b8					       endif
   3003  101b8
   3004  101b8				    altkernel
   3005  101b8
   3006  101b8				   -	       ifconst	PFmaskvalue
   3007  101b8				   -	       lda	#PFmaskvalue
   3008  101b8					       else
   3009  101b8			a9 00		       lda	#0
   3010  101ba					       endif
   3011  101ba			85 0e		       sta	PF1L
   3012  101bc			85 0f		       sta	PF2
   3013  101be
   3014  101be
   3015  101be							;sleep 3
   3016  101be
   3017  101be							;28 cycles to fix things
   3018  101be							;minus 11=17
   3019  101be
   3020  101be							; lax temp4
   3021  101be							; clc
   3022  101be			8a		       txa
   3023  101bf					       ifnconst	vertical_reflect
   3024  101bf			cb fc		       sbx	#256-pfwidth
   3025  101c1				   -	       else
   3026  101c1				   -	       sbx	#256-pfwidth/2
   3027  101c1					       endif
   3028  101c1
   3029  101c1			30 12		       bmi	lastkernelline
   3030  101c3
   3031  101c3				   -	       ifconst	PFcolorandheight
   3032  101c3				   -	       ifconst	pfres
   3033  101c3				   -	       ldy	playfieldcolorandheight-131+pfres*pfwidth,x
   3034  101c3				   -	       else
   3035  101c3				   -	       ldy	playfieldcolorandheight-87,x
   3036  101c3				   -	       endif
   3037  101c3				   -	       ifnconst	backgroundchange
   3038  101c3				   -	       sty	COLUPF
   3039  101c3				   -	       else
   3040  101c3				   -	       sty	COLUBK
   3041  101c3				   -	       endif
   3042  101c3				   -	       ifconst	pfres
   3043  101c3				   -	       lda	playfieldcolorandheight-132+pfres*pfwidth,x
   3044  101c3				   -	       else
   3045  101c3				   -	       lda	playfieldcolorandheight-88,x
   3046  101c3				   -	       endif
   3047  101c3				   -	       sta.w	temp1
   3048  101c3					       endif
   3049  101c3				   -	       ifconst	PFheights
   3050  101c3				   -	       lsr
   3051  101c3				   -	       lsr
   3052  101c3				   -	       tay
   3053  101c3				   -	       lda	(pfheighttable),y
   3054  101c3				   -	       sta.w	temp1
   3055  101c3					       endif
   3056  101c3				   -	       ifconst	PFcolors
   3057  101c3				   -	       tay
   3058  101c3				   -	       lda	(pfcolortable),y
   3059  101c3				   -	       ifnconst	backgroundchange
   3060  101c3				   -	       sta	COLUPF
   3061  101c3				   -	       else
   3062  101c3				   -	       sta	COLUBK
   3063  101c3				   -	       endif
   3064  101c3				   -	       ifconst	pfrowheight
   3065  101c3				   -	       lda	#pfrowheight
   3066  101c3				   -	       else
   3067  101c3				   -	       ifnconst	pfres
   3068  101c3				   -	       lda	#8
   3069  101c3				   -	       else
   3070  101c3				   -	       lda	#(96/pfres)	; try to come close to the real size
   3071  101c3				   -	       endif
   3072  101c3				   -	       endif
   3073  101c3				   -	       sta	temp1
   3074  101c3					       endif
   3075  101c3					       ifnconst	PFcolorandheight
   3076  101c3					       ifnconst	PFcolors
   3077  101c3					       ifnconst	PFheights
   3078  101c3					       ifnconst	no_blank_lines
   3079  101c3							; read paddle 0
   3080  101c3							; lo-res paddle read
   3081  101c3							; bit INPT0
   3082  101c3							; bmi paddleskipread
   3083  101c3							; inc paddle0
   3084  101c3							;donepaddleskip
      0  101c3					       sleep	10
      1  101c3				    .CYCLES    SET	10
      2  101c3
      3  101c3				   -	       IF	.CYCLES < 2
      4  101c3				   -	       ECHO	"MACRO ERROR: 'SLEEP': Duration must be > 1"
      5  101c3				   -	       ERR
      6  101c3					       ENDIF
      7  101c3
      8  101c3				   -	       IF	.CYCLES & 1
      9  101c3				   -	       IFNCONST	NO_ILLEGAL_OPCODES
     10  101c3				   -	       nop	0
     11  101c3				   -	       ELSE
     12  101c3				   -	       bit	VSYNC
     13  101c3				   -	       ENDIF
     14  101c3				   -.CYCLES    SET	.CYCLES - 3
     15  101c3					       ENDIF
     16  101c3
     17  101c3					       REPEAT	.CYCLES / 2
     18  101c3			ea		       nop
     17  101c3					       REPEND
     18  101c4			ea		       nop
     17  101c4					       REPEND
     18  101c5			ea		       nop
     17  101c5					       REPEND
     18  101c6			ea		       nop
     17  101c6					       REPEND
     18  101c7			ea		       nop
     19  101c8					       REPEND
   3086  101c8				   -	       ifconst	pfrowheight
   3087  101c8				   -	       lda	#pfrowheight
   3088  101c8					       else
   3089  101c8					       ifnconst	pfres
   3090  101c8			a9 08		       lda	#8
   3091  101ca				   -	       else
   3092  101ca				   -	       lda	#(96/pfres)	; try to come close to the real size
   3093  101ca					       endif
   3094  101ca					       endif
   3095  101ca			85 9c		       sta	temp1
   3096  101cc					       endif
   3097  101cc					       endif
   3098  101cc					       endif
   3099  101cc					       endif
   3100  101cc
   3101  101cc
   3102  101cc			a5 92		       lda	ballheight
   3103  101ce			c7 89		       dcp	bally
   3104  101d0			e5 9f		       sbc	temp4
   3105  101d2
   3106  101d2
   3107  101d2			4c 76 f1	       jmp	goback
   3108  101d5
   3109  101d5
   3110  101d5					       ifnconst	no_blank_lines
   3111  101d5				    lastkernelline
   3112  101d5					       ifnconst	PFcolors
      0  101d5					       sleep	10
      1  101d5				    .CYCLES    SET	10
      2  101d5
      3  101d5				   -	       IF	.CYCLES < 2
      4  101d5				   -	       ECHO	"MACRO ERROR: 'SLEEP': Duration must be > 1"
      5  101d5				   -	       ERR
      6  101d5					       ENDIF
      7  101d5
      8  101d5				   -	       IF	.CYCLES & 1
      9  101d5				   -	       IFNCONST	NO_ILLEGAL_OPCODES
     10  101d5				   -	       nop	0
     11  101d5				   -	       ELSE
     12  101d5				   -	       bit	VSYNC
     13  101d5				   -	       ENDIF
     14  101d5				   -.CYCLES    SET	.CYCLES - 3
     15  101d5					       ENDIF
     16  101d5
     17  101d5					       REPEAT	.CYCLES / 2
     18  101d5			ea		       nop
     17  101d5					       REPEND
     18  101d6			ea		       nop
     17  101d6					       REPEND
     18  101d7			ea		       nop
     17  101d7					       REPEND
     18  101d8			ea		       nop
     17  101d8					       REPEND
     18  101d9			ea		       nop
     19  101da					       REPEND
   3114  101da				   -	       else
   3115  101da				   -	       ldy	#124
   3116  101da				   -	       lda	(pfcolortable),y
   3117  101da				   -	       sta	COLUPF
   3118  101da					       endif
   3119  101da
   3120  101da				   -	       ifconst	PFheights
   3121  101da				   -	       ldx	#1
   3122  101da				   -			;sleep 4
   3123  101da				   -	       sleep	3	; this was over 1 cycle
   3124  101da					       else
   3125  101da			a6 ef		       ldx	playfieldpos
   3126  101dc							;sleep 3
      0  101dc					       sleep	2	; this was over 1 cycle
      1  101dc				    .CYCLES    SET	2
      2  101dc
      3  101dc				   -	       IF	.CYCLES < 2
      4  101dc				   -	       ECHO	"MACRO ERROR: 'SLEEP': Duration must be > 1"
      5  101dc				   -	       ERR
      6  101dc					       ENDIF
      7  101dc
      8  101dc				   -	       IF	.CYCLES & 1
      9  101dc				   -	       IFNCONST	NO_ILLEGAL_OPCODES
     10  101dc				   -	       nop	0
     11  101dc				   -	       ELSE
     12  101dc				   -	       bit	VSYNC
     13  101dc				   -	       ENDIF
     14  101dc				   -.CYCLES    SET	.CYCLES - 3
     15  101dc					       ENDIF
     16  101dc
     17  101dc					       REPEAT	.CYCLES / 2
     18  101dc			ea		       nop
     19  101dd					       REPEND
   3128  101dd					       endif
   3129  101dd
   3130  101dd			4c 1b f2	       jmp	enterlastkernel
   3131  101e0
   3132  101e0				   -	       else
   3133  101e0				   -lastkernelline
   3134  101e0				   -
   3135  101e0				   -	       ifconst	PFheights
   3136  101e0				   -	       ldx	#1
   3137  101e0				   -			;sleep 5
   3138  101e0				   -	       sleep	4	; this was over 1 cycle
   3139  101e0				   -	       else
   3140  101e0				   -	       ldx	playfieldpos
   3141  101e0				   -			;sleep 4
   3142  101e0				   -	       sleep	3	; this was over 1 cycle
   3143  101e0				   -	       endif
   3144  101e0				   -
   3145  101e0				   -	       cpx	#0
   3146  101e0				   -	       bne	.enterfromNBL
   3147  101e0				   -	       jmp	no_blank_lines_bailout
   3148  101e0					       endif
   3149  101e0
   3150  101e0					       if	((<*)>$d5)
   3151  10200			00 00 00 00*	       align	256
   3152  10200					       endif
   3153  10200							; this is a kludge to prevent page wrapping - fix!!!
   3154  10200
   3155  10200				    .skipDrawlastP1
   3156  10200			a9 00		       lda	#0
   3157  10202			a8		       tay		; added so we don't cross a page
   3158  10203			4c 2d f2	       jmp	.continuelastP1
   3159  10206
   3160  10206				    .endkerloop 		; enter at cycle 59??
   3161  10206
   3162  10206			ea		       nop
   3163  10207
   3164  10207				    .enterfromNBL
   3165  10207				   -	       ifconst	pfres
   3166  10207				   -	       ldy.w	playfield+pfres*pfwidth-4
   3167  10207				   -	       sty	PF1L	;3
   3168  10207				   -	       ldy.w	playfield+pfres*pfwidth-3-pfadjust
   3169  10207				   -	       sty	PF2L	;3
   3170  10207				   -	       ldy.w	playfield+pfres*pfwidth-1
   3171  10207				   -	       sty	PF1R	; possibly too early?
   3172  10207				   -	       ldy.w	playfield+pfres*pfwidth-2-pfadjust
   3173  10207				   -	       sty	PF2R	;3
   3174  10207					       else
   3175  10207			ac fc 10	       ldy.w	playfield-48+pfwidth*12+44
   3176  1020a			84 0e		       sty	PF1L	;3
   3177  1020c			ac fd 10	       ldy.w	playfield-48+pfwidth*12+45-pfadjust
   3178  1020f			84 0f		       sty	PF2L	;3
   3179  10211			ac ff 10	       ldy.w	playfield-48+pfwidth*12+47
   3180  10214			84 0e		       sty	PF1R	; possibly too early?
   3181  10216			ac fe 10	       ldy.w	playfield-48+pfwidth*12+46-pfadjust
   3182  10219			84 0f		       sty	PF2R	;3
   3183  1021b					       endif
   3184  1021b
   3185  1021b				    enterlastkernel
   3186  1021b			a5 92		       lda	ballheight
   3187  1021d
   3188  1021d							; tya
   3189  1021d			c7 89		       dcp	bally
   3190  1021f							; sleep 4
   3191  1021f
   3192  1021f							; sbc stack3
   3193  1021f			2a		       rol
   3194  10220			2a		       rol
   3195  10221			85 1f		       sta	ENABL
   3196  10223
   3197  10223			a5 8f		       lda	player1height	;3
   3198  10225			c7 86		       dcp	player1y	;5
   3199  10227			90 d7		       bcc	.skipDrawlastP1
   3200  10229			a4 86		       ldy	player1y	;3
   3201  1022b			b1 8c		       lda	(player1pointer),y	;5; player0pointer must be selected carefully by the compiler
   3202  1022d							; so it doesn't cross a page boundary!
   3203  1022d
   3204  1022d				    .continuelastP1
   3205  1022d			85 1c		       sta	GRP1	;3
   3206  1022f
   3207  1022f					       ifnconst	player1colors
   3208  1022f			a5 87		       lda	missile1height	;3
   3209  10231			c7 88		       dcp	missile1y	;5
   3210  10233				   -	       else
   3211  10233				   -	       lda	(player1color),y
   3212  10233				   -	       sta	COLUP1
   3213  10233					       endif
   3214  10233
   3215  10233			ca		       dex
   3216  10234							;dec temp4 ; might try putting this above PF writes
   3217  10234			f0 36		       beq	endkernel
   3218  10236
   3219  10236
   3220  10236				   -	       ifconst	pfres
   3221  10236				   -	       ldy.w	playfield+pfres*pfwidth-4
   3222  10236				   -	       sty	PF1L	;3
   3223  10236				   -	       ldy.w	playfield+pfres*pfwidth-3-pfadjust
   3224  10236				   -	       sty	PF2L	;3
   3225  10236				   -	       ldy.w	playfield+pfres*pfwidth-1
   3226  10236				   -	       sty	PF1R	; possibly too early?
   3227  10236				   -	       ldy.w	playfield+pfres*pfwidth-2-pfadjust
   3228  10236				   -	       sty	PF2R	;3
   3229  10236					       else
   3230  10236			ac fc 10	       ldy.w	playfield-48+pfwidth*12+44
   3231  10239			84 0e		       sty	PF1L	;3
   3232  1023b			ac fd 10	       ldy.w	playfield-48+pfwidth*12+45-pfadjust
   3233  1023e			84 0f		       sty	PF2L	;3
   3234  10240			ac ff 10	       ldy.w	playfield-48+pfwidth*12+47
   3235  10243			84 0e		       sty	PF1R	; possibly too early?
   3236  10245			ac fe 10	       ldy.w	playfield-48+pfwidth*12+46-pfadjust
   3237  10248			84 0f		       sty	PF2R	;3
   3238  1024a					       endif
   3239  1024a
   3240  1024a					       ifnconst	player1colors
   3241  1024a			2a		       rol		;2
   3242  1024b			2a		       rol		;2
   3243  1024c			85 1e		       sta	ENAM1	;3
   3244  1024e				   -	       else
   3245  1024e				   -	       ifnconst	playercolors
   3246  1024e				   -	       sleep	7
   3247  1024e				   -	       else
   3248  1024e				   -	       lda.w	player0colorstore
   3249  1024e				   -	       sta	COLUP0
   3250  1024e				   -	       endif
   3251  1024e					       endif
   3252  1024e
   3253  1024e			ad 8e 00	       lda.w	player0height
   3254  10251			c7 85		       dcp	player0y
   3255  10253			90 11		       bcc	.skipDrawlastP0
   3256  10255			a4 85		       ldy	player0y
   3257  10257			b1 8a		       lda	(player0pointer),y
   3258  10259				    .continuelastP0
   3259  10259			85 1b		       sta	GRP0
   3260  1025b
   3261  1025b
   3262  1025b
   3263  1025b					       ifnconst	no_blank_lines
   3264  1025b			a5 90		       lda	missile0height	;3
   3265  1025d			c7 91		       dcp	missile0y	;5
   3266  1025f			e5 f6		       sbc	stack1
   3267  10261			85 1d		       sta	ENAM0	;3
   3268  10263			4c 06 f2	       jmp	.endkerloop
   3269  10266				   -	       else
   3270  10266				   -	       ifconst	readpaddle
   3271  10266				   -	       ldy	currentpaddle
   3272  10266				   -	       lda	INPT0,y
   3273  10266				   -	       bpl	noreadpaddle2
   3274  10266				   -	       inc	paddle
   3275  10266				   -	       jmp	.endkerloop
   3276  10266				   -noreadpaddle2
   3277  10266				   -	       sleep	4
   3278  10266				   -	       jmp	.endkerloop
   3279  10266				   -	       else		; no_blank_lines and no paddle reading
   3280  10266				   -	       pla
   3281  10266				   -	       pha		; 14 cycles in 4 bytes
   3282  10266				   -	       pla
   3283  10266				   -	       pha
   3284  10266				   -			; sleep 14
   3285  10266				   -	       jmp	.endkerloop
   3286  10266				   -	       endif
   3287  10266					       endif
   3288  10266
   3289  10266
   3290  10266							; ifconst donepaddleskip
   3291  10266							;paddleskipread
   3292  10266							; this is kind of lame, since it requires 4 cycles from a page boundary crossing
   3293  10266							; plus we get a lo-res paddle read
   3294  10266							; bmi donepaddleskip
   3295  10266							; endif
   3296  10266
   3297  10266				    .skipDrawlastP0
   3298  10266			a9 00		       lda	#0
   3299  10268			a8		       tay
   3300  10269			4c 59 f2	       jmp	.continuelastP0
   3301  1026c
   3302  1026c				   -	       ifconst	no_blank_lines
   3303  1026c				   -no_blank_lines_bailout
   3304  1026c				   -	       ldx	#0
   3305  1026c					       endif
   3306  1026c
   3307  1026c				    endkernel
   3308  1026c							; 6 digit score routine
   3309  1026c			86 0e		       stx	PF1
   3310  1026e			86 0f		       stx	PF2
   3311  10270			86 0d		       stx	PF0
   3312  10272			18		       clc
   3313  10273
   3314  10273				   -	       ifconst	pfrowheight
   3315  10273				   -	       lda	#pfrowheight+2
   3316  10273					       else
   3317  10273					       ifnconst	pfres
   3318  10273			a9 0a		       lda	#10
   3319  10275				   -	       else
   3320  10275				   -	       lda	#(96/pfres)+2	; try to come close to the real size
   3321  10275					       endif
   3322  10275					       endif
   3323  10275
   3324  10275			e5 ef		       sbc	playfieldpos
   3325  10277			85 ef		       sta	playfieldpos
   3326  10279			8a		       txa
   3327  1027a
   3328  1027a				   -	       ifconst	shakescreen
   3329  1027a				   -	       bit	shakescreen
   3330  1027a				   -	       bmi	noshakescreen2
   3331  1027a				   -	       ldx	#$3D
   3332  1027a				   -noshakescreen2
   3333  1027a					       endif
   3334  1027a
   3335  1027a			95 02		       sta	WSYNC,x
   3336  1027c
   3337  1027c							; STA WSYNC ;first one, need one more
   3338  1027c			85 0b		       sta	REFP0
   3339  1027e			85 0c		       sta	REFP1
   3340  10280			85 1b		       STA	GRP0
   3341  10282			85 1c		       STA	GRP1
   3342  10284							; STA PF1
   3343  10284							; STA PF2
   3344  10284			85 2b		       sta	HMCLR
   3345  10286			85 1d		       sta	ENAM0
   3346  10288			85 1e		       sta	ENAM1
   3347  1028a			85 1f		       sta	ENABL
   3348  1028c
   3349  1028c			a5 9d		       lda	temp2	;restore variables that were obliterated by kernel
   3350  1028e			85 85		       sta	player0y
   3351  10290			a5 9e		       lda	temp3
   3352  10292			85 86		       sta	player1y
   3353  10294					       ifnconst	player1colors
   3354  10294			a5 a1		       lda	temp6
   3355  10296			85 88		       sta	missile1y
   3356  10298					       endif
   3357  10298					       ifnconst	playercolors
   3358  10298					       ifnconst	readpaddle
   3359  10298			a5 a0		       lda	temp5
   3360  1029a			85 91		       sta	missile0y
   3361  1029c					       endif
   3362  1029c					       endif
   3363  1029c			a5 f7		       lda	stack2
   3364  1029e			85 89		       sta	bally
   3365  102a0
   3366  102a0							; strangely, this isn't required any more. might have
   3367  102a0							; resulted from the no_blank_lines score bounce fix
   3368  102a0							;ifconst no_blank_lines
   3369  102a0							;sta WSYNC
   3370  102a0							;endif
   3371  102a0
   3372  102a0			ad 84 02	       lda	INTIM
   3373  102a3			18		       clc
   3374  102a4					       ifnconst	vblank_time
   3375  102a4			69 8e		       adc	#43+12+87
   3376  102a6				   -	       else
   3377  102a6				   -	       adc	#vblank_time+12+87
   3378  102a6				   -
   3379  102a6					       endif
   3380  102a6							; sta WSYNC
   3381  102a6			8d 96 02	       sta	TIM64T
   3382  102a9
   3383  102a9				   -	       ifconst	minikernel
   3384  102a9				   -	       jsr	minikernel
   3385  102a9					       endif
   3386  102a9
   3387  102a9							; now reassign temp vars for score pointers
   3388  102a9
   3389  102a9							; score pointers contain:
   3390  102a9							; score1-5: lo1,lo2,lo3,lo4,lo5,lo6
   3391  102a9							; swap lo2->temp1
   3392  102a9							; swap lo4->temp3
   3393  102a9							; swap lo6->temp5
   3394  102a9					       ifnconst	noscore
   3395  102a9			a5 97		       lda	scorepointers+1
   3396  102ab							; ldy temp1
   3397  102ab			85 9c		       sta	temp1
   3398  102ad							; sty scorepointers+1
   3399  102ad
   3400  102ad			a5 99		       lda	scorepointers+3
   3401  102af							; ldy temp3
   3402  102af			85 9e		       sta	temp3
   3403  102b1							; sty scorepointers+3
   3404  102b1
   3405  102b1
   3406  102b1			85 2b		       sta	HMCLR
   3407  102b3			ba		       tsx
   3408  102b4			86 f6		       stx	stack1
   3409  102b6			a2 e0		       ldx	#$E0
   3410  102b8			86 20		       stx	HMP0
   3411  102ba
   3412  102ba			a5 a3		       LDA	scorecolor
   3413  102bc			85 06		       STA	COLUP0
   3414  102be			85 07		       STA	COLUP1
   3415  102c0				   -	       ifconst	scorefade
   3416  102c0				   -	       STA	stack2
   3417  102c0					       endif
   3418  102c0				   -	       ifconst	pfscore
   3419  102c0				   -	       lda	pfscorecolor
   3420  102c0				   -	       sta	COLUPF
   3421  102c0					       endif
   3422  102c0			85 02		       sta	WSYNC
   3423  102c2			a2 00		       ldx	#0
   3424  102c4			86 1b		       STx	GRP0
   3425  102c6			86 1c		       STx	GRP1	; seems to be needed because of vdel
   3426  102c8
   3427  102c8			a5 9b		       lda	scorepointers+5
   3428  102ca							; ldy temp5
   3429  102ca			95 a0		       sta	temp5,x
   3430  102cc							; sty scorepointers+5
   3431  102cc			a9 ff		       lda	#>scoretable
   3432  102ce			85 97		       sta	scorepointers+1
   3433  102d0			85 99		       sta	scorepointers+3
   3434  102d2			85 9b		       sta	scorepointers+5
   3435  102d4			85 9d		       sta	temp2
   3436  102d6			85 9f		       sta	temp4
   3437  102d8			85 a1		       sta	temp6
   3438  102da			a0 07		       LDY	#7
   3439  102dc			84 25		       STY	VDELP0
   3440  102de			85 10		       STA	RESP0
   3441  102e0			85 11		       STA	RESP1
   3442  102e2
   3443  102e2
   3444  102e2			a9 03		       LDA	#$03
   3445  102e4			85 04		       STA	NUSIZ0
   3446  102e6			85 05		       STA	NUSIZ1
   3447  102e8			85 26		       STA	VDELP1
   3448  102ea			a9 f0		       LDA	#$F0
   3449  102ec			85 21		       STA	HMP1
   3450  102ee			b1 96		       lda	(scorepointers),y
   3451  102f0			85 1b		       sta	GRP0
   3452  102f2			85 2a		       STA	HMOVE	; cycle 73 ?
   3453  102f4			4c 08 f3	       jmp	beginscore
   3454  102f7
   3455  102f7
   3456  102f7					       if	((<*)>$d4)
   3457  10300			00 00 00 00*	       align	256	; kludge that potentially wastes space! should be fixed!
   3458  10300					       endif
   3459  10300
   3460  10300				    loop2
   3461  10300			b1 96		       lda	(scorepointers),y	;+5 68 204
   3462  10302			85 1b		       sta	GRP0	;+3 71 213 D1 -- -- --
   3463  10304				   -	       ifconst	pfscore
   3464  10304				   -	       lda.w	pfscore1
   3465  10304				   -	       sta	PF1
   3466  10304					       else
   3467  10304				   -	       ifconst	scorefade
   3468  10304				   -	       sleep	2
   3469  10304				   -	       dec	stack2	; decrement the temporary scorecolor
   3470  10304					       else
      0  10304					       sleep	7
      1  10304				    .CYCLES    SET	7
      2  10304
      3  10304				   -	       IF	.CYCLES < 2
      4  10304				   -	       ECHO	"MACRO ERROR: 'SLEEP': Duration must be > 1"
      5  10304				   -	       ERR
      6  10304					       ENDIF
      7  10304
      8  10304					       IF	.CYCLES & 1
      9  10304					       IFNCONST	NO_ILLEGAL_OPCODES
     10  10304			04 00		       nop	0
     11  10306				   -	       ELSE
     12  10306				   -	       bit	VSYNC
     13  10306					       ENDIF
     14  10306				    .CYCLES    SET	.CYCLES - 3
     15  10306					       ENDIF
     16  10306
     17  10306					       REPEAT	.CYCLES / 2
     18  10306			ea		       nop
     17  10306					       REPEND
     18  10307			ea		       nop
     19  10308					       REPEND
   3472  10308					       endif
   3473  10308					       endif
   3474  10308							; cycle 0
   3475  10308				    beginscore
   3476  10308			b1 9e		       lda	(scorepointers+$8),y	;+5 5 15
   3477  1030a			85 1c		       sta	GRP1	;+3 8 24 D1 D1 D2 --
   3478  1030c			b1 9c		       lda	(scorepointers+$6),y	;+5 13 39
   3479  1030e			85 1b		       sta	GRP0	;+3 16 48 D3 D1 D2 D2
   3480  10310			b3 98		       lax	(scorepointers+$2),y	;+5 29 87
   3481  10312			9a		       txs
   3482  10313			b3 9a		       lax	(scorepointers+$4),y	;+5 36 108
   3483  10315				   -	       ifconst	scorefade
   3484  10315				   -	       lda	stack2
   3485  10315					       else
      0  10315					       sleep	3
      1  10315				    .CYCLES    SET	3
      2  10315
      3  10315				   -	       IF	.CYCLES < 2
      4  10315				   -	       ECHO	"MACRO ERROR: 'SLEEP': Duration must be > 1"
      5  10315				   -	       ERR
      6  10315					       ENDIF
      7  10315
      8  10315					       IF	.CYCLES & 1
      9  10315					       IFNCONST	NO_ILLEGAL_OPCODES
     10  10315			04 00		       nop	0
     11  10317				   -	       ELSE
     12  10317				   -	       bit	VSYNC
     13  10317					       ENDIF
     14  10317				    .CYCLES    SET	.CYCLES - 3
     15  10317					       ENDIF
     16  10317
     17  10317				   -	       REPEAT	.CYCLES / 2
     18  10317				   -	       nop
     19  10317					       REPEND
   3487  10317					       endif
   3488  10317
   3489  10317				   -	       ifconst	pfscore
   3490  10317				   -	       lda	pfscore2
   3491  10317				   -	       sta	PF1
   3492  10317					       else
   3493  10317				   -	       ifconst	scorefade
   3494  10317				   -	       sta	COLUP0
   3495  10317				   -	       sta	COLUP1
   3496  10317					       else
      0  10317					       sleep	6
      1  10317				    .CYCLES    SET	6
      2  10317
      3  10317				   -	       IF	.CYCLES < 2
      4  10317				   -	       ECHO	"MACRO ERROR: 'SLEEP': Duration must be > 1"
      5  10317				   -	       ERR
      6  10317					       ENDIF
      7  10317
      8  10317				   -	       IF	.CYCLES & 1
      9  10317				   -	       IFNCONST	NO_ILLEGAL_OPCODES
     10  10317				   -	       nop	0
     11  10317				   -	       ELSE
     12  10317				   -	       bit	VSYNC
     13  10317				   -	       ENDIF
     14  10317				   -.CYCLES    SET	.CYCLES - 3
     15  10317					       ENDIF
     16  10317
     17  10317					       REPEAT	.CYCLES / 2
     18  10317			ea		       nop
     17  10317					       REPEND
     18  10318			ea		       nop
     17  10318					       REPEND
     18  10319			ea		       nop
     19  1031a					       REPEND
   3498  1031a					       endif
   3499  1031a					       endif
   3500  1031a
   3501  1031a			b1 a0		       lda	(scorepointers+$A),y	;+5 21 63
   3502  1031c			86 1c		       stx	GRP1	;+3 44 132 D3 D3 D4 D2!
   3503  1031e			ba		       tsx
   3504  1031f			86 1b		       stx	GRP0	;+3 47 141 D5 D3! D4 D4
   3505  10321			85 1c		       sta	GRP1	;+3 50 150 D5 D5 D6 D4!
   3506  10323			84 1b		       sty	GRP0	;+3 53 159 D4* D5! D6 D6
   3507  10325			88		       dey
   3508  10326			10 d8		       bpl	loop2	;+2 60 180
   3509  10328
   3510  10328			a6 f6		       ldx	stack1
   3511  1032a			9a		       txs
   3512  1032b							; lda scorepointers+1
   3513  1032b			a4 9c		       ldy	temp1
   3514  1032d							; sta temp1
   3515  1032d			84 97		       sty	scorepointers+1
   3516  1032f
   3517  1032f			a9 00		       LDA	#0
   3518  10331			85 0e		       sta	PF1
   3519  10333			85 1b		       STA	GRP0
   3520  10335			85 1c		       STA	GRP1
   3521  10337			85 25		       STA	VDELP0
   3522  10339			85 26		       STA	VDELP1	;do we need these
   3523  1033b			85 04		       STA	NUSIZ0
   3524  1033d			85 05		       STA	NUSIZ1
   3525  1033f
   3526  1033f							; lda scorepointers+3
   3527  1033f			a4 9e		       ldy	temp3
   3528  10341							; sta temp3
   3529  10341			84 99		       sty	scorepointers+3
   3530  10343
   3531  10343							; lda scorepointers+5
   3532  10343			a4 a0		       ldy	temp5
   3533  10345							; sta temp5
   3534  10345			84 9b		       sty	scorepointers+5
   3535  10347					       endif		;noscore
   3536  10347				   -	       ifconst	readpaddle
   3537  10347				   -	       lda	#%11000010
   3538  10347					       else
   3539  10347				   -	       ifconst	qtcontroller
   3540  10347				   -	       lda	qtcontroller
   3541  10347				   -	       lsr		; bit 0 in carry
   3542  10347				   -	       lda	#4
   3543  10347				   -	       ror		; carry into top of A
   3544  10347					       else
   3545  10347			a9 02		       lda	#2
   3546  10349					       endif		; qtcontroller
   3547  10349					       endif		; readpaddle
   3548  10349			85 02		       sta	WSYNC
   3549  1034b			85 01		       sta	VBLANK
      0  1034d					       RETURN
      1  1034d				   -	       ifnconst	bankswitch
      2  1034d				   -	       rts
      3  1034d					       else
      4  1034d			4c c5 ff	       jmp	BS_return
      5  10350					       endif
   3551  10350				   -	       ifconst	shakescreen
   3552  10350				   -doshakescreen
   3553  10350				   -	       bit	shakescreen
   3554  10350				   -	       bmi	noshakescreen
   3555  10350				   -	       sta	WSYNC
   3556  10350				   -noshakescreen
   3557  10350				   -	       ldx	missile0height
   3558  10350				   -	       inx
   3559  10350				   -	       rts
   3560  10350					       endif
   3561  10350
   3562  10350							; Provided under the CC0 license. See the included LICENSE.txt for details.
   3563  10350
   3564  10350				    start
   3565  10350			78		       sei
   3566  10351			d8		       cld
   3567  10352			a0 00		       ldy	#0
   3568  10354			a5 d0		       lda	$D0
   3569  10356			c9 2c		       cmp	#$2C	;check RAM location #1
   3570  10358			d0 07		       bne	MachineIs2600
   3571  1035a			a5 d1		       lda	$D1
   3572  1035c			c9 a9		       cmp	#$A9	;check RAM location #2
   3573  1035e			d0 01		       bne	MachineIs2600
   3574  10360			88		       dey
   3575  10361				    MachineIs2600
   3576  10361			a2 00		       ldx	#0
   3577  10363			8a		       txa
   3578  10364				    clearmem
   3579  10364			e8		       inx
   3580  10365			9a		       txs
   3581  10366			48		       pha
   3582  10367			d0 fb		       bne	clearmem
   3583  10369			84 9c		       sty	temp1
   3584  1036b					       ifnconst	multisprite
   3585  1036b				   -	       ifconst	pfrowheight
   3586  1036b				   -	       lda	#pfrowheight
   3587  1036b					       else
   3588  1036b				   -	       ifconst	pfres
   3589  1036b				   -	       lda	#(96/pfres)
   3590  1036b					       else
   3591  1036b			a9 08		       lda	#8
   3592  1036d					       endif
   3593  1036d					       endif
   3594  1036d			85 ef		       sta	playfieldpos
   3595  1036f					       endif
   3596  1036f			a2 05		       ldx	#5
   3597  10371				    initscore
   3598  10371			a9 5c		       lda	#<scoretable
   3599  10373			95 96		       sta	scorepointers,x
   3600  10375			ca		       dex
   3601  10376			10 f9		       bpl	initscore
   3602  10378			a9 01		       lda	#1
   3603  1037a			85 0a		       sta	CTRLPF
   3604  1037c			0d 84 02	       ora	INTIM
   3605  1037f			85 a2		       sta	rand
   3606  10381
   3607  10381				   -	       ifconst	multisprite
   3608  10381				   -	       jsr	multisprite_setup
   3609  10381					       endif
   3610  10381
   3611  10381				   -	       ifnconst	bankswitch
   3612  10381				   -	       jmp	game
   3613  10381					       else
   3614  10381			a9 10		       lda	#>(game-1)
   3615  10383			48		       pha
   3616  10384			a9 ff		       lda	#<(game-1)
   3617  10386			48		       pha
   3618  10387			48		       pha
   3619  10388			48		       pha
   3620  10389			a2 01		       ldx	#1
   3621  1038b			4c d7 ff	       jmp	BS_jsr
   3622  1038e					       endif
   3623  1038e							; Provided under the CC0 license. See the included LICENSE.txt for details.
   3624  1038e
   3625  1038e							; playfield drawing routines
   3626  1038e							; you get a 32x12 bitmapped display in a single color :)
   3627  1038e							; 0-31 and 0-11
   3628  1038e
   3629  1038e				    pfclear		; clears playfield - or fill with pattern
   3630  1038e				   -	       ifconst	pfres
   3631  1038e				   -	       ldx	#pfres*pfwidth-1
   3632  1038e					       else
   3633  1038e			a2 2f		       ldx	#47-(4-pfwidth)*12	; will this work?
   3634  10390					       endif
   3635  10390				    pfclear_loop
   3636  10390				   -	       ifnconst	superchip
   3637  10390				   -	       sta	playfield,x
   3638  10390					       else
   3639  10390			9d 50 10	       sta	playfield-128,x
   3640  10393					       endif
   3641  10393			ca		       dex
   3642  10394			10 fa		       bpl	pfclear_loop
      0  10396					       RETURN
      1  10396				   -	       ifnconst	bankswitch
      2  10396				   -	       rts
      3  10396					       else
      4  10396			4c c5 ff	       jmp	BS_return
      5  10399					       endif
   3644  10399
   3645  10399				    setuppointers
   3646  10399			86 9d		       stx	temp2	; store on.off.flip value
   3647  1039b			aa		       tax		; put x-value in x 
   3648  1039c			4a		       lsr
   3649  1039d			4a		       lsr
   3650  1039e			4a		       lsr		; divide x pos by 8 
   3651  1039f			85 9c		       sta	temp1
   3652  103a1			98		       tya
   3653  103a2			0a		       asl
   3654  103a3					       if	pfwidth=4
   3655  103a3			0a		       asl		; multiply y pos by 4
   3656  103a4					       endif		; else multiply by 2
   3657  103a4			18		       clc
   3658  103a5			65 9c		       adc	temp1	; add them together to get actual memory location offset
   3659  103a7			a8		       tay		; put the value in y
   3660  103a8			a5 9d		       lda	temp2	; restore on.off.flip value
   3661  103aa			60		       rts
   3662  103ab
   3663  103ab				    pfread
   3664  103ab							;x=xvalue, y=yvalue
   3665  103ab			20 99 f3	       jsr	setuppointers
   3666  103ae			bd 43 f4	       lda	setbyte,x
   3667  103b1			39 d0 10	       and	playfield,y
   3668  103b4			5d 43 f4	       eor	setbyte,x
   3669  103b7							; beq readzero
   3670  103b7							; lda #1
   3671  103b7							; readzero
      0  103b7					       RETURN
      1  103b7				   -	       ifnconst	bankswitch
      2  103b7				   -	       rts
      3  103b7					       else
      4  103b7			4c c5 ff	       jmp	BS_return
      5  103ba					       endif
   3673  103ba
   3674  103ba				    pfpixel
   3675  103ba							;x=xvalue, y=yvalue, a=0,1,2
   3676  103ba			20 99 f3	       jsr	setuppointers
   3677  103bd
   3678  103bd					       ifconst	bankswitch
   3679  103bd			a5 9d		       lda	temp2	; load on.off.flip value (0,1, or 2)
   3680  103bf			f0 0f		       beq	pixelon_r	; if "on" go to on
   3681  103c1			4a		       lsr
   3682  103c2			b0 18		       bcs	pixeloff_r	; value is 1 if true
   3683  103c4			b9 d0 10	       lda	playfield,y	; if here, it's "flip"
   3684  103c7			5d 43 f4	       eor	setbyte,x
   3685  103ca					       ifconst	superchip
   3686  103ca			99 50 10	       sta	playfield-128,y
   3687  103cd				   -	       else
   3688  103cd				   -	       sta	playfield,y
   3689  103cd					       endif
      0  103cd					       RETURN
      1  103cd				   -	       ifnconst	bankswitch
      2  103cd				   -	       rts
      3  103cd					       else
      4  103cd			4c c5 ff	       jmp	BS_return
      5  103d0					       endif
   3691  103d0				    pixelon_r
   3692  103d0			b9 d0 10	       lda	playfield,y
   3693  103d3			1d 43 f4	       ora	setbyte,x
   3694  103d6					       ifconst	superchip
   3695  103d6			99 50 10	       sta	playfield-128,y
   3696  103d9				   -	       else
   3697  103d9				   -	       sta	playfield,y
   3698  103d9					       endif
      0  103d9					       RETURN
      1  103d9				   -	       ifnconst	bankswitch
      2  103d9				   -	       rts
      3  103d9					       else
      4  103d9			4c c5 ff	       jmp	BS_return
      5  103dc					       endif
   3700  103dc				    pixeloff_r
   3701  103dc			bd 43 f4	       lda	setbyte,x
   3702  103df			49 ff		       eor	#$ff
   3703  103e1			39 d0 10	       and	playfield,y
   3704  103e4					       ifconst	superchip
   3705  103e4			99 50 10	       sta	playfield-128,y
   3706  103e7				   -	       else
   3707  103e7				   -	       sta	playfield,y
   3708  103e7					       endif
      0  103e7					       RETURN
      1  103e7				   -	       ifnconst	bankswitch
      2  103e7				   -	       rts
      3  103e7					       else
      4  103e7			4c c5 ff	       jmp	BS_return
      5  103ea					       endif
   3710  103ea
   3711  103ea				   -	       else
   3712  103ea				   -	       jmp	plotpoint
   3713  103ea					       endif
   3714  103ea
   3715  103ea				    pfhline
   3716  103ea							;x=xvalue, y=yvalue, a=0,1,2, temp3=endx
   3717  103ea			20 99 f3	       jsr	setuppointers
   3718  103ed			4c f7 f3	       jmp	noinc
   3719  103f0				    keepgoing
   3720  103f0			e8		       inx
   3721  103f1			8a		       txa
   3722  103f2			29 07		       and	#7
   3723  103f4			d0 01		       bne	noinc
   3724  103f6			c8		       iny
   3725  103f7				    noinc
   3726  103f7			20 1c f4	       jsr	plotpoint
   3727  103fa			e4 9e		       cpx	temp3
   3728  103fc			30 f2		       bmi	keepgoing
      0  103fe					       RETURN
      1  103fe				   -	       ifnconst	bankswitch
      2  103fe				   -	       rts
      3  103fe					       else
      4  103fe			4c c5 ff	       jmp	BS_return
      5  10401					       endif
   3730  10401
   3731  10401				    pfvline
   3732  10401							;x=xvalue, y=yvalue, a=0,1,2, temp3=endx
   3733  10401			20 99 f3	       jsr	setuppointers
   3734  10404			84 9c		       sty	temp1	; store memory location offset
   3735  10406			e6 9e		       inc	temp3	; increase final x by 1 
   3736  10408			a5 9e		       lda	temp3
   3737  1040a			0a		       asl
   3738  1040b					       if	pfwidth=4
   3739  1040b			0a		       asl		; multiply by 4
   3740  1040c					       endif		; else multiply by 2
   3741  1040c			85 9e		       sta	temp3	; store it
   3742  1040e							; Thanks to Michael Rideout for fixing a bug in this code
   3743  1040e							; right now, temp1=y=starting memory location, temp3=final
   3744  1040e							; x should equal original x value
   3745  1040e				    keepgoingy
   3746  1040e			20 1c f4	       jsr	plotpoint
   3747  10411			c8		       iny
   3748  10412			c8		       iny
   3749  10413					       if	pfwidth=4
   3750  10413			c8		       iny
   3751  10414			c8		       iny
   3752  10415					       endif
   3753  10415			c4 9e		       cpy	temp3
   3754  10417			30 f5		       bmi	keepgoingy
      0  10419					       RETURN
      1  10419				   -	       ifnconst	bankswitch
      2  10419				   -	       rts
      3  10419					       else
      4  10419			4c c5 ff	       jmp	BS_return
      5  1041c					       endif
   3756  1041c
   3757  1041c				    plotpoint
   3758  1041c			a5 9d		       lda	temp2	; load on.off.flip value (0,1, or 2)
   3759  1041e			f0 0d		       beq	pixelon	; if "on" go to on
   3760  10420			4a		       lsr
   3761  10421			b0 14		       bcs	pixeloff	; value is 1 if true
   3762  10423			b9 d0 10	       lda	playfield,y	; if here, it's "flip"
   3763  10426			5d 43 f4	       eor	setbyte,x
   3764  10429					       ifconst	superchip
   3765  10429			99 50 10	       sta	playfield-128,y
   3766  1042c				   -	       else
   3767  1042c				   -	       sta	playfield,y
   3768  1042c					       endif
   3769  1042c			60		       rts
   3770  1042d				    pixelon
   3771  1042d			b9 d0 10	       lda	playfield,y
   3772  10430			1d 43 f4	       ora	setbyte,x
   3773  10433					       ifconst	superchip
   3774  10433			99 50 10	       sta	playfield-128,y
   3775  10436				   -	       else
   3776  10436				   -	       sta	playfield,y
   3777  10436					       endif
   3778  10436			60		       rts
   3779  10437				    pixeloff
   3780  10437			bd 43 f4	       lda	setbyte,x
   3781  1043a			49 ff		       eor	#$ff
   3782  1043c			39 d0 10	       and	playfield,y
   3783  1043f					       ifconst	superchip
   3784  1043f			99 50 10	       sta	playfield-128,y
   3785  10442				   -	       else
   3786  10442				   -	       sta	playfield,y
   3787  10442					       endif
   3788  10442			60		       rts
   3789  10443
   3790  10443				    setbyte
   3791  10443					       ifnconst	pfcenter
   3792  10443			80		       .byte.b	$80
   3793  10444			40		       .byte.b	$40
   3794  10445			20		       .byte.b	$20
   3795  10446			10		       .byte.b	$10
   3796  10447			08		       .byte.b	$08
   3797  10448			04		       .byte.b	$04
   3798  10449			02		       .byte.b	$02
   3799  1044a			01		       .byte.b	$01
   3800  1044b					       endif
   3801  1044b			01		       .byte.b	$01
   3802  1044c			02		       .byte.b	$02
   3803  1044d			04		       .byte.b	$04
   3804  1044e			08		       .byte.b	$08
   3805  1044f			10		       .byte.b	$10
   3806  10450			20		       .byte.b	$20
   3807  10451			40		       .byte.b	$40
   3808  10452			80		       .byte.b	$80
   3809  10453			80		       .byte.b	$80
   3810  10454			40		       .byte.b	$40
   3811  10455			20		       .byte.b	$20
   3812  10456			10		       .byte.b	$10
   3813  10457			08		       .byte.b	$08
   3814  10458			04		       .byte.b	$04
   3815  10459			02		       .byte.b	$02
   3816  1045a			01		       .byte.b	$01
   3817  1045b			01		       .byte.b	$01
   3818  1045c			02		       .byte.b	$02
   3819  1045d			04		       .byte.b	$04
   3820  1045e			08		       .byte.b	$08
   3821  1045f			10		       .byte.b	$10
   3822  10460			20		       .byte.b	$20
   3823  10461			40		       .byte.b	$40
   3824  10462			80		       .byte.b	$80
   3825  10463							; Provided under the CC0 license. See the included LICENSE.txt for details.
   3826  10463
   3827  10463				    pfscroll		;(a=0 left, 1 right, 2 up, 4 down, 6=upup, 12=downdown)
   3828  10463			d0 2a		       bne	notleft
   3829  10465							;left
   3830  10465				   -	       ifconst	pfres
   3831  10465				   -	       ldx	#pfres*4
   3832  10465					       else
   3833  10465			a2 30		       ldx	#48
   3834  10467					       endif
   3835  10467				    leftloop
   3836  10467			bd cf 10	       lda	playfield-1,x
   3837  1046a			4a		       lsr
   3838  1046b
   3839  1046b					       ifconst	superchip
   3840  1046b			bd ce 10	       lda	playfield-2,x
   3841  1046e			2a		       rol
   3842  1046f			9d 4e 10	       sta	playfield-130,x
   3843  10472			bd cd 10	       lda	playfield-3,x
   3844  10475			6a		       ror
   3845  10476			9d 4d 10	       sta	playfield-131,x
   3846  10479			bd cc 10	       lda	playfield-4,x
   3847  1047c			2a		       rol
   3848  1047d			9d 4c 10	       sta	playfield-132,x
   3849  10480			bd cf 10	       lda	playfield-1,x
   3850  10483			6a		       ror
   3851  10484			9d 4f 10	       sta	playfield-129,x
   3852  10487				   -	       else
   3853  10487				   -	       rol	playfield-2,x
   3854  10487				   -	       ror	playfield-3,x
   3855  10487				   -	       rol	playfield-4,x
   3856  10487				   -	       ror	playfield-1,x
   3857  10487					       endif
   3858  10487
   3859  10487			8a		       txa
   3860  10488			cb 04		       sbx	#4
   3861  1048a			d0 db		       bne	leftloop
      0  1048c					       RETURN
      1  1048c				   -	       ifnconst	bankswitch
      2  1048c				   -	       rts
      3  1048c					       else
      4  1048c			4c c5 ff	       jmp	BS_return
      5  1048f					       endif
   3863  1048f
   3864  1048f				    notleft
   3865  1048f			4a		       lsr
   3866  10490			90 2a		       bcc	notright
   3867  10492							;right
   3868  10492
   3869  10492				   -	       ifconst	pfres
   3870  10492				   -	       ldx	#pfres*4
   3871  10492					       else
   3872  10492			a2 30		       ldx	#48
   3873  10494					       endif
   3874  10494				    rightloop
   3875  10494			bd cc 10	       lda	playfield-4,x
   3876  10497			4a		       lsr
   3877  10498					       ifconst	superchip
   3878  10498			bd cd 10	       lda	playfield-3,x
   3879  1049b			2a		       rol
   3880  1049c			9d 4d 10	       sta	playfield-131,x
   3881  1049f			bd ce 10	       lda	playfield-2,x
   3882  104a2			6a		       ror
   3883  104a3			9d 4e 10	       sta	playfield-130,x
   3884  104a6			bd cf 10	       lda	playfield-1,x
   3885  104a9			2a		       rol
   3886  104aa			9d 4f 10	       sta	playfield-129,x
   3887  104ad			bd cc 10	       lda	playfield-4,x
   3888  104b0			6a		       ror
   3889  104b1			9d 4c 10	       sta	playfield-132,x
   3890  104b4				   -	       else
   3891  104b4				   -	       rol	playfield-3,x
   3892  104b4				   -	       ror	playfield-2,x
   3893  104b4				   -	       rol	playfield-1,x
   3894  104b4				   -	       ror	playfield-4,x
   3895  104b4					       endif
   3896  104b4			8a		       txa
   3897  104b5			cb 04		       sbx	#4
   3898  104b7			d0 db		       bne	rightloop
      0  104b9					       RETURN
      1  104b9				   -	       ifnconst	bankswitch
      2  104b9				   -	       rts
      3  104b9					       else
      4  104b9			4c c5 ff	       jmp	BS_return
      5  104bc					       endif
   3900  104bc
   3901  104bc				    notright
   3902  104bc			4a		       lsr
   3903  104bd			90 5b		       bcc	notup
   3904  104bf							;up
   3905  104bf			4a		       lsr
   3906  104c0			90 02		       bcc	onedecup
   3907  104c2			c6 ef		       dec	playfieldpos
   3908  104c4				    onedecup
   3909  104c4			c6 ef		       dec	playfieldpos
   3910  104c6			f0 02		       beq	shiftdown
   3911  104c8			10 4d		       bpl	noshiftdown2
   3912  104ca				    shiftdown
   3913  104ca				   -	       ifconst	pfrowheight
   3914  104ca				   -	       lda	#pfrowheight
   3915  104ca					       else
   3916  104ca					       ifnconst	pfres
   3917  104ca			a9 08		       lda	#8
   3918  104cc				   -	       else
   3919  104cc				   -	       lda	#(96/pfres)	; try to come close to the real size
   3920  104cc					       endif
   3921  104cc					       endif
   3922  104cc
   3923  104cc			85 ef		       sta	playfieldpos
   3924  104ce			ad d3 10	       lda	playfield+3
   3925  104d1			85 9f		       sta	temp4
   3926  104d3			ad d2 10	       lda	playfield+2
   3927  104d6			85 9e		       sta	temp3
   3928  104d8			ad d1 10	       lda	playfield+1
   3929  104db			85 9d		       sta	temp2
   3930  104dd			ad d0 10	       lda	playfield
   3931  104e0			85 9c		       sta	temp1
   3932  104e2			a2 00		       ldx	#0
   3933  104e4				    up2
   3934  104e4			bd d4 10	       lda	playfield+4,x
   3935  104e7					       ifconst	superchip
   3936  104e7			9d 50 10	       sta	playfield-128,x
   3937  104ea			bd d5 10	       lda	playfield+5,x
   3938  104ed			9d 51 10	       sta	playfield-127,x
   3939  104f0			bd d6 10	       lda	playfield+6,x
   3940  104f3			9d 52 10	       sta	playfield-126,x
   3941  104f6			bd d7 10	       lda	playfield+7,x
   3942  104f9			9d 53 10	       sta	playfield-125,x
   3943  104fc				   -	       else
   3944  104fc				   -	       sta	playfield,x
   3945  104fc				   -	       lda	playfield+5,x
   3946  104fc				   -	       sta	playfield+1,x
   3947  104fc				   -	       lda	playfield+6,x
   3948  104fc				   -	       sta	playfield+2,x
   3949  104fc				   -	       lda	playfield+7,x
   3950  104fc				   -	       sta	playfield+3,x
   3951  104fc					       endif
   3952  104fc			8a		       txa
   3953  104fd			cb fc		       sbx	#252
   3954  104ff				   -	       ifconst	pfres
   3955  104ff				   -	       cpx	#(pfres-1)*4
   3956  104ff					       else
   3957  104ff			e0 2c		       cpx	#44
   3958  10501					       endif
   3959  10501			d0 e1		       bne	up2
   3960  10503
   3961  10503			a5 9f		       lda	temp4
   3962  10505
   3963  10505					       ifconst	superchip
   3964  10505				   -	       ifconst	pfres
   3965  10505				   -	       sta	playfield+pfres*4-129
   3966  10505				   -	       lda	temp3
   3967  10505				   -	       sta	playfield+pfres*4-130
   3968  10505				   -	       lda	temp2
   3969  10505				   -	       sta	playfield+pfres*4-131
   3970  10505				   -	       lda	temp1
   3971  10505				   -	       sta	playfield+pfres*4-132
   3972  10505					       else
   3973  10505			8d 7f 10	       sta	playfield+47-128
   3974  10508			a5 9e		       lda	temp3
   3975  1050a			8d 7e 10	       sta	playfield+46-128
   3976  1050d			a5 9d		       lda	temp2
   3977  1050f			8d 7d 10	       sta	playfield+45-128
   3978  10512			a5 9c		       lda	temp1
   3979  10514			8d 7c 10	       sta	playfield+44-128
   3980  10517					       endif
   3981  10517				   -	       else
   3982  10517				   -	       ifconst	pfres
   3983  10517				   -	       sta	playfield+pfres*4-1
   3984  10517				   -	       lda	temp3
   3985  10517				   -	       sta	playfield+pfres*4-2
   3986  10517				   -	       lda	temp2
   3987  10517				   -	       sta	playfield+pfres*4-3
   3988  10517				   -	       lda	temp1
   3989  10517				   -	       sta	playfield+pfres*4-4
   3990  10517				   -	       else
   3991  10517				   -	       sta	playfield+47
   3992  10517				   -	       lda	temp3
   3993  10517				   -	       sta	playfield+46
   3994  10517				   -	       lda	temp2
   3995  10517				   -	       sta	playfield+45
   3996  10517				   -	       lda	temp1
   3997  10517				   -	       sta	playfield+44
   3998  10517				   -	       endif
   3999  10517					       endif
   4000  10517				    noshiftdown2
      0  10517					       RETURN
      1  10517				   -	       ifnconst	bankswitch
      2  10517				   -	       rts
      3  10517					       else
      4  10517			4c c5 ff	       jmp	BS_return
      5  1051a					       endif
   4002  1051a
   4003  1051a
   4004  1051a				    notup
   4005  1051a							;down
   4006  1051a			4a		       lsr
   4007  1051b			b0 02		       bcs	oneincup
   4008  1051d			e6 ef		       inc	playfieldpos
   4009  1051f				    oneincup
   4010  1051f			e6 ef		       inc	playfieldpos
   4011  10521			a5 ef		       lda	playfieldpos
   4012  10523
   4013  10523				   -	       ifconst	pfrowheight
   4014  10523				   -	       cmp	#pfrowheight+1
   4015  10523					       else
   4016  10523					       ifnconst	pfres
   4017  10523			c9 09		       cmp	#9
   4018  10525				   -	       else
   4019  10525				   -	       cmp	#(96/pfres)+1	; try to come close to the real size
   4020  10525					       endif
   4021  10525					       endif
   4022  10525
   4023  10525			90 4b		       bcc	noshiftdown
   4024  10527			a9 01		       lda	#1
   4025  10529			85 ef		       sta	playfieldpos
   4026  1052b
   4027  1052b				   -	       ifconst	pfres
   4028  1052b				   -	       lda	playfield+pfres*4-1
   4029  1052b				   -	       sta	temp4
   4030  1052b				   -	       lda	playfield+pfres*4-2
   4031  1052b				   -	       sta	temp3
   4032  1052b				   -	       lda	playfield+pfres*4-3
   4033  1052b				   -	       sta	temp2
   4034  1052b				   -	       lda	playfield+pfres*4-4
   4035  1052b					       else
   4036  1052b			ad ff 10	       lda	playfield+47
   4037  1052e			85 9f		       sta	temp4
   4038  10530			ad fe 10	       lda	playfield+46
   4039  10533			85 9e		       sta	temp3
   4040  10535			ad fd 10	       lda	playfield+45
   4041  10538			85 9d		       sta	temp2
   4042  1053a			ad fc 10	       lda	playfield+44
   4043  1053d					       endif
   4044  1053d
   4045  1053d			85 9c		       sta	temp1
   4046  1053f
   4047  1053f				   -	       ifconst	pfres
   4048  1053f				   -	       ldx	#(pfres-1)*4
   4049  1053f					       else
   4050  1053f			a2 2c		       ldx	#44
   4051  10541					       endif
   4052  10541				    down2
   4053  10541			bd cf 10	       lda	playfield-1,x
   4054  10544					       ifconst	superchip
   4055  10544			9d 53 10	       sta	playfield-125,x
   4056  10547			bd ce 10	       lda	playfield-2,x
   4057  1054a			9d 52 10	       sta	playfield-126,x
   4058  1054d			bd cd 10	       lda	playfield-3,x
   4059  10550			9d 51 10	       sta	playfield-127,x
   4060  10553			bd cc 10	       lda	playfield-4,x
   4061  10556			9d 50 10	       sta	playfield-128,x
   4062  10559				   -	       else
   4063  10559				   -	       sta	playfield+3,x
   4064  10559				   -	       lda	playfield-2,x
   4065  10559				   -	       sta	playfield+2,x
   4066  10559				   -	       lda	playfield-3,x
   4067  10559				   -	       sta	playfield+1,x
   4068  10559				   -	       lda	playfield-4,x
   4069  10559				   -	       sta	playfield,x
   4070  10559					       endif
   4071  10559			8a		       txa
   4072  1055a			cb 04		       sbx	#4
   4073  1055c			d0 e3		       bne	down2
   4074  1055e
   4075  1055e			a5 9f		       lda	temp4
   4076  10560					       ifconst	superchip
   4077  10560			8d 53 10	       sta	playfield-125
   4078  10563			a5 9e		       lda	temp3
   4079  10565			8d 52 10	       sta	playfield-126
   4080  10568			a5 9d		       lda	temp2
   4081  1056a			8d 51 10	       sta	playfield-127
   4082  1056d			a5 9c		       lda	temp1
   4083  1056f			8d 50 10	       sta	playfield-128
   4084  10572				   -	       else
   4085  10572				   -	       sta	playfield+3
   4086  10572				   -	       lda	temp3
   4087  10572				   -	       sta	playfield+2
   4088  10572				   -	       lda	temp2
   4089  10572				   -	       sta	playfield+1
   4090  10572				   -	       lda	temp1
   4091  10572				   -	       sta	playfield
   4092  10572					       endif
   4093  10572				    noshiftdown
      0  10572					       RETURN
      1  10572				   -	       ifnconst	bankswitch
      2  10572				   -	       rts
      3  10572					       else
      4  10572			4c c5 ff	       jmp	BS_return
      5  10575					       endif
   4095  10575							; Provided under the CC0 license. See the included LICENSE.txt for details.
   4096  10575
   4097  10575							;standard routines needed for pretty much all games
   4098  10575							; just the random number generator is left - maybe we should remove this asm file altogether?
   4099  10575							; repositioning code and score pointer setup moved to overscan
   4100  10575							; read switches, joysticks now compiler generated (more efficient)
   4101  10575
   4102  10575				    randomize
   4103  10575			a5 a2		       lda	rand
   4104  10577			4a		       lsr
   4105  10578				   -	       ifconst	rand16
   4106  10578				   -	       rol	rand16
   4107  10578					       endif
   4108  10578			90 02		       bcc	noeor
   4109  1057a			49 b4		       eor	#$B4
   4110  1057c				    noeor
   4111  1057c			85 a2		       sta	rand
   4112  1057e				   -	       ifconst	rand16
   4113  1057e				   -	       eor	rand16
   4114  1057e					       endif
      0  1057e					       RETURN
      1  1057e				   -	       ifnconst	bankswitch
      2  1057e				   -	       rts
      3  1057e					       else
      4  1057e			4c c5 ff	       jmp	BS_return
      5  10581					       endif
   4116  10581							; Provided under the CC0 license. See the included LICENSE.txt for details.
   4117  10581
   4118  10581				    drawscreen
   4119  10581				   -	       ifconst	debugscore
   4120  10581				   -	       ldx	#14
   4121  10581				   -	       lda	INTIM	; display # cycles left in the score
   4122  10581				   -
   4123  10581				   -	       ifconst	mincycles
   4124  10581				   -	       lda	mincycles
   4125  10581				   -	       cmp	INTIM
   4126  10581				   -	       lda	mincycles
   4127  10581				   -	       bcc	nochange
   4128  10581				   -	       lda	INTIM
   4129  10581				   -	       sta	mincycles
   4130  10581				   -nochange
   4131  10581				   -	       endif
   4132  10581				   -
   4133  10581				   -			; cmp #$2B
   4134  10581				   -			; bcs no_cycles_left
   4135  10581				   -	       bmi	cycles_left
   4136  10581				   -	       ldx	#64
   4137  10581				   -	       eor	#$ff	;make negative
   4138  10581				   -cycles_left
   4139  10581				   -	       stx	scorecolor
   4140  10581				   -	       and	#$7f	; clear sign bit
   4141  10581				   -	       tax
   4142  10581				   -	       lda	scorebcd,x
   4143  10581				   -	       sta	score+2
   4144  10581				   -	       lda	scorebcd1,x
   4145  10581				   -	       sta	score+1
   4146  10581				   -	       jmp	done_debugscore
   4147  10581				   -scorebcd
   4148  10581				   -	       .byte	$00, $64, $28, $92, $56, $20, $84, $48, $12, $76, $40
   4149  10581				   -	       .byte	$04, $68, $32, $96, $60, $24, $88, $52, $16, $80, $44
   4150  10581				   -	       .byte	$08, $72, $36, $00, $64, $28, $92, $56, $20, $84, $48
   4151  10581				   -	       .byte	$12, $76, $40, $04, $68, $32, $96, $60, $24, $88
   4152  10581				   -scorebcd1
   4153  10581				   -	       .byte	0, 0, 1, 1, 2, 3, 3, 4, 5, 5, 6
   4154  10581				   -	       .byte	7, 7, 8, 8, 9, $10, $10, $11, $12, $12, $13
   4155  10581				   -	       .byte	$14, $14, $15, $16, $16, $17, $17, $18, $19, $19, $20
   4156  10581				   -	       .byte	$21, $21, $22, $23, $23, $24, $24, $25, $26, $26
   4157  10581				   -done_debugscore
   4158  10581					       endif
   4159  10581
   4160  10581				   -	       ifconst	debugcycles
   4161  10581				   -	       lda	INTIM	; if we go over, it mucks up the background color
   4162  10581				   -			; cmp #$2B
   4163  10581				   -			; BCC overscan
   4164  10581				   -	       bmi	overscan
   4165  10581				   -	       sta	COLUBK
   4166  10581				   -	       bcs	doneoverscan
   4167  10581					       endif
   4168  10581
   4169  10581				    overscan
   4170  10581				   -	       ifconst	interlaced
   4171  10581				   -	       PHP
   4172  10581				   -	       PLA
   4173  10581				   -	       EOR	#4	; flip interrupt bit
   4174  10581				   -	       PHA
   4175  10581				   -	       PLP
   4176  10581				   -	       AND	#4	; isolate the interrupt bit
   4177  10581				   -	       TAX		; save it for later
   4178  10581					       endif
   4179  10581
   4180  10581				    overscanloop
   4181  10581			ad 84 02	       lda	INTIM	;wait for sync
   4182  10584			30 fb		       bmi	overscanloop
   4183  10586				    doneoverscan
   4184  10586
   4185  10586							;do VSYNC
   4186  10586
   4187  10586				   -	       ifconst	interlaced
   4188  10586				   -	       CPX	#4
   4189  10586				   -	       BNE	oddframevsync
   4190  10586					       endif
   4191  10586
   4192  10586			a9 02		       lda	#2
   4193  10588			85 02		       sta	WSYNC
   4194  1058a			85 00		       sta	VSYNC
   4195  1058c			85 02		       STA	WSYNC
   4196  1058e			85 02		       STA	WSYNC
   4197  10590			4a		       lsr
   4198  10591			85 02		       STA	WSYNC
   4199  10593			85 00		       STA	VSYNC
   4200  10595			85 01		       sta	VBLANK
   4201  10597					       ifnconst	overscan_time
   4202  10597			a9 a5		       lda	#37+128
   4203  10599				   -	       else
   4204  10599				   -	       lda	#overscan_time+128
   4205  10599					       endif
   4206  10599			8d 96 02	       sta	TIM64T
   4207  1059c
   4208  1059c				   -	       ifconst	interlaced
   4209  1059c				   -	       jmp	postsync
   4210  1059c				   -
   4211  1059c				   -oddframevsync
   4212  1059c				   -	       sta	WSYNC
   4213  1059c				   -
   4214  1059c				   -	       LDA	($80,X)	; 11 waste
   4215  1059c				   -	       LDA	($80,X)	; 11 waste
   4216  1059c				   -	       LDA	($80,X)	; 11 waste
   4217  1059c				   -
   4218  1059c				   -	       lda	#2
   4219  1059c				   -	       sta	VSYNC
   4220  1059c				   -	       sta	WSYNC
   4221  1059c				   -	       sta	WSYNC
   4222  1059c				   -	       sta	WSYNC
   4223  1059c				   -
   4224  1059c				   -	       LDA	($80,X)	; 11 waste
   4225  1059c				   -	       LDA	($80,X)	; 11 waste
   4226  1059c				   -	       LDA	($80,X)	; 11 waste
   4227  1059c				   -
   4228  1059c				   -	       lda	#0
   4229  1059c				   -	       sta	VSYNC
   4230  1059c				   -	       sta	VBLANK
   4231  1059c				   -	       ifnconst	overscan_time
   4232  1059c				   -	       lda	#37+128
   4233  1059c				   -	       else
   4234  1059c				   -	       lda	#overscan_time+128
   4235  1059c				   -	       endif
   4236  1059c				   -	       sta	TIM64T
   4237  1059c				   -
   4238  1059c				   -postsync
   4239  1059c					       endif
   4240  1059c
   4241  1059c				   -	       ifconst	legacy
   4242  1059c				   -	       if	legacy < 100
   4243  1059c				   -	       ldx	#4
   4244  1059c				   -adjustloop
   4245  1059c				   -	       lda	player0x,x
   4246  1059c				   -	       sec
   4247  1059c				   -	       sbc	#14	;?
   4248  1059c				   -	       sta	player0x,x
   4249  1059c				   -	       dex
   4250  1059c				   -	       bpl	adjustloop
   4251  1059c				   -	       endif
   4252  1059c					       endif
   4253  1059c				   -	       if	((<*)>$e9)&&((<*)<$fa)
   4254  1059c				   -	       repeat	($fa-(<*))
   4255  1059c				   -	       nop
   4256  1059c				   -	       repend
   4257  1059c					       endif
   4258  1059c			85 02		       sta	WSYNC
   4259  1059e			a2 04		       ldx	#4
      0  105a0					       SLEEP	3
      1  105a0				    .CYCLES    SET	3
      2  105a0
      3  105a0				   -	       IF	.CYCLES < 2
      4  105a0				   -	       ECHO	"MACRO ERROR: 'SLEEP': Duration must be > 1"
      5  105a0				   -	       ERR
      6  105a0					       ENDIF
      7  105a0
      8  105a0					       IF	.CYCLES & 1
      9  105a0					       IFNCONST	NO_ILLEGAL_OPCODES
     10  105a0			04 00		       nop	0
     11  105a2				   -	       ELSE
     12  105a2				   -	       bit	VSYNC
     13  105a2					       ENDIF
     14  105a2				    .CYCLES    SET	.CYCLES - 3
     15  105a2					       ENDIF
     16  105a2
     17  105a2				   -	       REPEAT	.CYCLES / 2
     18  105a2				   -	       nop
     19  105a2					       REPEND
   4261  105a2				    HorPosLoop		; 5
   4262  105a2			b5 80		       lda	player0x,X	;+4 9
   4263  105a4			38		       sec		;+2 11
   4264  105a5				    DivideLoop
   4265  105a5			e9 0f		       sbc	#15
   4266  105a7			b0 fc		       bcs	DivideLoop	;+4 15
   4267  105a9			95 9c		       sta	temp1,X	;+4 19
   4268  105ab			95 10		       sta	RESP0,X	;+4 23
   4269  105ad			85 02		       sta	WSYNC
   4270  105af			ca		       dex
   4271  105b0			10 f0		       bpl	HorPosLoop	;+5 5
   4272  105b2							; 4
   4273  105b2
   4274  105b2			a2 04		       ldx	#4
   4275  105b4			b4 9c		       ldy	temp1,X
   4276  105b6			b9 12 f5	       lda	repostable-256,Y
   4277  105b9			95 20		       sta	HMP0,X	;+14 18
   4278  105bb
   4279  105bb			ca		       dex
   4280  105bc			b4 9c		       ldy	temp1,X
   4281  105be			b9 12 f5	       lda	repostable-256,Y
   4282  105c1			95 20		       sta	HMP0,X	;+14 32
   4283  105c3
   4284  105c3			ca		       dex
   4285  105c4			b4 9c		       ldy	temp1,X
   4286  105c6			b9 12 f5	       lda	repostable-256,Y
   4287  105c9			95 20		       sta	HMP0,X	;+14 46
   4288  105cb
   4289  105cb			ca		       dex
   4290  105cc			b4 9c		       ldy	temp1,X
   4291  105ce			b9 12 f5	       lda	repostable-256,Y
   4292  105d1			95 20		       sta	HMP0,X	;+14 60
   4293  105d3
   4294  105d3			ca		       dex
   4295  105d4			b4 9c		       ldy	temp1,X
   4296  105d6			b9 12 f5	       lda	repostable-256,Y
   4297  105d9			95 20		       sta	HMP0,X	;+14 74
   4298  105db
   4299  105db			85 02		       sta	WSYNC
   4300  105dd
   4301  105dd			85 2a		       sta	HMOVE	;+3 3
   4302  105df
   4303  105df
   4304  105df				   -	       ifconst	legacy
   4305  105df				   -	       if	legacy < 100
   4306  105df				   -	       ldx	#4
   4307  105df				   -adjustloop2
   4308  105df				   -	       lda	player0x,x
   4309  105df				   -	       clc
   4310  105df				   -	       adc	#14	;?
   4311  105df				   -	       sta	player0x,x
   4312  105df				   -	       dex
   4313  105df				   -	       bpl	adjustloop2
   4314  105df				   -	       endif
   4315  105df					       endif
   4316  105df
   4317  105df
   4318  105df
   4319  105df
   4320  105df							;set score pointers
   4321  105df			a7 95		       lax	score+2
   4322  105e1			20 12 f6	       jsr	scorepointerset
   4323  105e4			84 9b		       sty	scorepointers+5
   4324  105e6			86 98		       stx	scorepointers+2
   4325  105e8			a7 94		       lax	score+1
   4326  105ea			20 12 f6	       jsr	scorepointerset
   4327  105ed			84 9a		       sty	scorepointers+4
   4328  105ef			86 97		       stx	scorepointers+1
   4329  105f1			a7 93		       lax	score
   4330  105f3			20 12 f6	       jsr	scorepointerset
   4331  105f6			84 99		       sty	scorepointers+3
   4332  105f8			86 96		       stx	scorepointers
   4333  105fa
   4334  105fa				    vblk
   4335  105fa							; run possible vblank bB code
   4336  105fa				   -	       ifconst	vblank_bB_code
   4337  105fa				   -	       jsr	vblank_bB_code
   4338  105fa					       endif
   4339  105fa				    vblk2
   4340  105fa			ad 84 02	       LDA	INTIM
   4341  105fd			30 fb		       bmi	vblk2
   4342  105ff			4c 00 f1	       jmp	kernel
   4343  10602
   4344  10602
   4345  10602			80 70 60 50*	       .byte.b	$80,$70,$60,$50,$40,$30,$20,$10,$00
   4346  1060b			f0 e0 d0 c0*	       .byte.b	$F0,$E0,$D0,$C0,$B0,$A0,$90
   4347  10612				    repostable
   4348  10612
   4349  10612				    scorepointerset
   4350  10612			29 0f		       and	#$0F
   4351  10614			0a		       asl
   4352  10615			0a		       asl
   4353  10616			0a		       asl
   4354  10617			69 5c		       adc	#<scoretable
   4355  10619			a8		       tay
   4356  1061a			8a		       txa
   4357  1061b							; and #$F0
   4358  1061b							; lsr
   4359  1061b			4b f0		       asr	#$F0
   4360  1061d			69 5c		       adc	#<scoretable
   4361  1061f			aa		       tax
   4362  10620			60		       rts
   4363  10621							;bB.asm
   4364  10621							; bB.asm file is split here
   4365  10621				    .bsub16
   4366  10621							;;line 242;; bsub16
   4367  10621
   4368  10621				    .L0186		;;line 243;;  score = 16
   4369  10621
   4370  10621			a9 16		       LDA	#$16
   4371  10623			85 95		       STA	score+2
   4372  10625			a9 00		       LDA	#$00
   4373  10627			85 94		       STA	score+1
   4374  10629			a9 00		       LDA	#$00
   4375  1062b			85 93		       STA	score
   4376  1062d				    .L0187		;;line 244;;  for memloc = 0 to 127
   4377  1062d
   4378  1062d			a9 00		       LDA	#0
   4379  1062f			85 d6		       STA	memloc
   4380  10631				    .L0187formemloc
   4381  10631				    .L0188		;;line 245;;  temp1 = r000[memloc]
   4382  10631
   4383  10631			a6 d6		       LDX	memloc
   4384  10633			bd 80 f0	       LDA	r000,x
   4385  10636			85 9c		       STA	temp1
   4386  10638				    .L0189		;;line 246;;  w000[memloc] = r000[memloc] ^ $ff
   4387  10638
   4388  10638			a6 d6		       LDX	memloc
   4389  1063a			bd 80 f0	       LDA	r000,x
   4390  1063d			49 ff		       EOR	#$ff
   4391  1063f			a6 d6		       LDX	memloc
   4392  10641			9d 00 f0	       STA	w000,x
   4393  10644				    .L0190		;;line 247;;  temp1 = temp1 ^ $ff
   4394  10644
   4395  10644			a5 9c		       LDA	temp1
   4396  10646			49 ff		       EOR	#$ff
   4397  10648			85 9c		       STA	temp1
   4398  1064a				    .L0191		;;line 248;;  if r000[memloc] <> temp1 then sc0 = $99 : scorecolor = $42
   4399  1064a
   4400  1064a			a6 d6		       LDX	memloc
   4401  1064c			bd 80 f0	       LDA	r000,x
   4402  1064f			c5 9c		       CMP	temp1
   4403  10651			f0 08		       BEQ	.skipL0191
   4404  10653				    .condpart32
   4405  10653			a9 99		       LDA	#$99
   4406  10655			85 93		       STA	sc0
   4407  10657			a9 42		       LDA	#$42
   4408  10659			85 a3		       STA	scorecolor
   4409  1065b				    .skipL0191
   4410  1065b				    .L0192		;;line 249;;  drawscreen
   4411  1065b
   4412  1065b			20 81 f5	       jsr	drawscreen
   4413  1065e				    .L0193		;;line 250;;  next
   4414  1065e
   4415  1065e			a5 d6		       LDA	memloc
   4416  10660			c9 7f		       CMP	#127
   4417  10662			e6 d6		       INC	memloc
   4418  10664			90 cb		       bcc	.L0187formemloc
   4419  10666				   -	       if	( (((((#>*)&$1f)*256)|(#<.L0187formemloc))>=bankswitch_hotspot) && (((((#>*)&$1f)*256)|(#<.L0187formemloc))<=(bankswitch_hotspot+bs_mask)) )
   4420  10666				   -	       echo	"WARNING: branch near the end of bank 16 may accidentally trigger a bankswitch. Reposition code there if bad things happen."
   4421  10666					       endif
   4422  10666				    .L0194		;;line 251;;  goto goback bank1
   4423  10666
   4424  10666			85 ee		       sta	temp7
   4425  10668			a9 12		       lda	#>(.goback-1)
   4426  1066a			48		       pha
   4427  1066b			a9 f9		       lda	#<(.goback-1)
   4428  1066d			48		       pha
   4429  1066e			a5 ee		       lda	temp7
   4430  10670			48		       pha
   4431  10671			8a		       txa
   4432  10672			48		       pha
   4433  10673			a2 01		       ldx	#1
   4434  10675			4c d7 ff	       jmp	BS_jsr
   4435  10678				    .
   4436  10678							;;line 252;;
   4437  10678
   4438  10678					       if	ECHOFIRST
      2276 bytes of ROM space left in bank 16
   4439  10678					       echo	"    ",[(scoretable - *)]d , "bytes of ROM space left in bank 16")
   4440  10678					       endif
   4441  10678			00 01	    ECHOFIRST  =	1
   4442  10678
   4443  10678
   4444  10678							; Provided under the CC0 license. See the included LICENSE.txt for details.
   4445  10678							; font equates
   4446  10678			00 01	    .21stcentury =	1
   4447  10678			00 02	    alarmclock =	2
   4448  10678			00 03	    handwritten =	3
   4449  10678			00 04	    interrupted =	4
   4450  10678			00 05	    retroputer =	5
   4451  10678			00 06	    whimsey    =	6
   4452  10678			00 07	    tiny       =	7
   4453  10678			00 08	    hex        =	8
   4454  10678
   4455  10678							; feel free to modify the score graphics - just keep each digit 8 high
   4456  10678							; and keep the conditional compilation stuff intact
   4457  10678					       ifnconst	PXE
   4458  10678				   -	       ifconst	ROM2k
   4459  10678				   -	       ORG	$F7AC-8
   4460  10678					       else
   4461  10678					       ifconst	bankswitch
   4462  10678				   -	       if	bankswitch == 8
   4463  10678				   -	       ORG	$2F94-bscode_length
   4464  10678				   -	       RORG	$FF94-bscode_length
   4465  10678					       endif
   4466  10678				   -	       if	bankswitch == 16
   4467  10678				   -	       ORG	$4F94-bscode_length
   4468  10678				   -	       RORG	$FF94-bscode_length
   4469  10678					       endif
   4470  10678				   -	       if	bankswitch == 32
   4471  10678				   -	       ORG	$8F94-bscode_length
   4472  10678				   -	       RORG	$FF94-bscode_length
   4473  10678					       endif
   4474  10678					       if	bankswitch == 64
   4475  10f5c					       ORG	$10F80-bscode_length
   4476  10f5c					       RORG	$1FF80-bscode_length
   4477  10f5c					       endif
   4478  10f5c				   -	       else
   4479  10f5c				   -	       ORG	$FF9C
   4480  10f5c					       endif
   4481  10f5c					       endif
   4482  10f5c
   4483  10f5c
   4484  10f5c				   -	       ifconst	font
   4485  10f5c				   -	       if	font == hex
   4486  10f5c				   -	       ORG	. - 48
   4487  10f5c				   -	       endif
   4488  10f5c					       endif
   4489  10f5c					       endif
   4490  10f5c
   4491  10f5c				    scoretable
   4492  10f5c
   4493  10f5c				   -	       ifconst	font
   4494  10f5c				   -	       if	font == .21stcentury
   4495  10f5c				   -	       include	"score_graphics.asm.21stcentury"
   4496  10f5c				   -	       endif
   4497  10f5c				   -	       if	font == alarmclock
   4498  10f5c				   -	       include	"score_graphics.asm.alarmclock"
   4499  10f5c				   -	       endif
   4500  10f5c				   -	       if	font == handwritten
   4501  10f5c				   -	       include	"score_graphics.asm.handwritten"
   4502  10f5c				   -	       endif
   4503  10f5c				   -	       if	font == interrupted
   4504  10f5c				   -	       include	"score_graphics.asm.interrupted"
   4505  10f5c				   -	       endif
   4506  10f5c				   -	       if	font == retroputer
   4507  10f5c				   -	       include	"score_graphics.asm.retroputer"
   4508  10f5c				   -	       endif
   4509  10f5c				   -	       if	font == whimsey
   4510  10f5c				   -	       include	"score_graphics.asm.whimsey"
   4511  10f5c				   -	       endif
   4512  10f5c				   -	       if	font == tiny
   4513  10f5c				   -	       include	"score_graphics.asm.tiny"
   4514  10f5c				   -	       endif
   4515  10f5c				   -	       if	font == hex
   4516  10f5c				   -	       include	"score_graphics.asm.hex"
   4517  10f5c				   -	       endif
   4518  10f5c					       else		; default font
   4519  10f5c
   4520  10f5c			3c		       .byte.b	%00111100
   4521  10f5d			66		       .byte.b	%01100110
   4522  10f5e			66		       .byte.b	%01100110
   4523  10f5f			66		       .byte.b	%01100110
   4524  10f60			66		       .byte.b	%01100110
   4525  10f61			66		       .byte.b	%01100110
   4526  10f62			66		       .byte.b	%01100110
   4527  10f63			3c		       .byte.b	%00111100
   4528  10f64
   4529  10f64			7e		       .byte.b	%01111110
   4530  10f65			18		       .byte.b	%00011000
   4531  10f66			18		       .byte.b	%00011000
   4532  10f67			18		       .byte.b	%00011000
   4533  10f68			18		       .byte.b	%00011000
   4534  10f69			38		       .byte.b	%00111000
   4535  10f6a			18		       .byte.b	%00011000
   4536  10f6b			08		       .byte.b	%00001000
   4537  10f6c
   4538  10f6c			7e		       .byte.b	%01111110
   4539  10f6d			60		       .byte.b	%01100000
   4540  10f6e			60		       .byte.b	%01100000
   4541  10f6f			3c		       .byte.b	%00111100
   4542  10f70			06		       .byte.b	%00000110
   4543  10f71			06		       .byte.b	%00000110
   4544  10f72			46		       .byte.b	%01000110
   4545  10f73			3c		       .byte.b	%00111100
   4546  10f74
   4547  10f74			3c		       .byte.b	%00111100
   4548  10f75			46		       .byte.b	%01000110
   4549  10f76			06		       .byte.b	%00000110
   4550  10f77			06		       .byte.b	%00000110
   4551  10f78			1c		       .byte.b	%00011100
   4552  10f79			06		       .byte.b	%00000110
   4553  10f7a			46		       .byte.b	%01000110
   4554  10f7b			3c		       .byte.b	%00111100
   4555  10f7c
   4556  10f7c			0c		       .byte.b	%00001100
   4557  10f7d			0c		       .byte.b	%00001100
   4558  10f7e			7e		       .byte.b	%01111110
   4559  10f7f			4c		       .byte.b	%01001100
   4560  10f80			4c		       .byte.b	%01001100
   4561  10f81			2c		       .byte.b	%00101100
   4562  10f82			1c		       .byte.b	%00011100
   4563  10f83			0c		       .byte.b	%00001100
   4564  10f84
   4565  10f84			3c		       .byte.b	%00111100
   4566  10f85			46		       .byte.b	%01000110
   4567  10f86			06		       .byte.b	%00000110
   4568  10f87			06		       .byte.b	%00000110
   4569  10f88			3c		       .byte.b	%00111100
   4570  10f89			60		       .byte.b	%01100000
   4571  10f8a			60		       .byte.b	%01100000
   4572  10f8b			7e		       .byte.b	%01111110
   4573  10f8c
   4574  10f8c			3c		       .byte.b	%00111100
   4575  10f8d			66		       .byte.b	%01100110
   4576  10f8e			66		       .byte.b	%01100110
   4577  10f8f			66		       .byte.b	%01100110
   4578  10f90			7c		       .byte.b	%01111100
   4579  10f91			60		       .byte.b	%01100000
   4580  10f92			62		       .byte.b	%01100010
   4581  10f93			3c		       .byte.b	%00111100
   4582  10f94
   4583  10f94			30		       .byte.b	%00110000
   4584  10f95			30		       .byte.b	%00110000
   4585  10f96			30		       .byte.b	%00110000
   4586  10f97			18		       .byte.b	%00011000
   4587  10f98			0c		       .byte.b	%00001100
   4588  10f99			06		       .byte.b	%00000110
   4589  10f9a			42		       .byte.b	%01000010
   4590  10f9b			3e		       .byte.b	%00111110
   4591  10f9c
   4592  10f9c			3c		       .byte.b	%00111100
   4593  10f9d			66		       .byte.b	%01100110
   4594  10f9e			66		       .byte.b	%01100110
   4595  10f9f			66		       .byte.b	%01100110
   4596  10fa0			3c		       .byte.b	%00111100
   4597  10fa1			66		       .byte.b	%01100110
   4598  10fa2			66		       .byte.b	%01100110
   4599  10fa3			3c		       .byte.b	%00111100
   4600  10fa4
   4601  10fa4			3c		       .byte.b	%00111100
   4602  10fa5			46		       .byte.b	%01000110
   4603  10fa6			06		       .byte.b	%00000110
   4604  10fa7			3e		       .byte.b	%00111110
   4605  10fa8			66		       .byte.b	%01100110
   4606  10fa9			66		       .byte.b	%01100110
   4607  10faa			66		       .byte.b	%01100110
   4608  10fab			3c		       .byte.b	%00111100
   4609  10fac
   4610  10fac					       ifnconst	DPC_kernel_options
   4611  10fac
   4612  10fac			00		       .byte.b	%00000000
   4613  10fad			00		       .byte.b	%00000000
   4614  10fae			00		       .byte.b	%00000000
   4615  10faf			00		       .byte.b	%00000000
   4616  10fb0			00		       .byte.b	%00000000
   4617  10fb1			00		       .byte.b	%00000000
   4618  10fb2			00		       .byte.b	%00000000
   4619  10fb3			00		       .byte.b	%00000000
   4620  10fb4
   4621  10fb4					       endif
   4622  10fb4
   4623  10fb4					       endif
   4624  10fb4
   4625  10fb4					       ifnconst	PXE
   4626  10fb4				   -	       ifconst	ROM2k
   4627  10fb4				   -	       ORG	$F7FC
   4628  10fb4					       else
   4629  10fb4					       ifconst	bankswitch
   4630  10fb4				   -	       if	bankswitch == 8
   4631  10fb4				   -	       ORG	$2FF4-bscode_length
   4632  10fb4				   -	       RORG	$FFF4-bscode_length
   4633  10fb4					       endif
   4634  10fb4				   -	       if	bankswitch == 16
   4635  10fb4				   -	       ORG	$4FF4-bscode_length
   4636  10fb4				   -	       RORG	$FFF4-bscode_length
   4637  10fb4					       endif
   4638  10fb4				   -	       if	bankswitch == 32
   4639  10fb4				   -	       ORG	$8FF4-bscode_length
   4640  10fb4				   -	       RORG	$FFF4-bscode_length
   4641  10fb4					       endif
   4642  10fb4					       if	bankswitch == 64
   4643  10fbc					       ORG	$10FE0-bscode_length
   4644  10fbc					       RORG	$1FFE0-bscode_length
   4645  10fbc					       endif
   4646  10fbc				   -	       else
   4647  10fbc				   -	       ORG	$FFFC
   4648  10fbc					       endif
   4649  10fbc					       endif
   4650  10fbc					       endif
   4651  10fbc							; Provided under the CC0 license. See the included LICENSE.txt for details.
   4652  10fbc
   4653  10fbc							; every bank has this stuff at the same place
   4654  10fbc							; this code can switch to/from any bank at any entry point
   4655  10fbc							; and can preserve register values
   4656  10fbc							; note: lines not starting with a space are not placed in all banks
   4657  10fbc							;
   4658  10fbc							; line below tells the compiler how long this is - do not remove
   4659  10fbc							;size=32
   4660  10fbc
   4661  10fbc				    begin_bscode
   4662  10fbc			a2 ff		       ldx	#$ff
   4663  10fbe				   -	       ifconst	FASTFETCH	; using DPC+
   4664  10fbe				   -	       stx	FASTFETCH
   4665  10fbe					       endif
   4666  10fbe			9a		       txs
   4667  10fbf					       if	bankswitch == 64
   4668  10fbf			a9 f3		       lda	#(((>(start-1)) & $0F) | $F0)
   4669  10fc1				   -	       else
   4670  10fc1				   -	       lda	#>(start-1)
   4671  10fc1					       endif
   4672  10fc1			48		       pha
   4673  10fc2			a9 4f		       lda	#<(start-1)
   4674  10fc4			48		       pha
   4675  10fc5
   4676  10fc5				    BS_return
   4677  10fc5			48		       pha
   4678  10fc6			8a		       txa
   4679  10fc7			48		       pha
   4680  10fc8			ba		       tsx
   4681  10fc9
   4682  10fc9				   -	       if	bankswitch != 64
   4683  10fc9				   -	       lda	4,x	; get high byte of return address
   4684  10fc9				   -
   4685  10fc9				   -	       rol
   4686  10fc9				   -	       rol
   4687  10fc9				   -	       rol
   4688  10fc9				   -	       rol
   4689  10fc9				   -	       and	#bs_mask	;1 3 or 7 for F8/F6/F4
   4690  10fc9				   -	       tax
   4691  10fc9				   -	       inx
   4692  10fc9					       else
   4693  10fc9			b5 04		       lda	4,x	; get high byte of return address
   4694  10fcb			a8		       tay
   4695  10fcc			09 10		       ora	#$10	; change our bank nibble into a valid rom mirror
   4696  10fce			95 04		       sta	4,x
   4697  10fd0			98		       tya
   4698  10fd1			4a		       lsr
   4699  10fd2			4a		       lsr
   4700  10fd3			4a		       lsr
   4701  10fd4			4a		       lsr
   4702  10fd5			aa		       tax
   4703  10fd6			e8		       inx
   4704  10fd7					       endif
   4705  10fd7
   4706  10fd7				    BS_jsr
   4707  10fd7			bd df 1f	       lda	bankswitch_hotspot-1,x
   4708  10fda			68		       pla
   4709  10fdb			aa		       tax
   4710  10fdc			68		       pla
   4711  10fdd			60		       rts
   4712  10fde				   -	       if	((* & $1FFF) > ((bankswitch_hotspot & $1FFF) - 1))
   4713  10fde				   -	       echo	"WARNING: size parameter in banksw.asm too small - the program probably will not work."
   4714  10fde				   -	       echo	"Change to",[(*-begin_bscode+1)&$FF]d,"and try again."
   4715  10fde					       endif
   4716  10fde							; Provided under the CC0 license. See the included LICENSE.txt for details.
   4717  10fde
   4718  10fde					       ifconst	bankswitch
   4719  10fde				   -	       if	bankswitch == 8
   4720  10fde				   -	       ORG	$2FFC
   4721  10fde				   -	       RORG	$FFFC
   4722  10fde					       endif
   4723  10fde				   -	       if	bankswitch == 16
   4724  10fde				   -	       ORG	$4FFC
   4725  10fde				   -	       RORG	$FFFC
   4726  10fde					       endif
   4727  10fde				   -	       if	bankswitch == 32
   4728  10fde				   -	       ORG	$8FFC
   4729  10fde				   -	       RORG	$FFFC
   4730  10fde					       endif
   4731  10fde					       if	bankswitch == 64
   4732  10ff0					       ORG	$10FF0
   4733  10ff0					       RORG	$1FFF0
   4734  10ff0			ad e0 ff	       lda	$ffe0	; we use wasted space to assist stella with EF format auto-detection
   4735  10ff8					       ORG	$10FF8
   4736  10ff8					       RORG	$1FFF8
   4737  10ff8					       ifconst	superchip
   4738  10ff8			45 46 53 43	       .byte.b	"E","F","S","C"
   4739  10ffc				   -	       else
   4740  10ffc				   -	       .byte	"E","F","E","F"
   4741  10ffc					       endif
   4742  10ffc					       ORG	$10FFC
   4743  10ffc					       RORG	$1FFFC
   4744  10ffc					       endif
   4745  10ffc				   -	       else
   4746  10ffc				   -	       ifconst	ROM2k
   4747  10ffc				   -	       ORG	$F7FC
   4748  10ffc				   -	       else
   4749  10ffc				   -	       ORG	$FFFC
   4750  10ffc				   -	       endif
   4751  10ffc					       endif
   4752  10ffc			50 f3		       .word.w	(start & $ffff)
   4753  10ffe			50 f3		       .word.w	(start & $ffff)
