------- FILE split_adv3.bas.asm LEVEL 1 PASS 2
      1  5000 ????						; Provided under the CC0 license. See the included LICENSE.txt for details.
      2  5000 ????
      3  5000 ????				      processor	6502
------- FILE vcs.h LEVEL 2 PASS 2
      0  5000 ????				      include	"vcs.h"
      1  5000 ????						; Provided under the CC0 license. See the included LICENSE.txt for details.
      2  5000 ????
      3  5000 ????						; VCS.H
      4  5000 ????						; Version 1.05, 13/November/2003
      5  5000 ????
      6  5000 ????	       00 69	   VERSION_VCS =	105
      7  5000 ????
      8  5000 ????						; THIS IS A PRELIMINARY RELEASE OF *THE* "STANDARD" VCS.H
      9  5000 ????						; THIS FILE IS EXPLICITLY SUPPORTED AS A DASM-PREFERRED COMPANION FILE
     10  5000 ????						; PLEASE DO *NOT* REDISTRIBUTE THIS FILE!
     11  5000 ????						;
     12  5000 ????						; This file defines hardware registers and memory mapping for the
     13  5000 ????						; Atari 2600. It is distributed as a companion machine-specific support package
     14  5000 ????						; for the DASM compiler. Updates to this file, DASM, and associated tools are
     15  5000 ????						; available at at http://www.atari2600.org/dasm
     16  5000 ????						;
     17  5000 ????						; Many thanks to the original author(s) of this file, and to everyone who has
     18  5000 ????						; contributed to understanding the Atari 2600.  If you take issue with the
     19  5000 ????						; contents, or naming of registers, please write to me (atari2600@taswegian.com)
     20  5000 ????						; with your views.  Please contribute, if you think you can improve this
     21  5000 ????						; file!
     22  5000 ????						;
     23  5000 ????						; Latest Revisions...
     24  5000 ????						; 1.05  13/NOV/2003	  - Correction to 1.04 - now functions as requested by MR.
     25  5000 ????						;			  - Added VERSION_VCS equate (which will reflect 100x version #)
     26  5000 ????						;			    This will allow conditional code to verify VCS.H being
     27  5000 ????						;			    used for code assembly.
     28  5000 ????						; 1.04  12/NOV/2003	 Added TIA_BASE_WRITE_ADDRESS and TIA_BASE_READ_ADDRESS for
     29  5000 ????						;			 convenient disassembly/reassembly compatibility for hardware
     30  5000 ????						;			 mirrored reading/writing differences.	This is more a 
     31  5000 ????						;			 readability issue, and binary compatibility with disassembled
     32  5000 ????						;			 and reassembled sources.  Per Manuel Rotschkar's suggestion.
     33  5000 ????						; 1.03  12/MAY/2003	 Added SEG segment at end of file to fix old-code compatibility
     34  5000 ????						;			 which was broken by the use of segments in this file, as
     35  5000 ????						;			 reported by Manuel Polik on [stella] 11/MAY/2003
     36  5000 ????						; 1.02  22/MAR/2003	 Added TIMINT($285)
     37  5000 ????						; 1.01				Constant offset added to allow use for 3F-style bankswitching
     38  5000 ????						;						 - define TIA_BASE_ADDRESS as $40 for Tigervision carts, otherwise
     39  5000 ????						;						   it is safe to leave it undefined, and the base address will
     40  5000 ????						;						   be set to 0.  Thanks to Eckhard Stolberg for the suggestion.
     41  5000 ????						;			    Note, may use -DLABEL=EXPRESSION to define TIA_BASE_ADDRESS
     42  5000 ????						;			  - register definitions are now generated through assignment
     43  5000 ????						;			    in uninitialised segments.	This allows a changeable base
     44  5000 ????						;			    address architecture.
     45  5000 ????						; 1.0	22/MAR/2003		Initial release
     46  5000 ????
     47  5000 ????
     48  5000 ????						;-------------------------------------------------------------------------------
     49  5000 ????
     50  5000 ????						; TIA_BASE_ADDRESS
     51  5000 ????						; The TIA_BASE_ADDRESS defines the base address of access to TIA registers.
     52  5000 ????						; Normally 0, the base address should (externally, before including this file)
     53  5000 ????						; be set to $40 when creating 3F-bankswitched (and other?) cartridges.
     54  5000 ????						; The reason is that this bankswitching scheme treats any access to locations
     55  5000 ????						; < $40 as a bankswitch.
     56  5000 ????
     57  5000 ????			  -	      IFNCONST	TIA_BASE_ADDRESS
     58  5000 ????			  -TIA_BASE_ADDRESS =	0
     59  5000 ????				      ENDIF
     60  5000 ????
     61  5000 ????						; Note: The address may be defined on the command-line using the -D switch, eg:
     62  5000 ????						; dasm.exe code.asm -DTIA_BASE_ADDRESS=$40 -f3 -v5 -ocode.bin
     63  5000 ????						; *OR* by declaring the label before including this file, eg:
     64  5000 ????						; TIA_BASE_ADDRESS = $40
     65  5000 ????						;   include "vcs.h"
     66  5000 ????
     67  5000 ????						; Alternate read/write address capability - allows for some disassembly compatibility
     68  5000 ????						; usage ; to allow reassembly to binary perfect copies).  This is essentially catering
     69  5000 ????						; for the mirrored ROM hardware registers.
     70  5000 ????
     71  5000 ????						; Usage: As per above, define the TIA_BASE_READ_ADDRESS and/or TIA_BASE_WRITE_ADDRESS
     72  5000 ????						; using the -D command-line switch, as required.  If the addresses are not defined, 
     73  5000 ????						; they defaut to the TIA_BASE_ADDRESS.
     74  5000 ????
     75  5000 ????			  -	      IFNCONST	TIA_BASE_READ_ADDRESS
     76  5000 ????			  -TIA_BASE_READ_ADDRESS =	TIA_BASE_ADDRESS
     77  5000 ????				      ENDIF
     78  5000 ????
     79  5000 ????			  -	      IFNCONST	TIA_BASE_WRITE_ADDRESS
     80  5000 ????			  -TIA_BASE_WRITE_ADDRESS =	TIA_BASE_ADDRESS
     81  5000 ????				      ENDIF
     82  5000 ????
     83  5000 ????						;-------------------------------------------------------------------------------
     84  5000 ????
     85 U002d ????				      SEG.U	TIA_REGISTERS_WRITE
     86 U0000					      ORG	TIA_BASE_WRITE_ADDRESS
     87 U0000
     88 U0000							; DO NOT CHANGE THE RELATIVE ORDERING OF REGISTERS!
     89 U0000
     90 U0000		       00	   VSYNC      ds	1	; $00	 0000 00x0   Vertical Sync Set-Clear
     91 U0001		       00	   VBLANK     ds	1	; $01	 xx00 00x0   Vertical Blank Set-Clear
     92 U0002		       00	   WSYNC      ds	1	; $02	 ---- ----   Wait for Horizontal Blank
     93 U0003		       00	   RSYNC      ds	1	; $03	 ---- ----   Reset Horizontal Sync Counter
     94 U0004		       00	   NUSIZ0     ds	1	; $04	 00xx 0xxx   Number-Size player/missle 0
     95 U0005		       00	   NUSIZ1     ds	1	; $05	 00xx 0xxx   Number-Size player/missle 1
     96 U0006		       00	   COLUP0     ds	1	; $06	 xxxx xxx0   Color-Luminance Player 0
     97 U0007		       00	   COLUP1     ds	1	; $07	 xxxx xxx0   Color-Luminance Player 1
     98 U0008		       00	   COLUPF     ds	1	; $08	 xxxx xxx0   Color-Luminance Playfield
     99 U0009		       00	   COLUBK     ds	1	; $09	 xxxx xxx0   Color-Luminance Background
    100 U000a		       00	   CTRLPF     ds	1	; $0A	 00xx 0xxx   Control Playfield, Ball, Collisions
    101 U000b		       00	   REFP0      ds	1	; $0B	 0000 x000   Reflection Player 0
    102 U000c		       00	   REFP1      ds	1	; $0C	 0000 x000   Reflection Player 1
    103 U000d		       00	   PF0	      ds	1	; $0D	 xxxx 0000   Playfield Register Byte 0
    104 U000e		       00	   PF1	      ds	1	; $0E	 xxxx xxxx   Playfield Register Byte 1
    105 U000f		       00	   PF2	      ds	1	; $0F	 xxxx xxxx   Playfield Register Byte 2
    106 U0010		       00	   RESP0      ds	1	; $10	 ---- ----   Reset Player 0
    107 U0011		       00	   RESP1      ds	1	; $11	 ---- ----   Reset Player 1
    108 U0012		       00	   RESM0      ds	1	; $12	 ---- ----   Reset Missle 0
    109 U0013		       00	   RESM1      ds	1	; $13	 ---- ----   Reset Missle 1
    110 U0014		       00	   RESBL      ds	1	; $14	 ---- ----   Reset Ball
    111 U0015		       00	   AUDC0      ds	1	; $15	 0000 xxxx   Audio Control 0
    112 U0016		       00	   AUDC1      ds	1	; $16	 0000 xxxx   Audio Control 1
    113 U0017		       00	   AUDF0      ds	1	; $17	 000x xxxx   Audio Frequency 0
    114 U0018		       00	   AUDF1      ds	1	; $18	 000x xxxx   Audio Frequency 1
    115 U0019		       00	   AUDV0      ds	1	; $19	 0000 xxxx   Audio Volume 0
    116 U001a		       00	   AUDV1      ds	1	; $1A	 0000 xxxx   Audio Volume 1
    117 U001b		       00	   GRP0       ds	1	; $1B	 xxxx xxxx   Graphics Register Player 0
    118 U001c		       00	   GRP1       ds	1	; $1C	 xxxx xxxx   Graphics Register Player 1
    119 U001d		       00	   ENAM0      ds	1	; $1D	 0000 00x0   Graphics Enable Missle 0
    120 U001e		       00	   ENAM1      ds	1	; $1E	 0000 00x0   Graphics Enable Missle 1
    121 U001f		       00	   ENABL      ds	1	; $1F	 0000 00x0   Graphics Enable Ball
    122 U0020		       00	   HMP0       ds	1	; $20	 xxxx 0000   Horizontal Motion Player 0
    123 U0021		       00	   HMP1       ds	1	; $21	 xxxx 0000   Horizontal Motion Player 1
    124 U0022		       00	   HMM0       ds	1	; $22	 xxxx 0000   Horizontal Motion Missle 0
    125 U0023		       00	   HMM1       ds	1	; $23	 xxxx 0000   Horizontal Motion Missle 1
    126 U0024		       00	   HMBL       ds	1	; $24	 xxxx 0000   Horizontal Motion Ball
    127 U0025		       00	   VDELP0     ds	1	; $25	 0000 000x   Vertical Delay Player 0
    128 U0026		       00	   VDELP1     ds	1	; $26	 0000 000x   Vertical Delay Player 1
    129 U0027		       00	   VDELBL     ds	1	; $27	 0000 000x   Vertical Delay Ball
    130 U0028		       00	   RESMP0     ds	1	; $28	 0000 00x0   Reset Missle 0 to Player 0
    131 U0029		       00	   RESMP1     ds	1	; $29	 0000 00x0   Reset Missle 1 to Player 1
    132 U002a		       00	   HMOVE      ds	1	; $2A	 ---- ----   Apply Horizontal Motion
    133 U002b		       00	   HMCLR      ds	1	; $2B	 ---- ----   Clear Horizontal Move Registers
    134 U002c		       00	   CXCLR      ds	1	; $2C	 ---- ----   Clear Collision Latches
    135 U002d
    136 U002d							;-------------------------------------------------------------------------------
    137 U002d
    138 U0010 ????				      SEG.U	TIA_REGISTERS_READ
    139 U0000					      ORG	TIA_BASE_READ_ADDRESS
    140 U0000
    141 U0000							;											bit 7	 bit 6
    142 U0000		       00	   CXM0P      ds	1	; $00	     xx00 0000	     Read Collision  M0-P1   M0-P0
    143 U0001		       00	   CXM1P      ds	1	; $01	     xx00 0000			     M1-P0   M1-P1
    144 U0002		       00	   CXP0FB     ds	1	; $02	     xx00 0000			     P0-PF   P0-BL
    145 U0003		       00	   CXP1FB     ds	1	; $03	     xx00 0000			     P1-PF   P1-BL
    146 U0004		       00	   CXM0FB     ds	1	; $04	     xx00 0000			     M0-PF   M0-BL
    147 U0005		       00	   CXM1FB     ds	1	; $05	     xx00 0000			     M1-PF   M1-BL
    148 U0006		       00	   CXBLPF     ds	1	; $06	     x000 0000			     BL-PF   -----
    149 U0007		       00	   CXPPMM     ds	1	; $07	     xx00 0000			     P0-P1   M0-M1
    150 U0008		       00	   INPT0      ds	1	; $08	     x000 0000	     Read Pot Port 0
    151 U0009		       00	   INPT1      ds	1	; $09	     x000 0000	     Read Pot Port 1
    152 U000a		       00	   INPT2      ds	1	; $0A	     x000 0000	     Read Pot Port 2
    153 U000b		       00	   INPT3      ds	1	; $0B	     x000 0000	     Read Pot Port 3
    154 U000c		       00	   INPT4      ds	1	; $0C		x000 0000	 Read Input (Trigger) 0
    155 U000d		       00	   INPT5      ds	1	; $0D		x000 0000	 Read Input (Trigger) 1
    156 U000e
    157 U000e							;Used by PXE for Quadtari support
    158 U000e		       00	   INPT6      ds	1	; $0E		x000 0000	 Read Input (Trigger) 2
    159 U000f		       00	   INPT7      ds	1	; $0F		x000 0000	 Read Input (Trigger) 3
    160 U0010
    161 U0010							;-------------------------------------------------------------------------------
    162 U0010
    163 U0298 ????				      SEG.U	RIOT
    164 U0280					      ORG	$280
    165 U0280
    166 U0280							; RIOT MEMORY MAP
    167 U0280
    168 U0280		       00	   SWCHA      ds	1	; $280      Port A data register for joysticks:
    169 U0281							;			Bits 4-7 for player 1.  Bits 0-3 for player 2.
    170 U0281
    171 U0281		       00	   SWACNT     ds	1	; $281      Port A data direction register (DDR)
    172 U0282		       00	   SWCHB      ds	1	; $282		Port B data (console switches)
    173 U0283		       00	   SWBCNT     ds	1	; $283      Port B DDR
    174 U0284		       00	   INTIM      ds	1	; $284		Timer output
    175 U0285
    176 U0285		       00	   TIMINT     ds	1	; $285
    177 U0286
    178 U0286		       00	   SWCHA2     ds	1	; $286		Used by PXE for Quadtari support
    179 U0287
    180 U0287							; Unused/undefined registers ($287-$294)
    181 U0287		       00		      ds	1	; $287
    182 U0288		       00		      ds	1	; $288
    183 U0289		       00		      ds	1	; $289
    184 U028a		       00		      ds	1	; $28A
    185 U028b		       00		      ds	1	; $28B
    186 U028c		       00		      ds	1	; $28C
    187 U028d		       00		      ds	1	; $28D
    188 U028e		       00		      ds	1	; $28E
    189 U028f		       00		      ds	1	; $28F
    190 U0290
    191 U0290							; Used by PXE to make "on JOYx_DIR gosub" faster and smaller
    192 U0290		       00	   JOY0_DIR   ds	1	; $290
    193 U0291		       00	   JOY1_DIR   ds	1	; $291
    194 U0292		       00	   JOY2_DIR   ds	1	; $292
    195 U0293		       00	   JOY3_DIR   ds	1	; $293
    196 U0294
    197 U0294		       00	   TIM1T      ds	1	; $294		set 1 clock interval
    198 U0295		       00	   TIM8T      ds	1	; $295      set 8 clock interval
    199 U0296		       00	   TIM64T     ds	1	; $296      set 64 clock interval
    200 U0297		       00	   T1024T     ds	1	; $297      set 1024 clock interval
    201 U0298
    202 U0298							;-------------------------------------------------------------------------------
    203 U0298							; The following required for back-compatibility with code which does not use
    204 U0298							; segments.
    205 U0298
    206  5000 ????				      SEG
    207  5000 ????
    208  5000 ????						; EOF
------- FILE split_adv3.bas.asm
------- FILE macro.h LEVEL 2 PASS 2
      0  5000 ????				      include	"macro.h"
      1  5000 ????						; Provided under the CC0 license. See the included LICENSE.txt for details.
      2  5000 ????
      3  5000 ????						; MACRO.H
      4  5000 ????						; Version 1.05, 13/NOVEMBER/2003
      5  5000 ????
      6  5000 ????	       00 69	   VERSION_MACRO =	105
      7  5000 ????
      8  5000 ????						;
      9  5000 ????						; THIS FILE IS EXPLICITLY SUPPORTED AS A DASM-PREFERRED COMPANION FILE
     10  5000 ????						; PLEASE DO *NOT* REDISTRIBUTE MODIFIED VERSIONS OF THIS FILE!
     11  5000 ????						;
     12  5000 ????						; This file defines DASM macros useful for development for the Atari 2600.
     13  5000 ????						; It is distributed as a companion machine-specific support package
     14  5000 ????						; for the DASM compiler. Updates to this file, DASM, and associated tools are
     15  5000 ????						; available at at http://www.atari2600.org/dasm
     16  5000 ????						;
     17  5000 ????						; Many thanks to the people who have contributed.  If you take issue with the
     18  5000 ????						; contents, or would like to add something, please write to me
     19  5000 ????						; (atari2600@taswegian.com) with your contribution.
     20  5000 ????						;
     21  5000 ????						; Latest Revisions...
     22  5000 ????						;
     23  5000 ????						; 1.05  14/NOV/2003	  - Added VERSION_MACRO equate (which will reflect 100x version #)
     24  5000 ????						;			    This will allow conditional code to verify MACRO.H being
     25  5000 ????						;			    used for code assembly.
     26  5000 ????						; 1.04  13/NOV/2003	 - SET_POINTER macro added (16-bit address load)
     27  5000 ????						;
     28  5000 ????						; 1.03  23/JUN/2003	 - CLEAN_START macro added - clears TIA, RAM, registers
     29  5000 ????						;
     30  5000 ????						; 1.02  14/JUN/2003	 - VERTICAL_SYNC macro added
     31  5000 ????						;			   (standardised macro for vertical synch code)
     32  5000 ????						; 1.01  22/MAR/2003	 - SLEEP macro added. 
     33  5000 ????						;			 - NO_ILLEGAL_OPCODES switch implemented
     34  5000 ????						; 1.0	22/MAR/2003		Initial release
     35  5000 ????
     36  5000 ????						; Note: These macros use illegal opcodes.  To disable illegal opcode usage, 
     37  5000 ????						;   define the symbol NO_ILLEGAL_OPCODES (-DNO_ILLEGAL_OPCODES=1 on command-line).
     38  5000 ????						;   If you do not allow illegal opcode usage, you must include this file 
     39  5000 ????						;   *after* including VCS.H (as the non-illegal opcodes access hardware
     40  5000 ????						;   registers and require them to be defined first).
     41  5000 ????
     42  5000 ????						; Available macros...
     43  5000 ????						;   SLEEP n		 - sleep for n cycles
     44  5000 ????						;   VERTICAL_SYNC	 - correct 3 scanline vertical synch code
     45  5000 ????						;   CLEAN_START	 - set machine to known state on startup
     46  5000 ????						;   SET_POINTER	 - load a 16-bit absolute to a 16-bit variable
     47  5000 ????
     48  5000 ????						;-------------------------------------------------------------------------------
     49  5000 ????						; SLEEP duration
     50  5000 ????						; Original author: Thomas Jentzsch
     51  5000 ????						; Inserts code which takes the specified number of cycles to execute.	This is
     52  5000 ????						; useful for code where precise timing is required.
     53  5000 ????						; ILLEGAL-OPCODE VERSION DOES NOT AFFECT FLAGS OR REGISTERS.
     54  5000 ????						; LEGAL OPCODE VERSION MAY AFFECT FLAGS
     55  5000 ????						; Uses illegal opcode (DASM 2.20.01 onwards).
     56  5000 ????
     57  5000 ????				      MAC	sleep
     58  5000 ????			   .CYCLES    SET	{1}
     59  5000 ????
     60  5000 ????				      IF	.CYCLES < 2
     61  5000 ????				      ECHO	"MACRO ERROR: 'SLEEP': Duration must be > 1"
     62  5000 ????				      ERR
     63  5000 ????				      ENDIF
     64  5000 ????
     65  5000 ????				      IF	.CYCLES & 1
     66  5000 ????				      IFNCONST	NO_ILLEGAL_OPCODES
     67  5000 ????				      nop	0
     68  5000 ????				      ELSE
     69  5000 ????				      bit	VSYNC
     70  5000 ????				      ENDIF
     71  5000 ????			   .CYCLES    SET	.CYCLES - 3
     72  5000 ????				      ENDIF
     73  5000 ????
     74  5000 ????				      REPEAT	.CYCLES / 2
     75  5000 ????				      nop
     76  5000 ????				      REPEND
     77  5000 ????				      ENDM		;usage: SLEEP n (n>1)
     78  5000 ????
     79  5000 ????						;-------------------------------------------------------------------------------
     80  5000 ????						; VERTICAL_SYNC
     81  5000 ????						; Original author: Manuel Polik
     82  5000 ????						; Inserts the code required for a proper 3 scannline 
     83  5000 ????						; vertical sync sequence
     84  5000 ????						;
     85  5000 ????						; Note: Alters the accumulator
     86  5000 ????						;
     87  5000 ????						; IN:
     88  5000 ????						; OUT: A = 1
     89  5000 ????
     90  5000 ????				      MAC	vertical_sync
     91  5000 ????				      LDA	#$02	; A = VSYNC enable
     92  5000 ????				      STA	WSYNC	; Finish current line
     93  5000 ????				      STA	VSYNC	; Start vertical sync
     94  5000 ????				      STA	WSYNC	; 1st line vertical sync
     95  5000 ????				      STA	WSYNC	; 2nd line vertical sync
     96  5000 ????				      LSR		; A = VSYNC disable
     97  5000 ????				      STA	WSYNC	; 3rd line vertical sync
     98  5000 ????				      STA	VSYNC	; Stop vertical sync
     99  5000 ????				      ENDM
    100  5000 ????
    101  5000 ????						;-------------------------------------------------------------------------------
    102  5000 ????						; CLEAN_START
    103  5000 ????						; Original author: Andrew Davie
    104  5000 ????						; Standardised start-up code, clears stack, all TIA registers and RAM to 0
    105  5000 ????						; Sets stack pointer to $FF, and all registers to 0
    106  5000 ????						; Sets decimal mode off, sets interrupt flag (kind of un-necessary)
    107  5000 ????						; Use as very first section of code on boot (ie: at reset)
    108  5000 ????						; Code written to minimise total ROM usage - uses weird 6502 knowledge :)
    109  5000 ????
    110  5000 ????				      MAC	clean_start
    111  5000 ????				      sei
    112  5000 ????				      cld
    113  5000 ????
    114  5000 ????				      ldx	#0
    115  5000 ????				      txa
    116  5000 ????				      tay
    117  5000 ????			   .CLEAR_STACK dex
    118  5000 ????				      txs
    119  5000 ????				      pha
    120  5000 ????				      bne	.CLEAR_STACK	; SP=$FF, X = A = Y = 0
    121  5000 ????
    122  5000 ????				      ENDM
    123  5000 ????
    124  5000 ????						;-------------------------------------------------------
    125  5000 ????						; SET_POINTER
    126  5000 ????						; Original author: Manuel Rotschkar
    127  5000 ????						;
    128  5000 ????						; Sets a 2 byte RAM pointer to an absolute address.
    129  5000 ????						;
    130  5000 ????						; Usage: SET_POINTER pointer, address
    131  5000 ????						; Example: SET_POINTER SpritePTR, SpriteData
    132  5000 ????						;
    133  5000 ????						; Note: Alters the accumulator, NZ flags
    134  5000 ????						; IN 1: 2 byte RAM location reserved for pointer
    135  5000 ????						; IN 2: absolute address
    136  5000 ????
    137  5000 ????				      MAC	set_pointer
    138  5000 ????			   .POINTER   SET	{1}
    139  5000 ????			   .ADDRESS   SET	{2}
    140  5000 ????
    141  5000 ????				      LDA	#<.ADDRESS	; Get Lowbyte of Address
    142  5000 ????				      STA	.POINTER	; Store in pointer
    143  5000 ????				      LDA	#>.ADDRESS	; Get Hibyte of Address
    144  5000 ????				      STA	.POINTER+1	; Store in pointer+1
    145  5000 ????
    146  5000 ????				      ENDM
    147  5000 ????
    148  5000 ????						; EOF
------- FILE split_adv3.bas.asm
------- FILE 2600basic.h LEVEL 2 PASS 2
      0  5000 ????				      include	"2600basic.h"
      1  5000 ????						; Provided under the CC0 license. See the included LICENSE.txt for details.
      2  5000 ????
      3  5000 ????				      processor	6502
------- FILE vcs.h LEVEL 3 PASS 2
      0  5000 ????				      include	"vcs.h"
      1  5000 ????						; Provided under the CC0 license. See the included LICENSE.txt for details.
      2  5000 ????
      3  5000 ????						; VCS.H
      4  5000 ????						; Version 1.05, 13/November/2003
      5  5000 ????
      6  5000 ????	       00 69	   VERSION_VCS =	105
      7  5000 ????
      8  5000 ????						; THIS IS A PRELIMINARY RELEASE OF *THE* "STANDARD" VCS.H
      9  5000 ????						; THIS FILE IS EXPLICITLY SUPPORTED AS A DASM-PREFERRED COMPANION FILE
     10  5000 ????						; PLEASE DO *NOT* REDISTRIBUTE THIS FILE!
     11  5000 ????						;
     12  5000 ????						; This file defines hardware registers and memory mapping for the
     13  5000 ????						; Atari 2600. It is distributed as a companion machine-specific support package
     14  5000 ????						; for the DASM compiler. Updates to this file, DASM, and associated tools are
     15  5000 ????						; available at at http://www.atari2600.org/dasm
     16  5000 ????						;
     17  5000 ????						; Many thanks to the original author(s) of this file, and to everyone who has
     18  5000 ????						; contributed to understanding the Atari 2600.  If you take issue with the
     19  5000 ????						; contents, or naming of registers, please write to me (atari2600@taswegian.com)
     20  5000 ????						; with your views.  Please contribute, if you think you can improve this
     21  5000 ????						; file!
     22  5000 ????						;
     23  5000 ????						; Latest Revisions...
     24  5000 ????						; 1.05  13/NOV/2003	  - Correction to 1.04 - now functions as requested by MR.
     25  5000 ????						;			  - Added VERSION_VCS equate (which will reflect 100x version #)
     26  5000 ????						;			    This will allow conditional code to verify VCS.H being
     27  5000 ????						;			    used for code assembly.
     28  5000 ????						; 1.04  12/NOV/2003	 Added TIA_BASE_WRITE_ADDRESS and TIA_BASE_READ_ADDRESS for
     29  5000 ????						;			 convenient disassembly/reassembly compatibility for hardware
     30  5000 ????						;			 mirrored reading/writing differences.	This is more a 
     31  5000 ????						;			 readability issue, and binary compatibility with disassembled
     32  5000 ????						;			 and reassembled sources.  Per Manuel Rotschkar's suggestion.
     33  5000 ????						; 1.03  12/MAY/2003	 Added SEG segment at end of file to fix old-code compatibility
     34  5000 ????						;			 which was broken by the use of segments in this file, as
     35  5000 ????						;			 reported by Manuel Polik on [stella] 11/MAY/2003
     36  5000 ????						; 1.02  22/MAR/2003	 Added TIMINT($285)
     37  5000 ????						; 1.01				Constant offset added to allow use for 3F-style bankswitching
     38  5000 ????						;						 - define TIA_BASE_ADDRESS as $40 for Tigervision carts, otherwise
     39  5000 ????						;						   it is safe to leave it undefined, and the base address will
     40  5000 ????						;						   be set to 0.  Thanks to Eckhard Stolberg for the suggestion.
     41  5000 ????						;			    Note, may use -DLABEL=EXPRESSION to define TIA_BASE_ADDRESS
     42  5000 ????						;			  - register definitions are now generated through assignment
     43  5000 ????						;			    in uninitialised segments.	This allows a changeable base
     44  5000 ????						;			    address architecture.
     45  5000 ????						; 1.0	22/MAR/2003		Initial release
     46  5000 ????
     47  5000 ????
     48  5000 ????						;-------------------------------------------------------------------------------
     49  5000 ????
     50  5000 ????						; TIA_BASE_ADDRESS
     51  5000 ????						; The TIA_BASE_ADDRESS defines the base address of access to TIA registers.
     52  5000 ????						; Normally 0, the base address should (externally, before including this file)
     53  5000 ????						; be set to $40 when creating 3F-bankswitched (and other?) cartridges.
     54  5000 ????						; The reason is that this bankswitching scheme treats any access to locations
     55  5000 ????						; < $40 as a bankswitch.
     56  5000 ????
     57  5000 ????			  -	      IFNCONST	TIA_BASE_ADDRESS
     58  5000 ????			  -TIA_BASE_ADDRESS =	0
     59  5000 ????				      ENDIF
     60  5000 ????
     61  5000 ????						; Note: The address may be defined on the command-line using the -D switch, eg:
     62  5000 ????						; dasm.exe code.asm -DTIA_BASE_ADDRESS=$40 -f3 -v5 -ocode.bin
     63  5000 ????						; *OR* by declaring the label before including this file, eg:
     64  5000 ????						; TIA_BASE_ADDRESS = $40
     65  5000 ????						;   include "vcs.h"
     66  5000 ????
     67  5000 ????						; Alternate read/write address capability - allows for some disassembly compatibility
     68  5000 ????						; usage ; to allow reassembly to binary perfect copies).  This is essentially catering
     69  5000 ????						; for the mirrored ROM hardware registers.
     70  5000 ????
     71  5000 ????						; Usage: As per above, define the TIA_BASE_READ_ADDRESS and/or TIA_BASE_WRITE_ADDRESS
     72  5000 ????						; using the -D command-line switch, as required.  If the addresses are not defined, 
     73  5000 ????						; they defaut to the TIA_BASE_ADDRESS.
     74  5000 ????
     75  5000 ????			  -	      IFNCONST	TIA_BASE_READ_ADDRESS
     76  5000 ????			  -TIA_BASE_READ_ADDRESS =	TIA_BASE_ADDRESS
     77  5000 ????				      ENDIF
     78  5000 ????
     79  5000 ????			  -	      IFNCONST	TIA_BASE_WRITE_ADDRESS
     80  5000 ????			  -TIA_BASE_WRITE_ADDRESS =	TIA_BASE_ADDRESS
     81  5000 ????				      ENDIF
     82  5000 ????
     83  5000 ????						;-------------------------------------------------------------------------------
     84  5000 ????
     85 U002d					      SEG.U	TIA_REGISTERS_WRITE
     86 U0000					      ORG	TIA_BASE_WRITE_ADDRESS
     87 U0000
     88 U0000							; DO NOT CHANGE THE RELATIVE ORDERING OF REGISTERS!
     89 U0000
     90 U0000		       00	   VSYNC      ds	1	; $00	 0000 00x0   Vertical Sync Set-Clear
     91 U0001		       00	   VBLANK     ds	1	; $01	 xx00 00x0   Vertical Blank Set-Clear
     92 U0002		       00	   WSYNC      ds	1	; $02	 ---- ----   Wait for Horizontal Blank
     93 U0003		       00	   RSYNC      ds	1	; $03	 ---- ----   Reset Horizontal Sync Counter
     94 U0004		       00	   NUSIZ0     ds	1	; $04	 00xx 0xxx   Number-Size player/missle 0
     95 U0005		       00	   NUSIZ1     ds	1	; $05	 00xx 0xxx   Number-Size player/missle 1
     96 U0006		       00	   COLUP0     ds	1	; $06	 xxxx xxx0   Color-Luminance Player 0
     97 U0007		       00	   COLUP1     ds	1	; $07	 xxxx xxx0   Color-Luminance Player 1
     98 U0008		       00	   COLUPF     ds	1	; $08	 xxxx xxx0   Color-Luminance Playfield
     99 U0009		       00	   COLUBK     ds	1	; $09	 xxxx xxx0   Color-Luminance Background
    100 U000a		       00	   CTRLPF     ds	1	; $0A	 00xx 0xxx   Control Playfield, Ball, Collisions
    101 U000b		       00	   REFP0      ds	1	; $0B	 0000 x000   Reflection Player 0
    102 U000c		       00	   REFP1      ds	1	; $0C	 0000 x000   Reflection Player 1
    103 U000d		       00	   PF0	      ds	1	; $0D	 xxxx 0000   Playfield Register Byte 0
    104 U000e		       00	   PF1	      ds	1	; $0E	 xxxx xxxx   Playfield Register Byte 1
    105 U000f		       00	   PF2	      ds	1	; $0F	 xxxx xxxx   Playfield Register Byte 2
    106 U0010		       00	   RESP0      ds	1	; $10	 ---- ----   Reset Player 0
    107 U0011		       00	   RESP1      ds	1	; $11	 ---- ----   Reset Player 1
    108 U0012		       00	   RESM0      ds	1	; $12	 ---- ----   Reset Missle 0
    109 U0013		       00	   RESM1      ds	1	; $13	 ---- ----   Reset Missle 1
    110 U0014		       00	   RESBL      ds	1	; $14	 ---- ----   Reset Ball
    111 U0015		       00	   AUDC0      ds	1	; $15	 0000 xxxx   Audio Control 0
    112 U0016		       00	   AUDC1      ds	1	; $16	 0000 xxxx   Audio Control 1
    113 U0017		       00	   AUDF0      ds	1	; $17	 000x xxxx   Audio Frequency 0
    114 U0018		       00	   AUDF1      ds	1	; $18	 000x xxxx   Audio Frequency 1
    115 U0019		       00	   AUDV0      ds	1	; $19	 0000 xxxx   Audio Volume 0
    116 U001a		       00	   AUDV1      ds	1	; $1A	 0000 xxxx   Audio Volume 1
    117 U001b		       00	   GRP0       ds	1	; $1B	 xxxx xxxx   Graphics Register Player 0
    118 U001c		       00	   GRP1       ds	1	; $1C	 xxxx xxxx   Graphics Register Player 1
    119 U001d		       00	   ENAM0      ds	1	; $1D	 0000 00x0   Graphics Enable Missle 0
    120 U001e		       00	   ENAM1      ds	1	; $1E	 0000 00x0   Graphics Enable Missle 1
    121 U001f		       00	   ENABL      ds	1	; $1F	 0000 00x0   Graphics Enable Ball
    122 U0020		       00	   HMP0       ds	1	; $20	 xxxx 0000   Horizontal Motion Player 0
    123 U0021		       00	   HMP1       ds	1	; $21	 xxxx 0000   Horizontal Motion Player 1
    124 U0022		       00	   HMM0       ds	1	; $22	 xxxx 0000   Horizontal Motion Missle 0
    125 U0023		       00	   HMM1       ds	1	; $23	 xxxx 0000   Horizontal Motion Missle 1
    126 U0024		       00	   HMBL       ds	1	; $24	 xxxx 0000   Horizontal Motion Ball
    127 U0025		       00	   VDELP0     ds	1	; $25	 0000 000x   Vertical Delay Player 0
    128 U0026		       00	   VDELP1     ds	1	; $26	 0000 000x   Vertical Delay Player 1
    129 U0027		       00	   VDELBL     ds	1	; $27	 0000 000x   Vertical Delay Ball
    130 U0028		       00	   RESMP0     ds	1	; $28	 0000 00x0   Reset Missle 0 to Player 0
    131 U0029		       00	   RESMP1     ds	1	; $29	 0000 00x0   Reset Missle 1 to Player 1
    132 U002a		       00	   HMOVE      ds	1	; $2A	 ---- ----   Apply Horizontal Motion
    133 U002b		       00	   HMCLR      ds	1	; $2B	 ---- ----   Clear Horizontal Move Registers
    134 U002c		       00	   CXCLR      ds	1	; $2C	 ---- ----   Clear Collision Latches
    135 U002d
    136 U002d							;-------------------------------------------------------------------------------
    137 U002d
    138 U0010					      SEG.U	TIA_REGISTERS_READ
    139 U0000					      ORG	TIA_BASE_READ_ADDRESS
    140 U0000
    141 U0000							;											bit 7	 bit 6
    142 U0000		       00	   CXM0P      ds	1	; $00	     xx00 0000	     Read Collision  M0-P1   M0-P0
    143 U0001		       00	   CXM1P      ds	1	; $01	     xx00 0000			     M1-P0   M1-P1
    144 U0002		       00	   CXP0FB     ds	1	; $02	     xx00 0000			     P0-PF   P0-BL
    145 U0003		       00	   CXP1FB     ds	1	; $03	     xx00 0000			     P1-PF   P1-BL
    146 U0004		       00	   CXM0FB     ds	1	; $04	     xx00 0000			     M0-PF   M0-BL
    147 U0005		       00	   CXM1FB     ds	1	; $05	     xx00 0000			     M1-PF   M1-BL
    148 U0006		       00	   CXBLPF     ds	1	; $06	     x000 0000			     BL-PF   -----
    149 U0007		       00	   CXPPMM     ds	1	; $07	     xx00 0000			     P0-P1   M0-M1
    150 U0008		       00	   INPT0      ds	1	; $08	     x000 0000	     Read Pot Port 0
    151 U0009		       00	   INPT1      ds	1	; $09	     x000 0000	     Read Pot Port 1
    152 U000a		       00	   INPT2      ds	1	; $0A	     x000 0000	     Read Pot Port 2
    153 U000b		       00	   INPT3      ds	1	; $0B	     x000 0000	     Read Pot Port 3
    154 U000c		       00	   INPT4      ds	1	; $0C		x000 0000	 Read Input (Trigger) 0
    155 U000d		       00	   INPT5      ds	1	; $0D		x000 0000	 Read Input (Trigger) 1
    156 U000e
    157 U000e							;Used by PXE for Quadtari support
    158 U000e		       00	   INPT6      ds	1	; $0E		x000 0000	 Read Input (Trigger) 2
    159 U000f		       00	   INPT7      ds	1	; $0F		x000 0000	 Read Input (Trigger) 3
    160 U0010
    161 U0010							;-------------------------------------------------------------------------------
    162 U0010
    163 U0298					      SEG.U	RIOT
    164 U0280					      ORG	$280
    165 U0280
    166 U0280							; RIOT MEMORY MAP
    167 U0280
    168 U0280		       00	   SWCHA      ds	1	; $280      Port A data register for joysticks:
    169 U0281							;			Bits 4-7 for player 1.  Bits 0-3 for player 2.
    170 U0281
    171 U0281		       00	   SWACNT     ds	1	; $281      Port A data direction register (DDR)
    172 U0282		       00	   SWCHB      ds	1	; $282		Port B data (console switches)
    173 U0283		       00	   SWBCNT     ds	1	; $283      Port B DDR
    174 U0284		       00	   INTIM      ds	1	; $284		Timer output
    175 U0285
    176 U0285		       00	   TIMINT     ds	1	; $285
    177 U0286
    178 U0286		       00	   SWCHA2     ds	1	; $286		Used by PXE for Quadtari support
    179 U0287
    180 U0287							; Unused/undefined registers ($287-$294)
    181 U0287		       00		      ds	1	; $287
    182 U0288		       00		      ds	1	; $288
    183 U0289		       00		      ds	1	; $289
    184 U028a		       00		      ds	1	; $28A
    185 U028b		       00		      ds	1	; $28B
    186 U028c		       00		      ds	1	; $28C
    187 U028d		       00		      ds	1	; $28D
    188 U028e		       00		      ds	1	; $28E
    189 U028f		       00		      ds	1	; $28F
    190 U0290
    191 U0290							; Used by PXE to make "on JOYx_DIR gosub" faster and smaller
    192 U0290		       00	   JOY0_DIR   ds	1	; $290
    193 U0291		       00	   JOY1_DIR   ds	1	; $291
    194 U0292		       00	   JOY2_DIR   ds	1	; $292
    195 U0293		       00	   JOY3_DIR   ds	1	; $293
    196 U0294
    197 U0294		       00	   TIM1T      ds	1	; $294		set 1 clock interval
    198 U0295		       00	   TIM8T      ds	1	; $295      set 8 clock interval
    199 U0296		       00	   TIM64T     ds	1	; $296      set 64 clock interval
    200 U0297		       00	   T1024T     ds	1	; $297      set 1024 clock interval
    201 U0298
    202 U0298							;-------------------------------------------------------------------------------
    203 U0298							; The following required for back-compatibility with code which does not use
    204 U0298							; segments.
    205 U0298
    206  5000 ????				      SEG
    207  5000 ????
    208  5000 ????						; EOF
------- FILE 2600basic.h
------- FILE macro.h LEVEL 3 PASS 2
      0  5000 ????				      include	"macro.h"
      1  5000 ????						; Provided under the CC0 license. See the included LICENSE.txt for details.
      2  5000 ????
      3  5000 ????						; MACRO.H
      4  5000 ????						; Version 1.05, 13/NOVEMBER/2003
      5  5000 ????
      6  5000 ????	       00 69	   VERSION_MACRO =	105
      7  5000 ????
      8  5000 ????						;
      9  5000 ????						; THIS FILE IS EXPLICITLY SUPPORTED AS A DASM-PREFERRED COMPANION FILE
     10  5000 ????						; PLEASE DO *NOT* REDISTRIBUTE MODIFIED VERSIONS OF THIS FILE!
     11  5000 ????						;
     12  5000 ????						; This file defines DASM macros useful for development for the Atari 2600.
     13  5000 ????						; It is distributed as a companion machine-specific support package
     14  5000 ????						; for the DASM compiler. Updates to this file, DASM, and associated tools are
     15  5000 ????						; available at at http://www.atari2600.org/dasm
     16  5000 ????						;
     17  5000 ????						; Many thanks to the people who have contributed.  If you take issue with the
     18  5000 ????						; contents, or would like to add something, please write to me
     19  5000 ????						; (atari2600@taswegian.com) with your contribution.
     20  5000 ????						;
     21  5000 ????						; Latest Revisions...
     22  5000 ????						;
     23  5000 ????						; 1.05  14/NOV/2003	  - Added VERSION_MACRO equate (which will reflect 100x version #)
     24  5000 ????						;			    This will allow conditional code to verify MACRO.H being
     25  5000 ????						;			    used for code assembly.
     26  5000 ????						; 1.04  13/NOV/2003	 - SET_POINTER macro added (16-bit address load)
     27  5000 ????						;
     28  5000 ????						; 1.03  23/JUN/2003	 - CLEAN_START macro added - clears TIA, RAM, registers
     29  5000 ????						;
     30  5000 ????						; 1.02  14/JUN/2003	 - VERTICAL_SYNC macro added
     31  5000 ????						;			   (standardised macro for vertical synch code)
     32  5000 ????						; 1.01  22/MAR/2003	 - SLEEP macro added. 
     33  5000 ????						;			 - NO_ILLEGAL_OPCODES switch implemented
     34  5000 ????						; 1.0	22/MAR/2003		Initial release
     35  5000 ????
     36  5000 ????						; Note: These macros use illegal opcodes.  To disable illegal opcode usage, 
     37  5000 ????						;   define the symbol NO_ILLEGAL_OPCODES (-DNO_ILLEGAL_OPCODES=1 on command-line).
     38  5000 ????						;   If you do not allow illegal opcode usage, you must include this file 
     39  5000 ????						;   *after* including VCS.H (as the non-illegal opcodes access hardware
     40  5000 ????						;   registers and require them to be defined first).
     41  5000 ????
     42  5000 ????						; Available macros...
     43  5000 ????						;   SLEEP n		 - sleep for n cycles
     44  5000 ????						;   VERTICAL_SYNC	 - correct 3 scanline vertical synch code
     45  5000 ????						;   CLEAN_START	 - set machine to known state on startup
     46  5000 ????						;   SET_POINTER	 - load a 16-bit absolute to a 16-bit variable
     47  5000 ????
     48  5000 ????						;-------------------------------------------------------------------------------
     49  5000 ????						; SLEEP duration
     50  5000 ????						; Original author: Thomas Jentzsch
     51  5000 ????						; Inserts code which takes the specified number of cycles to execute.	This is
     52  5000 ????						; useful for code where precise timing is required.
     53  5000 ????						; ILLEGAL-OPCODE VERSION DOES NOT AFFECT FLAGS OR REGISTERS.
     54  5000 ????						; LEGAL OPCODE VERSION MAY AFFECT FLAGS
     55  5000 ????						; Uses illegal opcode (DASM 2.20.01 onwards).
     56  5000 ????
     57  5000 ????				      MAC	sleep
     58  5000 ????			   .CYCLES    SET	{1}
     59  5000 ????
     60  5000 ????				      IF	.CYCLES < 2
     61  5000 ????				      ECHO	"MACRO ERROR: 'SLEEP': Duration must be > 1"
     62  5000 ????				      ERR
     63  5000 ????				      ENDIF
     64  5000 ????
     65  5000 ????				      IF	.CYCLES & 1
     66  5000 ????				      IFNCONST	NO_ILLEGAL_OPCODES
     67  5000 ????				      nop	0
     68  5000 ????				      ELSE
     69  5000 ????				      bit	VSYNC
     70  5000 ????				      ENDIF
     71  5000 ????			   .CYCLES    SET	.CYCLES - 3
     72  5000 ????				      ENDIF
     73  5000 ????
     74  5000 ????				      REPEAT	.CYCLES / 2
     75  5000 ????				      nop
     76  5000 ????				      REPEND
     77  5000 ????				      ENDM		;usage: SLEEP n (n>1)
     78  5000 ????
     79  5000 ????						;-------------------------------------------------------------------------------
     80  5000 ????						; VERTICAL_SYNC
     81  5000 ????						; Original author: Manuel Polik
     82  5000 ????						; Inserts the code required for a proper 3 scannline 
     83  5000 ????						; vertical sync sequence
     84  5000 ????						;
     85  5000 ????						; Note: Alters the accumulator
     86  5000 ????						;
     87  5000 ????						; IN:
     88  5000 ????						; OUT: A = 1
     89  5000 ????
     90  5000 ????				      MAC	vertical_sync
     91  5000 ????				      LDA	#$02	; A = VSYNC enable
     92  5000 ????				      STA	WSYNC	; Finish current line
     93  5000 ????				      STA	VSYNC	; Start vertical sync
     94  5000 ????				      STA	WSYNC	; 1st line vertical sync
     95  5000 ????				      STA	WSYNC	; 2nd line vertical sync
     96  5000 ????				      LSR		; A = VSYNC disable
     97  5000 ????				      STA	WSYNC	; 3rd line vertical sync
     98  5000 ????				      STA	VSYNC	; Stop vertical sync
     99  5000 ????				      ENDM
    100  5000 ????
    101  5000 ????						;-------------------------------------------------------------------------------
    102  5000 ????						; CLEAN_START
    103  5000 ????						; Original author: Andrew Davie
    104  5000 ????						; Standardised start-up code, clears stack, all TIA registers and RAM to 0
    105  5000 ????						; Sets stack pointer to $FF, and all registers to 0
    106  5000 ????						; Sets decimal mode off, sets interrupt flag (kind of un-necessary)
    107  5000 ????						; Use as very first section of code on boot (ie: at reset)
    108  5000 ????						; Code written to minimise total ROM usage - uses weird 6502 knowledge :)
    109  5000 ????
    110  5000 ????				      MAC	clean_start
    111  5000 ????				      sei
    112  5000 ????				      cld
    113  5000 ????
    114  5000 ????				      ldx	#0
    115  5000 ????				      txa
    116  5000 ????				      tay
    117  5000 ????			   .CLEAR_STACK dex
    118  5000 ????				      txs
    119  5000 ????				      pha
    120  5000 ????				      bne	.CLEAR_STACK	; SP=$FF, X = A = Y = 0
    121  5000 ????
    122  5000 ????				      ENDM
    123  5000 ????
    124  5000 ????						;-------------------------------------------------------
    125  5000 ????						; SET_POINTER
    126  5000 ????						; Original author: Manuel Rotschkar
    127  5000 ????						;
    128  5000 ????						; Sets a 2 byte RAM pointer to an absolute address.
    129  5000 ????						;
    130  5000 ????						; Usage: SET_POINTER pointer, address
    131  5000 ????						; Example: SET_POINTER SpritePTR, SpriteData
    132  5000 ????						;
    133  5000 ????						; Note: Alters the accumulator, NZ flags
    134  5000 ????						; IN 1: 2 byte RAM location reserved for pointer
    135  5000 ????						; IN 2: absolute address
    136  5000 ????
    137  5000 ????				      MAC	set_pointer
    138  5000 ????			   .POINTER   SET	{1}
    139  5000 ????			   .ADDRESS   SET	{2}
    140  5000 ????
    141  5000 ????				      LDA	#<.ADDRESS	; Get Lowbyte of Address
    142  5000 ????				      STA	.POINTER	; Store in pointer
    143  5000 ????				      LDA	#>.ADDRESS	; Get Hibyte of Address
    144  5000 ????				      STA	.POINTER+1	; Store in pointer+1
    145  5000 ????
    146  5000 ????				      ENDM
    147  5000 ????
    148  5000 ????						; EOF
------- FILE 2600basic.h
------- FILE 2600basic_variable_redefs.h LEVEL 3 PASS 2
      0  5000 ????				      include	"2600basic_variable_redefs.h"
      1  5000 ????						; This file contains variable mapping and other information for the current project.
      2  5000 ????
      3  5000 ????	       00 20	   bscode_length =	32
      4  5000 ????	       00 22	   room_color_length =	.skipL075-room_color
      5  5000 ????
      6  5000 ????	       00 22	   move_west_length =	.skipL074-move_west
      7  5000 ????
      8  5000 ????	       00 22	   move_south_length =	.skipL073-move_south
      9  5000 ????
     10  5000 ????	       00 22	   move_east_length =	.skipL072-move_east
     11  5000 ????
     12  5000 ????	       00 22	   move_north_length =	.skipL071-move_north
     13  5000 ????
     14  5000 ????	       00 22	   room_shape_length =	.skipL070-room_shape
     15  5000 ????
     16  5000 ????	       00 e3	   p2_colup0  =	p
     17  5000 ????
     18  5000 ????	       00 e2	   p2_player1pointerhi =	o
     19  5000 ????
     20  5000 ????	       00 e1	   p2_player1pointerlo =	n
     21  5000 ????
     22  5000 ????	       00 e0	   p2_player0pointerhi =	m
     23  5000 ????
     24  5000 ????	       00 df	   p2_player0pointerlo =	l
     25  5000 ????
     26  5000 ????	       00 de	   p2_player1x =	k
     27  5000 ????
     28  5000 ????	       00 dd	   p2_player1y =	j
     29  5000 ????
     30  5000 ????	       00 dc	   p1_oldy    =	i
     31  5000 ????
     32  5000 ????	       00 db	   p1_oldx    =	h
     33  5000 ????
     34  5000 ????	       00 da	   p0_oldy    =	g
     35  5000 ????
     36  5000 ????	       00 d9	   p0_oldx    =	f
     37  5000 ????
     38  5000 ????	       00 d8	   p1_room    =	e
     39  5000 ????
     40  5000 ????	       00 d7	   p0_room    =	d
     41  5000 ????
     42  5000 ????	       00 d6	   p2_colupf  =	c
     43  5000 ????
     44  5000 ????	       00 d5	   p2_player0x =	b
     45  5000 ????
     46  5000 ????	       00 d4	   p2_player0y =	a
     47  5000 ????
     48  5000 ????	       00 18	   pfres      =	24
     49  5000 ????
     50  5000 ????	       00 01	   superchip  =	1
     51  5000 ????	       00 03	   bs_mask    =	3
     52  5000 ????	       00 10	   bankswitch =	16
     53  5000 ????	       1f f6	   bankswitch_hotspot =	$1FF6
     54  5000 ????	       00 01	   split_kernel =	1
------- FILE 2600basic.h
      7  5000 ????
      8  5000 ????	       00 80	   player0x   =	$80
      9  5000 ????	       00 81	   player1x   =	$81
     10  5000 ????	       00 82	   missile0x  =	$82
     11  5000 ????	       00 83	   missile1x  =	$83
     12  5000 ????	       00 84	   ballx      =	$84
     13  5000 ????
     14  5000 ????	       00 85	   objecty    =	$85
     15  5000 ????	       00 85	   player0y   =	$85
     16  5000 ????	       00 86	   player1y   =	$86
     17  5000 ????	       00 87	   missile1height =	$87
     18  5000 ????	       00 88	   missile1y  =	$88
     19  5000 ????	       00 89	   bally      =	$89
     20  5000 ????
     21  5000 ????	       00 87	   player1color =	$87	; replaces missile 1
     22  5000 ????
     23  5000 ????	       00 8a	   player0pointer =	$8A	;uses $8A-$8B
     24  5000 ????	       00 8a	   player0pointerlo =	$8A
     25  5000 ????	       00 8b	   player0pointerhi =	$8B
     26  5000 ????	       00 8c	   player1pointer =	$8C	; $8C-$8D
     27  5000 ????	       00 8c	   player1pointerlo =	$8C
     28  5000 ????	       00 8d	   player1pointerhi =	$8D
     29  5000 ????
     30  5000 ????	       00 8e	   player0height =	$8E
     31  5000 ????	       00 8f	   player1height =	$8F
     32  5000 ????	       00 90	   missile0height =	$90
     33  5000 ????	       00 91	   missile0y  =	$91
     34  5000 ????	       00 92	   ballheight =	$92
     35  5000 ????
     36  5000 ????	       00 90	   currentpaddle =	$90	; replaces missile 0 (and can't be used with playercolor)
     37  5000 ????	       00 91	   paddle     =	$91	; replaces missile 0
     38  5000 ????	       00 82	   player0colorstore =	$82	; replaces missile 0
     39  5000 ????	       00 90	   player0color =	$90	; replaces missile 0
     40  5000 ????
     41  5000 ????	       00 93	   score      =	$93	; $93-$95
     42  5000 ????	       00 96	   scorepointers =	$96	; $96-$9B = 6 bytes
     43  5000 ????	       00 9c	   temp1      =	$9C	;used by kernel.  can be used in program too, but
     44  5000 ????	       00 9d	   temp2      =	$9D	;are obliterated when drawscreen is called.
     45  5000 ????	       00 9e	   temp3      =	$9E
     46  5000 ????	       00 9f	   temp4      =	$9F
     47  5000 ????	       00 a0	   temp5      =	$A0
     48  5000 ????	       00 a1	   temp6      =	$A1
     49  5000 ????
     50  5000 ????	       00 a2	   rand       =	$A2
     51  5000 ????	       00 a3	   scorecolor =	$A3
     52  5000 ????
     53  5000 ????	       00 a4	   var0       =	$A4
     54  5000 ????	       00 a5	   var1       =	$A5
     55  5000 ????	       00 a6	   var2       =	$A6
     56  5000 ????	       00 a7	   var3       =	$A7
     57  5000 ????	       00 a8	   var4       =	$A8
     58  5000 ????	       00 a9	   var5       =	$A9
     59  5000 ????	       00 aa	   var6       =	$AA
     60  5000 ????	       00 ab	   var7       =	$AB
     61  5000 ????	       00 ac	   var8       =	$AC
     62  5000 ????	       00 ad	   var9       =	$AD
     63  5000 ????	       00 ae	   var10      =	$AE
     64  5000 ????	       00 af	   var11      =	$AF
     65  5000 ????	       00 b0	   var12      =	$B0
     66  5000 ????	       00 b1	   var13      =	$B1
     67  5000 ????	       00 b2	   var14      =	$B2
     68  5000 ????	       00 b3	   var15      =	$B3
     69  5000 ????	       00 b4	   var16      =	$B4
     70  5000 ????	       00 b5	   var17      =	$B5
     71  5000 ????	       00 b6	   var18      =	$B6
     72  5000 ????	       00 b7	   var19      =	$B7
     73  5000 ????	       00 b8	   var20      =	$B8
     74  5000 ????	       00 b9	   var21      =	$B9
     75  5000 ????	       00 ba	   var22      =	$BA
     76  5000 ????	       00 bb	   var23      =	$BB
     77  5000 ????	       00 bc	   var24      =	$BC
     78  5000 ????	       00 bd	   var25      =	$BD
     79  5000 ????	       00 be	   var26      =	$BE
     80  5000 ????	       00 bf	   var27      =	$BF
     81  5000 ????	       00 c0	   var28      =	$C0
     82  5000 ????	       00 c1	   var29      =	$C1
     83  5000 ????	       00 c2	   var30      =	$C2
     84  5000 ????	       00 c3	   var31      =	$C3
     85  5000 ????	       00 c4	   var32      =	$C4
     86  5000 ????	       00 c5	   var33      =	$C5
     87  5000 ????	       00 c6	   var34      =	$C6
     88  5000 ????	       00 c7	   var35      =	$C7
     89  5000 ????	       00 c8	   var36      =	$C8
     90  5000 ????	       00 c9	   var37      =	$C9
     91  5000 ????	       00 ca	   var38      =	$CA
     92  5000 ????	       00 cb	   var39      =	$CB
     93  5000 ????	       00 cc	   var40      =	$CC
     94  5000 ????	       00 cd	   var41      =	$CD
     95  5000 ????	       00 ce	   var42      =	$CE
     96  5000 ????	       00 cf	   var43      =	$CF
     97  5000 ????	       00 d0	   var44      =	$D0
     98  5000 ????	       00 d1	   var45      =	$D1
     99  5000 ????	       00 d2	   var46      =	$D2
    100  5000 ????	       00 d3	   var47      =	$D3
    101  5000 ????
    102  5000 ????	       00 d4	   A	      =	$d4
    103  5000 ????	       00 d4	   a	      =	$d4
    104  5000 ????	       00 d5	   B	      =	$d5
    105  5000 ????	       00 d5	   b	      =	$d5
    106  5000 ????	       00 d6	   C	      =	$d6
    107  5000 ????	       00 d6	   c	      =	$d6
    108  5000 ????	       00 d7	   D	      =	$d7
    109  5000 ????	       00 d7	   d	      =	$d7
    110  5000 ????	       00 d8	   E	      =	$d8
    111  5000 ????	       00 d8	   e	      =	$d8
    112  5000 ????	       00 d9	   F	      =	$d9
    113  5000 ????	       00 d9	   f	      =	$d9
    114  5000 ????	       00 da	   G	      =	$da
    115  5000 ????	       00 da	   g	      =	$da
    116  5000 ????	       00 db	   H	      =	$db
    117  5000 ????	       00 db	   h	      =	$db
    118  5000 ????	       00 dc	   I	      =	$dc
    119  5000 ????	       00 dc	   i	      =	$dc
    120  5000 ????	       00 dd	   J	      =	$dd
    121  5000 ????	       00 dd	   j	      =	$dd
    122  5000 ????	       00 de	   K	      =	$de
    123  5000 ????	       00 de	   k	      =	$de
    124  5000 ????	       00 df	   L	      =	$df
    125  5000 ????	       00 df	   l	      =	$df
    126  5000 ????	       00 e0	   M	      =	$e0
    127  5000 ????	       00 e0	   m	      =	$e0
    128  5000 ????	       00 e1	   N	      =	$e1
    129  5000 ????	       00 e1	   n	      =	$e1
    130  5000 ????	       00 e2	   O	      =	$e2
    131  5000 ????	       00 e2	   o	      =	$e2
    132  5000 ????	       00 e3	   P	      =	$e3
    133  5000 ????	       00 e3	   p	      =	$e3
    134  5000 ????	       00 e4	   Q	      =	$e4
    135  5000 ????	       00 e4	   q	      =	$e4
    136  5000 ????	       00 e5	   R	      =	$e5
    137  5000 ????	       00 e5	   r	      =	$e5
    138  5000 ????	       00 e6	   S	      =	$e6
    139  5000 ????	       00 e6	   s	      =	$e6
    140  5000 ????	       00 e7	   T	      =	$e7
    141  5000 ????	       00 e7	   t	      =	$e7
    142  5000 ????	       00 e8	   U	      =	$e8
    143  5000 ????	       00 e8	   u	      =	$e8
    144  5000 ????	       00 e9	   V	      =	$e9
    145  5000 ????	       00 e9	   v	      =	$e9
    146  5000 ????	       00 ea	   W	      =	$ea
    147  5000 ????	       00 ea	   w	      =	$ea
    148  5000 ????	       00 eb	   X	      =	$eb
    149  5000 ????	       00 eb	   x	      =	$eb
    150  5000 ????	       00 ec	   Y	      =	$ec
    151  5000 ????	       00 ec	   y	      =	$ec
    152  5000 ????	       00 ed	   Z	      =	$ed
    153  5000 ????	       00 ed	   z	      =	$ed
    154  5000 ????
    155  5000 ????	       00 ee	   temp7      =	$ee	; This is used to aid in bankswitching
    156  5000 ????	       00 ef	   playfieldpos =	$ef
    157  5000 ????
    158  5000 ????						; available for other uses, or if unused, provide more stack space
    159  5000 ????
    160  5000 ????	       00 f0	   aux1       =	$f0
    161  5000 ????	       00 f1	   aux2       =	$f1
    162  5000 ????	       00 f2	   aux3       =	$f2
    163  5000 ????	       00 f3	   aux4       =	$f3
    164  5000 ????	       00 f4	   aux5       =	$f4
    165  5000 ????	       00 f5	   aux6       =	$f5
    166  5000 ????
    167  5000 ????						; playfield color/height pointers
    168  5000 ????	       00 f0	   pfcolortable =	$f0	; and $d5
    169  5000 ????	       00 f0	   pfheighttable =	$f0	; and $d5
    170  5000 ????						; the above pointers are the same because if color and height are both used together,
    171  5000 ????						; they must used absolute indexed and cannot use pointers
    172  5000 ????
    173  5000 ????	       00 f2	   lifepointer =	$f2	; pointer to "lives" shape
    174  5000 ????						; upper 3 bits of $f2 contain the number of lives
    175  5000 ????	       00 f4	   lifecolor  =	$f4
    176  5000 ????	       00 f3	   lives      =	$f3	; # lives >> 5
    177  5000 ????	       00 f5	   statusbarlength =	$f5	; only uses upper 5 bits; other bits free
    178  5000 ????
    179  5000 ????	       00 f2	   pfscore1   =	$f2	; optional playfield bytes in score
    180  5000 ????	       00 f3	   pfscore2   =	$f3
    181  5000 ????	       00 f4	   pfscorecolor =	$f4
    182  5000 ????
    183  5000 ????	       00 f6	   stack1     =	$f6
    184  5000 ????	       00 f7	   stack2     =	$f7
    185  5000 ????	       00 f8	   stack3     =	$f8
    186  5000 ????	       00 f9	   stack4     =	$f9
    187  5000 ????						; the stack bytes above may be used in the kernel
    188  5000 ????						; stack = F6-F7, F8-F9, FA-FB, FC-FD, FE-FF
    189  5000 ????
    190  5000 ????				      MAC	return
    191  5000 ????				      ifnconst	bankswitch
    192  5000 ????				      rts
    193  5000 ????				      else
    194  5000 ????				      jmp	BS_return
    195  5000 ????				      endif
    196  5000 ????				      ENDM		; auto-return from either a regular or bankswitched module
    197  5000 ????
    198  5000 ????				      ifconst	superchip
    199  5000 ????	       10 d0	   playfieldbase =	$10D0
------- FILE superchip.h LEVEL 3 PASS 2
      0  5000 ????				      include	superchip.h
      1  5000 ????						; Provided under the CC0 license. See the included LICENSE.txt for details.
      2  5000 ????
      3  5000 ????	       f0 00	   write_RAM  =	$F000
      4  5000 ????	       f0 00	   wRAM       =	$F000
      5  5000 ????	       f0 00	   w000       =	$F000
      6  5000 ????	       f0 01	   w001       =	$F001
      7  5000 ????	       f0 02	   w002       =	$F002
      8  5000 ????	       f0 03	   w003       =	$F003
      9  5000 ????	       f0 04	   w004       =	$F004
     10  5000 ????	       f0 05	   w005       =	$F005
     11  5000 ????	       f0 06	   w006       =	$F006
     12  5000 ????	       f0 07	   w007       =	$F007
     13  5000 ????	       f0 08	   w008       =	$F008
     14  5000 ????	       f0 09	   w009       =	$F009
     15  5000 ????	       f0 0a	   w010       =	$F00A
     16  5000 ????	       f0 0b	   w011       =	$F00B
     17  5000 ????	       f0 0c	   w012       =	$F00C
     18  5000 ????	       f0 0d	   w013       =	$F00D
     19  5000 ????	       f0 0e	   w014       =	$F00E
     20  5000 ????	       f0 0f	   w015       =	$F00F
     21  5000 ????	       f0 10	   w016       =	$F010
     22  5000 ????	       f0 11	   w017       =	$F011
     23  5000 ????	       f0 12	   w018       =	$F012
     24  5000 ????	       f0 13	   w019       =	$F013
     25  5000 ????	       f0 14	   w020       =	$F014
     26  5000 ????	       f0 15	   w021       =	$F015
     27  5000 ????	       f0 16	   w022       =	$F016
     28  5000 ????	       f0 17	   w023       =	$F017
     29  5000 ????	       f0 18	   w024       =	$F018
     30  5000 ????	       f0 19	   w025       =	$F019
     31  5000 ????	       f0 1a	   w026       =	$F01A
     32  5000 ????	       f0 1b	   w027       =	$F01B
     33  5000 ????	       f0 1c	   w028       =	$F01C
     34  5000 ????	       f0 1d	   w029       =	$F01D
     35  5000 ????	       f0 1e	   w030       =	$F01E
     36  5000 ????	       f0 1f	   w031       =	$F01F
     37  5000 ????	       f0 20	   w032       =	$F020
     38  5000 ????	       f0 21	   w033       =	$F021
     39  5000 ????	       f0 22	   w034       =	$F022
     40  5000 ????	       f0 23	   w035       =	$F023
     41  5000 ????	       f0 24	   w036       =	$F024
     42  5000 ????	       f0 25	   w037       =	$F025
     43  5000 ????	       f0 26	   w038       =	$F026
     44  5000 ????	       f0 27	   w039       =	$F027
     45  5000 ????	       f0 28	   w040       =	$F028
     46  5000 ????	       f0 29	   w041       =	$F029
     47  5000 ????	       f0 2a	   w042       =	$F02A
     48  5000 ????	       f0 2b	   w043       =	$F02B
     49  5000 ????	       f0 2c	   w044       =	$F02C
     50  5000 ????	       f0 2d	   w045       =	$F02D
     51  5000 ????	       f0 2e	   w046       =	$F02E
     52  5000 ????	       f0 2f	   w047       =	$F02F
     53  5000 ????	       f0 30	   w048       =	$F030
     54  5000 ????	       f0 31	   w049       =	$F031
     55  5000 ????	       f0 32	   w050       =	$F032
     56  5000 ????	       f0 33	   w051       =	$F033
     57  5000 ????	       f0 34	   w052       =	$F034
     58  5000 ????	       f0 35	   w053       =	$F035
     59  5000 ????	       f0 36	   w054       =	$F036
     60  5000 ????	       f0 37	   w055       =	$F037
     61  5000 ????	       f0 38	   w056       =	$F038
     62  5000 ????	       f0 39	   w057       =	$F039
     63  5000 ????	       f0 3a	   w058       =	$F03A
     64  5000 ????	       f0 3b	   w059       =	$F03B
     65  5000 ????	       f0 3c	   w060       =	$F03C
     66  5000 ????	       f0 3d	   w061       =	$F03D
     67  5000 ????	       f0 3e	   w062       =	$F03E
     68  5000 ????	       f0 3f	   w063       =	$F03F
     69  5000 ????	       f0 40	   w064       =	$F040
     70  5000 ????	       f0 41	   w065       =	$F041
     71  5000 ????	       f0 42	   w066       =	$F042
     72  5000 ????	       f0 43	   w067       =	$F043
     73  5000 ????	       f0 44	   w068       =	$F044
     74  5000 ????	       f0 45	   w069       =	$F045
     75  5000 ????	       f0 46	   w070       =	$F046
     76  5000 ????	       f0 47	   w071       =	$F047
     77  5000 ????	       f0 48	   w072       =	$F048
     78  5000 ????	       f0 49	   w073       =	$F049
     79  5000 ????	       f0 4a	   w074       =	$F04A
     80  5000 ????	       f0 4b	   w075       =	$F04B
     81  5000 ????	       f0 4c	   w076       =	$F04C
     82  5000 ????	       f0 4d	   w077       =	$F04D
     83  5000 ????	       f0 4e	   w078       =	$F04E
     84  5000 ????	       f0 4f	   w079       =	$F04F
     85  5000 ????	       f0 50	   w080       =	$F050
     86  5000 ????	       f0 51	   w081       =	$F051
     87  5000 ????	       f0 52	   w082       =	$F052
     88  5000 ????	       f0 53	   w083       =	$F053
     89  5000 ????	       f0 54	   w084       =	$F054
     90  5000 ????	       f0 55	   w085       =	$F055
     91  5000 ????	       f0 56	   w086       =	$F056
     92  5000 ????	       f0 57	   w087       =	$F057
     93  5000 ????	       f0 58	   w088       =	$F058
     94  5000 ????	       f0 59	   w089       =	$F059
     95  5000 ????	       f0 5a	   w090       =	$F05A
     96  5000 ????	       f0 5b	   w091       =	$F05B
     97  5000 ????	       f0 5c	   w092       =	$F05C
     98  5000 ????	       f0 5d	   w093       =	$F05D
     99  5000 ????	       f0 5e	   w094       =	$F05E
    100  5000 ????	       f0 5f	   w095       =	$F05F
    101  5000 ????	       f0 60	   w096       =	$F060
    102  5000 ????	       f0 61	   w097       =	$F061
    103  5000 ????	       f0 62	   w098       =	$F062
    104  5000 ????	       f0 63	   w099       =	$F063
    105  5000 ????	       f0 64	   w100       =	$F064
    106  5000 ????	       f0 65	   w101       =	$F065
    107  5000 ????	       f0 66	   w102       =	$F066
    108  5000 ????	       f0 67	   w103       =	$F067
    109  5000 ????	       f0 68	   w104       =	$F068
    110  5000 ????	       f0 69	   w105       =	$F069
    111  5000 ????	       f0 6a	   w106       =	$F06A
    112  5000 ????	       f0 6b	   w107       =	$F06B
    113  5000 ????	       f0 6c	   w108       =	$F06C
    114  5000 ????	       f0 6d	   w109       =	$F06D
    115  5000 ????	       f0 6e	   w110       =	$F06E
    116  5000 ????	       f0 6f	   w111       =	$F06F
    117  5000 ????	       f0 70	   w112       =	$F070
    118  5000 ????	       f0 71	   w113       =	$F071
    119  5000 ????	       f0 72	   w114       =	$F072
    120  5000 ????	       f0 73	   w115       =	$F073
    121  5000 ????	       f0 74	   w116       =	$F074
    122  5000 ????	       f0 75	   w117       =	$F075
    123  5000 ????	       f0 76	   w118       =	$F076
    124  5000 ????	       f0 77	   w119       =	$F077
    125  5000 ????	       f0 78	   w120       =	$F078
    126  5000 ????	       f0 79	   w121       =	$F079
    127  5000 ????	       f0 7a	   w122       =	$F07A
    128  5000 ????	       f0 7b	   w123       =	$F07B
    129  5000 ????	       f0 7c	   w124       =	$F07C
    130  5000 ????	       f0 7d	   w125       =	$F07D
    131  5000 ????	       f0 7e	   w126       =	$F07E
    132  5000 ????	       f0 7f	   w127       =	$F07F
    133  5000 ????
    134  5000 ????	       f0 80	   read_RAM   =	$F080
    135  5000 ????	       f0 80	   rRAM       =	$F080
    136  5000 ????	       f0 80	   r000       =	$F080
    137  5000 ????	       f0 81	   r001       =	$F081
    138  5000 ????	       f0 82	   r002       =	$F082
    139  5000 ????	       f0 83	   r003       =	$F083
    140  5000 ????	       f0 84	   r004       =	$F084
    141  5000 ????	       f0 85	   r005       =	$F085
    142  5000 ????	       f0 86	   r006       =	$F086
    143  5000 ????	       f0 87	   r007       =	$F087
    144  5000 ????	       f0 88	   r008       =	$F088
    145  5000 ????	       f0 89	   r009       =	$F089
    146  5000 ????	       f0 8a	   r010       =	$F08A
    147  5000 ????	       f0 8b	   r011       =	$F08B
    148  5000 ????	       f0 8c	   r012       =	$F08C
    149  5000 ????	       f0 8d	   r013       =	$F08D
    150  5000 ????	       f0 8e	   r014       =	$F08E
    151  5000 ????	       f0 8f	   r015       =	$F08F
    152  5000 ????	       f0 90	   r016       =	$F090
    153  5000 ????	       f0 91	   r017       =	$F091
    154  5000 ????	       f0 92	   r018       =	$F092
    155  5000 ????	       f0 93	   r019       =	$F093
    156  5000 ????	       f0 94	   r020       =	$F094
    157  5000 ????	       f0 95	   r021       =	$F095
    158  5000 ????	       f0 96	   r022       =	$F096
    159  5000 ????	       f0 97	   r023       =	$F097
    160  5000 ????	       f0 98	   r024       =	$F098
    161  5000 ????	       f0 99	   r025       =	$F099
    162  5000 ????	       f0 9a	   r026       =	$F09A
    163  5000 ????	       f0 9b	   r027       =	$F09B
    164  5000 ????	       f0 9c	   r028       =	$F09C
    165  5000 ????	       f0 9d	   r029       =	$F09D
    166  5000 ????	       f0 9e	   r030       =	$F09E
    167  5000 ????	       f0 9f	   r031       =	$F09F
    168  5000 ????	       f0 a0	   r032       =	$F0A0
    169  5000 ????	       f0 a1	   r033       =	$F0A1
    170  5000 ????	       f0 a2	   r034       =	$F0A2
    171  5000 ????	       f0 a3	   r035       =	$F0A3
    172  5000 ????	       f0 a4	   r036       =	$F0A4
    173  5000 ????	       f0 a5	   r037       =	$F0A5
    174  5000 ????	       f0 a6	   r038       =	$F0A6
    175  5000 ????	       f0 a7	   r039       =	$F0A7
    176  5000 ????	       f0 a8	   r040       =	$F0A8
    177  5000 ????	       f0 a9	   r041       =	$F0A9
    178  5000 ????	       f0 aa	   r042       =	$F0AA
    179  5000 ????	       f0 ab	   r043       =	$F0AB
    180  5000 ????	       f0 ac	   r044       =	$F0AC
    181  5000 ????	       f0 ad	   r045       =	$F0AD
    182  5000 ????	       f0 ae	   r046       =	$F0AE
    183  5000 ????	       f0 af	   r047       =	$F0AF
    184  5000 ????	       f0 b0	   r048       =	$F0B0
    185  5000 ????	       f0 b1	   r049       =	$F0B1
    186  5000 ????	       f0 b2	   r050       =	$F0B2
    187  5000 ????	       f0 b3	   r051       =	$F0B3
    188  5000 ????	       f0 b4	   r052       =	$F0B4
    189  5000 ????	       f0 b5	   r053       =	$F0B5
    190  5000 ????	       f0 b6	   r054       =	$F0B6
    191  5000 ????	       f0 b7	   r055       =	$F0B7
    192  5000 ????	       f0 b8	   r056       =	$F0B8
    193  5000 ????	       f0 b9	   r057       =	$F0B9
    194  5000 ????	       f0 ba	   r058       =	$F0BA
    195  5000 ????	       f0 bb	   r059       =	$F0BB
    196  5000 ????	       f0 bc	   r060       =	$F0BC
    197  5000 ????	       f0 bd	   r061       =	$F0BD
    198  5000 ????	       f0 be	   r062       =	$F0BE
    199  5000 ????	       f0 bf	   r063       =	$F0BF
    200  5000 ????	       f0 c0	   r064       =	$F0C0
    201  5000 ????	       f0 c1	   r065       =	$F0C1
    202  5000 ????	       f0 c2	   r066       =	$F0C2
    203  5000 ????	       f0 c3	   r067       =	$F0C3
    204  5000 ????	       f0 c4	   r068       =	$F0C4
    205  5000 ????	       f0 c5	   r069       =	$F0C5
    206  5000 ????	       f0 c6	   r070       =	$F0C6
    207  5000 ????	       f0 c7	   r071       =	$F0C7
    208  5000 ????	       f0 c8	   r072       =	$F0C8
    209  5000 ????	       f0 c9	   r073       =	$F0C9
    210  5000 ????	       f0 ca	   r074       =	$F0CA
    211  5000 ????	       f0 cb	   r075       =	$F0CB
    212  5000 ????	       f0 cc	   r076       =	$F0CC
    213  5000 ????	       f0 cd	   r077       =	$F0CD
    214  5000 ????	       f0 ce	   r078       =	$F0CE
    215  5000 ????	       f0 cf	   r079       =	$F0CF
    216  5000 ????	       f0 d0	   r080       =	$F0D0
    217  5000 ????	       f0 d1	   r081       =	$F0D1
    218  5000 ????	       f0 d2	   r082       =	$F0D2
    219  5000 ????	       f0 d3	   r083       =	$F0D3
    220  5000 ????	       f0 d4	   r084       =	$F0D4
    221  5000 ????	       f0 d5	   r085       =	$F0D5
    222  5000 ????	       f0 d6	   r086       =	$F0D6
    223  5000 ????	       f0 d7	   r087       =	$F0D7
    224  5000 ????	       f0 d8	   r088       =	$F0D8
    225  5000 ????	       f0 d9	   r089       =	$F0D9
    226  5000 ????	       f0 da	   r090       =	$F0DA
    227  5000 ????	       f0 db	   r091       =	$F0DB
    228  5000 ????	       f0 dc	   r092       =	$F0DC
    229  5000 ????	       f0 dd	   r093       =	$F0DD
    230  5000 ????	       f0 de	   r094       =	$F0DE
    231  5000 ????	       f0 df	   r095       =	$F0DF
    232  5000 ????	       f0 e0	   r096       =	$F0E0
    233  5000 ????	       f0 e1	   r097       =	$F0E1
    234  5000 ????	       f0 e2	   r098       =	$F0E2
    235  5000 ????	       f0 e3	   r099       =	$F0E3
    236  5000 ????	       f0 e4	   r100       =	$F0E4
    237  5000 ????	       f0 e5	   r101       =	$F0E5
    238  5000 ????	       f0 e6	   r102       =	$F0E6
    239  5000 ????	       f0 e7	   r103       =	$F0E7
    240  5000 ????	       f0 e8	   r104       =	$F0E8
    241  5000 ????	       f0 e9	   r105       =	$F0E9
    242  5000 ????	       f0 ea	   r106       =	$F0EA
    243  5000 ????	       f0 eb	   r107       =	$F0EB
    244  5000 ????	       f0 ec	   r108       =	$F0EC
    245  5000 ????	       f0 ed	   r109       =	$F0ED
    246  5000 ????	       f0 ee	   r110       =	$F0EE
    247  5000 ????	       f0 ef	   r111       =	$F0EF
    248  5000 ????	       f0 f0	   r112       =	$F0F0
    249  5000 ????	       f0 f1	   r113       =	$F0F1
    250  5000 ????	       f0 f2	   r114       =	$F0F2
    251  5000 ????	       f0 f3	   r115       =	$F0F3
    252  5000 ????	       f0 f4	   r116       =	$F0F4
    253  5000 ????	       f0 f5	   r117       =	$F0F5
    254  5000 ????	       f0 f6	   r118       =	$F0F6
    255  5000 ????	       f0 f7	   r119       =	$F0F7
    256  5000 ????	       f0 f8	   r120       =	$F0F8
    257  5000 ????	       f0 f9	   r121       =	$F0F9
    258  5000 ????	       f0 fa	   r122       =	$F0FA
    259  5000 ????	       f0 fb	   r123       =	$F0FB
    260  5000 ????	       f0 fc	   r124       =	$F0FC
    261  5000 ????	       f0 fd	   r125       =	$F0FD
    262  5000 ????	       f0 fe	   r126       =	$F0FE
    263  5000 ????	       f0 ff	   r127       =	$F0FF
------- FILE 2600basic.h
    201  5000 ????			  -	      else
    202  5000 ????			  -playfieldbase =	$A4
    203  5000 ????				      endif
    204  5000 ????
    205  5000 ????				      ifnconst	pfhalfwidth
    206  5000 ????	       00 04	   pfwidth    =	4
    207  5000 ????	       00 0e	   PF1L       =	PF1
    208  5000 ????	       00 0f	   PF2L       =	PF2
    209  5000 ????	       00 0e	   PF1R       =	PF1
    210  5000 ????	       00 0f	   PF2R       =	PF2
    211  5000 ????	       00 00	   pfadjust   =	0
    212  5000 ????			  -	      else
    213  5000 ????			  -pfwidth    =	2
    214  5000 ????			  -	      ifconst	pfcenter
    215  5000 ????			  -PF1L       =	$3F	; no effect
    216  5000 ????			  -PF2L       =	PF2
    217  5000 ????			  -PF1R       =	$3F
    218  5000 ????			  -PF2R       =	PF2	; no effect
    219  5000 ????			  -pfadjust   =	1
    220  5000 ????			  -	      else
    221  5000 ????			  -PF1L       =	PF1
    222  5000 ????			  -PF2L       =	PF2
    223  5000 ????			  -PF1R       =	$3F	; no effect
    224  5000 ????			  -PF2R       =	$3F	; no effect
    225  5000 ????			  -pfadjust   =	0
    226  5000 ????			  -	      endif
    227  5000 ????				      endif
    228  5000 ????
    229  5000 ????						; define playfield start based on height
    230  5000 ????			  -	      ifnconst	pfres
    231  5000 ????			  -playfield  =	playfieldbase
    232  5000 ????				      else
    233  5000 ????	       10 a0	   playfield  =	playfieldbase-(pfres-12*(4/pfwidth))*pfwidth
    234  5000 ????				      endif
------- FILE split_adv3.bas.asm
------- FILE 2600basic_variable_redefs.h LEVEL 2 PASS 2
      0  5000 ????				      include	"2600basic_variable_redefs.h"
      1  5000 ????						; This file contains variable mapping and other information for the current project.
      2  5000 ????
      3  5000 ????	       00 20	   bscode_length =	32
      4  5000 ????	       00 22	   room_color_length =	.skipL075-room_color
      5  5000 ????
      6  5000 ????	       00 22	   move_west_length =	.skipL074-move_west
      7  5000 ????
      8  5000 ????	       00 22	   move_south_length =	.skipL073-move_south
      9  5000 ????
     10  5000 ????	       00 22	   move_east_length =	.skipL072-move_east
     11  5000 ????
     12  5000 ????	       00 22	   move_north_length =	.skipL071-move_north
     13  5000 ????
     14  5000 ????	       00 22	   room_shape_length =	.skipL070-room_shape
     15  5000 ????
     16  5000 ????	       00 e3	   p2_colup0  =	p
     17  5000 ????
     18  5000 ????	       00 e2	   p2_player1pointerhi =	o
     19  5000 ????
     20  5000 ????	       00 e1	   p2_player1pointerlo =	n
     21  5000 ????
     22  5000 ????	       00 e0	   p2_player0pointerhi =	m
     23  5000 ????
     24  5000 ????	       00 df	   p2_player0pointerlo =	l
     25  5000 ????
     26  5000 ????	       00 de	   p2_player1x =	k
     27  5000 ????
     28  5000 ????	       00 dd	   p2_player1y =	j
     29  5000 ????
     30  5000 ????	       00 dc	   p1_oldy    =	i
     31  5000 ????
     32  5000 ????	       00 db	   p1_oldx    =	h
     33  5000 ????
     34  5000 ????	       00 da	   p0_oldy    =	g
     35  5000 ????
     36  5000 ????	       00 d9	   p0_oldx    =	f
     37  5000 ????
     38  5000 ????	       00 d8	   p1_room    =	e
     39  5000 ????
     40  5000 ????	       00 d7	   p0_room    =	d
     41  5000 ????
     42  5000 ????	       00 d6	   p2_colupf  =	c
     43  5000 ????
     44  5000 ????	       00 d5	   p2_player0x =	b
     45  5000 ????
     46  5000 ????	       00 d4	   p2_player0y =	a
     47  5000 ????
     48  5000 ????	       00 18	   pfres      =	24
     49  5000 ????
     50  5000 ????	       00 01	   superchip  =	1
     51  5000 ????	       00 03	   bs_mask    =	3
     52  5000 ????	       00 10	   bankswitch =	16
     53  5000 ????	       1f f6	   bankswitch_hotspot =	$1FF6
     54  5000 ????	       00 01	   split_kernel =	1
------- FILE split_adv3.bas.asm
      8  5000 ????				      ifconst	bankswitch
      9  5000 ????			  -	      if	bankswitch == 8
     10  5000 ????			  -	      ORG	$1000
     11  5000 ????			  -	      RORG	$D000
     12  5000 ????				      endif
     13  5000 ????				      if	bankswitch == 16
     14  1000					      ORG	$1000
     15  1000					      RORG	$9000
     16  1000					      endif
     17  1000				  -	      if	bankswitch == 32
     18  1000				  -	      ORG	$1000
     19  1000				  -	      RORG	$1000
     20  1000					      endif
     21  1000				  -	      if	bankswitch == 64
     22  1000				  -	      ORG	$1000
     23  1000				  -	      RORG	$1000
     24  1000					      endif
     25  1000				  -	      else
     26  1000				  -	      ORG	$F000
     27  1000					      endif
     28  1000					      repeat	256
     29  1000		       ff		      .byte.b	$ff
     28  1000					      repend
     29  1001		       ff		      .byte.b	$ff
     28  1001					      repend
     29  1002		       ff		      .byte.b	$ff
     28  1002					      repend
     29  1003		       ff		      .byte.b	$ff
     28  1003					      repend
     29  1004		       ff		      .byte.b	$ff
     28  1004					      repend
     29  1005		       ff		      .byte.b	$ff
     28  1005					      repend
     29  1006		       ff		      .byte.b	$ff
     28  1006					      repend
     29  1007		       ff		      .byte.b	$ff
     28  1007					      repend
     29  1008		       ff		      .byte.b	$ff
     28  1008					      repend
     29  1009		       ff		      .byte.b	$ff
     28  1009					      repend
     29  100a		       ff		      .byte.b	$ff
     28  100a					      repend
     29  100b		       ff		      .byte.b	$ff
     28  100b					      repend
     29  100c		       ff		      .byte.b	$ff
     28  100c					      repend
     29  100d		       ff		      .byte.b	$ff
     28  100d					      repend
     29  100e		       ff		      .byte.b	$ff
     28  100e					      repend
     29  100f		       ff		      .byte.b	$ff
     28  100f					      repend
     29  1010		       ff		      .byte.b	$ff
     28  1010					      repend
     29  1011		       ff		      .byte.b	$ff
     28  1011					      repend
     29  1012		       ff		      .byte.b	$ff
     28  1012					      repend
     29  1013		       ff		      .byte.b	$ff
     28  1013					      repend
     29  1014		       ff		      .byte.b	$ff
     28  1014					      repend
     29  1015		       ff		      .byte.b	$ff
     28  1015					      repend
     29  1016		       ff		      .byte.b	$ff
     28  1016					      repend
     29  1017		       ff		      .byte.b	$ff
     28  1017					      repend
     29  1018		       ff		      .byte.b	$ff
     28  1018					      repend
     29  1019		       ff		      .byte.b	$ff
     28  1019					      repend
     29  101a		       ff		      .byte.b	$ff
     28  101a					      repend
     29  101b		       ff		      .byte.b	$ff
     28  101b					      repend
     29  101c		       ff		      .byte.b	$ff
     28  101c					      repend
     29  101d		       ff		      .byte.b	$ff
     28  101d					      repend
     29  101e		       ff		      .byte.b	$ff
     28  101e					      repend
     29  101f		       ff		      .byte.b	$ff
     28  101f					      repend
     29  1020		       ff		      .byte.b	$ff
     28  1020					      repend
     29  1021		       ff		      .byte.b	$ff
     28  1021					      repend
     29  1022		       ff		      .byte.b	$ff
     28  1022					      repend
     29  1023		       ff		      .byte.b	$ff
     28  1023					      repend
     29  1024		       ff		      .byte.b	$ff
     28  1024					      repend
     29  1025		       ff		      .byte.b	$ff
     28  1025					      repend
     29  1026		       ff		      .byte.b	$ff
     28  1026					      repend
     29  1027		       ff		      .byte.b	$ff
     28  1027					      repend
     29  1028		       ff		      .byte.b	$ff
     28  1028					      repend
     29  1029		       ff		      .byte.b	$ff
     28  1029					      repend
     29  102a		       ff		      .byte.b	$ff
     28  102a					      repend
     29  102b		       ff		      .byte.b	$ff
     28  102b					      repend
     29  102c		       ff		      .byte.b	$ff
     28  102c					      repend
     29  102d		       ff		      .byte.b	$ff
     28  102d					      repend
     29  102e		       ff		      .byte.b	$ff
     28  102e					      repend
     29  102f		       ff		      .byte.b	$ff
     28  102f					      repend
     29  1030		       ff		      .byte.b	$ff
     28  1030					      repend
     29  1031		       ff		      .byte.b	$ff
     28  1031					      repend
     29  1032		       ff		      .byte.b	$ff
     28  1032					      repend
     29  1033		       ff		      .byte.b	$ff
     28  1033					      repend
     29  1034		       ff		      .byte.b	$ff
     28  1034					      repend
     29  1035		       ff		      .byte.b	$ff
     28  1035					      repend
     29  1036		       ff		      .byte.b	$ff
     28  1036					      repend
     29  1037		       ff		      .byte.b	$ff
     28  1037					      repend
     29  1038		       ff		      .byte.b	$ff
     28  1038					      repend
     29  1039		       ff		      .byte.b	$ff
     28  1039					      repend
     29  103a		       ff		      .byte.b	$ff
     28  103a					      repend
     29  103b		       ff		      .byte.b	$ff
     28  103b					      repend
     29  103c		       ff		      .byte.b	$ff
     28  103c					      repend
     29  103d		       ff		      .byte.b	$ff
     28  103d					      repend
     29  103e		       ff		      .byte.b	$ff
     28  103e					      repend
     29  103f		       ff		      .byte.b	$ff
     28  103f					      repend
     29  1040		       ff		      .byte.b	$ff
     28  1040					      repend
     29  1041		       ff		      .byte.b	$ff
     28  1041					      repend
     29  1042		       ff		      .byte.b	$ff
     28  1042					      repend
     29  1043		       ff		      .byte.b	$ff
     28  1043					      repend
     29  1044		       ff		      .byte.b	$ff
     28  1044					      repend
     29  1045		       ff		      .byte.b	$ff
     28  1045					      repend
     29  1046		       ff		      .byte.b	$ff
     28  1046					      repend
     29  1047		       ff		      .byte.b	$ff
     28  1047					      repend
     29  1048		       ff		      .byte.b	$ff
     28  1048					      repend
     29  1049		       ff		      .byte.b	$ff
     28  1049					      repend
     29  104a		       ff		      .byte.b	$ff
     28  104a					      repend
     29  104b		       ff		      .byte.b	$ff
     28  104b					      repend
     29  104c		       ff		      .byte.b	$ff
     28  104c					      repend
     29  104d		       ff		      .byte.b	$ff
     28  104d					      repend
     29  104e		       ff		      .byte.b	$ff
     28  104e					      repend
     29  104f		       ff		      .byte.b	$ff
     28  104f					      repend
     29  1050		       ff		      .byte.b	$ff
     28  1050					      repend
     29  1051		       ff		      .byte.b	$ff
     28  1051					      repend
     29  1052		       ff		      .byte.b	$ff
     28  1052					      repend
     29  1053		       ff		      .byte.b	$ff
     28  1053					      repend
     29  1054		       ff		      .byte.b	$ff
     28  1054					      repend
     29  1055		       ff		      .byte.b	$ff
     28  1055					      repend
     29  1056		       ff		      .byte.b	$ff
     28  1056					      repend
     29  1057		       ff		      .byte.b	$ff
     28  1057					      repend
     29  1058		       ff		      .byte.b	$ff
     28  1058					      repend
     29  1059		       ff		      .byte.b	$ff
     28  1059					      repend
     29  105a		       ff		      .byte.b	$ff
     28  105a					      repend
     29  105b		       ff		      .byte.b	$ff
     28  105b					      repend
     29  105c		       ff		      .byte.b	$ff
     28  105c					      repend
     29  105d		       ff		      .byte.b	$ff
     28  105d					      repend
     29  105e		       ff		      .byte.b	$ff
     28  105e					      repend
     29  105f		       ff		      .byte.b	$ff
     28  105f					      repend
     29  1060		       ff		      .byte.b	$ff
     28  1060					      repend
     29  1061		       ff		      .byte.b	$ff
     28  1061					      repend
     29  1062		       ff		      .byte.b	$ff
     28  1062					      repend
     29  1063		       ff		      .byte.b	$ff
     28  1063					      repend
     29  1064		       ff		      .byte.b	$ff
     28  1064					      repend
     29  1065		       ff		      .byte.b	$ff
     28  1065					      repend
     29  1066		       ff		      .byte.b	$ff
     28  1066					      repend
     29  1067		       ff		      .byte.b	$ff
     28  1067					      repend
     29  1068		       ff		      .byte.b	$ff
     28  1068					      repend
     29  1069		       ff		      .byte.b	$ff
     28  1069					      repend
     29  106a		       ff		      .byte.b	$ff
     28  106a					      repend
     29  106b		       ff		      .byte.b	$ff
     28  106b					      repend
     29  106c		       ff		      .byte.b	$ff
     28  106c					      repend
     29  106d		       ff		      .byte.b	$ff
     28  106d					      repend
     29  106e		       ff		      .byte.b	$ff
     28  106e					      repend
     29  106f		       ff		      .byte.b	$ff
     28  106f					      repend
     29  1070		       ff		      .byte.b	$ff
     28  1070					      repend
     29  1071		       ff		      .byte.b	$ff
     28  1071					      repend
     29  1072		       ff		      .byte.b	$ff
     28  1072					      repend
     29  1073		       ff		      .byte.b	$ff
     28  1073					      repend
     29  1074		       ff		      .byte.b	$ff
     28  1074					      repend
     29  1075		       ff		      .byte.b	$ff
     28  1075					      repend
     29  1076		       ff		      .byte.b	$ff
     28  1076					      repend
     29  1077		       ff		      .byte.b	$ff
     28  1077					      repend
     29  1078		       ff		      .byte.b	$ff
     28  1078					      repend
     29  1079		       ff		      .byte.b	$ff
     28  1079					      repend
     29  107a		       ff		      .byte.b	$ff
     28  107a					      repend
     29  107b		       ff		      .byte.b	$ff
     28  107b					      repend
     29  107c		       ff		      .byte.b	$ff
     28  107c					      repend
     29  107d		       ff		      .byte.b	$ff
     28  107d					      repend
     29  107e		       ff		      .byte.b	$ff
     28  107e					      repend
     29  107f		       ff		      .byte.b	$ff
     28  107f					      repend
     29  1080		       ff		      .byte.b	$ff
     28  1080					      repend
     29  1081		       ff		      .byte.b	$ff
     28  1081					      repend
     29  1082		       ff		      .byte.b	$ff
     28  1082					      repend
     29  1083		       ff		      .byte.b	$ff
     28  1083					      repend
     29  1084		       ff		      .byte.b	$ff
     28  1084					      repend
     29  1085		       ff		      .byte.b	$ff
     28  1085					      repend
     29  1086		       ff		      .byte.b	$ff
     28  1086					      repend
     29  1087		       ff		      .byte.b	$ff
     28  1087					      repend
     29  1088		       ff		      .byte.b	$ff
     28  1088					      repend
     29  1089		       ff		      .byte.b	$ff
     28  1089					      repend
     29  108a		       ff		      .byte.b	$ff
     28  108a					      repend
     29  108b		       ff		      .byte.b	$ff
     28  108b					      repend
     29  108c		       ff		      .byte.b	$ff
     28  108c					      repend
     29  108d		       ff		      .byte.b	$ff
     28  108d					      repend
     29  108e		       ff		      .byte.b	$ff
     28  108e					      repend
     29  108f		       ff		      .byte.b	$ff
     28  108f					      repend
     29  1090		       ff		      .byte.b	$ff
     28  1090					      repend
     29  1091		       ff		      .byte.b	$ff
     28  1091					      repend
     29  1092		       ff		      .byte.b	$ff
     28  1092					      repend
     29  1093		       ff		      .byte.b	$ff
     28  1093					      repend
     29  1094		       ff		      .byte.b	$ff
     28  1094					      repend
     29  1095		       ff		      .byte.b	$ff
     28  1095					      repend
     29  1096		       ff		      .byte.b	$ff
     28  1096					      repend
     29  1097		       ff		      .byte.b	$ff
     28  1097					      repend
     29  1098		       ff		      .byte.b	$ff
     28  1098					      repend
     29  1099		       ff		      .byte.b	$ff
     28  1099					      repend
     29  109a		       ff		      .byte.b	$ff
     28  109a					      repend
     29  109b		       ff		      .byte.b	$ff
     28  109b					      repend
     29  109c		       ff		      .byte.b	$ff
     28  109c					      repend
     29  109d		       ff		      .byte.b	$ff
     28  109d					      repend
     29  109e		       ff		      .byte.b	$ff
     28  109e					      repend
     29  109f		       ff		      .byte.b	$ff
     28  109f					      repend
     29  10a0		       ff		      .byte.b	$ff
     28  10a0					      repend
     29  10a1		       ff		      .byte.b	$ff
     28  10a1					      repend
     29  10a2		       ff		      .byte.b	$ff
     28  10a2					      repend
     29  10a3		       ff		      .byte.b	$ff
     28  10a3					      repend
     29  10a4		       ff		      .byte.b	$ff
     28  10a4					      repend
     29  10a5		       ff		      .byte.b	$ff
     28  10a5					      repend
     29  10a6		       ff		      .byte.b	$ff
     28  10a6					      repend
     29  10a7		       ff		      .byte.b	$ff
     28  10a7					      repend
     29  10a8		       ff		      .byte.b	$ff
     28  10a8					      repend
     29  10a9		       ff		      .byte.b	$ff
     28  10a9					      repend
     29  10aa		       ff		      .byte.b	$ff
     28  10aa					      repend
     29  10ab		       ff		      .byte.b	$ff
     28  10ab					      repend
     29  10ac		       ff		      .byte.b	$ff
     28  10ac					      repend
     29  10ad		       ff		      .byte.b	$ff
     28  10ad					      repend
     29  10ae		       ff		      .byte.b	$ff
     28  10ae					      repend
     29  10af		       ff		      .byte.b	$ff
     28  10af					      repend
     29  10b0		       ff		      .byte.b	$ff
     28  10b0					      repend
     29  10b1		       ff		      .byte.b	$ff
     28  10b1					      repend
     29  10b2		       ff		      .byte.b	$ff
     28  10b2					      repend
     29  10b3		       ff		      .byte.b	$ff
     28  10b3					      repend
     29  10b4		       ff		      .byte.b	$ff
     28  10b4					      repend
     29  10b5		       ff		      .byte.b	$ff
     28  10b5					      repend
     29  10b6		       ff		      .byte.b	$ff
     28  10b6					      repend
     29  10b7		       ff		      .byte.b	$ff
     28  10b7					      repend
     29  10b8		       ff		      .byte.b	$ff
     28  10b8					      repend
     29  10b9		       ff		      .byte.b	$ff
     28  10b9					      repend
     29  10ba		       ff		      .byte.b	$ff
     28  10ba					      repend
     29  10bb		       ff		      .byte.b	$ff
     28  10bb					      repend
     29  10bc		       ff		      .byte.b	$ff
     28  10bc					      repend
     29  10bd		       ff		      .byte.b	$ff
     28  10bd					      repend
     29  10be		       ff		      .byte.b	$ff
     28  10be					      repend
     29  10bf		       ff		      .byte.b	$ff
     28  10bf					      repend
     29  10c0		       ff		      .byte.b	$ff
     28  10c0					      repend
     29  10c1		       ff		      .byte.b	$ff
     28  10c1					      repend
     29  10c2		       ff		      .byte.b	$ff
     28  10c2					      repend
     29  10c3		       ff		      .byte.b	$ff
     28  10c3					      repend
     29  10c4		       ff		      .byte.b	$ff
     28  10c4					      repend
     29  10c5		       ff		      .byte.b	$ff
     28  10c5					      repend
     29  10c6		       ff		      .byte.b	$ff
     28  10c6					      repend
     29  10c7		       ff		      .byte.b	$ff
     28  10c7					      repend
     29  10c8		       ff		      .byte.b	$ff
     28  10c8					      repend
     29  10c9		       ff		      .byte.b	$ff
     28  10c9					      repend
     29  10ca		       ff		      .byte.b	$ff
     28  10ca					      repend
     29  10cb		       ff		      .byte.b	$ff
     28  10cb					      repend
     29  10cc		       ff		      .byte.b	$ff
     28  10cc					      repend
     29  10cd		       ff		      .byte.b	$ff
     28  10cd					      repend
     29  10ce		       ff		      .byte.b	$ff
     28  10ce					      repend
     29  10cf		       ff		      .byte.b	$ff
     28  10cf					      repend
     29  10d0		       ff		      .byte.b	$ff
     28  10d0					      repend
     29  10d1		       ff		      .byte.b	$ff
     28  10d1					      repend
     29  10d2		       ff		      .byte.b	$ff
     28  10d2					      repend
     29  10d3		       ff		      .byte.b	$ff
     28  10d3					      repend
     29  10d4		       ff		      .byte.b	$ff
     28  10d4					      repend
     29  10d5		       ff		      .byte.b	$ff
     28  10d5					      repend
     29  10d6		       ff		      .byte.b	$ff
     28  10d6					      repend
     29  10d7		       ff		      .byte.b	$ff
     28  10d7					      repend
     29  10d8		       ff		      .byte.b	$ff
     28  10d8					      repend
     29  10d9		       ff		      .byte.b	$ff
     28  10d9					      repend
     29  10da		       ff		      .byte.b	$ff
     28  10da					      repend
     29  10db		       ff		      .byte.b	$ff
     28  10db					      repend
     29  10dc		       ff		      .byte.b	$ff
     28  10dc					      repend
     29  10dd		       ff		      .byte.b	$ff
     28  10dd					      repend
     29  10de		       ff		      .byte.b	$ff
     28  10de					      repend
     29  10df		       ff		      .byte.b	$ff
     28  10df					      repend
     29  10e0		       ff		      .byte.b	$ff
     28  10e0					      repend
     29  10e1		       ff		      .byte.b	$ff
     28  10e1					      repend
     29  10e2		       ff		      .byte.b	$ff
     28  10e2					      repend
     29  10e3		       ff		      .byte.b	$ff
     28  10e3					      repend
     29  10e4		       ff		      .byte.b	$ff
     28  10e4					      repend
     29  10e5		       ff		      .byte.b	$ff
     28  10e5					      repend
     29  10e6		       ff		      .byte.b	$ff
     28  10e6					      repend
     29  10e7		       ff		      .byte.b	$ff
     28  10e7					      repend
     29  10e8		       ff		      .byte.b	$ff
     28  10e8					      repend
     29  10e9		       ff		      .byte.b	$ff
     28  10e9					      repend
     29  10ea		       ff		      .byte.b	$ff
     28  10ea					      repend
     29  10eb		       ff		      .byte.b	$ff
     28  10eb					      repend
     29  10ec		       ff		      .byte.b	$ff
     28  10ec					      repend
     29  10ed		       ff		      .byte.b	$ff
     28  10ed					      repend
     29  10ee		       ff		      .byte.b	$ff
     28  10ee					      repend
     29  10ef		       ff		      .byte.b	$ff
     28  10ef					      repend
     29  10f0		       ff		      .byte.b	$ff
     28  10f0					      repend
     29  10f1		       ff		      .byte.b	$ff
     28  10f1					      repend
     29  10f2		       ff		      .byte.b	$ff
     28  10f2					      repend
     29  10f3		       ff		      .byte.b	$ff
     28  10f3					      repend
     29  10f4		       ff		      .byte.b	$ff
     28  10f4					      repend
     29  10f5		       ff		      .byte.b	$ff
     28  10f5					      repend
     29  10f6		       ff		      .byte.b	$ff
     28  10f6					      repend
     29  10f7		       ff		      .byte.b	$ff
     28  10f7					      repend
     29  10f8		       ff		      .byte.b	$ff
     28  10f8					      repend
     29  10f9		       ff		      .byte.b	$ff
     28  10f9					      repend
     29  10fa		       ff		      .byte.b	$ff
     28  10fa					      repend
     29  10fb		       ff		      .byte.b	$ff
     28  10fb					      repend
     29  10fc		       ff		      .byte.b	$ff
     28  10fc					      repend
     29  10fd		       ff		      .byte.b	$ff
     28  10fd					      repend
     29  10fe		       ff		      .byte.b	$ff
     28  10fe					      repend
     29  10ff		       ff		      .byte.b	$ff
     30  1100					      repend
     31  1100				   game
     32  1100				   .L00 		;;line 1;;  set kernel split
     33  1100
     34  1100				   .L01 		;;line 2;;  set romsize 16kSC
     35  1100
     36  1100				   .
     37  1100							;;line 3;;
     38  1100
     39  1100				   .
     40  1100							;;line 4;;
     41  1100
     42  1100				   .
     43  1100							;;line 5;;
     44  1100
     45  1100				   .
     46  1100							;;line 6;;
     47  1100
     48  1100				   .
     49  1100							;;line 7;;
     50  1100
     51  1100				   .L02 		;;line 8;;  const pfres = 24
     52  1100
     53  1100				   .
     54  1100							;;line 9;;
     55  1100
     56  1100				   .
     57  1100							;;line 10;;
     58  1100
     59  1100				   .L03 		;;line 11;;  dim p2_player0y = a
     60  1100
     61  1100				   .L04 		;;line 12;;  dim p2_player0x = b
     62  1100
     63  1100				   .L05 		;;line 13;;  dim p2_colupf = c
     64  1100
     65  1100				   .
     66  1100							;;line 14;;
     67  1100
     68  1100				   .L06 		;;line 15;;  dim p0_room = d
     69  1100
     70  1100				   .L07 		;;line 16;;  dim p1_room = e
     71  1100
     72  1100				   .
     73  1100							;;line 17;;
     74  1100
     75  1100				   .L08 		;;line 18;;  dim p0_oldx = f
     76  1100
     77  1100				   .L09 		;;line 19;;  dim p0_oldy = g
     78  1100
     79  1100				   .
     80  1100							;;line 20;;
     81  1100
     82  1100				   .L010		;;line 21;;  dim p1_oldx = h
     83  1100
     84  1100				   .L011		;;line 22;;  dim p1_oldy = i
     85  1100
     86  1100				   .
     87  1100							;;line 23;;
     88  1100
     89  1100				   .L012		;;line 24;;  dim p2_player1y = j
     90  1100
     91  1100				   .L013		;;line 25;;  dim p2_player1x = k
     92  1100
     93  1100				   .
     94  1100							;;line 26;;
     95  1100
     96  1100				   .L014		;;line 27;;  dim p2_player0pointerlo = l
     97  1100
     98  1100				   .L015		;;line 28;;  dim p2_player0pointerhi = m
     99  1100
    100  1100				   .
    101  1100							;;line 29;;
    102  1100
    103  1100				   .L016		;;line 30;;  dim p2_player1pointerlo = n
    104  1100
    105  1100				   .L017		;;line 31;;  dim p2_player1pointerhi = o
    106  1100
    107  1100				   .
    108  1100							;;line 32;;
    109  1100
    110  1100				   .L018		;;line 33;;  dim p2_colup0 = p
    111  1100
    112  1100				   .
    113  1100							;;line 34;;
    114  1100
    115  1100				   .
    116  1100							;;line 35;;
    117  1100
    118  1100				   .L019		;;line 36;;  player0x = 92  :	player0y = 25
    119  1100
    120  1100		       a9 5c		      LDA	#92
    121  1102		       85 80		      STA	player0x
    122  1104		       a9 19		      LDA	#25
    123  1106		       85 85		      STA	player0y
    124  1108				   .L020		;;line 37;;  p2_player0x = 92	:  p2_player0y = 25
    125  1108
    126  1108		       a9 5c		      LDA	#92
    127  110a		       85 d5		      STA	p2_player0x
    128  110c		       a9 19		      LDA	#25
    129  110e		       85 d4		      STA	p2_player0y
    130  1110				   .L021		;;line 38;;  p0_room = 19  :  p1_room = 18
    131  1110
    132  1110		       a9 13		      LDA	#19
    133  1112		       85 d7		      STA	p0_room
    134  1114		       a9 12		      LDA	#18
    135  1116		       85 d8		      STA	p1_room
    136  1118				   .
    137  1118							;;line 39;;
    138  1118
    139  1118				   .
    140  1118							;;line 40;;
    141  1118
    142  1118				   .L022		;;line 41;;  gosub load_p0_room
    143  1118
    144  1118		       20 97 92 	      jsr	.load_p0_room
    145  111b				   .L023		;;line 42;;  gosub load_p1_room
    146  111b
    147  111b		       20 c8 92 	      jsr	.load_p1_room
    148  111e				   .
    149  111e							;;line 43;;
    150  111e
    151  111e				   .
    152  111e							;;line 44;;
    153  111e
    154  111e				   .L024		;;line 45;;  player0:
    155  111e
    156  111e		       a2 ac		      LDX	#<playerL024_0
    157  1120		       86 8a		      STX	player0pointerlo
    158  1122		       a9 f6		      LDA	#>playerL024_0
    159  1124		       85 8b		      STA	player0pointerhi
    160  1126		       a9 05		      LDA	#5
    161  1128		       85 8e		      STA	player0height
    162  112a				   .
    163  112a							;;line 53;;
    164  112a
    165  112a				   .
    166  112a							;;line 54;;
    167  112a
    168  112a				   .L025		;;line 55;;  p2_player0pointerlo = player0pointerlo
    169  112a
    170  112a		       a5 8a		      LDA	player0pointerlo
    171  112c		       85 df		      STA	p2_player0pointerlo
    172  112e				   .L026		;;line 56;;  p2_player0pointerhi = player0pointerhi
    173  112e
    174  112e		       a5 8b		      LDA	player0pointerhi
    175  1130		       85 e0		      STA	p2_player0pointerhi
    176  1132				   .
    177  1132							;;line 57;;
    178  1132
    179  1132				   .
    180  1132							;;line 58;;
    181  1132
    182  1132				   .L027		;;line 59;;  p2_player1pointerlo = player1pointerlo
    183  1132
    184  1132		       a5 8c		      LDA	player1pointerlo
    185  1134		       85 e1		      STA	p2_player1pointerlo
    186  1136				   .L028		;;line 60;;  p2_player1pointerhi = player1pointerhi
    187  1136
    188  1136		       a5 8d		      LDA	player1pointerhi
    189  1138		       85 e2		      STA	p2_player1pointerhi
    190  113a				   .
    191  113a							;;line 61;;
    192  113a
    193  113a				   .main_loop
    194  113a							;;line 62;; main_loop
    195  113a
    196  113a				   .
    197  113a							;;line 63;;
    198  113a
    199  113a				   .
    200  113a							;;line 64;;
    201  113a
    202  113a				   .
    203  113a							;;line 65;;
    204  113a
    205  113a				   .L029		;;line 66;;  player0:
    206  113a
    207  113a		       a2 b2		      LDX	#<playerL029_0
    208  113c		       86 8a		      STX	player0pointerlo
    209  113e		       a9 f6		      LDA	#>playerL029_0
    210  1140		       85 8b		      STA	player0pointerhi
    211  1142		       a9 05		      LDA	#5
    212  1144		       85 8e		      STA	player0height
    213  1146				   .
    214  1146							;;line 74;;
    215  1146
    216  1146				   .L030		;;line 75;;  COLUBK = $00
    217  1146
    218  1146		       a9 00		      LDA	#$00
    219  1148		       85 09		      STA	COLUBK
    220  114a				   .L031		;;line 76;;  CTRLPF = $21
    221  114a
    222  114a		       a9 21		      LDA	#$21
    223  114c		       85 0a		      STA	CTRLPF
    224  114e				   .L032		;;line 77;;  COLUP0 = $1E
    225  114e
    226  114e		       a9 1e		      LDA	#$1E
    227  1150		       85 06		      STA	COLUP0
    228  1152				   .L033		;;line 78;;  p2_colup0 = $44
    229  1152
    230  1152		       a9 44		      LDA	#$44
    231  1154		       85 e3		      STA	p2_colup0
    232  1156				   .
    233  1156							;;line 79;;
    234  1156
    235  1156				   .
    236  1156							;;line 80;;
    237  1156
    238  1156				   .L034		;;line 81;;  p0_oldx = player0x  :  p0_oldy = player0y
    239  1156
    240  1156		       a5 80		      LDA	player0x
    241  1158		       85 d9		      STA	p0_oldx
    242  115a		       a5 85		      LDA	player0y
    243  115c		       85 da		      STA	p0_oldy
    244  115e				   .L035		;;line 82;;  p1_oldx = p2_player0x  :	p1_oldy = p2_player0y
    245  115e
    246  115e		       a5 d5		      LDA	p2_player0x
    247  1160		       85 db		      STA	p1_oldx
    248  1162		       a5 d4		      LDA	p2_player0y
    249  1164		       85 dc		      STA	p1_oldy
    250  1166				   .
    251  1166							;;line 83;;
    252  1166
    253  1166				   .
    254  1166							;;line 84;;
    255  1166
    256  1166				   .L036		;;line 85;;  if joy0up then player0y = player0y  -  1
    257  1166
    258  1166		       a9 10		      lda	#$10
    259  1168		       2c 80 02 	      bit	SWCHA
    260  116b		       d0 02		      BNE	.skipL036
    261  116d				   .condpart0
    262  116d		       c6 85		      DEC	player0y
    263  116f				   .skipL036
    264  116f				   .L037		;;line 86;;  if joy0down then player0y = player0y  +  1
    265  116f
    266  116f		       a9 20		      lda	#$20
    267  1171		       2c 80 02 	      bit	SWCHA
    268  1174		       d0 02		      BNE	.skipL037
    269  1176				   .condpart1
    270  1176		       e6 85		      INC	player0y
    271  1178				   .skipL037
    272  1178				   .L038		;;line 87;;  if joy0left then player0x = player0x  -  1
    273  1178
    274  1178		       2c 80 02 	      bit	SWCHA
    275  117b		       70 02		      BVS	.skipL038
    276  117d				   .condpart2
    277  117d		       c6 80		      DEC	player0x
    278  117f				   .skipL038
    279  117f				   .L039		;;line 88;;  if joy0right then player0x = player0x  +	1
    280  117f
    281  117f		       2c 80 02 	      bit	SWCHA
    282  1182		       30 02		      BMI	.skipL039
    283  1184				   .condpart3
    284  1184		       e6 80		      INC	player0x
    285  1186				   .skipL039
    286  1186				   .
    287  1186							;;line 89;;
    288  1186
    289  1186				   .
    290  1186							;;line 90;;
    291  1186
    292  1186				   .L040		;;line 91;;  if joy1up then p2_player0y = p2_player0y	-  1
    293  1186
    294  1186		       a9 01		      lda	#1
    295  1188		       2c 80 02 	      bit	SWCHA
    296  118b		       d0 02		      BNE	.skipL040
    297  118d				   .condpart4
    298  118d		       c6 d4		      DEC	p2_player0y
    299  118f				   .skipL040
    300  118f				   .L041		;;line 92;;  if joy1down then p2_player0y = p2_player0y  +  1
    301  118f
    302  118f		       a9 02		      lda	#2
    303  1191		       2c 80 02 	      bit	SWCHA
    304  1194		       d0 02		      BNE	.skipL041
    305  1196				   .condpart5
    306  1196		       e6 d4		      INC	p2_player0y
    307  1198				   .skipL041
    308  1198				   .L042		;;line 93;;  if joy1left then p2_player0x = p2_player0x  -  1
    309  1198
    310  1198		       a9 04		      lda	#4
    311  119a		       2c 80 02 	      bit	SWCHA
    312  119d		       d0 02		      BNE	.skipL042
    313  119f				   .condpart6
    314  119f		       c6 d5		      DEC	p2_player0x
    315  11a1				   .skipL042
    316  11a1				   .L043		;;line 94;;  if joy1right then p2_player0x = p2_player0x  +  1
    317  11a1
    318  11a1		       a9 08		      lda	#8
    319  11a3		       2c 80 02 	      bit	SWCHA
    320  11a6		       d0 02		      BNE	.skipL043
    321  11a8				   .condpart7
    322  11a8		       e6 d5		      INC	p2_player0x
    323  11aa				   .skipL043
    324  11aa				   .
    325  11aa							;;line 95;;
    326  11aa
    327  11aa				   .
    328  11aa							;;line 96;;
    329  11aa
    330  11aa				   .L044		;;line 97;;  if player0y  <  8 then player0y = 42  :  p0_room = move_north[p0_room]  :  gosub load_p0_room
    331  11aa
    332  11aa		       a5 85		      LDA	player0y
    333  11ac		       c9 08		      CMP	#8
    334  11ae		       b0 0e		      BCS	.skipL044
    335  11b0				   .condpart8
    336  11b0		       a9 2a		      LDA	#42
    337  11b2		       85 85		      STA	player0y
    338  11b4		       a6 d7		      LDX	p0_room
    339  11b6		       bd 21 93 	      LDA	move_north,x
    340  11b9		       85 d7		      STA	p0_room
    341  11bb		       20 97 92 	      jsr	.load_p0_room
    342  11be				   .skipL044
    343  11be				   .L045		;;line 98;;  if player0y  >  44 then player0y = 8  :  p0_room = move_south[p0_room]  :  gosub load_p0_room
    344  11be
    345  11be		       a9 2c		      LDA	#44
    346  11c0		       c5 85		      CMP	player0y
    347  11c2		       b0 0e		      BCS	.skipL045
    348  11c4				   .condpart9
    349  11c4		       a9 08		      LDA	#8
    350  11c6		       85 85		      STA	player0y
    351  11c8		       a6 d7		      LDX	p0_room
    352  11ca		       bd 6b 93 	      LDA	move_south,x
    353  11cd		       85 d7		      STA	p0_room
    354  11cf		       20 97 92 	      jsr	.load_p0_room
    355  11d2				   .skipL045
    356  11d2				   .L046		;;line 99;;  if player0x  <  16 then player0x = 136  :  p0_room = move_west[p0_room]  :  gosub load_p0_room
    357  11d2
    358  11d2		       a5 80		      LDA	player0x
    359  11d4		       c9 10		      CMP	#16
    360  11d6		       b0 0e		      BCS	.skipL046
    361  11d8				   .condpart10
    362  11d8		       a9 88		      LDA	#136
    363  11da		       85 80		      STA	player0x
    364  11dc		       a6 d7		      LDX	p0_room
    365  11de		       bd 90 93 	      LDA	move_west,x
    366  11e1		       85 d7		      STA	p0_room
    367  11e3		       20 97 92 	      jsr	.load_p0_room
    368  11e6				   .skipL046
    369  11e6				   .L047		;;line 100;;  if player0x  >  138 then player0x = 24  :  p0_room = move_east[p0_room]	:  gosub load_p0_room
    370  11e6
    371  11e6		       a9 8a		      LDA	#138
    372  11e8		       c5 80		      CMP	player0x
    373  11ea		       b0 0e		      BCS	.skipL047
    374  11ec				   .condpart11
    375  11ec		       a9 18		      LDA	#24
    376  11ee		       85 80		      STA	player0x
    377  11f0		       a6 d7		      LDX	p0_room
    378  11f2		       bd 46 93 	      LDA	move_east,x
    379  11f5		       85 d7		      STA	p0_room
    380  11f7		       20 97 92 	      jsr	.load_p0_room
    381  11fa				   .skipL047
    382  11fa				   .
    383  11fa							;;line 101;;
    384  11fa
    385  11fa				   .
    386  11fa							;;line 102;;
    387  11fa
    388  11fa				   .L048		;;line 103;;  if p2_player0y  <  6 then p2_player0y = 42  :  p1_room = move_north[p1_room]  :	gosub load_p1_room
    389  11fa
    390  11fa		       a5 d4		      LDA	p2_player0y
    391  11fc		       c9 06		      CMP	#6
    392  11fe		       b0 0e		      BCS	.skipL048
    393  1200				   .condpart12
    394  1200		       a9 2a		      LDA	#42
    395  1202		       85 d4		      STA	p2_player0y
    396  1204		       a6 d8		      LDX	p1_room
    397  1206		       bd 21 93 	      LDA	move_north,x
    398  1209		       85 d8		      STA	p1_room
    399  120b		       20 c8 92 	      jsr	.load_p1_room
    400  120e				   .skipL048
    401  120e				   .L049		;;line 104;;  if p2_player0y  >  44 then p2_player0y = 8  :  p1_room = move_south[p1_room]  :	gosub load_p1_room
    402  120e
    403  120e		       a9 2c		      LDA	#44
    404  1210		       c5 d4		      CMP	p2_player0y
    405  1212		       b0 0e		      BCS	.skipL049
    406  1214				   .condpart13
    407  1214		       a9 08		      LDA	#8
    408  1216		       85 d4		      STA	p2_player0y
    409  1218		       a6 d8		      LDX	p1_room
    410  121a		       bd 6b 93 	      LDA	move_south,x
    411  121d		       85 d8		      STA	p1_room
    412  121f		       20 c8 92 	      jsr	.load_p1_room
    413  1222				   .skipL049
    414  1222				   .L050		;;line 105;;  if p2_player0x  <  16 then p2_player0x = 138  :	p1_room = move_west[p1_room]  :  gosub load_p1_room
    415  1222
    416  1222		       a5 d5		      LDA	p2_player0x
    417  1224		       c9 10		      CMP	#16
    418  1226		       b0 0e		      BCS	.skipL050
    419  1228				   .condpart14
    420  1228		       a9 8a		      LDA	#138
    421  122a		       85 d5		      STA	p2_player0x
    422  122c		       a6 d8		      LDX	p1_room
    423  122e		       bd 90 93 	      LDA	move_west,x
    424  1231		       85 d8		      STA	p1_room
    425  1233		       20 c8 92 	      jsr	.load_p1_room
    426  1236				   .skipL050
    427  1236				   .L051		;;line 106;;  if p2_player0x  >  138 then p2_player0x = 24  :	p1_room = move_east[p1_room]  :  gosub load_p1_room
    428  1236
    429  1236		       a9 8a		      LDA	#138
    430  1238		       c5 d5		      CMP	p2_player0x
    431  123a		       b0 0e		      BCS	.skipL051
    432  123c				   .condpart15
    433  123c		       a9 18		      LDA	#24
    434  123e		       85 d5		      STA	p2_player0x
    435  1240		       a6 d8		      LDX	p1_room
    436  1242		       bd 46 93 	      LDA	move_east,x
    437  1245		       85 d8		      STA	p1_room
    438  1247		       20 c8 92 	      jsr	.load_p1_room
    439  124a				   .skipL051
    440  124a				   .
    441  124a							;;line 107;;
    442  124a
    443  124a				   .L052		;;line 108;;  COLUPF = room_color[p0_room]
    444  124a
    445  124a		       a6 d7		      LDX	p0_room
    446  124c		       bd b5 93 	      LDA	room_color,x
    447  124f		       85 08		      STA	COLUPF
    448  1251				   .L053		;;line 109;;  p2_colupf = room_color[p1_room]
    449  1251
    450  1251		       a6 d8		      LDX	p1_room
    451  1253		       bd b5 93 	      LDA	room_color,x
    452  1256		       85 d6		      STA	p2_colupf
    453  1258				   .
    454  1258							;;line 110;;
    455  1258
    456  1258				   .L054		;;line 111;;  drawscreen
    457  1258
    458  1258		       85 ee		      sta	temp7
    459  125a		       a9 92		      lda	#>(ret_point1-1)
    460  125c		       48		      pha
    461  125d		       a9 6f		      lda	#<(ret_point1-1)
    462  125f		       48		      pha
    463  1260		       a9 f6		      lda	#>(drawscreen-1)
    464  1262		       48		      pha
    465  1263		       a9 0b		      lda	#<(drawscreen-1)
    466  1265		       48		      pha
    467  1266		       a5 ee		      lda	temp7
    468  1268		       48		      pha
    469  1269		       8a		      txa
    470  126a		       48		      pha
    471  126b		       a2 04		      ldx	#4
    472  126d		       4c eb ff 	      jmp	BS_jsr
    473  1270				   ret_point1
    474  1270				   .
    475  1270							;;line 112;;
    476  1270
    477  1270				   .L055		;;line 113;;  if collision(player0,playfield) then gosub knock_back
    478  1270
    479  1270		       24 02		      bit	CXP0FB
    480  1272		       10 03		      BPL	.skipL055
    481  1274				   .condpart16
    482  1274		       20 7a 92 	      jsr	.knock_back
    483  1277				   .skipL055
    484  1277				   .
    485  1277							;;line 114;;
    486  1277
    487  1277				   .L056		;;line 115;;  goto main_loop
    488  1277
    489  1277		       4c 3a 91 	      jmp	.main_loop
    490  127a				   .
    491  127a							;;line 116;;
    492  127a
    493  127a				   .knock_back
    494  127a							;;line 117;; knock_back
    495  127a
    496  127a				   .L057		;;line 118;;  player0x = p0_oldx
    497  127a
    498  127a		       a5 d9		      LDA	p0_oldx
    499  127c		       85 80		      STA	player0x
    500  127e				   .L058		;;line 119;;  player0y = p0_oldy
    501  127e
    502  127e		       a5 da		      LDA	p0_oldy
    503  1280		       85 85		      STA	player0y
    504  1282				   .L059		;;line 120;;  p2_player0x = p1_oldx
    505  1282
    506  1282		       a5 db		      LDA	p1_oldx
    507  1284		       85 d5		      STA	p2_player0x
    508  1286				   .L060		;;line 121;;  p2_player0y = p1_oldy
    509  1286
    510  1286		       a5 dc		      LDA	p1_oldy
    511  1288		       85 d4		      STA	p2_player0y
    512  128a				   .L061		;;line 122;;  return
    513  128a
    514  128a		       ba		      tsx
    515  128b		       b5 02		      lda	2,x	; check return address
    516  128d		       49 92		      eor	#(>*)	; vs. current PCH
    517  128f		       29 e0		      and	#$E0	;  mask off all but top 3 bits
    518  1291		       f0 03		      beq	*+5	; if equal, do normal return
    519  1293		       4c dd ff 	      JMP	BS_return
    520  1296		       60		      RTS
    521  1297				   .
    522  1297							;;line 123;;
    523  1297
    524  1297				   .
    525  1297							;;line 124;;
    526  1297
    527  1297				   .
    528  1297							;;line 125;;
    529  1297
    530  1297				   .
    531  1297							;;line 126;;
    532  1297
    533  1297				   .load_p0_room
    534  1297							;;line 127;; load_p0_room
    535  1297
    536  1297				   .L062		;;line 128;;  temp1 = room_shape[p0_room]
    537  1297
    538  1297		       a6 d7		      LDX	p0_room
    539  1299		       bd fc 92 	      LDA	room_shape,x
    540  129c		       85 9c		      STA	temp1
    541  129e				   .L063		;;line 129;;  COLUPF = room_color[p0_room]
    542  129e
    543  129e		       a6 d7		      LDX	p0_room
    544  12a0		       bd b5 93 	      LDA	room_color,x
    545  12a3		       85 08		      STA	COLUPF
    546  12a5				   .L064		;;line 130;;  asm
    547  12a5
    548  12a5		       a6 9c		      ldx	temp1
    549  12a7
    550  12a7		       bd d7 93 	      lda	room_pointers_lo,x
    551  12aa
    552  12aa		       85 a0		      sta	temp5
    553  12ac
    554  12ac		       bd e7 93 	      lda	room_pointers_hi,x
    555  12af
    556  12af		       85 a1		      sta	temp6
    557  12b1
    558  12b1
    559  12b1
    560  12b1		       a0 2f		      ldy	#(split_ram_offset - 1)
    561  12b3
    562  12b3				   .loopTop
    563  12b3
    564  12b3		       b1 a0		      lda	(temp5),y
    565  12b5
    566  12b5		       99 20 10 	      sta	playfield-128,y
    567  12b8
    568  12b8		       88		      dey
    569  12b9
    570  12b9		       10 f8		      bpl	.loopTop
    571  12bb
    572  12bb				   .L065		;;line 144;;  return
    573  12bb
    574  12bb		       ba		      tsx
    575  12bc		       b5 02		      lda	2,x	; check return address
    576  12be		       49 92		      eor	#(>*)	; vs. current PCH
    577  12c0		       29 e0		      and	#$E0	;  mask off all but top 3 bits
    578  12c2		       f0 03		      beq	*+5	; if equal, do normal return
    579  12c4		       4c dd ff 	      JMP	BS_return
    580  12c7		       60		      RTS
    581  12c8				   .
    582  12c8							;;line 145;;
    583  12c8
    584  12c8				   .load_p1_room
    585  12c8							;;line 146;; load_p1_room
    586  12c8
    587  12c8				   .L066		;;line 147;;  temp1 = room_shape[p1_room]
    588  12c8
    589  12c8		       a6 d8		      LDX	p1_room
    590  12ca		       bd fc 92 	      LDA	room_shape,x
    591  12cd		       85 9c		      STA	temp1
    592  12cf				   .L067		;;line 148;;  p2_colupf = room_color[p1_room]
    593  12cf
    594  12cf		       a6 d8		      LDX	p1_room
    595  12d1		       bd b5 93 	      LDA	room_color,x
    596  12d4		       85 d6		      STA	p2_colupf
    597  12d6				   .L068		;;line 149;;  asm
    598  12d6
    599  12d6		       a6 9c		      ldx	temp1
    600  12d8
    601  12d8		       bd d7 93 	      lda	room_pointers_lo,x
    602  12db
    603  12db		       85 a0		      sta	temp5
    604  12dd
    605  12dd		       bd e7 93 	      lda	room_pointers_hi,x
    606  12e0
    607  12e0		       85 a1		      sta	temp6
    608  12e2
    609  12e2
    610  12e2
    611  12e2		       a0 2f		      ldy	#(split_ram_offset - 1)
    612  12e4
    613  12e4				   .loopBot
    614  12e4
    615  12e4		       b1 a0		      lda	(temp5),y
    616  12e6
    617  12e6		       99 50 10 	      sta	playfield-128+split_ram_offset,y
    618  12e9
    619  12e9		       88		      dey
    620  12ea
    621  12ea		       10 f8		      bpl	.loopBot
    622  12ec
    623  12ec				   .L069		;;line 163;;  return
    624  12ec
    625  12ec		       ba		      tsx
    626  12ed		       b5 02		      lda	2,x	; check return address
    627  12ef		       49 92		      eor	#(>*)	; vs. current PCH
    628  12f1		       29 e0		      and	#$E0	;  mask off all but top 3 bits
    629  12f3		       f0 03		      beq	*+5	; if equal, do normal return
    630  12f5		       4c dd ff 	      JMP	BS_return
    631  12f8		       60		      RTS
    632  12f9				   .
    633  12f9							;;line 164;;
    634  12f9
    635  12f9				   .
    636  12f9							;;line 165;;
    637  12f9
    638  12f9				   .
    639  12f9							;;line 166;;
    640  12f9
    641  12f9				   .
    642  12f9							;;line 167;;
    643  12f9
    644  12f9				   .L070		;;line 168;;  data room_shape
    645  12f9
    646  12f9		       4c 1e 93 	      JMP	.skipL070
    647  12fc				   room_shape
    648  12fc		       07 0b 04 01*	      .byte.b	7,11,4,1,2,9,10,3,9,12,8,4,15,6,5,3,13
    649  130d
    650  130d		       0b 0a 03 05*	      .byte.b	11,10,3,5,15,0,1,1,14,8,4,15,14,10,2,12,14
    651  131e
    652  131e				   .skipL070
    653  131e				   .
    654  131e							;;line 172;;
    655  131e
    656  131e				   .L071		;;line 173;;  data move_north
    657  131e
    658  131e		       4c 43 93 	      JMP	.skipL071
    659  1321				   move_north
    660  1321		       00 00 00 00*	      .byte.b	0,0,0,0,5,2,4,8,9,0,11,12,0,0,0,14,0,0
    661  1333
    662  1333		       03 15 00 00*	      .byte.b	3,21,0,0,20,0,0,22,23,28,0,27,24,32,0,31
    663  1343
    664  1343				   .skipL071
    665  1343				   .
    666  1343							;;line 177;;
    667  1343
    668  1343				   .L072		;;line 178;;  data move_east
    669  1343
    670  1343		       4c 68 93 	      JMP	.skipL072
    671  1346				   move_east
    672  1346		       01 00 03 04*	      .byte.b	1,0,3,4,0,0,7,10,0,0,0,13,0,14,0,17,15,0
    673  1358
    674  1358		       13 14 00 00*	      .byte.b	19,20,0,0,24,22,23,0,0,26,0,0,31,0,0,0
    675  1368
    676  1368				   .skipL072
    677  1368				   .
    678  1368							;;line 182;;
    679  1368
    680  1368				   .L073		;;line 183;;  data move_south
    681  1368
    682  1368		       4c 8d 93 	      JMP	.skipL073
    683  136b				   move_south
    684  136b		       02 00 05 12*	      .byte.b	2,0,5,18,6,4,0,0,7,8,0,10,11,0,15,0,0,0
    685  137d
    686  137d		       00 00 16 13*	      .byte.b	0,0,22,19,25,26,30,0,0,29,27,0,0,33,31,0
    687  138d
    688  138d				   .skipL073
    689  138d				   .
    690  138d							;;line 187;;
    691  138d
    692  138d				   .L074		;;line 188;;  data move_west
    693  138d
    694  138d		       4c b2 93 	      JMP	.skipL074
    695  1390				   move_west
    696  1390		       00 00 00 02*	      .byte.b	0,0,0,2,3,0,0,6,0,0,7,0,0,11,13,16,0,15
    697  13a2
    698  13a2		       00 12 13 00*	      .byte.b	0,18,19,0,23,24,22,0,27,0,0,0,0,30,0,0
    699  13b2
    700  13b2				   .skipL074
    701  13b2				   .
    702  13b2							;;line 192;;
    703  13b2
    704  13b2				   .L075		;;line 193;;  data room_color
    705  13b2
    706  13b2		       4c d7 93 	      JMP	.skipL075
    707  13b5				   room_color
    708  13b5		       80 82 84 86*	      .byte.b	$80,$82,$84,$86,$C2,$C4,$62,$66,$68
    709  13be
    710  13be		       76 08 06 04*	      .byte.b	$76,$08,$06,$04,$02,$44,$46,$48
    711  13c6
    712  13c6		       aa bc cc 3c*	      .byte.b	$AA,$BC,$CC,$3C,$34,$38,$54,$56,$24
    713  13cf
    714  13cf		       2e 26 28 f4*	      .byte.b	$2E,$26,$28,$F4,$F6,$F8,$E4,$A8
    715  13d7
    716  13d7				   .skipL075
    717  13d7				   .
    718  13d7							;;line 199;;
    719  13d7
    720  13d7				   .L076		;;line 200;;  asm
    721  13d7
    722  13d7				   room_pointers_lo
    723  13d7
    724  13d7		       fc 47 92 dd*	      .byte.b	<PF_data0, <PF_data1, <PF_data2, <PF_data3, <PF_data4, <PF_data5, <PF_data6, <PF_data7
    725  13df
    726  13df		       54 9f ea 35*	      .byte.b	<PF_data8, <PF_data9, <PF_data10, <PF_data11, <PF_data12, <PF_data13, <PF_data14, <PF_data15
    727  13e7
    728  13e7				   room_pointers_hi
    729  13e7
    730  13e7		       93 94 94 94*	      .byte.b	>PF_data0, >PF_data1, >PF_data2, >PF_data3, >PF_data4, >PF_data5, >PF_data6, >PF_data7
    731  13ef
    732  13ef		       96 96 96 97*	      .byte.b	>PF_data8, >PF_data9, >PF_data10, >PF_data11, >PF_data12, >PF_data13, >PF_data14, >PF_data15
    733  13f7
    734  13f7				   .
    735  13f7							;;line 208;;
    736  13f7
    737  13f7				   .
    738  13f7							;;line 209;;
    739  13f7
    740  13f7				   .
    741  13f7							;;line 210;;
    742  13f7
    743  13f7				   .
    744  13f7							;;line 211;;
    745  13f7
    746  13f7				   .draw_room_shape_0
    747  13f7							;;line 212;; draw_room_shape_0
    748  13f7
    749  13f7				   .L077		;;line 213;;  playfield:
    750  13f7
    751  13f7					      ifconst	pfres
    752  13f7		       a2 2f		      ldx	#(12>pfres)*(pfres*pfwidth-1)+(12<=pfres)*47
    753  13f9				  -	      else
    754  13f9				  -	      ldx	#((12*pfwidth-1)*((12*pfwidth-1)<47))+(47*((12*pfwidth-1)>=47))
    755  13f9					      endif
    756  13f9		       4c 2c 94 	      jmp	pflabel0
    757  13fc				   PF_data0
    758  13fc		       ff 0f		      .byte.b	%11111111, %00001111
    759  13fe					      if	(pfwidth>2)
    760  13fe		       ff 0f		      .byte.b	%11111111, %00001111
    761  1400					      endif
    762  1400		       c0 00		      .byte.b	%11000000, %00000000
    763  1402					      if	(pfwidth>2)
    764  1402		       c0 00		      .byte.b	%11000000, %00000000
    765  1404					      endif
    766  1404		       c0 00		      .byte.b	%11000000, %00000000
    767  1406					      if	(pfwidth>2)
    768  1406		       c0 00		      .byte.b	%11000000, %00000000
    769  1408					      endif
    770  1408		       c0 00		      .byte.b	%11000000, %00000000
    771  140a					      if	(pfwidth>2)
    772  140a		       c0 00		      .byte.b	%11000000, %00000000
    773  140c					      endif
    774  140c		       00 00		      .byte.b	%00000000, %00000000
    775  140e					      if	(pfwidth>2)
    776  140e		       00 00		      .byte.b	%00000000, %00000000
    777  1410					      endif
    778  1410		       00 00		      .byte.b	%00000000, %00000000
    779  1412					      if	(pfwidth>2)
    780  1412		       00 00		      .byte.b	%00000000, %00000000
    781  1414					      endif
    782  1414		       00 00		      .byte.b	%00000000, %00000000
    783  1416					      if	(pfwidth>2)
    784  1416		       00 00		      .byte.b	%00000000, %00000000
    785  1418					      endif
    786  1418		       c0 00		      .byte.b	%11000000, %00000000
    787  141a					      if	(pfwidth>2)
    788  141a		       c0 00		      .byte.b	%11000000, %00000000
    789  141c					      endif
    790  141c		       c0 00		      .byte.b	%11000000, %00000000
    791  141e					      if	(pfwidth>2)
    792  141e		       c0 00		      .byte.b	%11000000, %00000000
    793  1420					      endif
    794  1420		       c0 00		      .byte.b	%11000000, %00000000
    795  1422					      if	(pfwidth>2)
    796  1422		       c0 00		      .byte.b	%11000000, %00000000
    797  1424					      endif
    798  1424		       ff 0f		      .byte.b	%11111111, %00001111
    799  1426					      if	(pfwidth>2)
    800  1426		       ff 0f		      .byte.b	%11111111, %00001111
    801  1428					      endif
    802  1428		       00 00		      .byte.b	%00000000, %00000000
    803  142a					      if	(pfwidth>2)
    804  142a		       00 00		      .byte.b	%00000000, %00000000
    805  142c					      endif
    806  142c				   pflabel0
    807  142c		       bd fc 93 	      lda	PF_data0,x
    808  142f		       9d 20 10 	      sta	playfield-128,x
    809  1432		       ca		      dex
    810  1433		       10 f7		      bpl	pflabel0
    811  1435				   .L078		;;line 227;;  return
    812  1435
    813  1435		       ba		      tsx
    814  1436		       b5 02		      lda	2,x	; check return address
    815  1438		       49 94		      eor	#(>*)	; vs. current PCH
    816  143a		       29 e0		      and	#$E0	;  mask off all but top 3 bits
    817  143c		       f0 03		      beq	*+5	; if equal, do normal return
    818  143e		       4c dd ff 	      JMP	BS_return
    819  1441		       60		      RTS
    820  1442				   .
    821  1442							;;line 228;;
    822  1442
    823  1442				   .draw_room_shape_1
    824  1442							;;line 229;; draw_room_shape_1
    825  1442
    826  1442				   .L079		;;line 230;;  playfield:
    827  1442
    828  1442					      ifconst	pfres
    829  1442		       a2 2f		      ldx	#(12>pfres)*(pfres*pfwidth-1)+(12<=pfres)*47
    830  1444				  -	      else
    831  1444				  -	      ldx	#((12*pfwidth-1)*((12*pfwidth-1)<47))+(47*((12*pfwidth-1)>=47))
    832  1444					      endif
    833  1444		       4c 77 94 	      jmp	pflabel1
    834  1447				   PF_data1
    835  1447		       ff ff		      .byte.b	%11111111, %11111111
    836  1449					      if	(pfwidth>2)
    837  1449		       ff ff		      .byte.b	%11111111, %11111111
    838  144b					      endif
    839  144b		       c0 00		      .byte.b	%11000000, %00000000
    840  144d					      if	(pfwidth>2)
    841  144d		       c0 00		      .byte.b	%11000000, %00000000
    842  144f					      endif
    843  144f		       c0 00		      .byte.b	%11000000, %00000000
    844  1451					      if	(pfwidth>2)
    845  1451		       c0 00		      .byte.b	%11000000, %00000000
    846  1453					      endif
    847  1453		       c0 00		      .byte.b	%11000000, %00000000
    848  1455					      if	(pfwidth>2)
    849  1455		       c0 00		      .byte.b	%11000000, %00000000
    850  1457					      endif
    851  1457		       00 00		      .byte.b	%00000000, %00000000
    852  1459					      if	(pfwidth>2)
    853  1459		       00 00		      .byte.b	%00000000, %00000000
    854  145b					      endif
    855  145b		       00 00		      .byte.b	%00000000, %00000000
    856  145d					      if	(pfwidth>2)
    857  145d		       00 00		      .byte.b	%00000000, %00000000
    858  145f					      endif
    859  145f		       00 00		      .byte.b	%00000000, %00000000
    860  1461					      if	(pfwidth>2)
    861  1461		       00 00		      .byte.b	%00000000, %00000000
    862  1463					      endif
    863  1463		       c0 00		      .byte.b	%11000000, %00000000
    864  1465					      if	(pfwidth>2)
    865  1465		       c0 00		      .byte.b	%11000000, %00000000
    866  1467					      endif
    867  1467		       c0 00		      .byte.b	%11000000, %00000000
    868  1469					      if	(pfwidth>2)
    869  1469		       c0 00		      .byte.b	%11000000, %00000000
    870  146b					      endif
    871  146b		       c0 00		      .byte.b	%11000000, %00000000
    872  146d					      if	(pfwidth>2)
    873  146d		       c0 00		      .byte.b	%11000000, %00000000
    874  146f					      endif
    875  146f		       ff 0f		      .byte.b	%11111111, %00001111
    876  1471					      if	(pfwidth>2)
    877  1471		       ff 0f		      .byte.b	%11111111, %00001111
    878  1473					      endif
    879  1473		       00 00		      .byte.b	%00000000, %00000000
    880  1475					      if	(pfwidth>2)
    881  1475		       00 00		      .byte.b	%00000000, %00000000
    882  1477					      endif
    883  1477				   pflabel1
    884  1477		       bd 47 94 	      lda	PF_data1,x
    885  147a		       9d 20 10 	      sta	playfield-128,x
    886  147d		       ca		      dex
    887  147e		       10 f7		      bpl	pflabel1
    888  1480				   .L080		;;line 244;;  return
    889  1480
    890  1480		       ba		      tsx
    891  1481		       b5 02		      lda	2,x	; check return address
    892  1483		       49 94		      eor	#(>*)	; vs. current PCH
    893  1485		       29 e0		      and	#$E0	;  mask off all but top 3 bits
    894  1487		       f0 03		      beq	*+5	; if equal, do normal return
    895  1489		       4c dd ff 	      JMP	BS_return
    896  148c		       60		      RTS
    897  148d				   .
    898  148d							;;line 245;;
    899  148d
    900  148d				   .draw_room_shape_2
    901  148d							;;line 246;; draw_room_shape_2
    902  148d
    903  148d				   .L081		;;line 247;;  playfield:
    904  148d
    905  148d					      ifconst	pfres
    906  148d		       a2 2f		      ldx	#(12>pfres)*(pfres*pfwidth-1)+(12<=pfres)*47
    907  148f				  -	      else
    908  148f				  -	      ldx	#((12*pfwidth-1)*((12*pfwidth-1)<47))+(47*((12*pfwidth-1)>=47))
    909  148f					      endif
    910  148f		       4c c2 94 	      jmp	pflabel2
    911  1492				   PF_data2
    912  1492		       ff 0f		      .byte.b	%11111111, %00001111
    913  1494					      if	(pfwidth>2)
    914  1494		       ff 0f		      .byte.b	%11111111, %00001111
    915  1496					      endif
    916  1496		       c0 00		      .byte.b	%11000000, %00000000
    917  1498					      if	(pfwidth>2)
    918  1498		       c0 00		      .byte.b	%11000000, %00000000
    919  149a					      endif
    920  149a		       c0 00		      .byte.b	%11000000, %00000000
    921  149c					      if	(pfwidth>2)
    922  149c		       c0 00		      .byte.b	%11000000, %00000000
    923  149e					      endif
    924  149e		       c0 00		      .byte.b	%11000000, %00000000
    925  14a0					      if	(pfwidth>2)
    926  14a0		       c0 00		      .byte.b	%11000000, %00000000
    927  14a2					      endif
    928  14a2		       00 00		      .byte.b	%00000000, %00000000
    929  14a4					      if	(pfwidth>2)
    930  14a4		       c0 00		      .byte.b	%11000000, %00000000
    931  14a6					      endif
    932  14a6		       00 00		      .byte.b	%00000000, %00000000
    933  14a8					      if	(pfwidth>2)
    934  14a8		       c0 00		      .byte.b	%11000000, %00000000
    935  14aa					      endif
    936  14aa		       00 00		      .byte.b	%00000000, %00000000
    937  14ac					      if	(pfwidth>2)
    938  14ac		       c0 00		      .byte.b	%11000000, %00000000
    939  14ae					      endif
    940  14ae		       c0 00		      .byte.b	%11000000, %00000000
    941  14b0					      if	(pfwidth>2)
    942  14b0		       c0 00		      .byte.b	%11000000, %00000000
    943  14b2					      endif
    944  14b2		       c0 00		      .byte.b	%11000000, %00000000
    945  14b4					      if	(pfwidth>2)
    946  14b4		       c0 00		      .byte.b	%11000000, %00000000
    947  14b6					      endif
    948  14b6		       c0 00		      .byte.b	%11000000, %00000000
    949  14b8					      if	(pfwidth>2)
    950  14b8		       c0 00		      .byte.b	%11000000, %00000000
    951  14ba					      endif
    952  14ba		       ff 0f		      .byte.b	%11111111, %00001111
    953  14bc					      if	(pfwidth>2)
    954  14bc		       ff 0f		      .byte.b	%11111111, %00001111
    955  14be					      endif
    956  14be		       00 00		      .byte.b	%00000000, %00000000
    957  14c0					      if	(pfwidth>2)
    958  14c0		       00 00		      .byte.b	%00000000, %00000000
    959  14c2					      endif
    960  14c2				   pflabel2
    961  14c2		       bd 92 94 	      lda	PF_data2,x
    962  14c5		       9d 20 10 	      sta	playfield-128,x
    963  14c8		       ca		      dex
    964  14c9		       10 f7		      bpl	pflabel2
    965  14cb				   .L082		;;line 261;;  return
    966  14cb
    967  14cb		       ba		      tsx
    968  14cc		       b5 02		      lda	2,x	; check return address
    969  14ce		       49 94		      eor	#(>*)	; vs. current PCH
    970  14d0		       29 e0		      and	#$E0	;  mask off all but top 3 bits
    971  14d2		       f0 03		      beq	*+5	; if equal, do normal return
    972  14d4		       4c dd ff 	      JMP	BS_return
    973  14d7		       60		      RTS
    974  14d8				   .
    975  14d8							;;line 262;;
    976  14d8
    977  14d8				   .draw_room_shape_3
    978  14d8							;;line 263;; draw_room_shape_3
    979  14d8
    980  14d8				   .L083		;;line 264;;  playfield:
    981  14d8
    982  14d8					      ifconst	pfres
    983  14d8		       a2 2f		      ldx	#(12>pfres)*(pfres*pfwidth-1)+(12<=pfres)*47
    984  14da				  -	      else
    985  14da				  -	      ldx	#((12*pfwidth-1)*((12*pfwidth-1)<47))+(47*((12*pfwidth-1)>=47))
    986  14da					      endif
    987  14da		       4c 0d 95 	      jmp	pflabel3
    988  14dd				   PF_data3
    989  14dd		       ff 0f		      .byte.b	%11111111, %00001111
    990  14df					      if	(pfwidth>2)
    991  14df		       ff 0f		      .byte.b	%11111111, %00001111
    992  14e1					      endif
    993  14e1		       c0 00		      .byte.b	%11000000, %00000000
    994  14e3					      if	(pfwidth>2)
    995  14e3		       c0 00		      .byte.b	%11000000, %00000000
    996  14e5					      endif
    997  14e5		       c0 00		      .byte.b	%11000000, %00000000
    998  14e7					      if	(pfwidth>2)
    999  14e7		       c0 00		      .byte.b	%11000000, %00000000
   1000  14e9					      endif
   1001  14e9		       c0 00		      .byte.b	%11000000, %00000000
   1002  14eb					      if	(pfwidth>2)
   1003  14eb		       c0 00		      .byte.b	%11000000, %00000000
   1004  14ed					      endif
   1005  14ed		       00 00		      .byte.b	%00000000, %00000000
   1006  14ef					      if	(pfwidth>2)
   1007  14ef		       00 00		      .byte.b	%00000000, %00000000
   1008  14f1					      endif
   1009  14f1		       00 00		      .byte.b	%00000000, %00000000
   1010  14f3					      if	(pfwidth>2)
   1011  14f3		       00 00		      .byte.b	%00000000, %00000000
   1012  14f5					      endif
   1013  14f5		       00 00		      .byte.b	%00000000, %00000000
   1014  14f7					      if	(pfwidth>2)
   1015  14f7		       00 00		      .byte.b	%00000000, %00000000
   1016  14f9					      endif
   1017  14f9		       c0 00		      .byte.b	%11000000, %00000000
   1018  14fb					      if	(pfwidth>2)
   1019  14fb		       c0 00		      .byte.b	%11000000, %00000000
   1020  14fd					      endif
   1021  14fd		       c0 00		      .byte.b	%11000000, %00000000
   1022  14ff					      if	(pfwidth>2)
   1023  14ff		       c0 00		      .byte.b	%11000000, %00000000
   1024  1501					      endif
   1025  1501		       c0 00		      .byte.b	%11000000, %00000000
   1026  1503					      if	(pfwidth>2)
   1027  1503		       c0 00		      .byte.b	%11000000, %00000000
   1028  1505					      endif
   1029  1505		       ff ff		      .byte.b	%11111111, %11111111
   1030  1507					      if	(pfwidth>2)
   1031  1507		       ff ff		      .byte.b	%11111111, %11111111
   1032  1509					      endif
   1033  1509		       00 00		      .byte.b	%00000000, %00000000
   1034  150b					      if	(pfwidth>2)
   1035  150b		       00 00		      .byte.b	%00000000, %00000000
   1036  150d					      endif
   1037  150d				   pflabel3
   1038  150d		       bd dd 94 	      lda	PF_data3,x
   1039  1510		       9d 20 10 	      sta	playfield-128,x
   1040  1513		       ca		      dex
   1041  1514		       10 f7		      bpl	pflabel3
   1042  1516				   .L084		;;line 278;;  return
   1043  1516
   1044  1516		       ba		      tsx
   1045  1517		       b5 02		      lda	2,x	; check return address
   1046  1519		       49 95		      eor	#(>*)	; vs. current PCH
   1047  151b		       29 e0		      and	#$E0	;  mask off all but top 3 bits
   1048  151d		       f0 03		      beq	*+5	; if equal, do normal return
   1049  151f		       4c dd ff 	      JMP	BS_return
   1050  1522		       60		      RTS
   1051  1523				   .
   1052  1523							;;line 279;;
   1053  1523
   1054  1523				   .draw_room_shape_4
   1055  1523							;;line 280;; draw_room_shape_4
   1056  1523
   1057  1523				   .L085		;;line 281;;  playfield:
   1058  1523
   1059  1523					      ifconst	pfres
   1060  1523		       a2 2f		      ldx	#(12>pfres)*(pfres*pfwidth-1)+(12<=pfres)*47
   1061  1525				  -	      else
   1062  1525				  -	      ldx	#((12*pfwidth-1)*((12*pfwidth-1)<47))+(47*((12*pfwidth-1)>=47))
   1063  1525					      endif
   1064  1525		       4c 58 95 	      jmp	pflabel4
   1065  1528				   PF_data4
   1066  1528		       ff 0f		      .byte.b	%11111111, %00001111
   1067  152a					      if	(pfwidth>2)
   1068  152a		       ff 0f		      .byte.b	%11111111, %00001111
   1069  152c					      endif
   1070  152c		       c0 00		      .byte.b	%11000000, %00000000
   1071  152e					      if	(pfwidth>2)
   1072  152e		       c0 00		      .byte.b	%11000000, %00000000
   1073  1530					      endif
   1074  1530		       c0 00		      .byte.b	%11000000, %00000000
   1075  1532					      if	(pfwidth>2)
   1076  1532		       c0 00		      .byte.b	%11000000, %00000000
   1077  1534					      endif
   1078  1534		       c0 00		      .byte.b	%11000000, %00000000
   1079  1536					      if	(pfwidth>2)
   1080  1536		       c0 00		      .byte.b	%11000000, %00000000
   1081  1538					      endif
   1082  1538		       c0 00		      .byte.b	%11000000, %00000000
   1083  153a					      if	(pfwidth>2)
   1084  153a		       00 00		      .byte.b	%00000000, %00000000
   1085  153c					      endif
   1086  153c		       c0 00		      .byte.b	%11000000, %00000000
   1087  153e					      if	(pfwidth>2)
   1088  153e		       00 00		      .byte.b	%00000000, %00000000
   1089  1540					      endif
   1090  1540		       c0 00		      .byte.b	%11000000, %00000000
   1091  1542					      if	(pfwidth>2)
   1092  1542		       00 00		      .byte.b	%00000000, %00000000
   1093  1544					      endif
   1094  1544		       c0 00		      .byte.b	%11000000, %00000000
   1095  1546					      if	(pfwidth>2)
   1096  1546		       c0 00		      .byte.b	%11000000, %00000000
   1097  1548					      endif
   1098  1548		       c0 00		      .byte.b	%11000000, %00000000
   1099  154a					      if	(pfwidth>2)
   1100  154a		       c0 00		      .byte.b	%11000000, %00000000
   1101  154c					      endif
   1102  154c		       c0 00		      .byte.b	%11000000, %00000000
   1103  154e					      if	(pfwidth>2)
   1104  154e		       c0 00		      .byte.b	%11000000, %00000000
   1105  1550					      endif
   1106  1550		       ff 0f		      .byte.b	%11111111, %00001111
   1107  1552					      if	(pfwidth>2)
   1108  1552		       ff 0f		      .byte.b	%11111111, %00001111
   1109  1554					      endif
   1110  1554		       00 00		      .byte.b	%00000000, %00000000
   1111  1556					      if	(pfwidth>2)
   1112  1556		       00 00		      .byte.b	%00000000, %00000000
   1113  1558					      endif
   1114  1558				   pflabel4
   1115  1558		       bd 28 95 	      lda	PF_data4,x
   1116  155b		       9d 20 10 	      sta	playfield-128,x
   1117  155e		       ca		      dex
   1118  155f		       10 f7		      bpl	pflabel4
   1119  1561				   .L086		;;line 295;;  return
   1120  1561
   1121  1561		       ba		      tsx
   1122  1562		       b5 02		      lda	2,x	; check return address
   1123  1564		       49 95		      eor	#(>*)	; vs. current PCH
   1124  1566		       29 e0		      and	#$E0	;  mask off all but top 3 bits
   1125  1568		       f0 03		      beq	*+5	; if equal, do normal return
   1126  156a		       4c dd ff 	      JMP	BS_return
   1127  156d		       60		      RTS
   1128  156e				   .
   1129  156e							;;line 296;;
   1130  156e
   1131  156e				   .draw_room_shape_5
   1132  156e							;;line 297;; draw_room_shape_5
   1133  156e
   1134  156e				   .L087		;;line 298;;  playfield:
   1135  156e
   1136  156e					      ifconst	pfres
   1137  156e		       a2 2f		      ldx	#(12>pfres)*(pfres*pfwidth-1)+(12<=pfres)*47
   1138  1570				  -	      else
   1139  1570				  -	      ldx	#((12*pfwidth-1)*((12*pfwidth-1)<47))+(47*((12*pfwidth-1)>=47))
   1140  1570					      endif
   1141  1570		       4c a3 95 	      jmp	pflabel5
   1142  1573				   PF_data5
   1143  1573		       ff ff		      .byte.b	%11111111, %11111111
   1144  1575					      if	(pfwidth>2)
   1145  1575		       ff ff		      .byte.b	%11111111, %11111111
   1146  1577					      endif
   1147  1577		       c0 00		      .byte.b	%11000000, %00000000
   1148  1579					      if	(pfwidth>2)
   1149  1579		       c0 00		      .byte.b	%11000000, %00000000
   1150  157b					      endif
   1151  157b		       c0 00		      .byte.b	%11000000, %00000000
   1152  157d					      if	(pfwidth>2)
   1153  157d		       c0 00		      .byte.b	%11000000, %00000000
   1154  157f					      endif
   1155  157f		       c0 00		      .byte.b	%11000000, %00000000
   1156  1581					      if	(pfwidth>2)
   1157  1581		       c0 00		      .byte.b	%11000000, %00000000
   1158  1583					      endif
   1159  1583		       00 00		      .byte.b	%00000000, %00000000
   1160  1585					      if	(pfwidth>2)
   1161  1585		       c0 00		      .byte.b	%11000000, %00000000
   1162  1587					      endif
   1163  1587		       00 00		      .byte.b	%00000000, %00000000
   1164  1589					      if	(pfwidth>2)
   1165  1589		       c0 00		      .byte.b	%11000000, %00000000
   1166  158b					      endif
   1167  158b		       00 00		      .byte.b	%00000000, %00000000
   1168  158d					      if	(pfwidth>2)
   1169  158d		       c0 00		      .byte.b	%11000000, %00000000
   1170  158f					      endif
   1171  158f		       c0 00		      .byte.b	%11000000, %00000000
   1172  1591					      if	(pfwidth>2)
   1173  1591		       c0 00		      .byte.b	%11000000, %00000000
   1174  1593					      endif
   1175  1593		       c0 00		      .byte.b	%11000000, %00000000
   1176  1595					      if	(pfwidth>2)
   1177  1595		       c0 00		      .byte.b	%11000000, %00000000
   1178  1597					      endif
   1179  1597		       c0 00		      .byte.b	%11000000, %00000000
   1180  1599					      if	(pfwidth>2)
   1181  1599		       c0 00		      .byte.b	%11000000, %00000000
   1182  159b					      endif
   1183  159b		       ff 0f		      .byte.b	%11111111, %00001111
   1184  159d					      if	(pfwidth>2)
   1185  159d		       ff 0f		      .byte.b	%11111111, %00001111
   1186  159f					      endif
   1187  159f		       00 00		      .byte.b	%00000000, %00000000
   1188  15a1					      if	(pfwidth>2)
   1189  15a1		       00 00		      .byte.b	%00000000, %00000000
   1190  15a3					      endif
   1191  15a3				   pflabel5
   1192  15a3		       bd 73 95 	      lda	PF_data5,x
   1193  15a6		       9d 20 10 	      sta	playfield-128,x
   1194  15a9		       ca		      dex
   1195  15aa		       10 f7		      bpl	pflabel5
   1196  15ac				   .L088		;;line 312;;  return
   1197  15ac
   1198  15ac		       ba		      tsx
   1199  15ad		       b5 02		      lda	2,x	; check return address
   1200  15af		       49 95		      eor	#(>*)	; vs. current PCH
   1201  15b1		       29 e0		      and	#$E0	;  mask off all but top 3 bits
   1202  15b3		       f0 03		      beq	*+5	; if equal, do normal return
   1203  15b5		       4c dd ff 	      JMP	BS_return
   1204  15b8		       60		      RTS
   1205  15b9				   .
   1206  15b9							;;line 313;;
   1207  15b9
   1208  15b9				   .draw_room_shape_6
   1209  15b9							;;line 314;; draw_room_shape_6
   1210  15b9
   1211  15b9				   .L089		;;line 315;;  playfield:
   1212  15b9
   1213  15b9					      ifconst	pfres
   1214  15b9		       a2 2f		      ldx	#(12>pfres)*(pfres*pfwidth-1)+(12<=pfres)*47
   1215  15bb				  -	      else
   1216  15bb				  -	      ldx	#((12*pfwidth-1)*((12*pfwidth-1)<47))+(47*((12*pfwidth-1)>=47))
   1217  15bb					      endif
   1218  15bb		       4c ee 95 	      jmp	pflabel6
   1219  15be				   PF_data6
   1220  15be		       ff ff		      .byte.b	%11111111, %11111111
   1221  15c0					      if	(pfwidth>2)
   1222  15c0		       ff ff		      .byte.b	%11111111, %11111111
   1223  15c2					      endif
   1224  15c2		       c0 00		      .byte.b	%11000000, %00000000
   1225  15c4					      if	(pfwidth>2)
   1226  15c4		       c0 00		      .byte.b	%11000000, %00000000
   1227  15c6					      endif
   1228  15c6		       c0 00		      .byte.b	%11000000, %00000000
   1229  15c8					      if	(pfwidth>2)
   1230  15c8		       c0 00		      .byte.b	%11000000, %00000000
   1231  15ca					      endif
   1232  15ca		       c0 00		      .byte.b	%11000000, %00000000
   1233  15cc					      if	(pfwidth>2)
   1234  15cc		       c0 00		      .byte.b	%11000000, %00000000
   1235  15ce					      endif
   1236  15ce		       00 00		      .byte.b	%00000000, %00000000
   1237  15d0					      if	(pfwidth>2)
   1238  15d0		       00 00		      .byte.b	%00000000, %00000000
   1239  15d2					      endif
   1240  15d2		       00 00		      .byte.b	%00000000, %00000000
   1241  15d4					      if	(pfwidth>2)
   1242  15d4		       00 00		      .byte.b	%00000000, %00000000
   1243  15d6					      endif
   1244  15d6		       00 00		      .byte.b	%00000000, %00000000
   1245  15d8					      if	(pfwidth>2)
   1246  15d8		       00 00		      .byte.b	%00000000, %00000000
   1247  15da					      endif
   1248  15da		       c0 00		      .byte.b	%11000000, %00000000
   1249  15dc					      if	(pfwidth>2)
   1250  15dc		       c0 00		      .byte.b	%11000000, %00000000
   1251  15de					      endif
   1252  15de		       c0 00		      .byte.b	%11000000, %00000000
   1253  15e0					      if	(pfwidth>2)
   1254  15e0		       c0 00		      .byte.b	%11000000, %00000000
   1255  15e2					      endif
   1256  15e2		       c0 00		      .byte.b	%11000000, %00000000
   1257  15e4					      if	(pfwidth>2)
   1258  15e4		       c0 00		      .byte.b	%11000000, %00000000
   1259  15e6					      endif
   1260  15e6		       ff ff		      .byte.b	%11111111, %11111111
   1261  15e8					      if	(pfwidth>2)
   1262  15e8		       ff ff		      .byte.b	%11111111, %11111111
   1263  15ea					      endif
   1264  15ea		       00 00		      .byte.b	%00000000, %00000000
   1265  15ec					      if	(pfwidth>2)
   1266  15ec		       00 00		      .byte.b	%00000000, %00000000
   1267  15ee					      endif
   1268  15ee				   pflabel6
   1269  15ee		       bd be 95 	      lda	PF_data6,x
   1270  15f1		       9d 20 10 	      sta	playfield-128,x
   1271  15f4		       ca		      dex
   1272  15f5		       10 f7		      bpl	pflabel6
   1273  15f7				   .L090		;;line 329;;  return
   1274  15f7
   1275  15f7		       ba		      tsx
   1276  15f8		       b5 02		      lda	2,x	; check return address
   1277  15fa		       49 95		      eor	#(>*)	; vs. current PCH
   1278  15fc		       29 e0		      and	#$E0	;  mask off all but top 3 bits
   1279  15fe		       f0 03		      beq	*+5	; if equal, do normal return
   1280  1600		       4c dd ff 	      JMP	BS_return
   1281  1603		       60		      RTS
   1282  1604				   .
   1283  1604							;;line 330;;
   1284  1604
   1285  1604				   .draw_room_shape_7
   1286  1604							;;line 331;; draw_room_shape_7
   1287  1604
   1288  1604				   .L091		;;line 332;;  playfield:
   1289  1604
   1290  1604					      ifconst	pfres
   1291  1604		       a2 2f		      ldx	#(12>pfres)*(pfres*pfwidth-1)+(12<=pfres)*47
   1292  1606				  -	      else
   1293  1606				  -	      ldx	#((12*pfwidth-1)*((12*pfwidth-1)<47))+(47*((12*pfwidth-1)>=47))
   1294  1606					      endif
   1295  1606		       4c 39 96 	      jmp	pflabel7
   1296  1609				   PF_data7
   1297  1609		       ff ff		      .byte.b	%11111111, %11111111
   1298  160b					      if	(pfwidth>2)
   1299  160b		       ff ff		      .byte.b	%11111111, %11111111
   1300  160d					      endif
   1301  160d		       c0 00		      .byte.b	%11000000, %00000000
   1302  160f					      if	(pfwidth>2)
   1303  160f		       c0 00		      .byte.b	%11000000, %00000000
   1304  1611					      endif
   1305  1611		       c0 00		      .byte.b	%11000000, %00000000
   1306  1613					      if	(pfwidth>2)
   1307  1613		       c0 00		      .byte.b	%11000000, %00000000
   1308  1615					      endif
   1309  1615		       c0 00		      .byte.b	%11000000, %00000000
   1310  1617					      if	(pfwidth>2)
   1311  1617		       c0 00		      .byte.b	%11000000, %00000000
   1312  1619					      endif
   1313  1619		       c0 00		      .byte.b	%11000000, %00000000
   1314  161b					      if	(pfwidth>2)
   1315  161b		       00 00		      .byte.b	%00000000, %00000000
   1316  161d					      endif
   1317  161d		       c0 00		      .byte.b	%11000000, %00000000
   1318  161f					      if	(pfwidth>2)
   1319  161f		       00 00		      .byte.b	%00000000, %00000000
   1320  1621					      endif
   1321  1621		       c0 00		      .byte.b	%11000000, %00000000
   1322  1623					      if	(pfwidth>2)
   1323  1623		       00 00		      .byte.b	%00000000, %00000000
   1324  1625					      endif
   1325  1625		       c0 00		      .byte.b	%11000000, %00000000
   1326  1627					      if	(pfwidth>2)
   1327  1627		       c0 00		      .byte.b	%11000000, %00000000
   1328  1629					      endif
   1329  1629		       c0 00		      .byte.b	%11000000, %00000000
   1330  162b					      if	(pfwidth>2)
   1331  162b		       c0 00		      .byte.b	%11000000, %00000000
   1332  162d					      endif
   1333  162d		       c0 00		      .byte.b	%11000000, %00000000
   1334  162f					      if	(pfwidth>2)
   1335  162f		       c0 00		      .byte.b	%11000000, %00000000
   1336  1631					      endif
   1337  1631		       ff 0f		      .byte.b	%11111111, %00001111
   1338  1633					      if	(pfwidth>2)
   1339  1633		       ff 0f		      .byte.b	%11111111, %00001111
   1340  1635					      endif
   1341  1635		       00 00		      .byte.b	%00000000, %00000000
   1342  1637					      if	(pfwidth>2)
   1343  1637		       00 00		      .byte.b	%00000000, %00000000
   1344  1639					      endif
   1345  1639				   pflabel7
   1346  1639		       bd 09 96 	      lda	PF_data7,x
   1347  163c		       9d 20 10 	      sta	playfield-128,x
   1348  163f		       ca		      dex
   1349  1640		       10 f7		      bpl	pflabel7
   1350  1642				   .L092		;;line 346;;  return
   1351  1642
   1352  1642		       ba		      tsx
   1353  1643		       b5 02		      lda	2,x	; check return address
   1354  1645		       49 96		      eor	#(>*)	; vs. current PCH
   1355  1647		       29 e0		      and	#$E0	;  mask off all but top 3 bits
   1356  1649		       f0 03		      beq	*+5	; if equal, do normal return
   1357  164b		       4c dd ff 	      JMP	BS_return
   1358  164e		       60		      RTS
   1359  164f				   .
   1360  164f							;;line 347;;
   1361  164f
   1362  164f				   .draw_room_shape_8
   1363  164f							;;line 348;; draw_room_shape_8
   1364  164f
   1365  164f				   .L093		;;line 349;;  playfield:
   1366  164f
   1367  164f					      ifconst	pfres
   1368  164f		       a2 2f		      ldx	#(12>pfres)*(pfres*pfwidth-1)+(12<=pfres)*47
   1369  1651				  -	      else
   1370  1651				  -	      ldx	#((12*pfwidth-1)*((12*pfwidth-1)<47))+(47*((12*pfwidth-1)>=47))
   1371  1651					      endif
   1372  1651		       4c 84 96 	      jmp	pflabel8
   1373  1654				   PF_data8
   1374  1654		       ff 0f		      .byte.b	%11111111, %00001111
   1375  1656					      if	(pfwidth>2)
   1376  1656		       ff 0f		      .byte.b	%11111111, %00001111
   1377  1658					      endif
   1378  1658		       c0 00		      .byte.b	%11000000, %00000000
   1379  165a					      if	(pfwidth>2)
   1380  165a		       c0 00		      .byte.b	%11000000, %00000000
   1381  165c					      endif
   1382  165c		       c0 00		      .byte.b	%11000000, %00000000
   1383  165e					      if	(pfwidth>2)
   1384  165e		       c0 00		      .byte.b	%11000000, %00000000
   1385  1660					      endif
   1386  1660		       c0 00		      .byte.b	%11000000, %00000000
   1387  1662					      if	(pfwidth>2)
   1388  1662		       c0 00		      .byte.b	%11000000, %00000000
   1389  1664					      endif
   1390  1664		       00 00		      .byte.b	%00000000, %00000000
   1391  1666					      if	(pfwidth>2)
   1392  1666		       c0 00		      .byte.b	%11000000, %00000000
   1393  1668					      endif
   1394  1668		       00 00		      .byte.b	%00000000, %00000000
   1395  166a					      if	(pfwidth>2)
   1396  166a		       c0 00		      .byte.b	%11000000, %00000000
   1397  166c					      endif
   1398  166c		       00 00		      .byte.b	%00000000, %00000000
   1399  166e					      if	(pfwidth>2)
   1400  166e		       c0 00		      .byte.b	%11000000, %00000000
   1401  1670					      endif
   1402  1670		       c0 00		      .byte.b	%11000000, %00000000
   1403  1672					      if	(pfwidth>2)
   1404  1672		       c0 00		      .byte.b	%11000000, %00000000
   1405  1674					      endif
   1406  1674		       c0 00		      .byte.b	%11000000, %00000000
   1407  1676					      if	(pfwidth>2)
   1408  1676		       c0 00		      .byte.b	%11000000, %00000000
   1409  1678					      endif
   1410  1678		       c0 00		      .byte.b	%11000000, %00000000
   1411  167a					      if	(pfwidth>2)
   1412  167a		       c0 00		      .byte.b	%11000000, %00000000
   1413  167c					      endif
   1414  167c		       ff ff		      .byte.b	%11111111, %11111111
   1415  167e					      if	(pfwidth>2)
   1416  167e		       ff ff		      .byte.b	%11111111, %11111111
   1417  1680					      endif
   1418  1680		       00 00		      .byte.b	%00000000, %00000000
   1419  1682					      if	(pfwidth>2)
   1420  1682		       00 00		      .byte.b	%00000000, %00000000
   1421  1684					      endif
   1422  1684				   pflabel8
   1423  1684		       bd 54 96 	      lda	PF_data8,x
   1424  1687		       9d 20 10 	      sta	playfield-128,x
   1425  168a		       ca		      dex
   1426  168b		       10 f7		      bpl	pflabel8
   1427  168d				   .L094		;;line 363;;  return
   1428  168d
   1429  168d		       ba		      tsx
   1430  168e		       b5 02		      lda	2,x	; check return address
   1431  1690		       49 96		      eor	#(>*)	; vs. current PCH
   1432  1692		       29 e0		      and	#$E0	;  mask off all but top 3 bits
   1433  1694		       f0 03		      beq	*+5	; if equal, do normal return
   1434  1696		       4c dd ff 	      JMP	BS_return
   1435  1699		       60		      RTS
   1436  169a				   .
   1437  169a							;;line 364;;
   1438  169a
   1439  169a				   .draw_room_shape_9
   1440  169a							;;line 365;; draw_room_shape_9
   1441  169a
   1442  169a				   .L095		;;line 366;;  playfield:
   1443  169a
   1444  169a					      ifconst	pfres
   1445  169a		       a2 2f		      ldx	#(12>pfres)*(pfres*pfwidth-1)+(12<=pfres)*47
   1446  169c				  -	      else
   1447  169c				  -	      ldx	#((12*pfwidth-1)*((12*pfwidth-1)<47))+(47*((12*pfwidth-1)>=47))
   1448  169c					      endif
   1449  169c		       4c cf 96 	      jmp	pflabel9
   1450  169f				   PF_data9
   1451  169f		       ff 0f		      .byte.b	%11111111, %00001111
   1452  16a1					      if	(pfwidth>2)
   1453  16a1		       ff 0f		      .byte.b	%11111111, %00001111
   1454  16a3					      endif
   1455  16a3		       c0 00		      .byte.b	%11000000, %00000000
   1456  16a5					      if	(pfwidth>2)
   1457  16a5		       c0 00		      .byte.b	%11000000, %00000000
   1458  16a7					      endif
   1459  16a7		       c0 00		      .byte.b	%11000000, %00000000
   1460  16a9					      if	(pfwidth>2)
   1461  16a9		       c0 00		      .byte.b	%11000000, %00000000
   1462  16ab					      endif
   1463  16ab		       c0 00		      .byte.b	%11000000, %00000000
   1464  16ad					      if	(pfwidth>2)
   1465  16ad		       c0 00		      .byte.b	%11000000, %00000000
   1466  16af					      endif
   1467  16af		       c0 00		      .byte.b	%11000000, %00000000
   1468  16b1					      if	(pfwidth>2)
   1469  16b1		       c0 00		      .byte.b	%11000000, %00000000
   1470  16b3					      endif
   1471  16b3		       c0 00		      .byte.b	%11000000, %00000000
   1472  16b5					      if	(pfwidth>2)
   1473  16b5		       c0 00		      .byte.b	%11000000, %00000000
   1474  16b7					      endif
   1475  16b7		       c0 00		      .byte.b	%11000000, %00000000
   1476  16b9					      if	(pfwidth>2)
   1477  16b9		       c0 00		      .byte.b	%11000000, %00000000
   1478  16bb					      endif
   1479  16bb		       c0 00		      .byte.b	%11000000, %00000000
   1480  16bd					      if	(pfwidth>2)
   1481  16bd		       c0 00		      .byte.b	%11000000, %00000000
   1482  16bf					      endif
   1483  16bf		       c0 00		      .byte.b	%11000000, %00000000
   1484  16c1					      if	(pfwidth>2)
   1485  16c1		       c0 00		      .byte.b	%11000000, %00000000
   1486  16c3					      endif
   1487  16c3		       c0 00		      .byte.b	%11000000, %00000000
   1488  16c5					      if	(pfwidth>2)
   1489  16c5		       c0 00		      .byte.b	%11000000, %00000000
   1490  16c7					      endif
   1491  16c7		       ff 0f		      .byte.b	%11111111, %00001111
   1492  16c9					      if	(pfwidth>2)
   1493  16c9		       ff 0f		      .byte.b	%11111111, %00001111
   1494  16cb					      endif
   1495  16cb		       00 00		      .byte.b	%00000000, %00000000
   1496  16cd					      if	(pfwidth>2)
   1497  16cd		       00 00		      .byte.b	%00000000, %00000000
   1498  16cf					      endif
   1499  16cf				   pflabel9
   1500  16cf		       bd 9f 96 	      lda	PF_data9,x
   1501  16d2		       9d 20 10 	      sta	playfield-128,x
   1502  16d5		       ca		      dex
   1503  16d6		       10 f7		      bpl	pflabel9
   1504  16d8				   .L096		;;line 380;;  return
   1505  16d8
   1506  16d8		       ba		      tsx
   1507  16d9		       b5 02		      lda	2,x	; check return address
   1508  16db		       49 96		      eor	#(>*)	; vs. current PCH
   1509  16dd		       29 e0		      and	#$E0	;  mask off all but top 3 bits
   1510  16df		       f0 03		      beq	*+5	; if equal, do normal return
   1511  16e1		       4c dd ff 	      JMP	BS_return
   1512  16e4		       60		      RTS
   1513  16e5				   .
   1514  16e5							;;line 381;;
   1515  16e5
   1516  16e5				   .draw_room_shape_10
   1517  16e5							;;line 382;; draw_room_shape_10
   1518  16e5
   1519  16e5				   .L097		;;line 383;;  playfield:
   1520  16e5
   1521  16e5					      ifconst	pfres
   1522  16e5		       a2 2f		      ldx	#(12>pfres)*(pfres*pfwidth-1)+(12<=pfres)*47
   1523  16e7				  -	      else
   1524  16e7				  -	      ldx	#((12*pfwidth-1)*((12*pfwidth-1)<47))+(47*((12*pfwidth-1)>=47))
   1525  16e7					      endif
   1526  16e7		       4c 1a 97 	      jmp	pflabel10
   1527  16ea				   PF_data10
   1528  16ea		       ff 0f		      .byte.b	%11111111, %00001111
   1529  16ec					      if	(pfwidth>2)
   1530  16ec		       ff 0f		      .byte.b	%11111111, %00001111
   1531  16ee					      endif
   1532  16ee		       c0 00		      .byte.b	%11000000, %00000000
   1533  16f0					      if	(pfwidth>2)
   1534  16f0		       c0 00		      .byte.b	%11000000, %00000000
   1535  16f2					      endif
   1536  16f2		       c0 00		      .byte.b	%11000000, %00000000
   1537  16f4					      if	(pfwidth>2)
   1538  16f4		       c0 00		      .byte.b	%11000000, %00000000
   1539  16f6					      endif
   1540  16f6		       c0 00		      .byte.b	%11000000, %00000000
   1541  16f8					      if	(pfwidth>2)
   1542  16f8		       c0 00		      .byte.b	%11000000, %00000000
   1543  16fa					      endif
   1544  16fa		       c0 00		      .byte.b	%11000000, %00000000
   1545  16fc					      if	(pfwidth>2)
   1546  16fc		       00 00		      .byte.b	%00000000, %00000000
   1547  16fe					      endif
   1548  16fe		       c0 00		      .byte.b	%11000000, %00000000
   1549  1700					      if	(pfwidth>2)
   1550  1700		       00 00		      .byte.b	%00000000, %00000000
   1551  1702					      endif
   1552  1702		       c0 00		      .byte.b	%11000000, %00000000
   1553  1704					      if	(pfwidth>2)
   1554  1704		       00 00		      .byte.b	%00000000, %00000000
   1555  1706					      endif
   1556  1706		       c0 00		      .byte.b	%11000000, %00000000
   1557  1708					      if	(pfwidth>2)
   1558  1708		       c0 00		      .byte.b	%11000000, %00000000
   1559  170a					      endif
   1560  170a		       c0 00		      .byte.b	%11000000, %00000000
   1561  170c					      if	(pfwidth>2)
   1562  170c		       c0 00		      .byte.b	%11000000, %00000000
   1563  170e					      endif
   1564  170e		       c0 00		      .byte.b	%11000000, %00000000
   1565  1710					      if	(pfwidth>2)
   1566  1710		       c0 00		      .byte.b	%11000000, %00000000
   1567  1712					      endif
   1568  1712		       ff ff		      .byte.b	%11111111, %11111111
   1569  1714					      if	(pfwidth>2)
   1570  1714		       ff ff		      .byte.b	%11111111, %11111111
   1571  1716					      endif
   1572  1716		       00 00		      .byte.b	%00000000, %00000000
   1573  1718					      if	(pfwidth>2)
   1574  1718		       00 00		      .byte.b	%00000000, %00000000
   1575  171a					      endif
   1576  171a				   pflabel10
   1577  171a		       bd ea 96 	      lda	PF_data10,x
   1578  171d		       9d 20 10 	      sta	playfield-128,x
   1579  1720		       ca		      dex
   1580  1721		       10 f7		      bpl	pflabel10
   1581  1723				   .L098		;;line 397;;  return
   1582  1723
   1583  1723		       ba		      tsx
   1584  1724		       b5 02		      lda	2,x	; check return address
   1585  1726		       49 97		      eor	#(>*)	; vs. current PCH
   1586  1728		       29 e0		      and	#$E0	;  mask off all but top 3 bits
   1587  172a		       f0 03		      beq	*+5	; if equal, do normal return
   1588  172c		       4c dd ff 	      JMP	BS_return
   1589  172f		       60		      RTS
   1590  1730				   .
   1591  1730							;;line 398;;
   1592  1730
   1593  1730				   .draw_room_shape_11
   1594  1730							;;line 399;; draw_room_shape_11
   1595  1730
   1596  1730				   .L099		;;line 400;;  playfield:
   1597  1730
   1598  1730					      ifconst	pfres
   1599  1730		       a2 2f		      ldx	#(12>pfres)*(pfres*pfwidth-1)+(12<=pfres)*47
   1600  1732				  -	      else
   1601  1732				  -	      ldx	#((12*pfwidth-1)*((12*pfwidth-1)<47))+(47*((12*pfwidth-1)>=47))
   1602  1732					      endif
   1603  1732		       4c 65 97 	      jmp	pflabel11
   1604  1735				   PF_data11
   1605  1735		       ff ff		      .byte.b	%11111111, %11111111
   1606  1737					      if	(pfwidth>2)
   1607  1737		       ff ff		      .byte.b	%11111111, %11111111
   1608  1739					      endif
   1609  1739		       c0 00		      .byte.b	%11000000, %00000000
   1610  173b					      if	(pfwidth>2)
   1611  173b		       c0 00		      .byte.b	%11000000, %00000000
   1612  173d					      endif
   1613  173d		       c0 00		      .byte.b	%11000000, %00000000
   1614  173f					      if	(pfwidth>2)
   1615  173f		       c0 00		      .byte.b	%11000000, %00000000
   1616  1741					      endif
   1617  1741		       c0 00		      .byte.b	%11000000, %00000000
   1618  1743					      if	(pfwidth>2)
   1619  1743		       c0 00		      .byte.b	%11000000, %00000000
   1620  1745					      endif
   1621  1745		       00 00		      .byte.b	%00000000, %00000000
   1622  1747					      if	(pfwidth>2)
   1623  1747		       c0 00		      .byte.b	%11000000, %00000000
   1624  1749					      endif
   1625  1749		       00 00		      .byte.b	%00000000, %00000000
   1626  174b					      if	(pfwidth>2)
   1627  174b		       c0 00		      .byte.b	%11000000, %00000000
   1628  174d					      endif
   1629  174d		       00 00		      .byte.b	%00000000, %00000000
   1630  174f					      if	(pfwidth>2)
   1631  174f		       c0 00		      .byte.b	%11000000, %00000000
   1632  1751					      endif
   1633  1751		       c0 00		      .byte.b	%11000000, %00000000
   1634  1753					      if	(pfwidth>2)
   1635  1753		       c0 00		      .byte.b	%11000000, %00000000
   1636  1755					      endif
   1637  1755		       c0 00		      .byte.b	%11000000, %00000000
   1638  1757					      if	(pfwidth>2)
   1639  1757		       c0 00		      .byte.b	%11000000, %00000000
   1640  1759					      endif
   1641  1759		       c0 00		      .byte.b	%11000000, %00000000
   1642  175b					      if	(pfwidth>2)
   1643  175b		       c0 00		      .byte.b	%11000000, %00000000
   1644  175d					      endif
   1645  175d		       ff ff		      .byte.b	%11111111, %11111111
   1646  175f					      if	(pfwidth>2)
   1647  175f		       ff ff		      .byte.b	%11111111, %11111111
   1648  1761					      endif
   1649  1761		       00 00		      .byte.b	%00000000, %00000000
   1650  1763					      if	(pfwidth>2)
   1651  1763		       00 00		      .byte.b	%00000000, %00000000
   1652  1765					      endif
   1653  1765				   pflabel11
   1654  1765		       bd 35 97 	      lda	PF_data11,x
   1655  1768		       9d 20 10 	      sta	playfield-128,x
   1656  176b		       ca		      dex
   1657  176c		       10 f7		      bpl	pflabel11
   1658  176e				   .L0100		;;line 414;;  return
   1659  176e
   1660  176e		       ba		      tsx
   1661  176f		       b5 02		      lda	2,x	; check return address
   1662  1771		       49 97		      eor	#(>*)	; vs. current PCH
   1663  1773		       29 e0		      and	#$E0	;  mask off all but top 3 bits
   1664  1775		       f0 03		      beq	*+5	; if equal, do normal return
   1665  1777		       4c dd ff 	      JMP	BS_return
   1666  177a		       60		      RTS
   1667  177b				   .
   1668  177b							;;line 415;;
   1669  177b
   1670  177b				   .draw_room_shape_12
   1671  177b							;;line 416;; draw_room_shape_12
   1672  177b
   1673  177b				   .L0101		;;line 417;;  playfield:
   1674  177b
   1675  177b					      ifconst	pfres
   1676  177b		       a2 2f		      ldx	#(12>pfres)*(pfres*pfwidth-1)+(12<=pfres)*47
   1677  177d				  -	      else
   1678  177d				  -	      ldx	#((12*pfwidth-1)*((12*pfwidth-1)<47))+(47*((12*pfwidth-1)>=47))
   1679  177d					      endif
   1680  177d		       4c b0 97 	      jmp	pflabel12
   1681  1780				   PF_data12
   1682  1780		       ff ff		      .byte.b	%11111111, %11111111
   1683  1782					      if	(pfwidth>2)
   1684  1782		       ff ff		      .byte.b	%11111111, %11111111
   1685  1784					      endif
   1686  1784		       c0 00		      .byte.b	%11000000, %00000000
   1687  1786					      if	(pfwidth>2)
   1688  1786		       c0 00		      .byte.b	%11000000, %00000000
   1689  1788					      endif
   1690  1788		       c0 00		      .byte.b	%11000000, %00000000
   1691  178a					      if	(pfwidth>2)
   1692  178a		       c0 00		      .byte.b	%11000000, %00000000
   1693  178c					      endif
   1694  178c		       c0 00		      .byte.b	%11000000, %00000000
   1695  178e					      if	(pfwidth>2)
   1696  178e		       c0 00		      .byte.b	%11000000, %00000000
   1697  1790					      endif
   1698  1790		       c0 00		      .byte.b	%11000000, %00000000
   1699  1792					      if	(pfwidth>2)
   1700  1792		       c0 00		      .byte.b	%11000000, %00000000
   1701  1794					      endif
   1702  1794		       c0 00		      .byte.b	%11000000, %00000000
   1703  1796					      if	(pfwidth>2)
   1704  1796		       c0 00		      .byte.b	%11000000, %00000000
   1705  1798					      endif
   1706  1798		       c0 00		      .byte.b	%11000000, %00000000
   1707  179a					      if	(pfwidth>2)
   1708  179a		       c0 00		      .byte.b	%11000000, %00000000
   1709  179c					      endif
   1710  179c		       c0 00		      .byte.b	%11000000, %00000000
   1711  179e					      if	(pfwidth>2)
   1712  179e		       c0 00		      .byte.b	%11000000, %00000000
   1713  17a0					      endif
   1714  17a0		       c0 00		      .byte.b	%11000000, %00000000
   1715  17a2					      if	(pfwidth>2)
   1716  17a2		       c0 00		      .byte.b	%11000000, %00000000
   1717  17a4					      endif
   1718  17a4		       c0 00		      .byte.b	%11000000, %00000000
   1719  17a6					      if	(pfwidth>2)
   1720  17a6		       c0 00		      .byte.b	%11000000, %00000000
   1721  17a8					      endif
   1722  17a8		       ff 0f		      .byte.b	%11111111, %00001111
   1723  17aa					      if	(pfwidth>2)
   1724  17aa		       ff 0f		      .byte.b	%11111111, %00001111
   1725  17ac					      endif
   1726  17ac		       00 00		      .byte.b	%00000000, %00000000
   1727  17ae					      if	(pfwidth>2)
   1728  17ae		       00 00		      .byte.b	%00000000, %00000000
   1729  17b0					      endif
   1730  17b0				   pflabel12
   1731  17b0		       bd 80 97 	      lda	PF_data12,x
   1732  17b3		       9d 20 10 	      sta	playfield-128,x
   1733  17b6		       ca		      dex
   1734  17b7		       10 f7		      bpl	pflabel12
   1735  17b9				   .L0102		;;line 431;;  return
   1736  17b9
   1737  17b9		       ba		      tsx
   1738  17ba		       b5 02		      lda	2,x	; check return address
   1739  17bc		       49 97		      eor	#(>*)	; vs. current PCH
   1740  17be		       29 e0		      and	#$E0	;  mask off all but top 3 bits
   1741  17c0		       f0 03		      beq	*+5	; if equal, do normal return
   1742  17c2		       4c dd ff 	      JMP	BS_return
   1743  17c5		       60		      RTS
   1744  17c6				   .
   1745  17c6							;;line 432;;
   1746  17c6
   1747  17c6				   .draw_room_shape_13
   1748  17c6							;;line 433;; draw_room_shape_13
   1749  17c6
   1750  17c6				   .L0103		;;line 434;;  playfield:
   1751  17c6
   1752  17c6					      ifconst	pfres
   1753  17c6		       a2 2f		      ldx	#(12>pfres)*(pfres*pfwidth-1)+(12<=pfres)*47
   1754  17c8				  -	      else
   1755  17c8				  -	      ldx	#((12*pfwidth-1)*((12*pfwidth-1)<47))+(47*((12*pfwidth-1)>=47))
   1756  17c8					      endif
   1757  17c8		       4c fb 97 	      jmp	pflabel13
   1758  17cb				   PF_data13
   1759  17cb		       ff ff		      .byte.b	%11111111, %11111111
   1760  17cd					      if	(pfwidth>2)
   1761  17cd		       ff ff		      .byte.b	%11111111, %11111111
   1762  17cf					      endif
   1763  17cf		       c0 00		      .byte.b	%11000000, %00000000
   1764  17d1					      if	(pfwidth>2)
   1765  17d1		       c0 00		      .byte.b	%11000000, %00000000
   1766  17d3					      endif
   1767  17d3		       c0 00		      .byte.b	%11000000, %00000000
   1768  17d5					      if	(pfwidth>2)
   1769  17d5		       c0 00		      .byte.b	%11000000, %00000000
   1770  17d7					      endif
   1771  17d7		       c0 00		      .byte.b	%11000000, %00000000
   1772  17d9					      if	(pfwidth>2)
   1773  17d9		       c0 00		      .byte.b	%11000000, %00000000
   1774  17db					      endif
   1775  17db		       c0 00		      .byte.b	%11000000, %00000000
   1776  17dd					      if	(pfwidth>2)
   1777  17dd		       00 00		      .byte.b	%00000000, %00000000
   1778  17df					      endif
   1779  17df		       c0 00		      .byte.b	%11000000, %00000000
   1780  17e1					      if	(pfwidth>2)
   1781  17e1		       00 00		      .byte.b	%00000000, %00000000
   1782  17e3					      endif
   1783  17e3		       c0 00		      .byte.b	%11000000, %00000000
   1784  17e5					      if	(pfwidth>2)
   1785  17e5		       00 00		      .byte.b	%00000000, %00000000
   1786  17e7					      endif
   1787  17e7		       c0 00		      .byte.b	%11000000, %00000000
   1788  17e9					      if	(pfwidth>2)
   1789  17e9		       c0 00		      .byte.b	%11000000, %00000000
   1790  17eb					      endif
   1791  17eb		       c0 00		      .byte.b	%11000000, %00000000
   1792  17ed					      if	(pfwidth>2)
   1793  17ed		       c0 00		      .byte.b	%11000000, %00000000
   1794  17ef					      endif
   1795  17ef		       c0 00		      .byte.b	%11000000, %00000000
   1796  17f1					      if	(pfwidth>2)
   1797  17f1		       c0 00		      .byte.b	%11000000, %00000000
   1798  17f3					      endif
   1799  17f3		       ff ff		      .byte.b	%11111111, %11111111
   1800  17f5					      if	(pfwidth>2)
   1801  17f5		       ff ff		      .byte.b	%11111111, %11111111
   1802  17f7					      endif
   1803  17f7		       00 00		      .byte.b	%00000000, %00000000
   1804  17f9					      if	(pfwidth>2)
   1805  17f9		       00 00		      .byte.b	%00000000, %00000000
   1806  17fb					      endif
   1807  17fb				   pflabel13
   1808  17fb		       bd cb 97 	      lda	PF_data13,x
   1809  17fe		       9d 20 10 	      sta	playfield-128,x
   1810  1801		       ca		      dex
   1811  1802		       10 f7		      bpl	pflabel13
   1812  1804				   .L0104		;;line 448;;  return
   1813  1804
   1814  1804		       ba		      tsx
   1815  1805		       b5 02		      lda	2,x	; check return address
   1816  1807		       49 98		      eor	#(>*)	; vs. current PCH
   1817  1809		       29 e0		      and	#$E0	;  mask off all but top 3 bits
   1818  180b		       f0 03		      beq	*+5	; if equal, do normal return
   1819  180d		       4c dd ff 	      JMP	BS_return
   1820  1810		       60		      RTS
   1821  1811				   .
   1822  1811							;;line 449;;
   1823  1811
   1824  1811				   .draw_room_shape_14
   1825  1811							;;line 450;; draw_room_shape_14
   1826  1811
   1827  1811				   .L0105		;;line 451;;  playfield:
   1828  1811
   1829  1811					      ifconst	pfres
   1830  1811		       a2 2f		      ldx	#(12>pfres)*(pfres*pfwidth-1)+(12<=pfres)*47
   1831  1813				  -	      else
   1832  1813				  -	      ldx	#((12*pfwidth-1)*((12*pfwidth-1)<47))+(47*((12*pfwidth-1)>=47))
   1833  1813					      endif
   1834  1813		       4c 46 98 	      jmp	pflabel14
   1835  1816				   PF_data14
   1836  1816		       ff 0f		      .byte.b	%11111111, %00001111
   1837  1818					      if	(pfwidth>2)
   1838  1818		       ff 0f		      .byte.b	%11111111, %00001111
   1839  181a					      endif
   1840  181a		       c0 00		      .byte.b	%11000000, %00000000
   1841  181c					      if	(pfwidth>2)
   1842  181c		       c0 00		      .byte.b	%11000000, %00000000
   1843  181e					      endif
   1844  181e		       c0 00		      .byte.b	%11000000, %00000000
   1845  1820					      if	(pfwidth>2)
   1846  1820		       c0 00		      .byte.b	%11000000, %00000000
   1847  1822					      endif
   1848  1822		       c0 00		      .byte.b	%11000000, %00000000
   1849  1824					      if	(pfwidth>2)
   1850  1824		       c0 00		      .byte.b	%11000000, %00000000
   1851  1826					      endif
   1852  1826		       c0 00		      .byte.b	%11000000, %00000000
   1853  1828					      if	(pfwidth>2)
   1854  1828		       c0 00		      .byte.b	%11000000, %00000000
   1855  182a					      endif
   1856  182a		       c0 00		      .byte.b	%11000000, %00000000
   1857  182c					      if	(pfwidth>2)
   1858  182c		       c0 00		      .byte.b	%11000000, %00000000
   1859  182e					      endif
   1860  182e		       c0 00		      .byte.b	%11000000, %00000000
   1861  1830					      if	(pfwidth>2)
   1862  1830		       c0 00		      .byte.b	%11000000, %00000000
   1863  1832					      endif
   1864  1832		       c0 00		      .byte.b	%11000000, %00000000
   1865  1834					      if	(pfwidth>2)
   1866  1834		       c0 00		      .byte.b	%11000000, %00000000
   1867  1836					      endif
   1868  1836		       c0 00		      .byte.b	%11000000, %00000000
   1869  1838					      if	(pfwidth>2)
   1870  1838		       c0 00		      .byte.b	%11000000, %00000000
   1871  183a					      endif
   1872  183a		       c0 00		      .byte.b	%11000000, %00000000
   1873  183c					      if	(pfwidth>2)
   1874  183c		       c0 00		      .byte.b	%11000000, %00000000
   1875  183e					      endif
   1876  183e		       ff ff		      .byte.b	%11111111, %11111111
   1877  1840					      if	(pfwidth>2)
   1878  1840		       ff ff		      .byte.b	%11111111, %11111111
   1879  1842					      endif
   1880  1842		       00 00		      .byte.b	%00000000, %00000000
   1881  1844					      if	(pfwidth>2)
   1882  1844		       00 00		      .byte.b	%00000000, %00000000
   1883  1846					      endif
   1884  1846				   pflabel14
   1885  1846		       bd 16 98 	      lda	PF_data14,x
   1886  1849		       9d 20 10 	      sta	playfield-128,x
   1887  184c		       ca		      dex
   1888  184d		       10 f7		      bpl	pflabel14
   1889  184f				   .L0106		;;line 465;;  return
   1890  184f
   1891  184f		       ba		      tsx
   1892  1850		       b5 02		      lda	2,x	; check return address
   1893  1852		       49 98		      eor	#(>*)	; vs. current PCH
   1894  1854		       29 e0		      and	#$E0	;  mask off all but top 3 bits
   1895  1856		       f0 03		      beq	*+5	; if equal, do normal return
   1896  1858		       4c dd ff 	      JMP	BS_return
   1897  185b		       60		      RTS
   1898  185c				   .
   1899  185c							;;line 466;;
   1900  185c
   1901  185c				   .draw_room_shape_15
   1902  185c							;;line 467;; draw_room_shape_15
   1903  185c
   1904  185c				   .L0107		;;line 468;;  playfield:
   1905  185c
   1906  185c					      ifconst	pfres
   1907  185c		       a2 2f		      ldx	#(12>pfres)*(pfres*pfwidth-1)+(12<=pfres)*47
   1908  185e				  -	      else
   1909  185e				  -	      ldx	#((12*pfwidth-1)*((12*pfwidth-1)<47))+(47*((12*pfwidth-1)>=47))
   1910  185e					      endif
   1911  185e		       4c 91 98 	      jmp	pflabel15
   1912  1861				   PF_data15
   1913  1861		       ff ff		      .byte.b	%11111111, %11111111
   1914  1863					      if	(pfwidth>2)
   1915  1863		       ff ff		      .byte.b	%11111111, %11111111
   1916  1865					      endif
   1917  1865		       c2 05		      .byte.b	%11000010, %00000101
   1918  1867					      if	(pfwidth>2)
   1919  1867		       c2 05		      .byte.b	%11000010, %00000101
   1920  1869					      endif
   1921  1869		       c3 07		      .byte.b	%11000011, %00000111
   1922  186b					      if	(pfwidth>2)
   1923  186b		       c3 07		      .byte.b	%11000011, %00000111
   1924  186d					      endif
   1925  186d		       c3 67		      .byte.b	%11000011, %01100111
   1926  186f					      if	(pfwidth>2)
   1927  186f		       c3 67		      .byte.b	%11000011, %01100111
   1928  1871					      endif
   1929  1871		       c3 ff		      .byte.b	%11000011, %11111111
   1930  1873					      if	(pfwidth>2)
   1931  1873		       c3 ff		      .byte.b	%11000011, %11111111
   1932  1875					      endif
   1933  1875		       c3 ff		      .byte.b	%11000011, %11111111
   1934  1877					      if	(pfwidth>2)
   1935  1877		       c3 ff		      .byte.b	%11000011, %11111111
   1936  1879					      endif
   1937  1879		       c3 7f		      .byte.b	%11000011, %01111111
   1938  187b					      if	(pfwidth>2)
   1939  187b		       c3 7f		      .byte.b	%11000011, %01111111
   1940  187d					      endif
   1941  187d		       c3 3f		      .byte.b	%11000011, %00111111
   1942  187f					      if	(pfwidth>2)
   1943  187f		       c3 3f		      .byte.b	%11000011, %00111111
   1944  1881					      endif
   1945  1881		       c0 00		      .byte.b	%11000000, %00000000
   1946  1883					      if	(pfwidth>2)
   1947  1883		       c0 00		      .byte.b	%11000000, %00000000
   1948  1885					      endif
   1949  1885		       c0 00		      .byte.b	%11000000, %00000000
   1950  1887					      if	(pfwidth>2)
   1951  1887		       c0 00		      .byte.b	%11000000, %00000000
   1952  1889					      endif
   1953  1889		       ff 0f		      .byte.b	%11111111, %00001111
   1954  188b					      if	(pfwidth>2)
   1955  188b		       ff 0f		      .byte.b	%11111111, %00001111
   1956  188d					      endif
   1957  188d		       00 00		      .byte.b	%00000000, %00000000
   1958  188f					      if	(pfwidth>2)
   1959  188f		       00 00		      .byte.b	%00000000, %00000000
   1960  1891					      endif
   1961  1891				   pflabel15
   1962  1891		       bd 61 98 	      lda	PF_data15,x
   1963  1894		       9d 20 10 	      sta	playfield-128,x
   1964  1897		       ca		      dex
   1965  1898		       10 f7		      bpl	pflabel15
   1966  189a				   .L0108		;;line 482;;  return
   1967  189a		       ba		      tsx
   1968  189b		       b5 02		      lda	2,x	; check return address
   1969  189d		       49 98		      eor	#(>*)	; vs. current PCH
   1970  189f		       29 e0		      and	#$E0	;  mask off all but top 3 bits
   1971  18a1		       f0 03		      beq	*+5	; if equal, do normal return
   1972  18a3		       4c dd ff 	      JMP	BS_return
   1973  18a6		       60		      RTS
   1974  18a7					      if	ECHO1
      1837 bytes of ROM space left in bank 1
   1975  18a7					      echo	"    ",[(start_bank1 - *)]d , "bytes of ROM space left in bank 1")
   1976  18a7					      endif
   1977  18a7		       00 01	   ECHO1      =	1
   1978  1fd4					      ORG	$1FF4-bscode_length
   1979  1fd4					      RORG	$9FF4-bscode_length
   1980  1fd4		       a2 ff	   start_bank1 ldx	#$ff
   1981  1fd6				  -	      ifconst	FASTFETCH	; using DPC+
   1982  1fd6				  -	      stx	FASTFETCH
   1983  1fd6					      endif
   1984  1fd6		       9a		      txs
   1985  1fd7				  -	      if	bankswitch == 64
   1986  1fd7				  -	      lda	#(((>(start-1)) & $0F) | $F0)
   1987  1fd7					      else
   1988  1fd7		       a9 f3		      lda	#>(start-1)
   1989  1fd9					      endif
   1990  1fd9		       48		      pha
   1991  1fda		       a9 da		      lda	#<(start-1)
   1992  1fdc		       48		      pha
   1993  1fdd		       48		      pha
   1994  1fde		       8a		      txa
   1995  1fdf		       48		      pha
   1996  1fe0		       ba		      tsx
   1997  1fe1					      if	bankswitch != 64
   1998  1fe1		       b5 04		      lda	4,x	; get high byte of return address
   1999  1fe3		       2a		      rol
   2000  1fe4		       2a		      rol
   2001  1fe5		       2a		      rol
   2002  1fe6		       2a		      rol
   2003  1fe7		       29 03		      and	#bs_mask	;1 3 or 7 for F8/F6/F4
   2004  1fe9		       aa		      tax
   2005  1fea		       e8		      inx
   2006  1feb				  -	      else
   2007  1feb				  -	      lda	4,x	; get high byte of return address
   2008  1feb				  -	      tay
   2009  1feb				  -	      ora	#$10	; change our bank nibble into a valid rom mirror
   2010  1feb				  -	      sta	4,x
   2011  1feb				  -	      tya
   2012  1feb				  -	      lsr
   2013  1feb				  -	      lsr
   2014  1feb				  -	      lsr
   2015  1feb				  -	      lsr
   2016  1feb				  -	      tax
   2017  1feb				  -	      inx
   2018  1feb					      endif
   2019  1feb		       bd f5 1f 	      lda	bankswitch_hotspot-1,x
   2020  1fee		       68		      pla
   2021  1fef		       aa		      tax
   2022  1ff0		       68		      pla
   2023  1ff1		       60		      rts
   2024  1ff2				  -	      if	((* & $1FFF) > ((bankswitch_hotspot & $1FFF) - 1))
   2025  1ff2				  -	      echo	"WARNING: size parameter in banksw.asm too small - the program probably will not work."
   2026  1ff2				  -	      echo	"Change to",[(*-begin_bscode+1)&$FF]d,"and try again."
   2027  1ff2					      endif
   2028  1ffc					      ORG	$1FFC
   2029  1ffc					      RORG	$9FFC
   2030  1ffc		       d4 9f		      .word.w	(start_bank1 & $ffff)
   2031  1ffe		       d4 9f		      .word.w	(start_bank1 & $ffff)
   2032  2000					      ORG	$2000
   2033  2000					      RORG	$B000
   2034  2000					      repeat	256
   2035  2000		       ff		      .byte.b	$ff
   2034  2000					      repend
   2035  2001		       ff		      .byte.b	$ff
   2034  2001					      repend
   2035  2002		       ff		      .byte.b	$ff
   2034  2002					      repend
   2035  2003		       ff		      .byte.b	$ff
   2034  2003					      repend
   2035  2004		       ff		      .byte.b	$ff
   2034  2004					      repend
   2035  2005		       ff		      .byte.b	$ff
   2034  2005					      repend
   2035  2006		       ff		      .byte.b	$ff
   2034  2006					      repend
   2035  2007		       ff		      .byte.b	$ff
   2034  2007					      repend
   2035  2008		       ff		      .byte.b	$ff
   2034  2008					      repend
   2035  2009		       ff		      .byte.b	$ff
   2034  2009					      repend
   2035  200a		       ff		      .byte.b	$ff
   2034  200a					      repend
   2035  200b		       ff		      .byte.b	$ff
   2034  200b					      repend
   2035  200c		       ff		      .byte.b	$ff
   2034  200c					      repend
   2035  200d		       ff		      .byte.b	$ff
   2034  200d					      repend
   2035  200e		       ff		      .byte.b	$ff
   2034  200e					      repend
   2035  200f		       ff		      .byte.b	$ff
   2034  200f					      repend
   2035  2010		       ff		      .byte.b	$ff
   2034  2010					      repend
   2035  2011		       ff		      .byte.b	$ff
   2034  2011					      repend
   2035  2012		       ff		      .byte.b	$ff
   2034  2012					      repend
   2035  2013		       ff		      .byte.b	$ff
   2034  2013					      repend
   2035  2014		       ff		      .byte.b	$ff
   2034  2014					      repend
   2035  2015		       ff		      .byte.b	$ff
   2034  2015					      repend
   2035  2016		       ff		      .byte.b	$ff
   2034  2016					      repend
   2035  2017		       ff		      .byte.b	$ff
   2034  2017					      repend
   2035  2018		       ff		      .byte.b	$ff
   2034  2018					      repend
   2035  2019		       ff		      .byte.b	$ff
   2034  2019					      repend
   2035  201a		       ff		      .byte.b	$ff
   2034  201a					      repend
   2035  201b		       ff		      .byte.b	$ff
   2034  201b					      repend
   2035  201c		       ff		      .byte.b	$ff
   2034  201c					      repend
   2035  201d		       ff		      .byte.b	$ff
   2034  201d					      repend
   2035  201e		       ff		      .byte.b	$ff
   2034  201e					      repend
   2035  201f		       ff		      .byte.b	$ff
   2034  201f					      repend
   2035  2020		       ff		      .byte.b	$ff
   2034  2020					      repend
   2035  2021		       ff		      .byte.b	$ff
   2034  2021					      repend
   2035  2022		       ff		      .byte.b	$ff
   2034  2022					      repend
   2035  2023		       ff		      .byte.b	$ff
   2034  2023					      repend
   2035  2024		       ff		      .byte.b	$ff
   2034  2024					      repend
   2035  2025		       ff		      .byte.b	$ff
   2034  2025					      repend
   2035  2026		       ff		      .byte.b	$ff
   2034  2026					      repend
   2035  2027		       ff		      .byte.b	$ff
   2034  2027					      repend
   2035  2028		       ff		      .byte.b	$ff
   2034  2028					      repend
   2035  2029		       ff		      .byte.b	$ff
   2034  2029					      repend
   2035  202a		       ff		      .byte.b	$ff
   2034  202a					      repend
   2035  202b		       ff		      .byte.b	$ff
   2034  202b					      repend
   2035  202c		       ff		      .byte.b	$ff
   2034  202c					      repend
   2035  202d		       ff		      .byte.b	$ff
   2034  202d					      repend
   2035  202e		       ff		      .byte.b	$ff
   2034  202e					      repend
   2035  202f		       ff		      .byte.b	$ff
   2034  202f					      repend
   2035  2030		       ff		      .byte.b	$ff
   2034  2030					      repend
   2035  2031		       ff		      .byte.b	$ff
   2034  2031					      repend
   2035  2032		       ff		      .byte.b	$ff
   2034  2032					      repend
   2035  2033		       ff		      .byte.b	$ff
   2034  2033					      repend
   2035  2034		       ff		      .byte.b	$ff
   2034  2034					      repend
   2035  2035		       ff		      .byte.b	$ff
   2034  2035					      repend
   2035  2036		       ff		      .byte.b	$ff
   2034  2036					      repend
   2035  2037		       ff		      .byte.b	$ff
   2034  2037					      repend
   2035  2038		       ff		      .byte.b	$ff
   2034  2038					      repend
   2035  2039		       ff		      .byte.b	$ff
   2034  2039					      repend
   2035  203a		       ff		      .byte.b	$ff
   2034  203a					      repend
   2035  203b		       ff		      .byte.b	$ff
   2034  203b					      repend
   2035  203c		       ff		      .byte.b	$ff
   2034  203c					      repend
   2035  203d		       ff		      .byte.b	$ff
   2034  203d					      repend
   2035  203e		       ff		      .byte.b	$ff
   2034  203e					      repend
   2035  203f		       ff		      .byte.b	$ff
   2034  203f					      repend
   2035  2040		       ff		      .byte.b	$ff
   2034  2040					      repend
   2035  2041		       ff		      .byte.b	$ff
   2034  2041					      repend
   2035  2042		       ff		      .byte.b	$ff
   2034  2042					      repend
   2035  2043		       ff		      .byte.b	$ff
   2034  2043					      repend
   2035  2044		       ff		      .byte.b	$ff
   2034  2044					      repend
   2035  2045		       ff		      .byte.b	$ff
   2034  2045					      repend
   2035  2046		       ff		      .byte.b	$ff
   2034  2046					      repend
   2035  2047		       ff		      .byte.b	$ff
   2034  2047					      repend
   2035  2048		       ff		      .byte.b	$ff
   2034  2048					      repend
   2035  2049		       ff		      .byte.b	$ff
   2034  2049					      repend
   2035  204a		       ff		      .byte.b	$ff
   2034  204a					      repend
   2035  204b		       ff		      .byte.b	$ff
   2034  204b					      repend
   2035  204c		       ff		      .byte.b	$ff
   2034  204c					      repend
   2035  204d		       ff		      .byte.b	$ff
   2034  204d					      repend
   2035  204e		       ff		      .byte.b	$ff
   2034  204e					      repend
   2035  204f		       ff		      .byte.b	$ff
   2034  204f					      repend
   2035  2050		       ff		      .byte.b	$ff
   2034  2050					      repend
   2035  2051		       ff		      .byte.b	$ff
   2034  2051					      repend
   2035  2052		       ff		      .byte.b	$ff
   2034  2052					      repend
   2035  2053		       ff		      .byte.b	$ff
   2034  2053					      repend
   2035  2054		       ff		      .byte.b	$ff
   2034  2054					      repend
   2035  2055		       ff		      .byte.b	$ff
   2034  2055					      repend
   2035  2056		       ff		      .byte.b	$ff
   2034  2056					      repend
   2035  2057		       ff		      .byte.b	$ff
   2034  2057					      repend
   2035  2058		       ff		      .byte.b	$ff
   2034  2058					      repend
   2035  2059		       ff		      .byte.b	$ff
   2034  2059					      repend
   2035  205a		       ff		      .byte.b	$ff
   2034  205a					      repend
   2035  205b		       ff		      .byte.b	$ff
   2034  205b					      repend
   2035  205c		       ff		      .byte.b	$ff
   2034  205c					      repend
   2035  205d		       ff		      .byte.b	$ff
   2034  205d					      repend
   2035  205e		       ff		      .byte.b	$ff
   2034  205e					      repend
   2035  205f		       ff		      .byte.b	$ff
   2034  205f					      repend
   2035  2060		       ff		      .byte.b	$ff
   2034  2060					      repend
   2035  2061		       ff		      .byte.b	$ff
   2034  2061					      repend
   2035  2062		       ff		      .byte.b	$ff
   2034  2062					      repend
   2035  2063		       ff		      .byte.b	$ff
   2034  2063					      repend
   2035  2064		       ff		      .byte.b	$ff
   2034  2064					      repend
   2035  2065		       ff		      .byte.b	$ff
   2034  2065					      repend
   2035  2066		       ff		      .byte.b	$ff
   2034  2066					      repend
   2035  2067		       ff		      .byte.b	$ff
   2034  2067					      repend
   2035  2068		       ff		      .byte.b	$ff
   2034  2068					      repend
   2035  2069		       ff		      .byte.b	$ff
   2034  2069					      repend
   2035  206a		       ff		      .byte.b	$ff
   2034  206a					      repend
   2035  206b		       ff		      .byte.b	$ff
   2034  206b					      repend
   2035  206c		       ff		      .byte.b	$ff
   2034  206c					      repend
   2035  206d		       ff		      .byte.b	$ff
   2034  206d					      repend
   2035  206e		       ff		      .byte.b	$ff
   2034  206e					      repend
   2035  206f		       ff		      .byte.b	$ff
   2034  206f					      repend
   2035  2070		       ff		      .byte.b	$ff
   2034  2070					      repend
   2035  2071		       ff		      .byte.b	$ff
   2034  2071					      repend
   2035  2072		       ff		      .byte.b	$ff
   2034  2072					      repend
   2035  2073		       ff		      .byte.b	$ff
   2034  2073					      repend
   2035  2074		       ff		      .byte.b	$ff
   2034  2074					      repend
   2035  2075		       ff		      .byte.b	$ff
   2034  2075					      repend
   2035  2076		       ff		      .byte.b	$ff
   2034  2076					      repend
   2035  2077		       ff		      .byte.b	$ff
   2034  2077					      repend
   2035  2078		       ff		      .byte.b	$ff
   2034  2078					      repend
   2035  2079		       ff		      .byte.b	$ff
   2034  2079					      repend
   2035  207a		       ff		      .byte.b	$ff
   2034  207a					      repend
   2035  207b		       ff		      .byte.b	$ff
   2034  207b					      repend
   2035  207c		       ff		      .byte.b	$ff
   2034  207c					      repend
   2035  207d		       ff		      .byte.b	$ff
   2034  207d					      repend
   2035  207e		       ff		      .byte.b	$ff
   2034  207e					      repend
   2035  207f		       ff		      .byte.b	$ff
   2034  207f					      repend
   2035  2080		       ff		      .byte.b	$ff
   2034  2080					      repend
   2035  2081		       ff		      .byte.b	$ff
   2034  2081					      repend
   2035  2082		       ff		      .byte.b	$ff
   2034  2082					      repend
   2035  2083		       ff		      .byte.b	$ff
   2034  2083					      repend
   2035  2084		       ff		      .byte.b	$ff
   2034  2084					      repend
   2035  2085		       ff		      .byte.b	$ff
   2034  2085					      repend
   2035  2086		       ff		      .byte.b	$ff
   2034  2086					      repend
   2035  2087		       ff		      .byte.b	$ff
   2034  2087					      repend
   2035  2088		       ff		      .byte.b	$ff
   2034  2088					      repend
   2035  2089		       ff		      .byte.b	$ff
   2034  2089					      repend
   2035  208a		       ff		      .byte.b	$ff
   2034  208a					      repend
   2035  208b		       ff		      .byte.b	$ff
   2034  208b					      repend
   2035  208c		       ff		      .byte.b	$ff
   2034  208c					      repend
   2035  208d		       ff		      .byte.b	$ff
   2034  208d					      repend
   2035  208e		       ff		      .byte.b	$ff
   2034  208e					      repend
   2035  208f		       ff		      .byte.b	$ff
   2034  208f					      repend
   2035  2090		       ff		      .byte.b	$ff
   2034  2090					      repend
   2035  2091		       ff		      .byte.b	$ff
   2034  2091					      repend
   2035  2092		       ff		      .byte.b	$ff
   2034  2092					      repend
   2035  2093		       ff		      .byte.b	$ff
   2034  2093					      repend
   2035  2094		       ff		      .byte.b	$ff
   2034  2094					      repend
   2035  2095		       ff		      .byte.b	$ff
   2034  2095					      repend
   2035  2096		       ff		      .byte.b	$ff
   2034  2096					      repend
   2035  2097		       ff		      .byte.b	$ff
   2034  2097					      repend
   2035  2098		       ff		      .byte.b	$ff
   2034  2098					      repend
   2035  2099		       ff		      .byte.b	$ff
   2034  2099					      repend
   2035  209a		       ff		      .byte.b	$ff
   2034  209a					      repend
   2035  209b		       ff		      .byte.b	$ff
   2034  209b					      repend
   2035  209c		       ff		      .byte.b	$ff
   2034  209c					      repend
   2035  209d		       ff		      .byte.b	$ff
   2034  209d					      repend
   2035  209e		       ff		      .byte.b	$ff
   2034  209e					      repend
   2035  209f		       ff		      .byte.b	$ff
   2034  209f					      repend
   2035  20a0		       ff		      .byte.b	$ff
   2034  20a0					      repend
   2035  20a1		       ff		      .byte.b	$ff
   2034  20a1					      repend
   2035  20a2		       ff		      .byte.b	$ff
   2034  20a2					      repend
   2035  20a3		       ff		      .byte.b	$ff
   2034  20a3					      repend
   2035  20a4		       ff		      .byte.b	$ff
   2034  20a4					      repend
   2035  20a5		       ff		      .byte.b	$ff
   2034  20a5					      repend
   2035  20a6		       ff		      .byte.b	$ff
   2034  20a6					      repend
   2035  20a7		       ff		      .byte.b	$ff
   2034  20a7					      repend
   2035  20a8		       ff		      .byte.b	$ff
   2034  20a8					      repend
   2035  20a9		       ff		      .byte.b	$ff
   2034  20a9					      repend
   2035  20aa		       ff		      .byte.b	$ff
   2034  20aa					      repend
   2035  20ab		       ff		      .byte.b	$ff
   2034  20ab					      repend
   2035  20ac		       ff		      .byte.b	$ff
   2034  20ac					      repend
   2035  20ad		       ff		      .byte.b	$ff
   2034  20ad					      repend
   2035  20ae		       ff		      .byte.b	$ff
   2034  20ae					      repend
   2035  20af		       ff		      .byte.b	$ff
   2034  20af					      repend
   2035  20b0		       ff		      .byte.b	$ff
   2034  20b0					      repend
   2035  20b1		       ff		      .byte.b	$ff
   2034  20b1					      repend
   2035  20b2		       ff		      .byte.b	$ff
   2034  20b2					      repend
   2035  20b3		       ff		      .byte.b	$ff
   2034  20b3					      repend
   2035  20b4		       ff		      .byte.b	$ff
   2034  20b4					      repend
   2035  20b5		       ff		      .byte.b	$ff
   2034  20b5					      repend
   2035  20b6		       ff		      .byte.b	$ff
   2034  20b6					      repend
   2035  20b7		       ff		      .byte.b	$ff
   2034  20b7					      repend
   2035  20b8		       ff		      .byte.b	$ff
   2034  20b8					      repend
   2035  20b9		       ff		      .byte.b	$ff
   2034  20b9					      repend
   2035  20ba		       ff		      .byte.b	$ff
   2034  20ba					      repend
   2035  20bb		       ff		      .byte.b	$ff
   2034  20bb					      repend
   2035  20bc		       ff		      .byte.b	$ff
   2034  20bc					      repend
   2035  20bd		       ff		      .byte.b	$ff
   2034  20bd					      repend
   2035  20be		       ff		      .byte.b	$ff
   2034  20be					      repend
   2035  20bf		       ff		      .byte.b	$ff
   2034  20bf					      repend
   2035  20c0		       ff		      .byte.b	$ff
   2034  20c0					      repend
   2035  20c1		       ff		      .byte.b	$ff
   2034  20c1					      repend
   2035  20c2		       ff		      .byte.b	$ff
   2034  20c2					      repend
   2035  20c3		       ff		      .byte.b	$ff
   2034  20c3					      repend
   2035  20c4		       ff		      .byte.b	$ff
   2034  20c4					      repend
   2035  20c5		       ff		      .byte.b	$ff
   2034  20c5					      repend
   2035  20c6		       ff		      .byte.b	$ff
   2034  20c6					      repend
   2035  20c7		       ff		      .byte.b	$ff
   2034  20c7					      repend
   2035  20c8		       ff		      .byte.b	$ff
   2034  20c8					      repend
   2035  20c9		       ff		      .byte.b	$ff
   2034  20c9					      repend
   2035  20ca		       ff		      .byte.b	$ff
   2034  20ca					      repend
   2035  20cb		       ff		      .byte.b	$ff
   2034  20cb					      repend
   2035  20cc		       ff		      .byte.b	$ff
   2034  20cc					      repend
   2035  20cd		       ff		      .byte.b	$ff
   2034  20cd					      repend
   2035  20ce		       ff		      .byte.b	$ff
   2034  20ce					      repend
   2035  20cf		       ff		      .byte.b	$ff
   2034  20cf					      repend
   2035  20d0		       ff		      .byte.b	$ff
   2034  20d0					      repend
   2035  20d1		       ff		      .byte.b	$ff
   2034  20d1					      repend
   2035  20d2		       ff		      .byte.b	$ff
   2034  20d2					      repend
   2035  20d3		       ff		      .byte.b	$ff
   2034  20d3					      repend
   2035  20d4		       ff		      .byte.b	$ff
   2034  20d4					      repend
   2035  20d5		       ff		      .byte.b	$ff
   2034  20d5					      repend
   2035  20d6		       ff		      .byte.b	$ff
   2034  20d6					      repend
   2035  20d7		       ff		      .byte.b	$ff
   2034  20d7					      repend
   2035  20d8		       ff		      .byte.b	$ff
   2034  20d8					      repend
   2035  20d9		       ff		      .byte.b	$ff
   2034  20d9					      repend
   2035  20da		       ff		      .byte.b	$ff
   2034  20da					      repend
   2035  20db		       ff		      .byte.b	$ff
   2034  20db					      repend
   2035  20dc		       ff		      .byte.b	$ff
   2034  20dc					      repend
   2035  20dd		       ff		      .byte.b	$ff
   2034  20dd					      repend
   2035  20de		       ff		      .byte.b	$ff
   2034  20de					      repend
   2035  20df		       ff		      .byte.b	$ff
   2034  20df					      repend
   2035  20e0		       ff		      .byte.b	$ff
   2034  20e0					      repend
   2035  20e1		       ff		      .byte.b	$ff
   2034  20e1					      repend
   2035  20e2		       ff		      .byte.b	$ff
   2034  20e2					      repend
   2035  20e3		       ff		      .byte.b	$ff
   2034  20e3					      repend
   2035  20e4		       ff		      .byte.b	$ff
   2034  20e4					      repend
   2035  20e5		       ff		      .byte.b	$ff
   2034  20e5					      repend
   2035  20e6		       ff		      .byte.b	$ff
   2034  20e6					      repend
   2035  20e7		       ff		      .byte.b	$ff
   2034  20e7					      repend
   2035  20e8		       ff		      .byte.b	$ff
   2034  20e8					      repend
   2035  20e9		       ff		      .byte.b	$ff
   2034  20e9					      repend
   2035  20ea		       ff		      .byte.b	$ff
   2034  20ea					      repend
   2035  20eb		       ff		      .byte.b	$ff
   2034  20eb					      repend
   2035  20ec		       ff		      .byte.b	$ff
   2034  20ec					      repend
   2035  20ed		       ff		      .byte.b	$ff
   2034  20ed					      repend
   2035  20ee		       ff		      .byte.b	$ff
   2034  20ee					      repend
   2035  20ef		       ff		      .byte.b	$ff
   2034  20ef					      repend
   2035  20f0		       ff		      .byte.b	$ff
   2034  20f0					      repend
   2035  20f1		       ff		      .byte.b	$ff
   2034  20f1					      repend
   2035  20f2		       ff		      .byte.b	$ff
   2034  20f2					      repend
   2035  20f3		       ff		      .byte.b	$ff
   2034  20f3					      repend
   2035  20f4		       ff		      .byte.b	$ff
   2034  20f4					      repend
   2035  20f5		       ff		      .byte.b	$ff
   2034  20f5					      repend
   2035  20f6		       ff		      .byte.b	$ff
   2034  20f6					      repend
   2035  20f7		       ff		      .byte.b	$ff
   2034  20f7					      repend
   2035  20f8		       ff		      .byte.b	$ff
   2034  20f8					      repend
   2035  20f9		       ff		      .byte.b	$ff
   2034  20f9					      repend
   2035  20fa		       ff		      .byte.b	$ff
   2034  20fa					      repend
   2035  20fb		       ff		      .byte.b	$ff
   2034  20fb					      repend
   2035  20fc		       ff		      .byte.b	$ff
   2034  20fc					      repend
   2035  20fd		       ff		      .byte.b	$ff
   2034  20fd					      repend
   2035  20fe		       ff		      .byte.b	$ff
   2034  20fe					      repend
   2035  20ff		       ff		      .byte.b	$ff
   2036  2100					      repend
   2037  2100					      if	ECHO2
      3796 bytes of ROM space left in bank 2
   2038  2100					      echo	"    ",[(start_bank2 - *)]d , "bytes of ROM space left in bank 2")
   2039  2100					      endif
   2040  2100		       00 01	   ECHO2      =	1
   2041  2fd4					      ORG	$2FF4-bscode_length
   2042  2fd4					      RORG	$BFF4-bscode_length
   2043  2fd4		       a2 ff	   start_bank2 ldx	#$ff
   2044  2fd6				  -	      ifconst	FASTFETCH	; using DPC+
   2045  2fd6				  -	      stx	FASTFETCH
   2046  2fd6					      endif
   2047  2fd6		       9a		      txs
   2048  2fd7				  -	      if	bankswitch == 64
   2049  2fd7				  -	      lda	#(((>(start-1)) & $0F) | $F0)
   2050  2fd7					      else
   2051  2fd7		       a9 f3		      lda	#>(start-1)
   2052  2fd9					      endif
   2053  2fd9		       48		      pha
   2054  2fda		       a9 da		      lda	#<(start-1)
   2055  2fdc		       48		      pha
   2056  2fdd		       48		      pha
   2057  2fde		       8a		      txa
   2058  2fdf		       48		      pha
   2059  2fe0		       ba		      tsx
   2060  2fe1					      if	bankswitch != 64
   2061  2fe1		       b5 04		      lda	4,x	; get high byte of return address
   2062  2fe3		       2a		      rol
   2063  2fe4		       2a		      rol
   2064  2fe5		       2a		      rol
   2065  2fe6		       2a		      rol
   2066  2fe7		       29 03		      and	#bs_mask	;1 3 or 7 for F8/F6/F4
   2067  2fe9		       aa		      tax
   2068  2fea		       e8		      inx
   2069  2feb				  -	      else
   2070  2feb				  -	      lda	4,x	; get high byte of return address
   2071  2feb				  -	      tay
   2072  2feb				  -	      ora	#$10	; change our bank nibble into a valid rom mirror
   2073  2feb				  -	      sta	4,x
   2074  2feb				  -	      tya
   2075  2feb				  -	      lsr
   2076  2feb				  -	      lsr
   2077  2feb				  -	      lsr
   2078  2feb				  -	      lsr
   2079  2feb				  -	      tax
   2080  2feb				  -	      inx
   2081  2feb					      endif
   2082  2feb		       bd f5 1f 	      lda	bankswitch_hotspot-1,x
   2083  2fee		       68		      pla
   2084  2fef		       aa		      tax
   2085  2ff0		       68		      pla
   2086  2ff1		       60		      rts
   2087  2ff2				  -	      if	((* & $1FFF) > ((bankswitch_hotspot & $1FFF) - 1))
   2088  2ff2				  -	      echo	"WARNING: size parameter in banksw.asm too small - the program probably will not work."
   2089  2ff2				  -	      echo	"Change to",[(*-begin_bscode+1)&$FF]d,"and try again."
   2090  2ff2					      endif
   2091  2ffc					      ORG	$2FFC
   2092  2ffc					      RORG	$BFFC
   2093  2ffc		       d4 bf		      .word.w	(start_bank2 & $ffff)
   2094  2ffe		       d4 bf		      .word.w	(start_bank2 & $ffff)
   2095  3000					      ORG	$3000
   2096  3000					      RORG	$D000
   2097  3000					      repeat	256
   2098  3000		       ff		      .byte.b	$ff
   2097  3000					      repend
   2098  3001		       ff		      .byte.b	$ff
   2097  3001					      repend
   2098  3002		       ff		      .byte.b	$ff
   2097  3002					      repend
   2098  3003		       ff		      .byte.b	$ff
   2097  3003					      repend
   2098  3004		       ff		      .byte.b	$ff
   2097  3004					      repend
   2098  3005		       ff		      .byte.b	$ff
   2097  3005					      repend
   2098  3006		       ff		      .byte.b	$ff
   2097  3006					      repend
   2098  3007		       ff		      .byte.b	$ff
   2097  3007					      repend
   2098  3008		       ff		      .byte.b	$ff
   2097  3008					      repend
   2098  3009		       ff		      .byte.b	$ff
   2097  3009					      repend
   2098  300a		       ff		      .byte.b	$ff
   2097  300a					      repend
   2098  300b		       ff		      .byte.b	$ff
   2097  300b					      repend
   2098  300c		       ff		      .byte.b	$ff
   2097  300c					      repend
   2098  300d		       ff		      .byte.b	$ff
   2097  300d					      repend
   2098  300e		       ff		      .byte.b	$ff
   2097  300e					      repend
   2098  300f		       ff		      .byte.b	$ff
   2097  300f					      repend
   2098  3010		       ff		      .byte.b	$ff
   2097  3010					      repend
   2098  3011		       ff		      .byte.b	$ff
   2097  3011					      repend
   2098  3012		       ff		      .byte.b	$ff
   2097  3012					      repend
   2098  3013		       ff		      .byte.b	$ff
   2097  3013					      repend
   2098  3014		       ff		      .byte.b	$ff
   2097  3014					      repend
   2098  3015		       ff		      .byte.b	$ff
   2097  3015					      repend
   2098  3016		       ff		      .byte.b	$ff
   2097  3016					      repend
   2098  3017		       ff		      .byte.b	$ff
   2097  3017					      repend
   2098  3018		       ff		      .byte.b	$ff
   2097  3018					      repend
   2098  3019		       ff		      .byte.b	$ff
   2097  3019					      repend
   2098  301a		       ff		      .byte.b	$ff
   2097  301a					      repend
   2098  301b		       ff		      .byte.b	$ff
   2097  301b					      repend
   2098  301c		       ff		      .byte.b	$ff
   2097  301c					      repend
   2098  301d		       ff		      .byte.b	$ff
   2097  301d					      repend
   2098  301e		       ff		      .byte.b	$ff
   2097  301e					      repend
   2098  301f		       ff		      .byte.b	$ff
   2097  301f					      repend
   2098  3020		       ff		      .byte.b	$ff
   2097  3020					      repend
   2098  3021		       ff		      .byte.b	$ff
   2097  3021					      repend
   2098  3022		       ff		      .byte.b	$ff
   2097  3022					      repend
   2098  3023		       ff		      .byte.b	$ff
   2097  3023					      repend
   2098  3024		       ff		      .byte.b	$ff
   2097  3024					      repend
   2098  3025		       ff		      .byte.b	$ff
   2097  3025					      repend
   2098  3026		       ff		      .byte.b	$ff
   2097  3026					      repend
   2098  3027		       ff		      .byte.b	$ff
   2097  3027					      repend
   2098  3028		       ff		      .byte.b	$ff
   2097  3028					      repend
   2098  3029		       ff		      .byte.b	$ff
   2097  3029					      repend
   2098  302a		       ff		      .byte.b	$ff
   2097  302a					      repend
   2098  302b		       ff		      .byte.b	$ff
   2097  302b					      repend
   2098  302c		       ff		      .byte.b	$ff
   2097  302c					      repend
   2098  302d		       ff		      .byte.b	$ff
   2097  302d					      repend
   2098  302e		       ff		      .byte.b	$ff
   2097  302e					      repend
   2098  302f		       ff		      .byte.b	$ff
   2097  302f					      repend
   2098  3030		       ff		      .byte.b	$ff
   2097  3030					      repend
   2098  3031		       ff		      .byte.b	$ff
   2097  3031					      repend
   2098  3032		       ff		      .byte.b	$ff
   2097  3032					      repend
   2098  3033		       ff		      .byte.b	$ff
   2097  3033					      repend
   2098  3034		       ff		      .byte.b	$ff
   2097  3034					      repend
   2098  3035		       ff		      .byte.b	$ff
   2097  3035					      repend
   2098  3036		       ff		      .byte.b	$ff
   2097  3036					      repend
   2098  3037		       ff		      .byte.b	$ff
   2097  3037					      repend
   2098  3038		       ff		      .byte.b	$ff
   2097  3038					      repend
   2098  3039		       ff		      .byte.b	$ff
   2097  3039					      repend
   2098  303a		       ff		      .byte.b	$ff
   2097  303a					      repend
   2098  303b		       ff		      .byte.b	$ff
   2097  303b					      repend
   2098  303c		       ff		      .byte.b	$ff
   2097  303c					      repend
   2098  303d		       ff		      .byte.b	$ff
   2097  303d					      repend
   2098  303e		       ff		      .byte.b	$ff
   2097  303e					      repend
   2098  303f		       ff		      .byte.b	$ff
   2097  303f					      repend
   2098  3040		       ff		      .byte.b	$ff
   2097  3040					      repend
   2098  3041		       ff		      .byte.b	$ff
   2097  3041					      repend
   2098  3042		       ff		      .byte.b	$ff
   2097  3042					      repend
   2098  3043		       ff		      .byte.b	$ff
   2097  3043					      repend
   2098  3044		       ff		      .byte.b	$ff
   2097  3044					      repend
   2098  3045		       ff		      .byte.b	$ff
   2097  3045					      repend
   2098  3046		       ff		      .byte.b	$ff
   2097  3046					      repend
   2098  3047		       ff		      .byte.b	$ff
   2097  3047					      repend
   2098  3048		       ff		      .byte.b	$ff
   2097  3048					      repend
   2098  3049		       ff		      .byte.b	$ff
   2097  3049					      repend
   2098  304a		       ff		      .byte.b	$ff
   2097  304a					      repend
   2098  304b		       ff		      .byte.b	$ff
   2097  304b					      repend
   2098  304c		       ff		      .byte.b	$ff
   2097  304c					      repend
   2098  304d		       ff		      .byte.b	$ff
   2097  304d					      repend
   2098  304e		       ff		      .byte.b	$ff
   2097  304e					      repend
   2098  304f		       ff		      .byte.b	$ff
   2097  304f					      repend
   2098  3050		       ff		      .byte.b	$ff
   2097  3050					      repend
   2098  3051		       ff		      .byte.b	$ff
   2097  3051					      repend
   2098  3052		       ff		      .byte.b	$ff
   2097  3052					      repend
   2098  3053		       ff		      .byte.b	$ff
   2097  3053					      repend
   2098  3054		       ff		      .byte.b	$ff
   2097  3054					      repend
   2098  3055		       ff		      .byte.b	$ff
   2097  3055					      repend
   2098  3056		       ff		      .byte.b	$ff
   2097  3056					      repend
   2098  3057		       ff		      .byte.b	$ff
   2097  3057					      repend
   2098  3058		       ff		      .byte.b	$ff
   2097  3058					      repend
   2098  3059		       ff		      .byte.b	$ff
   2097  3059					      repend
   2098  305a		       ff		      .byte.b	$ff
   2097  305a					      repend
   2098  305b		       ff		      .byte.b	$ff
   2097  305b					      repend
   2098  305c		       ff		      .byte.b	$ff
   2097  305c					      repend
   2098  305d		       ff		      .byte.b	$ff
   2097  305d					      repend
   2098  305e		       ff		      .byte.b	$ff
   2097  305e					      repend
   2098  305f		       ff		      .byte.b	$ff
   2097  305f					      repend
   2098  3060		       ff		      .byte.b	$ff
   2097  3060					      repend
   2098  3061		       ff		      .byte.b	$ff
   2097  3061					      repend
   2098  3062		       ff		      .byte.b	$ff
   2097  3062					      repend
   2098  3063		       ff		      .byte.b	$ff
   2097  3063					      repend
   2098  3064		       ff		      .byte.b	$ff
   2097  3064					      repend
   2098  3065		       ff		      .byte.b	$ff
   2097  3065					      repend
   2098  3066		       ff		      .byte.b	$ff
   2097  3066					      repend
   2098  3067		       ff		      .byte.b	$ff
   2097  3067					      repend
   2098  3068		       ff		      .byte.b	$ff
   2097  3068					      repend
   2098  3069		       ff		      .byte.b	$ff
   2097  3069					      repend
   2098  306a		       ff		      .byte.b	$ff
   2097  306a					      repend
   2098  306b		       ff		      .byte.b	$ff
   2097  306b					      repend
   2098  306c		       ff		      .byte.b	$ff
   2097  306c					      repend
   2098  306d		       ff		      .byte.b	$ff
   2097  306d					      repend
   2098  306e		       ff		      .byte.b	$ff
   2097  306e					      repend
   2098  306f		       ff		      .byte.b	$ff
   2097  306f					      repend
   2098  3070		       ff		      .byte.b	$ff
   2097  3070					      repend
   2098  3071		       ff		      .byte.b	$ff
   2097  3071					      repend
   2098  3072		       ff		      .byte.b	$ff
   2097  3072					      repend
   2098  3073		       ff		      .byte.b	$ff
   2097  3073					      repend
   2098  3074		       ff		      .byte.b	$ff
   2097  3074					      repend
   2098  3075		       ff		      .byte.b	$ff
   2097  3075					      repend
   2098  3076		       ff		      .byte.b	$ff
   2097  3076					      repend
   2098  3077		       ff		      .byte.b	$ff
   2097  3077					      repend
   2098  3078		       ff		      .byte.b	$ff
   2097  3078					      repend
   2098  3079		       ff		      .byte.b	$ff
   2097  3079					      repend
   2098  307a		       ff		      .byte.b	$ff
   2097  307a					      repend
   2098  307b		       ff		      .byte.b	$ff
   2097  307b					      repend
   2098  307c		       ff		      .byte.b	$ff
   2097  307c					      repend
   2098  307d		       ff		      .byte.b	$ff
   2097  307d					      repend
   2098  307e		       ff		      .byte.b	$ff
   2097  307e					      repend
   2098  307f		       ff		      .byte.b	$ff
   2097  307f					      repend
   2098  3080		       ff		      .byte.b	$ff
   2097  3080					      repend
   2098  3081		       ff		      .byte.b	$ff
   2097  3081					      repend
   2098  3082		       ff		      .byte.b	$ff
   2097  3082					      repend
   2098  3083		       ff		      .byte.b	$ff
   2097  3083					      repend
   2098  3084		       ff		      .byte.b	$ff
   2097  3084					      repend
   2098  3085		       ff		      .byte.b	$ff
   2097  3085					      repend
   2098  3086		       ff		      .byte.b	$ff
   2097  3086					      repend
   2098  3087		       ff		      .byte.b	$ff
   2097  3087					      repend
   2098  3088		       ff		      .byte.b	$ff
   2097  3088					      repend
   2098  3089		       ff		      .byte.b	$ff
   2097  3089					      repend
   2098  308a		       ff		      .byte.b	$ff
   2097  308a					      repend
   2098  308b		       ff		      .byte.b	$ff
   2097  308b					      repend
   2098  308c		       ff		      .byte.b	$ff
   2097  308c					      repend
   2098  308d		       ff		      .byte.b	$ff
   2097  308d					      repend
   2098  308e		       ff		      .byte.b	$ff
   2097  308e					      repend
   2098  308f		       ff		      .byte.b	$ff
   2097  308f					      repend
   2098  3090		       ff		      .byte.b	$ff
   2097  3090					      repend
   2098  3091		       ff		      .byte.b	$ff
   2097  3091					      repend
   2098  3092		       ff		      .byte.b	$ff
   2097  3092					      repend
   2098  3093		       ff		      .byte.b	$ff
   2097  3093					      repend
   2098  3094		       ff		      .byte.b	$ff
   2097  3094					      repend
   2098  3095		       ff		      .byte.b	$ff
   2097  3095					      repend
   2098  3096		       ff		      .byte.b	$ff
   2097  3096					      repend
   2098  3097		       ff		      .byte.b	$ff
   2097  3097					      repend
   2098  3098		       ff		      .byte.b	$ff
   2097  3098					      repend
   2098  3099		       ff		      .byte.b	$ff
   2097  3099					      repend
   2098  309a		       ff		      .byte.b	$ff
   2097  309a					      repend
   2098  309b		       ff		      .byte.b	$ff
   2097  309b					      repend
   2098  309c		       ff		      .byte.b	$ff
   2097  309c					      repend
   2098  309d		       ff		      .byte.b	$ff
   2097  309d					      repend
   2098  309e		       ff		      .byte.b	$ff
   2097  309e					      repend
   2098  309f		       ff		      .byte.b	$ff
   2097  309f					      repend
   2098  30a0		       ff		      .byte.b	$ff
   2097  30a0					      repend
   2098  30a1		       ff		      .byte.b	$ff
   2097  30a1					      repend
   2098  30a2		       ff		      .byte.b	$ff
   2097  30a2					      repend
   2098  30a3		       ff		      .byte.b	$ff
   2097  30a3					      repend
   2098  30a4		       ff		      .byte.b	$ff
   2097  30a4					      repend
   2098  30a5		       ff		      .byte.b	$ff
   2097  30a5					      repend
   2098  30a6		       ff		      .byte.b	$ff
   2097  30a6					      repend
   2098  30a7		       ff		      .byte.b	$ff
   2097  30a7					      repend
   2098  30a8		       ff		      .byte.b	$ff
   2097  30a8					      repend
   2098  30a9		       ff		      .byte.b	$ff
   2097  30a9					      repend
   2098  30aa		       ff		      .byte.b	$ff
   2097  30aa					      repend
   2098  30ab		       ff		      .byte.b	$ff
   2097  30ab					      repend
   2098  30ac		       ff		      .byte.b	$ff
   2097  30ac					      repend
   2098  30ad		       ff		      .byte.b	$ff
   2097  30ad					      repend
   2098  30ae		       ff		      .byte.b	$ff
   2097  30ae					      repend
   2098  30af		       ff		      .byte.b	$ff
   2097  30af					      repend
   2098  30b0		       ff		      .byte.b	$ff
   2097  30b0					      repend
   2098  30b1		       ff		      .byte.b	$ff
   2097  30b1					      repend
   2098  30b2		       ff		      .byte.b	$ff
   2097  30b2					      repend
   2098  30b3		       ff		      .byte.b	$ff
   2097  30b3					      repend
   2098  30b4		       ff		      .byte.b	$ff
   2097  30b4					      repend
   2098  30b5		       ff		      .byte.b	$ff
   2097  30b5					      repend
   2098  30b6		       ff		      .byte.b	$ff
   2097  30b6					      repend
   2098  30b7		       ff		      .byte.b	$ff
   2097  30b7					      repend
   2098  30b8		       ff		      .byte.b	$ff
   2097  30b8					      repend
   2098  30b9		       ff		      .byte.b	$ff
   2097  30b9					      repend
   2098  30ba		       ff		      .byte.b	$ff
   2097  30ba					      repend
   2098  30bb		       ff		      .byte.b	$ff
   2097  30bb					      repend
   2098  30bc		       ff		      .byte.b	$ff
   2097  30bc					      repend
   2098  30bd		       ff		      .byte.b	$ff
   2097  30bd					      repend
   2098  30be		       ff		      .byte.b	$ff
   2097  30be					      repend
   2098  30bf		       ff		      .byte.b	$ff
   2097  30bf					      repend
   2098  30c0		       ff		      .byte.b	$ff
   2097  30c0					      repend
   2098  30c1		       ff		      .byte.b	$ff
   2097  30c1					      repend
   2098  30c2		       ff		      .byte.b	$ff
   2097  30c2					      repend
   2098  30c3		       ff		      .byte.b	$ff
   2097  30c3					      repend
   2098  30c4		       ff		      .byte.b	$ff
   2097  30c4					      repend
   2098  30c5		       ff		      .byte.b	$ff
   2097  30c5					      repend
   2098  30c6		       ff		      .byte.b	$ff
   2097  30c6					      repend
   2098  30c7		       ff		      .byte.b	$ff
   2097  30c7					      repend
   2098  30c8		       ff		      .byte.b	$ff
   2097  30c8					      repend
   2098  30c9		       ff		      .byte.b	$ff
   2097  30c9					      repend
   2098  30ca		       ff		      .byte.b	$ff
   2097  30ca					      repend
   2098  30cb		       ff		      .byte.b	$ff
   2097  30cb					      repend
   2098  30cc		       ff		      .byte.b	$ff
   2097  30cc					      repend
   2098  30cd		       ff		      .byte.b	$ff
   2097  30cd					      repend
   2098  30ce		       ff		      .byte.b	$ff
   2097  30ce					      repend
   2098  30cf		       ff		      .byte.b	$ff
   2097  30cf					      repend
   2098  30d0		       ff		      .byte.b	$ff
   2097  30d0					      repend
   2098  30d1		       ff		      .byte.b	$ff
   2097  30d1					      repend
   2098  30d2		       ff		      .byte.b	$ff
   2097  30d2					      repend
   2098  30d3		       ff		      .byte.b	$ff
   2097  30d3					      repend
   2098  30d4		       ff		      .byte.b	$ff
   2097  30d4					      repend
   2098  30d5		       ff		      .byte.b	$ff
   2097  30d5					      repend
   2098  30d6		       ff		      .byte.b	$ff
   2097  30d6					      repend
   2098  30d7		       ff		      .byte.b	$ff
   2097  30d7					      repend
   2098  30d8		       ff		      .byte.b	$ff
   2097  30d8					      repend
   2098  30d9		       ff		      .byte.b	$ff
   2097  30d9					      repend
   2098  30da		       ff		      .byte.b	$ff
   2097  30da					      repend
   2098  30db		       ff		      .byte.b	$ff
   2097  30db					      repend
   2098  30dc		       ff		      .byte.b	$ff
   2097  30dc					      repend
   2098  30dd		       ff		      .byte.b	$ff
   2097  30dd					      repend
   2098  30de		       ff		      .byte.b	$ff
   2097  30de					      repend
   2098  30df		       ff		      .byte.b	$ff
   2097  30df					      repend
   2098  30e0		       ff		      .byte.b	$ff
   2097  30e0					      repend
   2098  30e1		       ff		      .byte.b	$ff
   2097  30e1					      repend
   2098  30e2		       ff		      .byte.b	$ff
   2097  30e2					      repend
   2098  30e3		       ff		      .byte.b	$ff
   2097  30e3					      repend
   2098  30e4		       ff		      .byte.b	$ff
   2097  30e4					      repend
   2098  30e5		       ff		      .byte.b	$ff
   2097  30e5					      repend
   2098  30e6		       ff		      .byte.b	$ff
   2097  30e6					      repend
   2098  30e7		       ff		      .byte.b	$ff
   2097  30e7					      repend
   2098  30e8		       ff		      .byte.b	$ff
   2097  30e8					      repend
   2098  30e9		       ff		      .byte.b	$ff
   2097  30e9					      repend
   2098  30ea		       ff		      .byte.b	$ff
   2097  30ea					      repend
   2098  30eb		       ff		      .byte.b	$ff
   2097  30eb					      repend
   2098  30ec		       ff		      .byte.b	$ff
   2097  30ec					      repend
   2098  30ed		       ff		      .byte.b	$ff
   2097  30ed					      repend
   2098  30ee		       ff		      .byte.b	$ff
   2097  30ee					      repend
   2098  30ef		       ff		      .byte.b	$ff
   2097  30ef					      repend
   2098  30f0		       ff		      .byte.b	$ff
   2097  30f0					      repend
   2098  30f1		       ff		      .byte.b	$ff
   2097  30f1					      repend
   2098  30f2		       ff		      .byte.b	$ff
   2097  30f2					      repend
   2098  30f3		       ff		      .byte.b	$ff
   2097  30f3					      repend
   2098  30f4		       ff		      .byte.b	$ff
   2097  30f4					      repend
   2098  30f5		       ff		      .byte.b	$ff
   2097  30f5					      repend
   2098  30f6		       ff		      .byte.b	$ff
   2097  30f6					      repend
   2098  30f7		       ff		      .byte.b	$ff
   2097  30f7					      repend
   2098  30f8		       ff		      .byte.b	$ff
   2097  30f8					      repend
   2098  30f9		       ff		      .byte.b	$ff
   2097  30f9					      repend
   2098  30fa		       ff		      .byte.b	$ff
   2097  30fa					      repend
   2098  30fb		       ff		      .byte.b	$ff
   2097  30fb					      repend
   2098  30fc		       ff		      .byte.b	$ff
   2097  30fc					      repend
   2098  30fd		       ff		      .byte.b	$ff
   2097  30fd					      repend
   2098  30fe		       ff		      .byte.b	$ff
   2097  30fe					      repend
   2098  30ff		       ff		      .byte.b	$ff
   2099  3100					      repend
   2100  3100					      if	ECHO3
      3796 bytes of ROM space left in bank 3
   2101  3100					      echo	"    ",[(start_bank3 - *)]d , "bytes of ROM space left in bank 3")
   2102  3100					      endif
   2103  3100		       00 01	   ECHO3      =	1
   2104  3fd4					      ORG	$3FF4-bscode_length
   2105  3fd4					      RORG	$DFF4-bscode_length
   2106  3fd4		       a2 ff	   start_bank3 ldx	#$ff
   2107  3fd6				  -	      ifconst	FASTFETCH	; using DPC+
   2108  3fd6				  -	      stx	FASTFETCH
   2109  3fd6					      endif
   2110  3fd6		       9a		      txs
   2111  3fd7				  -	      if	bankswitch == 64
   2112  3fd7				  -	      lda	#(((>(start-1)) & $0F) | $F0)
   2113  3fd7					      else
   2114  3fd7		       a9 f3		      lda	#>(start-1)
   2115  3fd9					      endif
   2116  3fd9		       48		      pha
   2117  3fda		       a9 da		      lda	#<(start-1)
   2118  3fdc		       48		      pha
   2119  3fdd		       48		      pha
   2120  3fde		       8a		      txa
   2121  3fdf		       48		      pha
   2122  3fe0		       ba		      tsx
   2123  3fe1					      if	bankswitch != 64
   2124  3fe1		       b5 04		      lda	4,x	; get high byte of return address
   2125  3fe3		       2a		      rol
   2126  3fe4		       2a		      rol
   2127  3fe5		       2a		      rol
   2128  3fe6		       2a		      rol
   2129  3fe7		       29 03		      and	#bs_mask	;1 3 or 7 for F8/F6/F4
   2130  3fe9		       aa		      tax
   2131  3fea		       e8		      inx
   2132  3feb				  -	      else
   2133  3feb				  -	      lda	4,x	; get high byte of return address
   2134  3feb				  -	      tay
   2135  3feb				  -	      ora	#$10	; change our bank nibble into a valid rom mirror
   2136  3feb				  -	      sta	4,x
   2137  3feb				  -	      tya
   2138  3feb				  -	      lsr
   2139  3feb				  -	      lsr
   2140  3feb				  -	      lsr
   2141  3feb				  -	      lsr
   2142  3feb				  -	      tax
   2143  3feb				  -	      inx
   2144  3feb					      endif
   2145  3feb		       bd f5 1f 	      lda	bankswitch_hotspot-1,x
   2146  3fee		       68		      pla
   2147  3fef		       aa		      tax
   2148  3ff0		       68		      pla
   2149  3ff1		       60		      rts
   2150  3ff2				  -	      if	((* & $1FFF) > ((bankswitch_hotspot & $1FFF) - 1))
   2151  3ff2				  -	      echo	"WARNING: size parameter in banksw.asm too small - the program probably will not work."
   2152  3ff2				  -	      echo	"Change to",[(*-begin_bscode+1)&$FF]d,"and try again."
   2153  3ff2					      endif
   2154  3ffc					      ORG	$3FFC
   2155  3ffc					      RORG	$DFFC
   2156  3ffc		       d4 df		      .word.w	(start_bank3 & $ffff)
   2157  3ffe		       d4 df		      .word.w	(start_bank3 & $ffff)
   2158  4000					      ORG	$4000
   2159  4000					      RORG	$F000
   2160  4000					      repeat	256
   2161  4000		       ff		      .byte.b	$ff
   2160  4000					      repend
   2161  4001		       ff		      .byte.b	$ff
   2160  4001					      repend
   2161  4002		       ff		      .byte.b	$ff
   2160  4002					      repend
   2161  4003		       ff		      .byte.b	$ff
   2160  4003					      repend
   2161  4004		       ff		      .byte.b	$ff
   2160  4004					      repend
   2161  4005		       ff		      .byte.b	$ff
   2160  4005					      repend
   2161  4006		       ff		      .byte.b	$ff
   2160  4006					      repend
   2161  4007		       ff		      .byte.b	$ff
   2160  4007					      repend
   2161  4008		       ff		      .byte.b	$ff
   2160  4008					      repend
   2161  4009		       ff		      .byte.b	$ff
   2160  4009					      repend
   2161  400a		       ff		      .byte.b	$ff
   2160  400a					      repend
   2161  400b		       ff		      .byte.b	$ff
   2160  400b					      repend
   2161  400c		       ff		      .byte.b	$ff
   2160  400c					      repend
   2161  400d		       ff		      .byte.b	$ff
   2160  400d					      repend
   2161  400e		       ff		      .byte.b	$ff
   2160  400e					      repend
   2161  400f		       ff		      .byte.b	$ff
   2160  400f					      repend
   2161  4010		       ff		      .byte.b	$ff
   2160  4010					      repend
   2161  4011		       ff		      .byte.b	$ff
   2160  4011					      repend
   2161  4012		       ff		      .byte.b	$ff
   2160  4012					      repend
   2161  4013		       ff		      .byte.b	$ff
   2160  4013					      repend
   2161  4014		       ff		      .byte.b	$ff
   2160  4014					      repend
   2161  4015		       ff		      .byte.b	$ff
   2160  4015					      repend
   2161  4016		       ff		      .byte.b	$ff
   2160  4016					      repend
   2161  4017		       ff		      .byte.b	$ff
   2160  4017					      repend
   2161  4018		       ff		      .byte.b	$ff
   2160  4018					      repend
   2161  4019		       ff		      .byte.b	$ff
   2160  4019					      repend
   2161  401a		       ff		      .byte.b	$ff
   2160  401a					      repend
   2161  401b		       ff		      .byte.b	$ff
   2160  401b					      repend
   2161  401c		       ff		      .byte.b	$ff
   2160  401c					      repend
   2161  401d		       ff		      .byte.b	$ff
   2160  401d					      repend
   2161  401e		       ff		      .byte.b	$ff
   2160  401e					      repend
   2161  401f		       ff		      .byte.b	$ff
   2160  401f					      repend
   2161  4020		       ff		      .byte.b	$ff
   2160  4020					      repend
   2161  4021		       ff		      .byte.b	$ff
   2160  4021					      repend
   2161  4022		       ff		      .byte.b	$ff
   2160  4022					      repend
   2161  4023		       ff		      .byte.b	$ff
   2160  4023					      repend
   2161  4024		       ff		      .byte.b	$ff
   2160  4024					      repend
   2161  4025		       ff		      .byte.b	$ff
   2160  4025					      repend
   2161  4026		       ff		      .byte.b	$ff
   2160  4026					      repend
   2161  4027		       ff		      .byte.b	$ff
   2160  4027					      repend
   2161  4028		       ff		      .byte.b	$ff
   2160  4028					      repend
   2161  4029		       ff		      .byte.b	$ff
   2160  4029					      repend
   2161  402a		       ff		      .byte.b	$ff
   2160  402a					      repend
   2161  402b		       ff		      .byte.b	$ff
   2160  402b					      repend
   2161  402c		       ff		      .byte.b	$ff
   2160  402c					      repend
   2161  402d		       ff		      .byte.b	$ff
   2160  402d					      repend
   2161  402e		       ff		      .byte.b	$ff
   2160  402e					      repend
   2161  402f		       ff		      .byte.b	$ff
   2160  402f					      repend
   2161  4030		       ff		      .byte.b	$ff
   2160  4030					      repend
   2161  4031		       ff		      .byte.b	$ff
   2160  4031					      repend
   2161  4032		       ff		      .byte.b	$ff
   2160  4032					      repend
   2161  4033		       ff		      .byte.b	$ff
   2160  4033					      repend
   2161  4034		       ff		      .byte.b	$ff
   2160  4034					      repend
   2161  4035		       ff		      .byte.b	$ff
   2160  4035					      repend
   2161  4036		       ff		      .byte.b	$ff
   2160  4036					      repend
   2161  4037		       ff		      .byte.b	$ff
   2160  4037					      repend
   2161  4038		       ff		      .byte.b	$ff
   2160  4038					      repend
   2161  4039		       ff		      .byte.b	$ff
   2160  4039					      repend
   2161  403a		       ff		      .byte.b	$ff
   2160  403a					      repend
   2161  403b		       ff		      .byte.b	$ff
   2160  403b					      repend
   2161  403c		       ff		      .byte.b	$ff
   2160  403c					      repend
   2161  403d		       ff		      .byte.b	$ff
   2160  403d					      repend
   2161  403e		       ff		      .byte.b	$ff
   2160  403e					      repend
   2161  403f		       ff		      .byte.b	$ff
   2160  403f					      repend
   2161  4040		       ff		      .byte.b	$ff
   2160  4040					      repend
   2161  4041		       ff		      .byte.b	$ff
   2160  4041					      repend
   2161  4042		       ff		      .byte.b	$ff
   2160  4042					      repend
   2161  4043		       ff		      .byte.b	$ff
   2160  4043					      repend
   2161  4044		       ff		      .byte.b	$ff
   2160  4044					      repend
   2161  4045		       ff		      .byte.b	$ff
   2160  4045					      repend
   2161  4046		       ff		      .byte.b	$ff
   2160  4046					      repend
   2161  4047		       ff		      .byte.b	$ff
   2160  4047					      repend
   2161  4048		       ff		      .byte.b	$ff
   2160  4048					      repend
   2161  4049		       ff		      .byte.b	$ff
   2160  4049					      repend
   2161  404a		       ff		      .byte.b	$ff
   2160  404a					      repend
   2161  404b		       ff		      .byte.b	$ff
   2160  404b					      repend
   2161  404c		       ff		      .byte.b	$ff
   2160  404c					      repend
   2161  404d		       ff		      .byte.b	$ff
   2160  404d					      repend
   2161  404e		       ff		      .byte.b	$ff
   2160  404e					      repend
   2161  404f		       ff		      .byte.b	$ff
   2160  404f					      repend
   2161  4050		       ff		      .byte.b	$ff
   2160  4050					      repend
   2161  4051		       ff		      .byte.b	$ff
   2160  4051					      repend
   2161  4052		       ff		      .byte.b	$ff
   2160  4052					      repend
   2161  4053		       ff		      .byte.b	$ff
   2160  4053					      repend
   2161  4054		       ff		      .byte.b	$ff
   2160  4054					      repend
   2161  4055		       ff		      .byte.b	$ff
   2160  4055					      repend
   2161  4056		       ff		      .byte.b	$ff
   2160  4056					      repend
   2161  4057		       ff		      .byte.b	$ff
   2160  4057					      repend
   2161  4058		       ff		      .byte.b	$ff
   2160  4058					      repend
   2161  4059		       ff		      .byte.b	$ff
   2160  4059					      repend
   2161  405a		       ff		      .byte.b	$ff
   2160  405a					      repend
   2161  405b		       ff		      .byte.b	$ff
   2160  405b					      repend
   2161  405c		       ff		      .byte.b	$ff
   2160  405c					      repend
   2161  405d		       ff		      .byte.b	$ff
   2160  405d					      repend
   2161  405e		       ff		      .byte.b	$ff
   2160  405e					      repend
   2161  405f		       ff		      .byte.b	$ff
   2160  405f					      repend
   2161  4060		       ff		      .byte.b	$ff
   2160  4060					      repend
   2161  4061		       ff		      .byte.b	$ff
   2160  4061					      repend
   2161  4062		       ff		      .byte.b	$ff
   2160  4062					      repend
   2161  4063		       ff		      .byte.b	$ff
   2160  4063					      repend
   2161  4064		       ff		      .byte.b	$ff
   2160  4064					      repend
   2161  4065		       ff		      .byte.b	$ff
   2160  4065					      repend
   2161  4066		       ff		      .byte.b	$ff
   2160  4066					      repend
   2161  4067		       ff		      .byte.b	$ff
   2160  4067					      repend
   2161  4068		       ff		      .byte.b	$ff
   2160  4068					      repend
   2161  4069		       ff		      .byte.b	$ff
   2160  4069					      repend
   2161  406a		       ff		      .byte.b	$ff
   2160  406a					      repend
   2161  406b		       ff		      .byte.b	$ff
   2160  406b					      repend
   2161  406c		       ff		      .byte.b	$ff
   2160  406c					      repend
   2161  406d		       ff		      .byte.b	$ff
   2160  406d					      repend
   2161  406e		       ff		      .byte.b	$ff
   2160  406e					      repend
   2161  406f		       ff		      .byte.b	$ff
   2160  406f					      repend
   2161  4070		       ff		      .byte.b	$ff
   2160  4070					      repend
   2161  4071		       ff		      .byte.b	$ff
   2160  4071					      repend
   2161  4072		       ff		      .byte.b	$ff
   2160  4072					      repend
   2161  4073		       ff		      .byte.b	$ff
   2160  4073					      repend
   2161  4074		       ff		      .byte.b	$ff
   2160  4074					      repend
   2161  4075		       ff		      .byte.b	$ff
   2160  4075					      repend
   2161  4076		       ff		      .byte.b	$ff
   2160  4076					      repend
   2161  4077		       ff		      .byte.b	$ff
   2160  4077					      repend
   2161  4078		       ff		      .byte.b	$ff
   2160  4078					      repend
   2161  4079		       ff		      .byte.b	$ff
   2160  4079					      repend
   2161  407a		       ff		      .byte.b	$ff
   2160  407a					      repend
   2161  407b		       ff		      .byte.b	$ff
   2160  407b					      repend
   2161  407c		       ff		      .byte.b	$ff
   2160  407c					      repend
   2161  407d		       ff		      .byte.b	$ff
   2160  407d					      repend
   2161  407e		       ff		      .byte.b	$ff
   2160  407e					      repend
   2161  407f		       ff		      .byte.b	$ff
   2160  407f					      repend
   2161  4080		       ff		      .byte.b	$ff
   2160  4080					      repend
   2161  4081		       ff		      .byte.b	$ff
   2160  4081					      repend
   2161  4082		       ff		      .byte.b	$ff
   2160  4082					      repend
   2161  4083		       ff		      .byte.b	$ff
   2160  4083					      repend
   2161  4084		       ff		      .byte.b	$ff
   2160  4084					      repend
   2161  4085		       ff		      .byte.b	$ff
   2160  4085					      repend
   2161  4086		       ff		      .byte.b	$ff
   2160  4086					      repend
   2161  4087		       ff		      .byte.b	$ff
   2160  4087					      repend
   2161  4088		       ff		      .byte.b	$ff
   2160  4088					      repend
   2161  4089		       ff		      .byte.b	$ff
   2160  4089					      repend
   2161  408a		       ff		      .byte.b	$ff
   2160  408a					      repend
   2161  408b		       ff		      .byte.b	$ff
   2160  408b					      repend
   2161  408c		       ff		      .byte.b	$ff
   2160  408c					      repend
   2161  408d		       ff		      .byte.b	$ff
   2160  408d					      repend
   2161  408e		       ff		      .byte.b	$ff
   2160  408e					      repend
   2161  408f		       ff		      .byte.b	$ff
   2160  408f					      repend
   2161  4090		       ff		      .byte.b	$ff
   2160  4090					      repend
   2161  4091		       ff		      .byte.b	$ff
   2160  4091					      repend
   2161  4092		       ff		      .byte.b	$ff
   2160  4092					      repend
   2161  4093		       ff		      .byte.b	$ff
   2160  4093					      repend
   2161  4094		       ff		      .byte.b	$ff
   2160  4094					      repend
   2161  4095		       ff		      .byte.b	$ff
   2160  4095					      repend
   2161  4096		       ff		      .byte.b	$ff
   2160  4096					      repend
   2161  4097		       ff		      .byte.b	$ff
   2160  4097					      repend
   2161  4098		       ff		      .byte.b	$ff
   2160  4098					      repend
   2161  4099		       ff		      .byte.b	$ff
   2160  4099					      repend
   2161  409a		       ff		      .byte.b	$ff
   2160  409a					      repend
   2161  409b		       ff		      .byte.b	$ff
   2160  409b					      repend
   2161  409c		       ff		      .byte.b	$ff
   2160  409c					      repend
   2161  409d		       ff		      .byte.b	$ff
   2160  409d					      repend
   2161  409e		       ff		      .byte.b	$ff
   2160  409e					      repend
   2161  409f		       ff		      .byte.b	$ff
   2160  409f					      repend
   2161  40a0		       ff		      .byte.b	$ff
   2160  40a0					      repend
   2161  40a1		       ff		      .byte.b	$ff
   2160  40a1					      repend
   2161  40a2		       ff		      .byte.b	$ff
   2160  40a2					      repend
   2161  40a3		       ff		      .byte.b	$ff
   2160  40a3					      repend
   2161  40a4		       ff		      .byte.b	$ff
   2160  40a4					      repend
   2161  40a5		       ff		      .byte.b	$ff
   2160  40a5					      repend
   2161  40a6		       ff		      .byte.b	$ff
   2160  40a6					      repend
   2161  40a7		       ff		      .byte.b	$ff
   2160  40a7					      repend
   2161  40a8		       ff		      .byte.b	$ff
   2160  40a8					      repend
   2161  40a9		       ff		      .byte.b	$ff
   2160  40a9					      repend
   2161  40aa		       ff		      .byte.b	$ff
   2160  40aa					      repend
   2161  40ab		       ff		      .byte.b	$ff
   2160  40ab					      repend
   2161  40ac		       ff		      .byte.b	$ff
   2160  40ac					      repend
   2161  40ad		       ff		      .byte.b	$ff
   2160  40ad					      repend
   2161  40ae		       ff		      .byte.b	$ff
   2160  40ae					      repend
   2161  40af		       ff		      .byte.b	$ff
   2160  40af					      repend
   2161  40b0		       ff		      .byte.b	$ff
   2160  40b0					      repend
   2161  40b1		       ff		      .byte.b	$ff
   2160  40b1					      repend
   2161  40b2		       ff		      .byte.b	$ff
   2160  40b2					      repend
   2161  40b3		       ff		      .byte.b	$ff
   2160  40b3					      repend
   2161  40b4		       ff		      .byte.b	$ff
   2160  40b4					      repend
   2161  40b5		       ff		      .byte.b	$ff
   2160  40b5					      repend
   2161  40b6		       ff		      .byte.b	$ff
   2160  40b6					      repend
   2161  40b7		       ff		      .byte.b	$ff
   2160  40b7					      repend
   2161  40b8		       ff		      .byte.b	$ff
   2160  40b8					      repend
   2161  40b9		       ff		      .byte.b	$ff
   2160  40b9					      repend
   2161  40ba		       ff		      .byte.b	$ff
   2160  40ba					      repend
   2161  40bb		       ff		      .byte.b	$ff
   2160  40bb					      repend
   2161  40bc		       ff		      .byte.b	$ff
   2160  40bc					      repend
   2161  40bd		       ff		      .byte.b	$ff
   2160  40bd					      repend
   2161  40be		       ff		      .byte.b	$ff
   2160  40be					      repend
   2161  40bf		       ff		      .byte.b	$ff
   2160  40bf					      repend
   2161  40c0		       ff		      .byte.b	$ff
   2160  40c0					      repend
   2161  40c1		       ff		      .byte.b	$ff
   2160  40c1					      repend
   2161  40c2		       ff		      .byte.b	$ff
   2160  40c2					      repend
   2161  40c3		       ff		      .byte.b	$ff
   2160  40c3					      repend
   2161  40c4		       ff		      .byte.b	$ff
   2160  40c4					      repend
   2161  40c5		       ff		      .byte.b	$ff
   2160  40c5					      repend
   2161  40c6		       ff		      .byte.b	$ff
   2160  40c6					      repend
   2161  40c7		       ff		      .byte.b	$ff
   2160  40c7					      repend
   2161  40c8		       ff		      .byte.b	$ff
   2160  40c8					      repend
   2161  40c9		       ff		      .byte.b	$ff
   2160  40c9					      repend
   2161  40ca		       ff		      .byte.b	$ff
   2160  40ca					      repend
   2161  40cb		       ff		      .byte.b	$ff
   2160  40cb					      repend
   2161  40cc		       ff		      .byte.b	$ff
   2160  40cc					      repend
   2161  40cd		       ff		      .byte.b	$ff
   2160  40cd					      repend
   2161  40ce		       ff		      .byte.b	$ff
   2160  40ce					      repend
   2161  40cf		       ff		      .byte.b	$ff
   2160  40cf					      repend
   2161  40d0		       ff		      .byte.b	$ff
   2160  40d0					      repend
   2161  40d1		       ff		      .byte.b	$ff
   2160  40d1					      repend
   2161  40d2		       ff		      .byte.b	$ff
   2160  40d2					      repend
   2161  40d3		       ff		      .byte.b	$ff
   2160  40d3					      repend
   2161  40d4		       ff		      .byte.b	$ff
   2160  40d4					      repend
   2161  40d5		       ff		      .byte.b	$ff
   2160  40d5					      repend
   2161  40d6		       ff		      .byte.b	$ff
   2160  40d6					      repend
   2161  40d7		       ff		      .byte.b	$ff
   2160  40d7					      repend
   2161  40d8		       ff		      .byte.b	$ff
   2160  40d8					      repend
   2161  40d9		       ff		      .byte.b	$ff
   2160  40d9					      repend
   2161  40da		       ff		      .byte.b	$ff
   2160  40da					      repend
   2161  40db		       ff		      .byte.b	$ff
   2160  40db					      repend
   2161  40dc		       ff		      .byte.b	$ff
   2160  40dc					      repend
   2161  40dd		       ff		      .byte.b	$ff
   2160  40dd					      repend
   2161  40de		       ff		      .byte.b	$ff
   2160  40de					      repend
   2161  40df		       ff		      .byte.b	$ff
   2160  40df					      repend
   2161  40e0		       ff		      .byte.b	$ff
   2160  40e0					      repend
   2161  40e1		       ff		      .byte.b	$ff
   2160  40e1					      repend
   2161  40e2		       ff		      .byte.b	$ff
   2160  40e2					      repend
   2161  40e3		       ff		      .byte.b	$ff
   2160  40e3					      repend
   2161  40e4		       ff		      .byte.b	$ff
   2160  40e4					      repend
   2161  40e5		       ff		      .byte.b	$ff
   2160  40e5					      repend
   2161  40e6		       ff		      .byte.b	$ff
   2160  40e6					      repend
   2161  40e7		       ff		      .byte.b	$ff
   2160  40e7					      repend
   2161  40e8		       ff		      .byte.b	$ff
   2160  40e8					      repend
   2161  40e9		       ff		      .byte.b	$ff
   2160  40e9					      repend
   2161  40ea		       ff		      .byte.b	$ff
   2160  40ea					      repend
   2161  40eb		       ff		      .byte.b	$ff
   2160  40eb					      repend
   2161  40ec		       ff		      .byte.b	$ff
   2160  40ec					      repend
   2161  40ed		       ff		      .byte.b	$ff
   2160  40ed					      repend
   2161  40ee		       ff		      .byte.b	$ff
   2160  40ee					      repend
   2161  40ef		       ff		      .byte.b	$ff
   2160  40ef					      repend
   2161  40f0		       ff		      .byte.b	$ff
   2160  40f0					      repend
   2161  40f1		       ff		      .byte.b	$ff
   2160  40f1					      repend
   2161  40f2		       ff		      .byte.b	$ff
   2160  40f2					      repend
   2161  40f3		       ff		      .byte.b	$ff
   2160  40f3					      repend
   2161  40f4		       ff		      .byte.b	$ff
   2160  40f4					      repend
   2161  40f5		       ff		      .byte.b	$ff
   2160  40f5					      repend
   2161  40f6		       ff		      .byte.b	$ff
   2160  40f6					      repend
   2161  40f7		       ff		      .byte.b	$ff
   2160  40f7					      repend
   2161  40f8		       ff		      .byte.b	$ff
   2160  40f8					      repend
   2161  40f9		       ff		      .byte.b	$ff
   2160  40f9					      repend
   2161  40fa		       ff		      .byte.b	$ff
   2160  40fa					      repend
   2161  40fb		       ff		      .byte.b	$ff
   2160  40fb					      repend
   2161  40fc		       ff		      .byte.b	$ff
   2160  40fc					      repend
   2161  40fd		       ff		      .byte.b	$ff
   2160  40fd					      repend
   2161  40fe		       ff		      .byte.b	$ff
   2160  40fe					      repend
   2161  40ff		       ff		      .byte.b	$ff
   2162  4100					      repend
   2163  4100							; Provided under the CC0 license. See the included LICENSE.txt for details.
   2164  4100							; Split Screen Kernel (Modified from original std_kernel.asm in bB 1.9)
   2165  4100							; Steve Engelhardt
   2166  4100							; 10/8/2026
   2167  4100
   2168  4100					      ifnconst	vertical_reflect
   2169  4100				   kernel
   2170  4100							; --- DUAL SCREEN AUTO-CONFIGURATION ---
   2171  4100					      ifconst	pfres
   2172  4100				  -	      if	pfres == 32
   2173  4100				  -split_ram_offset =	64
   2174  4100				  -split_pos_auto =	68
   2175  4100					      endif
   2176  4100					      if	pfres == 24
   2177  4100		       00 30	   split_ram_offset =	48
   2178  4100		       00 54	   split_pos_auto =	84
   2179  4100					      endif
   2180  4100				  -	      if	pfres == 12
   2181  4100				  -split_ram_offset =	24
   2182  4100				  -split_pos_auto =	108
   2183  4100					      endif
   2184  4100				  -	      else
   2185  4100				  -			; Default to 12 lines TOTAL (6 per half) if pfres is omitted
   2186  4100				  -split_ram_offset =	24
   2187  4100				  -split_pos_auto =	108
   2188  4100					      endif
   2189  4100							; --------------------------------------
   2190  4100					      endif
   2191  4100		       85 02		      sta	WSYNC
   2192  4102		       a9 ff		      lda	#255
   2193  4104		       8d 96 02 	      sta	TIM64T
   2194  4107
   2195  4107		       a9 01		      lda	#1
   2196  4109		       85 27		      sta	VDELBL
   2197  410b		       85 25		      sta	VDELP0
   2198  410d		       a6 92		      ldx	ballheight
   2199  410f		       e8		      inx
   2200  4110		       e8		      inx
   2201  4111		       86 9f		      stx	temp4
   2202  4113		       a5 86		      lda	player1y
   2203  4115		       85 9e		      sta	temp3
   2204  4117
   2205  4117				  -	      ifconst	shakescreen
   2206  4117				  -	      jsr	doshakescreen
   2207  4117					      else
   2208  4117		       a6 90		      ldx	missile0height
   2209  4119		       e8		      inx
   2210  411a					      endif
   2211  411a
   2212  411a		       e8		      inx
   2213  411b		       86 f6		      stx	stack1
   2214  411d
   2215  411d		       a5 89		      lda	bally
   2216  411f		       85 f7		      sta	stack2
   2217  4121
   2218  4121		       a5 85		      lda	player0y
   2219  4123		       a2 00		      ldx	#0
   2220  4125		       85 02		      sta	WSYNC
   2221  4127		       86 1b		      stx	GRP0
   2222  4129		       86 1c		      stx	GRP1
   2223  412b		       86 0e		      stx	PF1L
   2224  412d		       86 0f		      stx	PF2
   2225  412f		       86 2c		      stx	CXCLR
   2226  4131				  -	      ifconst	readpaddle
   2227  4131				  -	      stx	paddle
   2228  4131					      else
      0  4131					      sleep	3
      1  4131				   .CYCLES    SET	3
      2  4131
      3  4131				  -	      IF	.CYCLES < 2
      4  4131				  -	      ECHO	"MACRO ERROR: 'SLEEP': Duration must be > 1"
      5  4131				  -	      ERR
      6  4131					      ENDIF
      7  4131
      8  4131					      IF	.CYCLES & 1
      9  4131					      IFNCONST	NO_ILLEGAL_OPCODES
     10  4131		       04 00		      nop	0
     11  4133				  -	      ELSE
     12  4133				  -	      bit	VSYNC
     13  4133					      ENDIF
     14  4133				   .CYCLES    SET	.CYCLES - 3
     15  4133					      ENDIF
     16  4133
     17  4133				  -	      REPEAT	.CYCLES / 2
     18  4133				  -	      nop
     19  4133					      REPEND
   2230  4133					      endif
   2231  4133
   2232  4133		       95 9d		      sta	temp2,x
   2233  4135
   2234  4135				  -	      ifnconst	pfres
   2235  4135				  -	      ldx	#128-44+(4-pfwidth)*12
   2236  4135					      else
   2237  4135		       a2 24		      ldx	#132-pfres*pfwidth
   2238  4137					      endif
   2239  4137
   2240  4137		       c6 85		      dec	player0y
   2241  4139
   2242  4139		       a5 91		      lda	missile0y
   2243  413b		       85 a0		      sta	temp5
   2244  413d		       a5 88		      lda	missile1y
   2245  413f		       85 a1		      sta	temp6
   2246  4141
   2247  4141		       a5 ef		      lda	playfieldpos
   2248  4143		       85 9c		      sta	temp1
   2249  4145
   2250  4145				  -	      ifconst	pfrowheight
   2251  4145				  -	      lda	#pfrowheight+2
   2252  4145					      else
   2253  4145				  -	      ifnconst	pfres
   2254  4145				  -	      lda	#10
   2255  4145					      else
   2256  4145		       a9 06		      lda	#(96/pfres)+2
   2257  4147					      endif
   2258  4147					      endif
   2259  4147		       18		      clc
   2260  4148		       e5 ef		      sbc	playfieldpos
   2261  414a		       85 ef		      sta	playfieldpos
   2262  414c		       4c 78 f1 	      jmp	.startkernel
   2263  414f
   2264  414f				   .skipDrawP0
   2265  414f		       a9 00		      lda	#0
   2266  4151		       a8		      tay
   2267  4152		       4c aa f1 	      jmp	.continueP0
   2268  4155
   2269  4155				   .skipDrawP1
   2270  4155		       a9 00		      lda	#0
   2271  4157		       a8		      tay
   2272  4158		       4c 82 f1 	      jmp	.continueP1
   2273  415b
   2274  415b				   .kerloop
   2275  415b
   2276  415b				   continuekernel
      0  415b					      sleep	2
      1  415b				   .CYCLES    SET	2
      2  415b
      3  415b				  -	      IF	.CYCLES < 2
      4  415b				  -	      ECHO	"MACRO ERROR: 'SLEEP': Duration must be > 1"
      5  415b				  -	      ERR
      6  415b					      ENDIF
      7  415b
      8  415b				  -	      IF	.CYCLES & 1
      9  415b				  -	      IFNCONST	NO_ILLEGAL_OPCODES
     10  415b				  -	      nop	0
     11  415b				  -	      ELSE
     12  415b				  -	      bit	VSYNC
     13  415b				  -	      ENDIF
     14  415b				  -.CYCLES    SET	.CYCLES - 3
     15  415b					      ENDIF
     16  415b
     17  415b					      REPEAT	.CYCLES / 2
     18  415b		       ea		      nop
     19  415c					      REPEND
   2278  415c				   continuekernel2
   2279  415c		       a5 92		      lda	ballheight
   2280  415e
   2281  415e					      ifconst	pfres
   2282  415e		       bc 7c 10 	      ldy	playfield+pfres*pfwidth-132,x
   2283  4161		       84 0e		      sty	PF1L	;3
   2284  4163		       bc 7d 10 	      ldy	playfield+pfres*pfwidth-131-pfadjust,x
   2285  4166		       84 0f		      sty	PF2L	;3
   2286  4168							;sleep 14
   2287  4168		       bc 7e 10 	      ldy	playfield+pfres*pfwidth-130,x
   2288  416b		       84 0e		      sty	PF1
   2289  416d		       bc 7f 10 	      ldy	playfield+pfres*pfwidth-129-pfadjust,x
   2290  4170		       84 0f		      sty	PF2
   2291  4172				  -	      else
   2292  4172				  -	      ldy	playfield-48+pfwidth*12+44-128,x
   2293  4172				  -	      sty	PF1L	;3
   2294  4172				  -	      ldy	playfield-48+pfwidth*12+45-128-pfadjust,x	;4
   2295  4172				  -	      sty	PF2L	;3
   2296  4172				  -
   2297  4172				  -	      ldy	playfield-48+pfwidth*12+46-128,x
   2298  4172				  -	      sty	PF1
   2299  4172				  -	      ldy	playfield-48+pfwidth*12+47-128-pfadjust,x
   2300  4172				  -	      sty	PF2
   2301  4172					      endif
   2302  4172
   2303  4172		       c7 89		      dcp	bally
   2304  4174		       2a		      rol
   2305  4175		       2a		      rol
   2306  4176				   goback
   2307  4176		       85 1f		      sta	ENABL
   2308  4178				   .startkernel
   2309  4178		       a5 8f		      lda	player1height	;3
   2310  417a		       c7 86		      dcp	player1y	;5
   2311  417c		       90 d7		      bcc	.skipDrawP1	;2
   2312  417e		       a4 86		      ldy	player1y	;3
   2313  4180		       b1 8c		      lda	(player1pointer),y
   2314  4182
   2315  4182				   .continueP1
   2316  4182		       85 1c		      sta	GRP1	;3
   2317  4184
   2318  4184					      ifnconst	player1colors
   2319  4184		       a5 87		      lda	missile1height	;3
   2320  4186		       c7 88		      dcp	missile1y	;5
   2321  4188		       2a		      rol		;2
   2322  4189		       2a		      rol		;2
   2323  418a		       85 1e		      sta	ENAM1	;3
   2324  418c				  -	      else
   2325  418c				  -	      lda	(player1color),y
   2326  418c				  -	      sta	COLUP1
   2327  418c				  -	      ifnconst	playercolors
   2328  418c				  -	      sleep	7
   2329  418c				  -	      else
   2330  418c				  -	      lda.w	player0colorstore
   2331  418c				  -	      sta	COLUP0
   2332  418c				  -	      endif
   2333  418c					      endif
   2334  418c
   2335  418c					      ifconst	pfres
   2336  418c		       bd 7c 10 	      lda	playfield+pfres*pfwidth-132,x
   2337  418f		       85 0e		      sta	PF1L	;3
   2338  4191		       bd 7d 10 	      lda	playfield+pfres*pfwidth-131-pfadjust,x
   2339  4194		       85 0f		      sta	PF2L	;3
   2340  4196							;sleep 14
   2341  4196		       bc 7e 10 	      ldy	playfield+pfres*pfwidth-130,x
   2342  4199		       84 0e		      sty	PF1
   2343  419b		       bc 7f 10 	      ldy	playfield+pfres*pfwidth-129-pfadjust,x
   2344  419e		       84 0f		      sty	PF2
   2345  41a0				  -	      else
   2346  41a0				  -	      lda	playfield-48+pfwidth*12+44-128,x	;4
   2347  41a0				  -	      sta	PF1L	;3
   2348  41a0				  -	      lda	playfield-48+pfwidth*12+45-128-pfadjust,x	;4
   2349  41a0				  -	      sta	PF2L	;3
   2350  41a0				  -
   2351  41a0				  -	      ldy	playfield-48+pfwidth*12+46-128,x
   2352  41a0				  -	      sty	PF1
   2353  41a0				  -	      ldy	playfield-48+pfwidth*12+47-128-pfadjust,x
   2354  41a0				  -	      sty	PF2
   2355  41a0					      endif
   2356  41a0
   2357  41a0		       a5 8e		      lda	player0height
   2358  41a2		       c7 85		      dcp	player0y
   2359  41a4		       90 a9		      bcc	.skipDrawP0
   2360  41a6		       a4 85		      ldy	player0y
   2361  41a8		       b1 8a		      lda	(player0pointer),y
   2362  41aa				   .continueP0
   2363  41aa		       85 1b		      sta	GRP0
   2364  41ac
   2365  41ac					      ifnconst	no_blank_lines
   2366  41ac					      ifnconst	playercolors
   2367  41ac		       a5 90		      lda	missile0height	;3
   2368  41ae		       c7 91		      dcp	missile0y	;5
   2369  41b0		       e5 f6		      sbc	stack1
   2370  41b2		       85 1d		      sta	ENAM0	;3
   2371  41b4				  -	      else
   2372  41b4				  -	      lda	(player0color),y
   2373  41b4				  -	      sta	player0colorstore
   2374  41b4				  -	      sleep	6
   2375  41b4					      endif
   2376  41b4		       c6 9c		      dec	temp1
   2377  41b6		       d0 a3		      bne	continuekernel
   2378  41b8				  -	      else
   2379  41b8				  -	      dec	temp1
   2380  41b8				  -	      beq	altkernel2
   2381  41b8				  -	      ifconst	readpaddle
   2382  41b8				  -	      ldy	currentpaddle
   2383  41b8				  -	      lda	INPT0,y
   2384  41b8				  -	      bpl	noreadpaddle
   2385  41b8				  -	      inc	paddle
   2386  41b8				  -	      jmp	continuekernel2
   2387  41b8				  -noreadpaddle
   2388  41b8				  -	      sleep	2
   2389  41b8				  -	      jmp	continuekernel
   2390  41b8				  -	      else
   2391  41b8				  -	      ifnconst	playercolors
   2392  41b8				  -	      ifconst	PFcolors
   2393  41b8				  -	      txa
   2394  41b8				  -	      tay
   2395  41b8				  -	      lda	(pfcolortable),y
   2396  41b8				  -	      ifnconst	backgroundchange
   2397  41b8				  -	      sta	COLUPF
   2398  41b8				  -	      else
   2399  41b8				  -	      sta	COLUBK
   2400  41b8				  -	      endif
   2401  41b8				  -	      jmp	continuekernel
   2402  41b8				  -	      else
   2403  41b8				  -	      ifconst	kernelmacrodef
   2404  41b8				  -	      kernelmacro
   2405  41b8				  -	      else
   2406  41b8				  -	      sleep	12
   2407  41b8				  -	      endif
   2408  41b8				  -	      endif
   2409  41b8				  -	      else
   2410  41b8				  -	      lda	(player0color),y
   2411  41b8				  -	      sta	player0colorstore
   2412  41b8				  -	      sleep	4
   2413  41b8				  -	      endif
   2414  41b8				  -	      jmp	continuekernel
   2415  41b8				  -	      endif
   2416  41b8				  -
   2417  41b8				  -altkernel2
   2418  41b8				  -	      txa
   2419  41b8				  -	      ifnconst	vertical_reflect
   2420  41b8				  -	      sbx	#256-pfwidth
   2421  41b8				  -	      else
   2422  41b8				  -	      sbx	#256-pfwidth/2
   2423  41b8				  -	      endif
   2424  41b8				  -	      bmi	lastkernelline
   2425  41b8				  -	      ifconst	pfrowheight
   2426  41b8				  -	      lda	#pfrowheight
   2427  41b8				  -	      else
   2428  41b8				  -	      ifnconst	pfres
   2429  41b8				  -	      lda	#8
   2430  41b8				  -	      else
   2431  41b8				  -	      lda	#(96/pfres)
   2432  41b8				  -	      endif
   2433  41b8				  -	      endif
   2434  41b8				  -	      sta	temp1
   2435  41b8				  -	      jmp	continuekernel
   2436  41b8					      endif
   2437  41b8
   2438  41b8				   altkernel
   2439  41b8				  -	      ifconst	PFmaskvalue
   2440  41b8				  -	      lda	#PFmaskvalue
   2441  41b8					      else
   2442  41b8		       a9 00		      lda	#0
   2443  41ba					      endif
   2444  41ba		       85 0e		      sta	PF1L
   2445  41bc		       85 0f		      sta	PF2
   2446  41be
   2447  41be		       8a		      txa
   2448  41bf					      ifnconst	vertical_reflect
   2449  41bf		       cb fc		      sbx	#256-pfwidth
   2450  41c1				  -	      else
   2451  41c1				  -	      sbx	#256-pfwidth/2
   2452  41c1					      endif
   2453  41c1
   2454  41c1		       30 17		      bmi	lastkernelline
   2455  41c3
   2456  41c3				  -	      ifconst	PFcolorandheight
   2457  41c3				  -	      ifconst	pfres
   2458  41c3				  -	      ldy	playfieldcolorandheight-131+pfres*pfwidth,x
   2459  41c3				  -	      else
   2460  41c3				  -	      ldy	playfieldcolorandheight-87,x
   2461  41c3				  -	      endif
   2462  41c3				  -	      ifnconst	backgroundchange
   2463  41c3				  -	      sty	COLUPF
   2464  41c3				  -	      else
   2465  41c3				  -	      sty	COLUBK
   2466  41c3				  -	      endif
   2467  41c3				  -	      ifconst	pfres
   2468  41c3				  -	      lda	playfieldcolorandheight-132+pfres*pfwidth,x
   2469  41c3				  -	      else
   2470  41c3				  -	      lda	playfieldcolorandheight-88,x
   2471  41c3				  -	      endif
   2472  41c3				  -	      sta.w	temp1
   2473  41c3					      endif
   2474  41c3				  -	      ifconst	PFheights
   2475  41c3				  -	      lsr
   2476  41c3				  -	      lsr
   2477  41c3				  -	      tay
   2478  41c3				  -	      lda	(pfheighttable),y
   2479  41c3				  -	      sta.w	temp1
   2480  41c3					      endif
   2481  41c3				  -	      ifconst	PFcolors
   2482  41c3				  -	      tay
   2483  41c3				  -	      lda	(pfcolortable),y
   2484  41c3				  -	      ifnconst	backgroundchange
   2485  41c3				  -	      sta	COLUPF
   2486  41c3				  -	      else
   2487  41c3				  -	      sta	COLUBK
   2488  41c3				  -	      endif
   2489  41c3				  -	      ifconst	pfrowheight
   2490  41c3				  -	      lda	#pfrowheight
   2491  41c3				  -	      else
   2492  41c3				  -	      ifnconst	pfres
   2493  41c3				  -	      lda	#8
   2494  41c3				  -	      else
   2495  41c3				  -	      lda	#(96/pfres)
   2496  41c3				  -	      endif
   2497  41c3				  -	      endif
   2498  41c3				  -	      sta	temp1
   2499  41c3					      endif
   2500  41c3					      ifnconst	PFcolorandheight
   2501  41c3					      ifnconst	PFcolors
   2502  41c3					      ifnconst	PFheights
   2503  41c3					      ifnconst	no_blank_lines
   2504  41c3							; --- DUAL SCREEN INJECTION POINT ---
   2505  41c3		       e0 54		      cpx	#split_pos_auto	; Uses the auto-calculated split line
   2506  41c5		       d0 03		      bne	SplitNoDivider	; 3 cycles if branch taken
   2507  41c7		       4c 50 f3 	      jmp	SplitDoDivider	; 3 cycles
   2508  41ca				   SplitNoDivider
      0  41ca					      sleep	5	; 5 cycles (Total: 2+3+5 = 10 cycles for non-split rows)
      1  41ca				   .CYCLES    SET	5
      2  41ca
      3  41ca				  -	      IF	.CYCLES < 2
      4  41ca				  -	      ECHO	"MACRO ERROR: 'SLEEP': Duration must be > 1"
      5  41ca				  -	      ERR
      6  41ca					      ENDIF
      7  41ca
      8  41ca					      IF	.CYCLES & 1
      9  41ca					      IFNCONST	NO_ILLEGAL_OPCODES
     10  41ca		       04 00		      nop	0
     11  41cc				  -	      ELSE
     12  41cc				  -	      bit	VSYNC
     13  41cc					      ENDIF
     14  41cc				   .CYCLES    SET	.CYCLES - 3
     15  41cc					      ENDIF
     16  41cc
     17  41cc					      REPEAT	.CYCLES / 2
     18  41cc		       ea		      nop
     19  41cd					      REPEND
   2510  41cd				   SplitReturnFromDivider
   2511  41cd							; --- END INJECTION POINT ---
   2512  41cd				  -	      ifconst	pfrowheight
   2513  41cd				  -	      lda	#pfrowheight
   2514  41cd					      else
   2515  41cd				  -	      ifnconst	pfres
   2516  41cd				  -	      lda	#8
   2517  41cd					      else
   2518  41cd		       a9 04		      lda	#(96/pfres)
   2519  41cf					      endif
   2520  41cf					      endif
   2521  41cf		       85 9c		      sta	temp1
   2522  41d1					      endif
   2523  41d1					      endif
   2524  41d1					      endif
   2525  41d1					      endif
   2526  41d1
   2527  41d1		       a5 92		      lda	ballheight
   2528  41d3		       c7 89		      dcp	bally
   2529  41d5		       e5 9f		      sbc	temp4
   2530  41d7
   2531  41d7		       4c 76 f1 	      jmp	goback
   2532  41da
   2533  41da					      ifnconst	no_blank_lines
   2534  41da				   lastkernelline
   2535  41da					      ifnconst	PFcolors
      0  41da					      sleep	10
      1  41da				   .CYCLES    SET	10
      2  41da
      3  41da				  -	      IF	.CYCLES < 2
      4  41da				  -	      ECHO	"MACRO ERROR: 'SLEEP': Duration must be > 1"
      5  41da				  -	      ERR
      6  41da					      ENDIF
      7  41da
      8  41da				  -	      IF	.CYCLES & 1
      9  41da				  -	      IFNCONST	NO_ILLEGAL_OPCODES
     10  41da				  -	      nop	0
     11  41da				  -	      ELSE
     12  41da				  -	      bit	VSYNC
     13  41da				  -	      ENDIF
     14  41da				  -.CYCLES    SET	.CYCLES - 3
     15  41da					      ENDIF
     16  41da
     17  41da					      REPEAT	.CYCLES / 2
     18  41da		       ea		      nop
     17  41da					      REPEND
     18  41db		       ea		      nop
     17  41db					      REPEND
     18  41dc		       ea		      nop
     17  41dc					      REPEND
     18  41dd		       ea		      nop
     17  41dd					      REPEND
     18  41de		       ea		      nop
     19  41df					      REPEND
   2537  41df				  -	      else
   2538  41df				  -	      ldy	#124
   2539  41df				  -	      lda	(pfcolortable),y
   2540  41df				  -	      sta	COLUPF
   2541  41df					      endif
   2542  41df
   2543  41df				  -	      ifconst	PFheights
   2544  41df				  -	      ldx	#1
   2545  41df				  -	      sleep	3
   2546  41df					      else
   2547  41df		       a6 ef		      ldx	playfieldpos
      0  41e1					      sleep	2
      1  41e1				   .CYCLES    SET	2
      2  41e1
      3  41e1				  -	      IF	.CYCLES < 2
      4  41e1				  -	      ECHO	"MACRO ERROR: 'SLEEP': Duration must be > 1"
      5  41e1				  -	      ERR
      6  41e1					      ENDIF
      7  41e1
      8  41e1				  -	      IF	.CYCLES & 1
      9  41e1				  -	      IFNCONST	NO_ILLEGAL_OPCODES
     10  41e1				  -	      nop	0
     11  41e1				  -	      ELSE
     12  41e1				  -	      bit	VSYNC
     13  41e1				  -	      ENDIF
     14  41e1				  -.CYCLES    SET	.CYCLES - 3
     15  41e1					      ENDIF
     16  41e1
     17  41e1					      REPEAT	.CYCLES / 2
     18  41e1		       ea		      nop
     19  41e2					      REPEND
   2549  41e2					      endif
   2550  41e2
   2551  41e2		       4c 1b f2 	      jmp	enterlastkernel
   2552  41e5
   2553  41e5				  -	      else
   2554  41e5				  -lastkernelline
   2555  41e5				  -	      ifconst	PFheights
   2556  41e5				  -	      ldx	#1
   2557  41e5				  -	      sleep	4
   2558  41e5				  -	      else
   2559  41e5				  -	      ldx	playfieldpos
   2560  41e5				  -	      sleep	3
   2561  41e5				  -	      endif
   2562  41e5				  -
   2563  41e5				  -	      cpx	#0
   2564  41e5				  -	      bne	.enterfromNBL
   2565  41e5				  -	      jmp	no_blank_lines_bailout
   2566  41e5					      endif
   2567  41e5
   2568  41e5					      if	((<*)>$d5)
   2569  4200		       00 00 00 00*	      align	256
   2570  4200					      endif
   2571  4200
   2572  4200				   .skipDrawlastP1
   2573  4200		       a9 00		      lda	#0
   2574  4202		       a8		      tay
   2575  4203		       4c 2d f2 	      jmp	.continuelastP1
   2576  4206
   2577  4206				   .endkerloop
   2578  4206		       ea		      nop
   2579  4207
   2580  4207				   .enterfromNBL
   2581  4207					      ifconst	pfres
   2582  4207		       ac fc 10 	      ldy.w	playfield+pfres*pfwidth-4
   2583  420a		       84 0e		      sty	PF1L	;3
   2584  420c		       ac fd 10 	      ldy.w	playfield+pfres*pfwidth-3-pfadjust
   2585  420f		       84 0f		      sty	PF2L	;3
   2586  4211							;sleep 14
   2587  4211		       bc 7e 10 	      ldy	playfield+pfres*pfwidth-130,x
   2588  4214		       84 0e		      sty	PF1
   2589  4216		       bc 7f 10 	      ldy	playfield+pfres*pfwidth-129-pfadjust,x
   2590  4219		       84 0f		      sty	PF2
   2591  421b				  -	      else
   2592  421b				  -	      ldy.w	playfield-48+pfwidth*12+44
   2593  421b				  -	      sty	PF1L	;3
   2594  421b				  -	      ldy.w	playfield-48+pfwidth*12+45-pfadjust
   2595  421b				  -	      sty	PF2L	;3
   2596  421b				  -
   2597  421b				  -	      ldy	playfield-48+pfwidth*12+46-128,x
   2598  421b				  -	      sty	PF1
   2599  421b				  -	      ldy	playfield-48+pfwidth*12+47-128-pfadjust,x
   2600  421b				  -	      sty	PF2
   2601  421b					      endif
   2602  421b
   2603  421b				   enterlastkernel
   2604  421b		       a5 92		      lda	ballheight
   2605  421d
   2606  421d		       c7 89		      dcp	bally
   2607  421f		       2a		      rol
   2608  4220		       2a		      rol
   2609  4221		       85 1f		      sta	ENABL
   2610  4223
   2611  4223		       a5 8f		      lda	player1height	;3
   2612  4225		       c7 86		      dcp	player1y	;5
   2613  4227		       90 d7		      bcc	.skipDrawlastP1
   2614  4229		       a4 86		      ldy	player1y	;3
   2615  422b		       b1 8c		      lda	(player1pointer),y
   2616  422d
   2617  422d				   .continuelastP1
   2618  422d		       85 1c		      sta	GRP1	;3
   2619  422f
   2620  422f					      ifnconst	player1colors
   2621  422f		       a5 87		      lda	missile1height	;3
   2622  4231		       c7 88		      dcp	missile1y	;5
   2623  4233				  -	      else
   2624  4233				  -	      lda	(player1color),y
   2625  4233				  -	      sta	COLUP1
   2626  4233					      endif
   2627  4233
   2628  4233		       ca		      dex
   2629  4234		       f0 36		      beq	endkernel
   2630  4236
   2631  4236					      ifconst	pfres
   2632  4236		       ac fc 10 	      ldy.w	playfield+pfres*pfwidth-4
   2633  4239		       84 0e		      sty	PF1L	;3
   2634  423b		       ac fd 10 	      ldy.w	playfield+pfres*pfwidth-3-pfadjust
   2635  423e		       84 0f		      sty	PF2L	;3
   2636  4240
   2637  4240							;sleep 14
   2638  4240		       bc 7e 10 	      ldy	playfield+pfres*pfwidth-130,x
   2639  4243		       84 0e		      sty	PF1
   2640  4245		       bc 7f 10 	      ldy	playfield+pfres*pfwidth-129-pfadjust,x
   2641  4248		       84 0f		      sty	PF2
   2642  424a
   2643  424a				  -	      else
   2644  424a				  -	      ldy.w	playfield-48+pfwidth*12+44
   2645  424a				  -	      sty	PF1L	;3
   2646  424a				  -	      ldy.w	playfield-48+pfwidth*12+45-pfadjust
   2647  424a				  -	      sty	PF2L	;3
   2648  424a				  -
   2649  424a				  -	      ldy	playfield-48+pfwidth*12+46-128,x
   2650  424a				  -	      sty	PF1
   2651  424a				  -	      ldy	playfield-48+pfwidth*12+47-128-pfadjust,x
   2652  424a				  -	      sty	PF2
   2653  424a					      endif
   2654  424a
   2655  424a					      ifnconst	player1colors
   2656  424a		       2a		      rol		;2
   2657  424b		       2a		      rol		;2
   2658  424c		       85 1e		      sta	ENAM1	;3
   2659  424e				  -	      else
   2660  424e				  -	      ifnconst	playercolors
   2661  424e				  -	      sleep	7
   2662  424e				  -	      else
   2663  424e				  -	      lda.w	player0colorstore
   2664  424e				  -	      sta	COLUP0
   2665  424e				  -	      endif
   2666  424e					      endif
   2667  424e
   2668  424e		       ad 8e 00 	      lda.w	player0height
   2669  4251		       c7 85		      dcp	player0y
   2670  4253		       90 11		      bcc	.skipDrawlastP0
   2671  4255		       a4 85		      ldy	player0y
   2672  4257		       b1 8a		      lda	(player0pointer),y
   2673  4259				   .continuelastP0
   2674  4259		       85 1b		      sta	GRP0
   2675  425b
   2676  425b					      ifnconst	no_blank_lines
   2677  425b		       a5 90		      lda	missile0height	;3
   2678  425d		       c7 91		      dcp	missile0y	;5
   2679  425f		       e5 f6		      sbc	stack1
   2680  4261		       85 1d		      sta	ENAM0	;3
   2681  4263		       4c 06 f2 	      jmp	.endkerloop
   2682  4266				  -	      else
   2683  4266				  -	      ifconst	readpaddle
   2684  4266				  -	      ldy	currentpaddle
   2685  4266				  -	      lda	INPT0,y
   2686  4266				  -	      bpl	noreadpaddle2
   2687  4266				  -	      inc	paddle
   2688  4266				  -	      jmp	.endkerloop
   2689  4266				  -noreadpaddle2
   2690  4266				  -	      sleep	4
   2691  4266				  -	      jmp	.endkerloop
   2692  4266				  -	      else
   2693  4266				  -	      pla
   2694  4266				  -	      pha
   2695  4266				  -	      pla
   2696  4266				  -	      pha
   2697  4266				  -	      jmp	.endkerloop
   2698  4266				  -	      endif
   2699  4266					      endif
   2700  4266
   2701  4266				   .skipDrawlastP0
   2702  4266		       a9 00		      lda	#0
   2703  4268		       a8		      tay
   2704  4269		       4c 59 f2 	      jmp	.continuelastP0
   2705  426c
   2706  426c				  -	      ifconst	no_blank_lines
   2707  426c				  -no_blank_lines_bailout
   2708  426c				  -	      ldx	#0
   2709  426c					      endif
   2710  426c
   2711  426c				   endkernel
   2712  426c							; 6 digit score routine
   2713  426c		       86 0e		      stx	PF1
   2714  426e		       86 0f		      stx	PF2
   2715  4270		       18		      clc
   2716  4271
   2717  4271				  -	      ifconst	pfrowheight
   2718  4271				  -	      lda	#pfrowheight+2
   2719  4271					      else
   2720  4271				  -	      ifnconst	pfres
   2721  4271				  -	      lda	#10
   2722  4271					      else
   2723  4271		       a9 06		      lda	#(96/pfres)+2
   2724  4273					      endif
   2725  4273					      endif
   2726  4273
   2727  4273		       e5 ef		      sbc	playfieldpos
   2728  4275		       85 ef		      sta	playfieldpos
   2729  4277		       8a		      txa
   2730  4278
   2731  4278				  -	      ifconst	shakescreen
   2732  4278				  -	      bit	shakescreen
   2733  4278				  -	      bmi	noshakescreen2
   2734  4278				  -	      ldx	#$3D
   2735  4278				  -noshakescreen2
   2736  4278					      endif
   2737  4278
   2738  4278		       95 02		      sta	WSYNC,x
   2739  427a
   2740  427a		       85 0b		      sta	REFP0
   2741  427c		       85 0c		      sta	REFP1
   2742  427e		       85 1b		      STA	GRP0
   2743  4280		       85 1c		      STA	GRP1
   2744  4282		       85 2b		      sta	HMCLR
   2745  4284		       85 1d		      sta	ENAM0
   2746  4286		       85 1e		      sta	ENAM1
   2747  4288		       85 1f		      sta	ENABL
   2748  428a
   2749  428a		       a5 9d		      lda	temp2
   2750  428c		       85 85		      sta	player0y
   2751  428e		       a5 9e		      lda	temp3
   2752  4290		       85 86		      sta	player1y
   2753  4292					      ifnconst	player1colors
   2754  4292		       a5 a1		      lda	temp6
   2755  4294		       85 88		      sta	missile1y
   2756  4296					      endif
   2757  4296					      ifnconst	playercolors
   2758  4296					      ifnconst	readpaddle
   2759  4296		       a5 a0		      lda	temp5
   2760  4298		       85 91		      sta	missile0y
   2761  429a					      endif
   2762  429a					      endif
   2763  429a		       a5 f7		      lda	stack2
   2764  429c		       85 89		      sta	bally
   2765  429e
   2766  429e		       ad 84 02 	      lda	INTIM
   2767  42a1		       18		      clc
   2768  42a2					      ifnconst	vblank_time
   2769  42a2		       69 8e		      adc	#43+12+87
   2770  42a4				  -	      else
   2771  42a4				  -	      adc	#vblank_time+12+87
   2772  42a4				  -
   2773  42a4					      endif
   2774  42a4		       8d 96 02 	      sta	TIM64T
   2775  42a7
   2776  42a7				  -	      ifconst	minikernel
   2777  42a7				  -	      jsr	minikernel
   2778  42a7					      endif
   2779  42a7
   2780  42a7					      ifnconst	noscore
   2781  42a7		       a5 97		      lda	scorepointers+1
   2782  42a9		       85 9c		      sta	temp1
   2783  42ab		       a5 99		      lda	scorepointers+3
   2784  42ad		       85 9e		      sta	temp3
   2785  42af
   2786  42af		       85 2b		      sta	HMCLR
   2787  42b1		       ba		      tsx
   2788  42b2		       86 f6		      stx	stack1
   2789  42b4		       a2 e0		      ldx	#$E0
   2790  42b6		       86 20		      stx	HMP0
   2791  42b8
   2792  42b8		       a5 a3		      LDA	scorecolor
   2793  42ba		       85 06		      STA	COLUP0
   2794  42bc		       85 07		      STA	COLUP1
   2795  42be				  -	      ifconst	scorefade
   2796  42be				  -	      STA	stack2
   2797  42be					      endif
   2798  42be				  -	      ifconst	pfscore
   2799  42be				  -	      lda	pfscorecolor
   2800  42be				  -	      sta	COLUPF
   2801  42be					      endif
   2802  42be		       85 02		      sta	WSYNC
   2803  42c0		       a2 00		      ldx	#0
   2804  42c2		       86 1b		      STx	GRP0
   2805  42c4		       86 1c		      STx	GRP1
   2806  42c6
   2807  42c6		       a5 9b		      lda	scorepointers+5
   2808  42c8		       95 a0		      sta	temp5,x
   2809  42ca		       a9 ff		      lda	#>scoretable
   2810  42cc		       85 97		      sta	scorepointers+1
   2811  42ce		       85 99		      sta	scorepointers+3
   2812  42d0		       85 9b		      sta	scorepointers+5
   2813  42d2		       85 9d		      sta	temp2
   2814  42d4		       85 9f		      sta	temp4
   2815  42d6		       85 a1		      sta	temp6
   2816  42d8		       a0 07		      LDY	#7
   2817  42da		       84 25		      STY	VDELP0
   2818  42dc		       85 10		      STA	RESP0
   2819  42de		       85 11		      STA	RESP1
   2820  42e0
   2821  42e0		       a9 03		      LDA	#$03
   2822  42e2		       85 04		      STA	NUSIZ0
   2823  42e4		       85 05		      STA	NUSIZ1
   2824  42e6		       85 26		      STA	VDELP1
   2825  42e8		       a9 f0		      LDA	#$F0
   2826  42ea		       85 21		      STA	HMP1
   2827  42ec		       b1 96		      lda	(scorepointers),y
   2828  42ee		       85 1b		      sta	GRP0
   2829  42f0		       85 2a		      STA	HMOVE
   2830  42f2		       4c 08 f3 	      jmp	beginscore
   2831  42f5
   2832  42f5					      if	((<*)>$d4)
   2833  4300		       00 00 00 00*	      align	256
   2834  4300					      endif
   2835  4300
   2836  4300				   loop2
   2837  4300		       b1 96		      lda	(scorepointers),y
   2838  4302		       85 1b		      sta	GRP0
   2839  4304				  -	      ifconst	pfscore
   2840  4304				  -	      lda.w	pfscore1
   2841  4304				  -	      sta	PF1
   2842  4304					      else
   2843  4304				  -	      ifconst	scorefade
   2844  4304				  -	      sleep	2
   2845  4304				  -	      dec	stack2
   2846  4304					      else
      0  4304					      sleep	7
      1  4304				   .CYCLES    SET	7
      2  4304
      3  4304				  -	      IF	.CYCLES < 2
      4  4304				  -	      ECHO	"MACRO ERROR: 'SLEEP': Duration must be > 1"
      5  4304				  -	      ERR
      6  4304					      ENDIF
      7  4304
      8  4304					      IF	.CYCLES & 1
      9  4304					      IFNCONST	NO_ILLEGAL_OPCODES
     10  4304		       04 00		      nop	0
     11  4306				  -	      ELSE
     12  4306				  -	      bit	VSYNC
     13  4306					      ENDIF
     14  4306				   .CYCLES    SET	.CYCLES - 3
     15  4306					      ENDIF
     16  4306
     17  4306					      REPEAT	.CYCLES / 2
     18  4306		       ea		      nop
     17  4306					      REPEND
     18  4307		       ea		      nop
     19  4308					      REPEND
   2848  4308					      endif
   2849  4308					      endif
   2850  4308				   beginscore
   2851  4308		       b1 9e		      lda	(scorepointers+$8),y
   2852  430a		       85 1c		      sta	GRP1
   2853  430c		       b1 9c		      lda	(scorepointers+$6),y
   2854  430e		       85 1b		      sta	GRP0
   2855  4310		       b3 98		      lax	(scorepointers+$2),y
   2856  4312		       9a		      txs
   2857  4313		       b3 9a		      lax	(scorepointers+$4),y
   2858  4315				  -	      ifconst	scorefade
   2859  4315				  -	      lda	stack2
   2860  4315					      else
      0  4315					      sleep	3
      1  4315				   .CYCLES    SET	3
      2  4315
      3  4315				  -	      IF	.CYCLES < 2
      4  4315				  -	      ECHO	"MACRO ERROR: 'SLEEP': Duration must be > 1"
      5  4315				  -	      ERR
      6  4315					      ENDIF
      7  4315
      8  4315					      IF	.CYCLES & 1
      9  4315					      IFNCONST	NO_ILLEGAL_OPCODES
     10  4315		       04 00		      nop	0
     11  4317				  -	      ELSE
     12  4317				  -	      bit	VSYNC
     13  4317					      ENDIF
     14  4317				   .CYCLES    SET	.CYCLES - 3
     15  4317					      ENDIF
     16  4317
     17  4317				  -	      REPEAT	.CYCLES / 2
     18  4317				  -	      nop
     19  4317					      REPEND
   2862  4317					      endif
   2863  4317
   2864  4317				  -	      ifconst	pfscore
   2865  4317				  -	      lda	pfscore2
   2866  4317				  -	      sta	PF1
   2867  4317					      else
   2868  4317				  -	      ifconst	scorefade
   2869  4317				  -	      sta	COLUP0
   2870  4317				  -	      sta	COLUP1
   2871  4317					      else
      0  4317					      sleep	6
      1  4317				   .CYCLES    SET	6
      2  4317
      3  4317				  -	      IF	.CYCLES < 2
      4  4317				  -	      ECHO	"MACRO ERROR: 'SLEEP': Duration must be > 1"
      5  4317				  -	      ERR
      6  4317					      ENDIF
      7  4317
      8  4317				  -	      IF	.CYCLES & 1
      9  4317				  -	      IFNCONST	NO_ILLEGAL_OPCODES
     10  4317				  -	      nop	0
     11  4317				  -	      ELSE
     12  4317				  -	      bit	VSYNC
     13  4317				  -	      ENDIF
     14  4317				  -.CYCLES    SET	.CYCLES - 3
     15  4317					      ENDIF
     16  4317
     17  4317					      REPEAT	.CYCLES / 2
     18  4317		       ea		      nop
     17  4317					      REPEND
     18  4318		       ea		      nop
     17  4318					      REPEND
     18  4319		       ea		      nop
     19  431a					      REPEND
   2873  431a					      endif
   2874  431a					      endif
   2875  431a
   2876  431a		       b1 a0		      lda	(scorepointers+$A),y
   2877  431c		       86 1c		      stx	GRP1
   2878  431e		       ba		      tsx
   2879  431f		       86 1b		      stx	GRP0
   2880  4321		       85 1c		      sta	GRP1
   2881  4323		       84 1b		      sty	GRP0
   2882  4325		       88		      dey
   2883  4326		       10 d8		      bpl	loop2
   2884  4328
   2885  4328		       a6 f6		      ldx	stack1
   2886  432a		       9a		      txs
   2887  432b		       a4 9c		      ldy	temp1
   2888  432d		       84 97		      sty	scorepointers+1
   2889  432f
   2890  432f		       a9 00		      LDA	#0
   2891  4331		       85 0e		      sta	PF1
   2892  4333		       85 1b		      STA	GRP0
   2893  4335		       85 1c		      STA	GRP1
   2894  4337		       85 25		      STA	VDELP0
   2895  4339		       85 26		      STA	VDELP1
   2896  433b		       85 04		      STA	NUSIZ0
   2897  433d		       85 05		      STA	NUSIZ1
   2898  433f
   2899  433f		       a4 9e		      ldy	temp3
   2900  4341		       84 99		      sty	scorepointers+3
   2901  4343
   2902  4343		       a4 a0		      ldy	temp5
   2903  4345		       84 9b		      sty	scorepointers+5
   2904  4347					      endif
   2905  4347				  -	      ifconst	readpaddle
   2906  4347				  -	      lda	#%11000010
   2907  4347					      else
   2908  4347				  -	      ifconst	qtcontroller
   2909  4347				  -	      lda	qtcontroller
   2910  4347				  -	      lsr
   2911  4347				  -	      lda	#4
   2912  4347				  -	      ror
   2913  4347					      else
   2914  4347		       a9 02		      lda	#2
   2915  4349					      endif
   2916  4349					      endif
   2917  4349		       85 02		      sta	WSYNC
   2918  434b		       85 01		      sta	VBLANK
   2919  434d		       4c d8 f3 	      jmp	SplitReturnSafely
   2920  4350
   2921  4350				   SplitDoDivider
   2922  4350		       8a		      txa		; Push playfield offset X to stack
   2923  4351		       48		      pha
   2924  4352
   2925  4352							; Scanline 1: Swap Variables (Y, Color, and Pointers)
   2926  4352		       85 02		      sta	WSYNC
   2927  4354		       a5 d4		      lda	p2_player0y
   2928  4356		       85 85		      sta	player0y
   2929  4358		       a5 dd		      lda	p2_player1y
   2930  435a		       85 86		      sta	player1y
   2931  435c		       a5 d6		      lda	p2_colupf
   2932  435e		       85 08		      sta	COLUPF
   2933  4360
   2934  4360		       a5 df		      lda	p2_player0pointerlo
   2935  4362		       85 8a		      sta	player0pointerlo
   2936  4364		       a5 e0		      lda	p2_player0pointerhi
   2937  4366		       85 8b		      sta	player0pointerhi
   2938  4368
   2939  4368							; Swap Player 0 Color
   2940  4368		       a5 e3		      lda	p2_colup0
   2941  436a		       85 06		      sta	COLUP0
   2942  436c
   2943  436c							; Clamp Player 1 X for visual positioning only
   2944  436c		       a5 de		      lda	p2_player1x
   2945  436e		       c9 a0		      cmp	#160
   2946  4370		       90 0a		      bcc	.d_safe
   2947  4372		       c9 f0		      cmp	#240
   2948  4374		       b0 04		      bcs	.d_left
   2949  4376		       a9 9f		      lda	#159
   2950  4378		       d0 02		      bne	.d_safe
   2951  437a				   .d_left
   2952  437a		       a9 00		      lda	#0
   2953  437c				   .d_safe
   2954  437c		       aa		      tax		; Stash safe P1 X in X register
   2955  437d
   2956  437d							; Clamp Player 0 X for visual positioning only
   2957  437d		       a5 d5		      lda	p2_player0x
   2958  437f		       c9 a0		      cmp	#160
   2959  4381		       90 0a		      bcc	.c_safe
   2960  4383		       c9 f0		      cmp	#240
   2961  4385		       b0 04		      bcs	.c_left
   2962  4387		       a9 9f		      lda	#159
   2963  4389		       d0 02		      bne	.c_safe
   2964  438b				   .c_left
   2965  438b		       a9 00		      lda	#0
   2966  438d				   .c_safe
   2967  438d		       a8		      tay		; Stash safe P0 X in Y register
   2968  438e
   2969  438e							; Scanline 2: Coarse position Player 0
   2970  438e		       85 02		      sta	WSYNC
      0  4390					      sleep	10	; Increased from 8 to fix the 9-pixel left-shift error
      1  4390				   .CYCLES    SET	10
      2  4390
      3  4390				  -	      IF	.CYCLES < 2
      4  4390				  -	      ECHO	"MACRO ERROR: 'SLEEP': Duration must be > 1"
      5  4390				  -	      ERR
      6  4390					      ENDIF
      7  4390
      8  4390				  -	      IF	.CYCLES & 1
      9  4390				  -	      IFNCONST	NO_ILLEGAL_OPCODES
     10  4390				  -	      nop	0
     11  4390				  -	      ELSE
     12  4390				  -	      bit	VSYNC
     13  4390				  -	      ENDIF
     14  4390				  -.CYCLES    SET	.CYCLES - 3
     15  4390					      ENDIF
     16  4390
     17  4390					      REPEAT	.CYCLES / 2
     18  4390		       ea		      nop
     17  4390					      REPEND
     18  4391		       ea		      nop
     17  4391					      REPEND
     18  4392		       ea		      nop
     17  4392					      REPEND
     18  4393		       ea		      nop
     17  4393					      REPEND
     18  4394		       ea		      nop
     19  4395					      REPEND
   2972  4395		       98		      tya
   2973  4396		       38		      sec
   2974  4397				   SplitPosP0
   2975  4397		       e9 0f		      sbc	#15
   2976  4399		       b0 fc		      bcs	SplitPosP0
   2977  439b		       85 10		      sta	RESP0
   2978  439d		       a8		      tay		; 2-cycle save (prevents scanline issue on the right edge movement bug)
   2979  439e
   2980  439e							; Scanline 3: Coarse position Player 1
   2981  439e		       85 02		      sta	WSYNC
      0  43a0					      sleep	10	; Increased padding for P1
      1  43a0				   .CYCLES    SET	10
      2  43a0
      3  43a0				  -	      IF	.CYCLES < 2
      4  43a0				  -	      ECHO	"MACRO ERROR: 'SLEEP': Duration must be > 1"
      5  43a0				  -	      ERR
      6  43a0					      ENDIF
      7  43a0
      8  43a0				  -	      IF	.CYCLES & 1
      9  43a0				  -	      IFNCONST	NO_ILLEGAL_OPCODES
     10  43a0				  -	      nop	0
     11  43a0				  -	      ELSE
     12  43a0				  -	      bit	VSYNC
     13  43a0				  -	      ENDIF
     14  43a0				  -.CYCLES    SET	.CYCLES - 3
     15  43a0					      ENDIF
     16  43a0
     17  43a0					      REPEAT	.CYCLES / 2
     18  43a0		       ea		      nop
     17  43a0					      REPEND
     18  43a1		       ea		      nop
     17  43a1					      REPEND
     18  43a2		       ea		      nop
     17  43a2					      REPEND
     18  43a3		       ea		      nop
     17  43a3					      REPEND
     18  43a4		       ea		      nop
     19  43a5					      REPEND
   2983  43a5		       8a		      txa
   2984  43a6		       38		      sec
   2985  43a7				   SplitPosP1
   2986  43a7		       e9 0f		      sbc	#15
   2987  43a9		       b0 fc		      bcs	SplitPosP1
   2988  43ab		       85 11		      sta	RESP1
   2989  43ad		       aa		      tax		; 2-cycle save
   2990  43ae
   2991  43ae							; Scanline 4: Fine Positioning Math
   2992  43ae		       85 02		      sta	WSYNC
   2993  43b0		       98		      tya		; Retrieve P0 remainder
   2994  43b1		       49 07		      eor	#7
   2995  43b3		       0a		      asl
   2996  43b4		       0a		      asl
   2997  43b5		       0a		      asl
   2998  43b6		       0a		      asl
   2999  43b7		       85 20		      sta	HMP0
   3000  43b9
   3001  43b9		       8a		      txa		; Retrieve P1 remainder
   3002  43ba		       49 07		      eor	#7
   3003  43bc		       0a		      asl
   3004  43bd		       0a		      asl
   3005  43be		       0a		      asl
   3006  43bf		       0a		      asl
   3007  43c0		       85 21		      sta	HMP1
   3008  43c2
   3009  43c2							; Scanline 5: Apply fine position, restore playfield, and phase sync
   3010  43c2		       85 02		      sta	WSYNC
   3011  43c4		       85 2a		      sta	HMOVE
   3012  43c6
   3013  43c6		       68		      pla
   3014  43c7		       aa		      tax
   3015  43c8
   3016  43c8							; Proven 25-cycle playfield phase sync
      0  43c8					      sleep	10
      1  43c8				   .CYCLES    SET	10
      2  43c8
      3  43c8				  -	      IF	.CYCLES < 2
      4  43c8				  -	      ECHO	"MACRO ERROR: 'SLEEP': Duration must be > 1"
      5  43c8				  -	      ERR
      6  43c8					      ENDIF
      7  43c8
      8  43c8				  -	      IF	.CYCLES & 1
      9  43c8				  -	      IFNCONST	NO_ILLEGAL_OPCODES
     10  43c8				  -	      nop	0
     11  43c8				  -	      ELSE
     12  43c8				  -	      bit	VSYNC
     13  43c8				  -	      ENDIF
     14  43c8				  -.CYCLES    SET	.CYCLES - 3
     15  43c8					      ENDIF
     16  43c8
     17  43c8					      REPEAT	.CYCLES / 2
     18  43c8		       ea		      nop
     17  43c8					      REPEND
     18  43c9		       ea		      nop
     17  43c9					      REPEND
     18  43ca		       ea		      nop
     17  43ca					      REPEND
     18  43cb		       ea		      nop
     17  43cb					      REPEND
     18  43cc		       ea		      nop
     19  43cd					      REPEND
      0  43cd					      sleep	15
      1  43cd				   .CYCLES    SET	15
      2  43cd
      3  43cd				  -	      IF	.CYCLES < 2
      4  43cd				  -	      ECHO	"MACRO ERROR: 'SLEEP': Duration must be > 1"
      5  43cd				  -	      ERR
      6  43cd					      ENDIF
      7  43cd
      8  43cd					      IF	.CYCLES & 1
      9  43cd					      IFNCONST	NO_ILLEGAL_OPCODES
     10  43cd		       04 00		      nop	0
     11  43cf				  -	      ELSE
     12  43cf				  -	      bit	VSYNC
     13  43cf					      ENDIF
     14  43cf				   .CYCLES    SET	.CYCLES - 3
     15  43cf					      ENDIF
     16  43cf
     17  43cf					      REPEAT	.CYCLES / 2
     18  43cf		       ea		      nop
     17  43cf					      REPEND
     18  43d0		       ea		      nop
     17  43d0					      REPEND
     18  43d1		       ea		      nop
     17  43d1					      REPEND
     18  43d2		       ea		      nop
     17  43d2					      REPEND
     18  43d3		       ea		      nop
     17  43d3					      REPEND
     18  43d4		       ea		      nop
     19  43d5					      REPEND
   3019  43d5
   3020  43d5		       4c cd f1 	      jmp	SplitReturnFromDivider
   3021  43d8				   SplitReturnSafely
      0  43d8					      RETURN
      1  43d8				  -	      ifnconst	bankswitch
      2  43d8				  -	      rts
      3  43d8					      else
      4  43d8		       4c dd ff 	      jmp	BS_return
      5  43db					      endif
   3023  43db				  -	      ifconst	shakescreen
   3024  43db				  -doshakescreen
   3025  43db				  -	      bit	shakescreen
   3026  43db				  -	      bmi	noshakescreen
   3027  43db				  -	      sta	WSYNC
   3028  43db				  -noshakescreen
   3029  43db				  -	      ldx	missile0height
   3030  43db				  -	      inx
   3031  43db				  -	      rts
   3032  43db					      endif
   3033  43db
   3034  43db
   3035  43db							; Provided under the CC0 license. See the included LICENSE.txt for details.
   3036  43db
   3037  43db				   start
   3038  43db		       78		      sei
   3039  43dc		       d8		      cld
   3040  43dd		       a0 00		      ldy	#0
   3041  43df		       a5 d0		      lda	$D0
   3042  43e1		       c9 2c		      cmp	#$2C	;check RAM location #1
   3043  43e3		       d0 07		      bne	MachineIs2600
   3044  43e5		       a5 d1		      lda	$D1
   3045  43e7		       c9 a9		      cmp	#$A9	;check RAM location #2
   3046  43e9		       d0 01		      bne	MachineIs2600
   3047  43eb		       88		      dey
   3048  43ec				   MachineIs2600
   3049  43ec		       a2 00		      ldx	#0
   3050  43ee		       8a		      txa
   3051  43ef				   clearmem
   3052  43ef		       e8		      inx
   3053  43f0		       9a		      txs
   3054  43f1		       48		      pha
   3055  43f2		       d0 fb		      bne	clearmem
   3056  43f4		       84 9c		      sty	temp1
   3057  43f6					      ifnconst	multisprite
   3058  43f6				  -	      ifconst	pfrowheight
   3059  43f6				  -	      lda	#pfrowheight
   3060  43f6					      else
   3061  43f6					      ifconst	pfres
   3062  43f6		       a9 04		      lda	#(96/pfres)
   3063  43f8				  -	      else
   3064  43f8				  -	      lda	#8
   3065  43f8					      endif
   3066  43f8					      endif
   3067  43f8		       85 ef		      sta	playfieldpos
   3068  43fa					      endif
   3069  43fa		       a2 05		      ldx	#5
   3070  43fc				   initscore
   3071  43fc		       a9 74		      lda	#<scoretable
   3072  43fe		       95 96		      sta	scorepointers,x
   3073  4400		       ca		      dex
   3074  4401		       10 f9		      bpl	initscore
   3075  4403		       a9 01		      lda	#1
   3076  4405		       85 0a		      sta	CTRLPF
   3077  4407		       0d 84 02 	      ora	INTIM
   3078  440a		       85 a2		      sta	rand
   3079  440c
   3080  440c				  -	      ifconst	multisprite
   3081  440c				  -	      jsr	multisprite_setup
   3082  440c					      endif
   3083  440c
   3084  440c				  -	      ifnconst	bankswitch
   3085  440c				  -	      jmp	game
   3086  440c					      else
   3087  440c		       a9 90		      lda	#>(game-1)
   3088  440e		       48		      pha
   3089  440f		       a9 ff		      lda	#<(game-1)
   3090  4411		       48		      pha
   3091  4412		       48		      pha
   3092  4413		       48		      pha
   3093  4414		       a2 01		      ldx	#1
   3094  4416		       4c eb ff 	      jmp	BS_jsr
   3095  4419					      endif
   3096  4419							; Provided under the CC0 license. See the included LICENSE.txt for details.
   3097  4419
   3098  4419							; playfield drawing routines
   3099  4419							; you get a 32x12 bitmapped display in a single color :)
   3100  4419							; 0-31 and 0-11
   3101  4419
   3102  4419				   pfclear		; clears playfield - or fill with pattern
   3103  4419					      ifconst	pfres
   3104  4419		       a2 5f		      ldx	#pfres*pfwidth-1
   3105  441b				  -	      else
   3106  441b				  -	      ldx	#47-(4-pfwidth)*12	; will this work?
   3107  441b					      endif
   3108  441b				   pfclear_loop
   3109  441b				  -	      ifnconst	superchip
   3110  441b				  -	      sta	playfield,x
   3111  441b					      else
   3112  441b		       9d 20 10 	      sta	playfield-128,x
   3113  441e					      endif
   3114  441e		       ca		      dex
   3115  441f		       10 fa		      bpl	pfclear_loop
      0  4421					      RETURN
      1  4421				  -	      ifnconst	bankswitch
      2  4421				  -	      rts
      3  4421					      else
      4  4421		       4c dd ff 	      jmp	BS_return
      5  4424					      endif
   3117  4424
   3118  4424				   setuppointers
   3119  4424		       86 9d		      stx	temp2	; store on.off.flip value
   3120  4426		       aa		      tax		; put x-value in x 
   3121  4427		       4a		      lsr
   3122  4428		       4a		      lsr
   3123  4429		       4a		      lsr		; divide x pos by 8 
   3124  442a		       85 9c		      sta	temp1
   3125  442c		       98		      tya
   3126  442d		       0a		      asl
   3127  442e					      if	pfwidth=4
   3128  442e		       0a		      asl		; multiply y pos by 4
   3129  442f					      endif		; else multiply by 2
   3130  442f		       18		      clc
   3131  4430		       65 9c		      adc	temp1	; add them together to get actual memory location offset
   3132  4432		       a8		      tay		; put the value in y
   3133  4433		       a5 9d		      lda	temp2	; restore on.off.flip value
   3134  4435		       60		      rts
   3135  4436
   3136  4436				   pfread
   3137  4436							;x=xvalue, y=yvalue
   3138  4436		       20 24 f4 	      jsr	setuppointers
   3139  4439		       bd ce f4 	      lda	setbyte,x
   3140  443c		       39 a0 10 	      and	playfield,y
   3141  443f		       5d ce f4 	      eor	setbyte,x
   3142  4442							; beq readzero
   3143  4442							; lda #1
   3144  4442							; readzero
      0  4442					      RETURN
      1  4442				  -	      ifnconst	bankswitch
      2  4442				  -	      rts
      3  4442					      else
      4  4442		       4c dd ff 	      jmp	BS_return
      5  4445					      endif
   3146  4445
   3147  4445				   pfpixel
   3148  4445							;x=xvalue, y=yvalue, a=0,1,2
   3149  4445		       20 24 f4 	      jsr	setuppointers
   3150  4448
   3151  4448					      ifconst	bankswitch
   3152  4448		       a5 9d		      lda	temp2	; load on.off.flip value (0,1, or 2)
   3153  444a		       f0 0f		      beq	pixelon_r	; if "on" go to on
   3154  444c		       4a		      lsr
   3155  444d		       b0 18		      bcs	pixeloff_r	; value is 1 if true
   3156  444f		       b9 a0 10 	      lda	playfield,y	; if here, it's "flip"
   3157  4452		       5d ce f4 	      eor	setbyte,x
   3158  4455					      ifconst	superchip
   3159  4455		       99 20 10 	      sta	playfield-128,y
   3160  4458				  -	      else
   3161  4458				  -	      sta	playfield,y
   3162  4458					      endif
      0  4458					      RETURN
      1  4458				  -	      ifnconst	bankswitch
      2  4458				  -	      rts
      3  4458					      else
      4  4458		       4c dd ff 	      jmp	BS_return
      5  445b					      endif
   3164  445b				   pixelon_r
   3165  445b		       b9 a0 10 	      lda	playfield,y
   3166  445e		       1d ce f4 	      ora	setbyte,x
   3167  4461					      ifconst	superchip
   3168  4461		       99 20 10 	      sta	playfield-128,y
   3169  4464				  -	      else
   3170  4464				  -	      sta	playfield,y
   3171  4464					      endif
      0  4464					      RETURN
      1  4464				  -	      ifnconst	bankswitch
      2  4464				  -	      rts
      3  4464					      else
      4  4464		       4c dd ff 	      jmp	BS_return
      5  4467					      endif
   3173  4467				   pixeloff_r
   3174  4467		       bd ce f4 	      lda	setbyte,x
   3175  446a		       49 ff		      eor	#$ff
   3176  446c		       39 a0 10 	      and	playfield,y
   3177  446f					      ifconst	superchip
   3178  446f		       99 20 10 	      sta	playfield-128,y
   3179  4472				  -	      else
   3180  4472				  -	      sta	playfield,y
   3181  4472					      endif
      0  4472					      RETURN
      1  4472				  -	      ifnconst	bankswitch
      2  4472				  -	      rts
      3  4472					      else
      4  4472		       4c dd ff 	      jmp	BS_return
      5  4475					      endif
   3183  4475
   3184  4475				  -	      else
   3185  4475				  -	      jmp	plotpoint
   3186  4475					      endif
   3187  4475
   3188  4475				   pfhline
   3189  4475							;x=xvalue, y=yvalue, a=0,1,2, temp3=endx
   3190  4475		       20 24 f4 	      jsr	setuppointers
   3191  4478		       4c 82 f4 	      jmp	noinc
   3192  447b				   keepgoing
   3193  447b		       e8		      inx
   3194  447c		       8a		      txa
   3195  447d		       29 07		      and	#7
   3196  447f		       d0 01		      bne	noinc
   3197  4481		       c8		      iny
   3198  4482				   noinc
   3199  4482		       20 a7 f4 	      jsr	plotpoint
   3200  4485		       e4 9e		      cpx	temp3
   3201  4487		       30 f2		      bmi	keepgoing
      0  4489					      RETURN
      1  4489				  -	      ifnconst	bankswitch
      2  4489				  -	      rts
      3  4489					      else
      4  4489		       4c dd ff 	      jmp	BS_return
      5  448c					      endif
   3203  448c
   3204  448c				   pfvline
   3205  448c							;x=xvalue, y=yvalue, a=0,1,2, temp3=endx
   3206  448c		       20 24 f4 	      jsr	setuppointers
   3207  448f		       84 9c		      sty	temp1	; store memory location offset
   3208  4491		       e6 9e		      inc	temp3	; increase final x by 1 
   3209  4493		       a5 9e		      lda	temp3
   3210  4495		       0a		      asl
   3211  4496					      if	pfwidth=4
   3212  4496		       0a		      asl		; multiply by 4
   3213  4497					      endif		; else multiply by 2
   3214  4497		       85 9e		      sta	temp3	; store it
   3215  4499							; Thanks to Michael Rideout for fixing a bug in this code
   3216  4499							; right now, temp1=y=starting memory location, temp3=final
   3217  4499							; x should equal original x value
   3218  4499				   keepgoingy
   3219  4499		       20 a7 f4 	      jsr	plotpoint
   3220  449c		       c8		      iny
   3221  449d		       c8		      iny
   3222  449e					      if	pfwidth=4
   3223  449e		       c8		      iny
   3224  449f		       c8		      iny
   3225  44a0					      endif
   3226  44a0		       c4 9e		      cpy	temp3
   3227  44a2		       30 f5		      bmi	keepgoingy
      0  44a4					      RETURN
      1  44a4				  -	      ifnconst	bankswitch
      2  44a4				  -	      rts
      3  44a4					      else
      4  44a4		       4c dd ff 	      jmp	BS_return
      5  44a7					      endif
   3229  44a7
   3230  44a7				   plotpoint
   3231  44a7		       a5 9d		      lda	temp2	; load on.off.flip value (0,1, or 2)
   3232  44a9		       f0 0d		      beq	pixelon	; if "on" go to on
   3233  44ab		       4a		      lsr
   3234  44ac		       b0 14		      bcs	pixeloff	; value is 1 if true
   3235  44ae		       b9 a0 10 	      lda	playfield,y	; if here, it's "flip"
   3236  44b1		       5d ce f4 	      eor	setbyte,x
   3237  44b4					      ifconst	superchip
   3238  44b4		       99 20 10 	      sta	playfield-128,y
   3239  44b7				  -	      else
   3240  44b7				  -	      sta	playfield,y
   3241  44b7					      endif
   3242  44b7		       60		      rts
   3243  44b8				   pixelon
   3244  44b8		       b9 a0 10 	      lda	playfield,y
   3245  44bb		       1d ce f4 	      ora	setbyte,x
   3246  44be					      ifconst	superchip
   3247  44be		       99 20 10 	      sta	playfield-128,y
   3248  44c1				  -	      else
   3249  44c1				  -	      sta	playfield,y
   3250  44c1					      endif
   3251  44c1		       60		      rts
   3252  44c2				   pixeloff
   3253  44c2		       bd ce f4 	      lda	setbyte,x
   3254  44c5		       49 ff		      eor	#$ff
   3255  44c7		       39 a0 10 	      and	playfield,y
   3256  44ca					      ifconst	superchip
   3257  44ca		       99 20 10 	      sta	playfield-128,y
   3258  44cd				  -	      else
   3259  44cd				  -	      sta	playfield,y
   3260  44cd					      endif
   3261  44cd		       60		      rts
   3262  44ce
   3263  44ce				   setbyte
   3264  44ce					      ifnconst	pfcenter
   3265  44ce		       80		      .byte.b	$80
   3266  44cf		       40		      .byte.b	$40
   3267  44d0		       20		      .byte.b	$20
   3268  44d1		       10		      .byte.b	$10
   3269  44d2		       08		      .byte.b	$08
   3270  44d3		       04		      .byte.b	$04
   3271  44d4		       02		      .byte.b	$02
   3272  44d5		       01		      .byte.b	$01
   3273  44d6					      endif
   3274  44d6		       01		      .byte.b	$01
   3275  44d7		       02		      .byte.b	$02
   3276  44d8		       04		      .byte.b	$04
   3277  44d9		       08		      .byte.b	$08
   3278  44da		       10		      .byte.b	$10
   3279  44db		       20		      .byte.b	$20
   3280  44dc		       40		      .byte.b	$40
   3281  44dd		       80		      .byte.b	$80
   3282  44de		       80		      .byte.b	$80
   3283  44df		       40		      .byte.b	$40
   3284  44e0		       20		      .byte.b	$20
   3285  44e1		       10		      .byte.b	$10
   3286  44e2		       08		      .byte.b	$08
   3287  44e3		       04		      .byte.b	$04
   3288  44e4		       02		      .byte.b	$02
   3289  44e5		       01		      .byte.b	$01
   3290  44e6		       01		      .byte.b	$01
   3291  44e7		       02		      .byte.b	$02
   3292  44e8		       04		      .byte.b	$04
   3293  44e9		       08		      .byte.b	$08
   3294  44ea		       10		      .byte.b	$10
   3295  44eb		       20		      .byte.b	$20
   3296  44ec		       40		      .byte.b	$40
   3297  44ed		       80		      .byte.b	$80
   3298  44ee							; Provided under the CC0 license. See the included LICENSE.txt for details.
   3299  44ee
   3300  44ee				   pfscroll		;(a=0 left, 1 right, 2 up, 4 down, 6=upup, 12=downdown)
   3301  44ee		       d0 2a		      bne	notleft
   3302  44f0							;left
   3303  44f0					      ifconst	pfres
   3304  44f0		       a2 60		      ldx	#pfres*4
   3305  44f2				  -	      else
   3306  44f2				  -	      ldx	#48
   3307  44f2					      endif
   3308  44f2				   leftloop
   3309  44f2		       bd 9f 10 	      lda	playfield-1,x
   3310  44f5		       4a		      lsr
   3311  44f6
   3312  44f6					      ifconst	superchip
   3313  44f6		       bd 9e 10 	      lda	playfield-2,x
   3314  44f9		       2a		      rol
   3315  44fa		       9d 1e 10 	      sta	playfield-130,x
   3316  44fd		       bd 9d 10 	      lda	playfield-3,x
   3317  4500		       6a		      ror
   3318  4501		       9d 1d 10 	      sta	playfield-131,x
   3319  4504		       bd 9c 10 	      lda	playfield-4,x
   3320  4507		       2a		      rol
   3321  4508		       9d 1c 10 	      sta	playfield-132,x
   3322  450b		       bd 9f 10 	      lda	playfield-1,x
   3323  450e		       6a		      ror
   3324  450f		       9d 1f 10 	      sta	playfield-129,x
   3325  4512				  -	      else
   3326  4512				  -	      rol	playfield-2,x
   3327  4512				  -	      ror	playfield-3,x
   3328  4512				  -	      rol	playfield-4,x
   3329  4512				  -	      ror	playfield-1,x
   3330  4512					      endif
   3331  4512
   3332  4512		       8a		      txa
   3333  4513		       cb 04		      sbx	#4
   3334  4515		       d0 db		      bne	leftloop
      0  4517					      RETURN
      1  4517				  -	      ifnconst	bankswitch
      2  4517				  -	      rts
      3  4517					      else
      4  4517		       4c dd ff 	      jmp	BS_return
      5  451a					      endif
   3336  451a
   3337  451a				   notleft
   3338  451a		       4a		      lsr
   3339  451b		       90 2a		      bcc	notright
   3340  451d							;right
   3341  451d
   3342  451d					      ifconst	pfres
   3343  451d		       a2 60		      ldx	#pfres*4
   3344  451f				  -	      else
   3345  451f				  -	      ldx	#48
   3346  451f					      endif
   3347  451f				   rightloop
   3348  451f		       bd 9c 10 	      lda	playfield-4,x
   3349  4522		       4a		      lsr
   3350  4523					      ifconst	superchip
   3351  4523		       bd 9d 10 	      lda	playfield-3,x
   3352  4526		       2a		      rol
   3353  4527		       9d 1d 10 	      sta	playfield-131,x
   3354  452a		       bd 9e 10 	      lda	playfield-2,x
   3355  452d		       6a		      ror
   3356  452e		       9d 1e 10 	      sta	playfield-130,x
   3357  4531		       bd 9f 10 	      lda	playfield-1,x
   3358  4534		       2a		      rol
   3359  4535		       9d 1f 10 	      sta	playfield-129,x
   3360  4538		       bd 9c 10 	      lda	playfield-4,x
   3361  453b		       6a		      ror
   3362  453c		       9d 1c 10 	      sta	playfield-132,x
   3363  453f				  -	      else
   3364  453f				  -	      rol	playfield-3,x
   3365  453f				  -	      ror	playfield-2,x
   3366  453f				  -	      rol	playfield-1,x
   3367  453f				  -	      ror	playfield-4,x
   3368  453f					      endif
   3369  453f		       8a		      txa
   3370  4540		       cb 04		      sbx	#4
   3371  4542		       d0 db		      bne	rightloop
      0  4544					      RETURN
      1  4544				  -	      ifnconst	bankswitch
      2  4544				  -	      rts
      3  4544					      else
      4  4544		       4c dd ff 	      jmp	BS_return
      5  4547					      endif
   3373  4547
   3374  4547				   notright
   3375  4547		       4a		      lsr
   3376  4548		       90 5b		      bcc	notup
   3377  454a							;up
   3378  454a		       4a		      lsr
   3379  454b		       90 02		      bcc	onedecup
   3380  454d		       c6 ef		      dec	playfieldpos
   3381  454f				   onedecup
   3382  454f		       c6 ef		      dec	playfieldpos
   3383  4551		       f0 02		      beq	shiftdown
   3384  4553		       10 4d		      bpl	noshiftdown2
   3385  4555				   shiftdown
   3386  4555				  -	      ifconst	pfrowheight
   3387  4555				  -	      lda	#pfrowheight
   3388  4555					      else
   3389  4555				  -	      ifnconst	pfres
   3390  4555				  -	      lda	#8
   3391  4555					      else
   3392  4555		       a9 04		      lda	#(96/pfres)	; try to come close to the real size
   3393  4557					      endif
   3394  4557					      endif
   3395  4557
   3396  4557		       85 ef		      sta	playfieldpos
   3397  4559		       ad a3 10 	      lda	playfield+3
   3398  455c		       85 9f		      sta	temp4
   3399  455e		       ad a2 10 	      lda	playfield+2
   3400  4561		       85 9e		      sta	temp3
   3401  4563		       ad a1 10 	      lda	playfield+1
   3402  4566		       85 9d		      sta	temp2
   3403  4568		       ad a0 10 	      lda	playfield
   3404  456b		       85 9c		      sta	temp1
   3405  456d		       a2 00		      ldx	#0
   3406  456f				   up2
   3407  456f		       bd a4 10 	      lda	playfield+4,x
   3408  4572					      ifconst	superchip
   3409  4572		       9d 20 10 	      sta	playfield-128,x
   3410  4575		       bd a5 10 	      lda	playfield+5,x
   3411  4578		       9d 21 10 	      sta	playfield-127,x
   3412  457b		       bd a6 10 	      lda	playfield+6,x
   3413  457e		       9d 22 10 	      sta	playfield-126,x
   3414  4581		       bd a7 10 	      lda	playfield+7,x
   3415  4584		       9d 23 10 	      sta	playfield-125,x
   3416  4587				  -	      else
   3417  4587				  -	      sta	playfield,x
   3418  4587				  -	      lda	playfield+5,x
   3419  4587				  -	      sta	playfield+1,x
   3420  4587				  -	      lda	playfield+6,x
   3421  4587				  -	      sta	playfield+2,x
   3422  4587				  -	      lda	playfield+7,x
   3423  4587				  -	      sta	playfield+3,x
   3424  4587					      endif
   3425  4587		       8a		      txa
   3426  4588		       cb fc		      sbx	#252
   3427  458a					      ifconst	pfres
   3428  458a		       e0 5c		      cpx	#(pfres-1)*4
   3429  458c				  -	      else
   3430  458c				  -	      cpx	#44
   3431  458c					      endif
   3432  458c		       d0 e1		      bne	up2
   3433  458e
   3434  458e		       a5 9f		      lda	temp4
   3435  4590
   3436  4590					      ifconst	superchip
   3437  4590					      ifconst	pfres
   3438  4590		       8d 7f 10 	      sta	playfield+pfres*4-129
   3439  4593		       a5 9e		      lda	temp3
   3440  4595		       8d 7e 10 	      sta	playfield+pfres*4-130
   3441  4598		       a5 9d		      lda	temp2
   3442  459a		       8d 7d 10 	      sta	playfield+pfres*4-131
   3443  459d		       a5 9c		      lda	temp1
   3444  459f		       8d 7c 10 	      sta	playfield+pfres*4-132
   3445  45a2				  -	      else
   3446  45a2				  -	      sta	playfield+47-128
   3447  45a2				  -	      lda	temp3
   3448  45a2				  -	      sta	playfield+46-128
   3449  45a2				  -	      lda	temp2
   3450  45a2				  -	      sta	playfield+45-128
   3451  45a2				  -	      lda	temp1
   3452  45a2				  -	      sta	playfield+44-128
   3453  45a2					      endif
   3454  45a2				  -	      else
   3455  45a2				  -	      ifconst	pfres
   3456  45a2				  -	      sta	playfield+pfres*4-1
   3457  45a2				  -	      lda	temp3
   3458  45a2				  -	      sta	playfield+pfres*4-2
   3459  45a2				  -	      lda	temp2
   3460  45a2				  -	      sta	playfield+pfres*4-3
   3461  45a2				  -	      lda	temp1
   3462  45a2				  -	      sta	playfield+pfres*4-4
   3463  45a2				  -	      else
   3464  45a2				  -	      sta	playfield+47
   3465  45a2				  -	      lda	temp3
   3466  45a2				  -	      sta	playfield+46
   3467  45a2				  -	      lda	temp2
   3468  45a2				  -	      sta	playfield+45
   3469  45a2				  -	      lda	temp1
   3470  45a2				  -	      sta	playfield+44
   3471  45a2				  -	      endif
   3472  45a2					      endif
   3473  45a2				   noshiftdown2
      0  45a2					      RETURN
      1  45a2				  -	      ifnconst	bankswitch
      2  45a2				  -	      rts
      3  45a2					      else
      4  45a2		       4c dd ff 	      jmp	BS_return
      5  45a5					      endif
   3475  45a5
   3476  45a5
   3477  45a5				   notup
   3478  45a5							;down
   3479  45a5		       4a		      lsr
   3480  45a6		       b0 02		      bcs	oneincup
   3481  45a8		       e6 ef		      inc	playfieldpos
   3482  45aa				   oneincup
   3483  45aa		       e6 ef		      inc	playfieldpos
   3484  45ac		       a5 ef		      lda	playfieldpos
   3485  45ae
   3486  45ae				  -	      ifconst	pfrowheight
   3487  45ae				  -	      cmp	#pfrowheight+1
   3488  45ae					      else
   3489  45ae				  -	      ifnconst	pfres
   3490  45ae				  -	      cmp	#9
   3491  45ae					      else
   3492  45ae		       c9 05		      cmp	#(96/pfres)+1	; try to come close to the real size
   3493  45b0					      endif
   3494  45b0					      endif
   3495  45b0
   3496  45b0		       90 4b		      bcc	noshiftdown
   3497  45b2		       a9 01		      lda	#1
   3498  45b4		       85 ef		      sta	playfieldpos
   3499  45b6
   3500  45b6					      ifconst	pfres
   3501  45b6		       ad ff 10 	      lda	playfield+pfres*4-1
   3502  45b9		       85 9f		      sta	temp4
   3503  45bb		       ad fe 10 	      lda	playfield+pfres*4-2
   3504  45be		       85 9e		      sta	temp3
   3505  45c0		       ad fd 10 	      lda	playfield+pfres*4-3
   3506  45c3		       85 9d		      sta	temp2
   3507  45c5		       ad fc 10 	      lda	playfield+pfres*4-4
   3508  45c8				  -	      else
   3509  45c8				  -	      lda	playfield+47
   3510  45c8				  -	      sta	temp4
   3511  45c8				  -	      lda	playfield+46
   3512  45c8				  -	      sta	temp3
   3513  45c8				  -	      lda	playfield+45
   3514  45c8				  -	      sta	temp2
   3515  45c8				  -	      lda	playfield+44
   3516  45c8					      endif
   3517  45c8
   3518  45c8		       85 9c		      sta	temp1
   3519  45ca
   3520  45ca					      ifconst	pfres
   3521  45ca		       a2 5c		      ldx	#(pfres-1)*4
   3522  45cc				  -	      else
   3523  45cc				  -	      ldx	#44
   3524  45cc					      endif
   3525  45cc				   down2
   3526  45cc		       bd 9f 10 	      lda	playfield-1,x
   3527  45cf					      ifconst	superchip
   3528  45cf		       9d 23 10 	      sta	playfield-125,x
   3529  45d2		       bd 9e 10 	      lda	playfield-2,x
   3530  45d5		       9d 22 10 	      sta	playfield-126,x
   3531  45d8		       bd 9d 10 	      lda	playfield-3,x
   3532  45db		       9d 21 10 	      sta	playfield-127,x
   3533  45de		       bd 9c 10 	      lda	playfield-4,x
   3534  45e1		       9d 20 10 	      sta	playfield-128,x
   3535  45e4				  -	      else
   3536  45e4				  -	      sta	playfield+3,x
   3537  45e4				  -	      lda	playfield-2,x
   3538  45e4				  -	      sta	playfield+2,x
   3539  45e4				  -	      lda	playfield-3,x
   3540  45e4				  -	      sta	playfield+1,x
   3541  45e4				  -	      lda	playfield-4,x
   3542  45e4				  -	      sta	playfield,x
   3543  45e4					      endif
   3544  45e4		       8a		      txa
   3545  45e5		       cb 04		      sbx	#4
   3546  45e7		       d0 e3		      bne	down2
   3547  45e9
   3548  45e9		       a5 9f		      lda	temp4
   3549  45eb					      ifconst	superchip
   3550  45eb		       8d 23 10 	      sta	playfield-125
   3551  45ee		       a5 9e		      lda	temp3
   3552  45f0		       8d 22 10 	      sta	playfield-126
   3553  45f3		       a5 9d		      lda	temp2
   3554  45f5		       8d 21 10 	      sta	playfield-127
   3555  45f8		       a5 9c		      lda	temp1
   3556  45fa		       8d 20 10 	      sta	playfield-128
   3557  45fd				  -	      else
   3558  45fd				  -	      sta	playfield+3
   3559  45fd				  -	      lda	temp3
   3560  45fd				  -	      sta	playfield+2
   3561  45fd				  -	      lda	temp2
   3562  45fd				  -	      sta	playfield+1
   3563  45fd				  -	      lda	temp1
   3564  45fd				  -	      sta	playfield
   3565  45fd					      endif
   3566  45fd				   noshiftdown
      0  45fd					      RETURN
      1  45fd				  -	      ifnconst	bankswitch
      2  45fd				  -	      rts
      3  45fd					      else
      4  45fd		       4c dd ff 	      jmp	BS_return
      5  4600					      endif
   3568  4600							; Provided under the CC0 license. See the included LICENSE.txt for details.
   3569  4600
   3570  4600							;standard routines needed for pretty much all games
   3571  4600							; just the random number generator is left - maybe we should remove this asm file altogether?
   3572  4600							; repositioning code and score pointer setup moved to overscan
   3573  4600							; read switches, joysticks now compiler generated (more efficient)
   3574  4600
   3575  4600				   randomize
   3576  4600		       a5 a2		      lda	rand
   3577  4602		       4a		      lsr
   3578  4603				  -	      ifconst	rand16
   3579  4603				  -	      rol	rand16
   3580  4603					      endif
   3581  4603		       90 02		      bcc	noeor
   3582  4605		       49 b4		      eor	#$B4
   3583  4607				   noeor
   3584  4607		       85 a2		      sta	rand
   3585  4609				  -	      ifconst	rand16
   3586  4609				  -	      eor	rand16
   3587  4609					      endif
      0  4609					      RETURN
      1  4609				  -	      ifnconst	bankswitch
      2  4609				  -	      rts
      3  4609					      else
      4  4609		       4c dd ff 	      jmp	BS_return
      5  460c					      endif
   3589  460c							; Provided under the CC0 license. See the included LICENSE.txt for details.
   3590  460c
   3591  460c				   drawscreen
   3592  460c				  -	      ifconst	debugscore
   3593  460c				  -	      ldx	#14
   3594  460c				  -	      lda	INTIM	; display # cycles left in the score
   3595  460c				  -
   3596  460c				  -	      ifconst	mincycles
   3597  460c				  -	      lda	mincycles
   3598  460c				  -	      cmp	INTIM
   3599  460c				  -	      lda	mincycles
   3600  460c				  -	      bcc	nochange
   3601  460c				  -	      lda	INTIM
   3602  460c				  -	      sta	mincycles
   3603  460c				  -nochange
   3604  460c				  -	      endif
   3605  460c				  -
   3606  460c				  -			; cmp #$2B
   3607  460c				  -			; bcs no_cycles_left
   3608  460c				  -	      bmi	cycles_left
   3609  460c				  -	      ldx	#64
   3610  460c				  -	      eor	#$ff	;make negative
   3611  460c				  -cycles_left
   3612  460c				  -	      stx	scorecolor
   3613  460c				  -	      and	#$7f	; clear sign bit
   3614  460c				  -	      tax
   3615  460c				  -	      lda	scorebcd,x
   3616  460c				  -	      sta	score+2
   3617  460c				  -	      lda	scorebcd1,x
   3618  460c				  -	      sta	score+1
   3619  460c				  -	      jmp	done_debugscore
   3620  460c				  -scorebcd
   3621  460c				  -	      .byte	$00, $64, $28, $92, $56, $20, $84, $48, $12, $76, $40
   3622  460c				  -	      .byte	$04, $68, $32, $96, $60, $24, $88, $52, $16, $80, $44
   3623  460c				  -	      .byte	$08, $72, $36, $00, $64, $28, $92, $56, $20, $84, $48
   3624  460c				  -	      .byte	$12, $76, $40, $04, $68, $32, $96, $60, $24, $88
   3625  460c				  -scorebcd1
   3626  460c				  -	      .byte	0, 0, 1, 1, 2, 3, 3, 4, 5, 5, 6
   3627  460c				  -	      .byte	7, 7, 8, 8, 9, $10, $10, $11, $12, $12, $13
   3628  460c				  -	      .byte	$14, $14, $15, $16, $16, $17, $17, $18, $19, $19, $20
   3629  460c				  -	      .byte	$21, $21, $22, $23, $23, $24, $24, $25, $26, $26
   3630  460c				  -done_debugscore
   3631  460c					      endif
   3632  460c
   3633  460c				  -	      ifconst	debugcycles
   3634  460c				  -	      lda	INTIM	; if we go over, it mucks up the background color
   3635  460c				  -			; cmp #$2B
   3636  460c				  -			; BCC overscan
   3637  460c				  -	      bmi	overscan
   3638  460c				  -	      sta	COLUBK
   3639  460c				  -	      bcs	doneoverscan
   3640  460c					      endif
   3641  460c
   3642  460c				   overscan
   3643  460c				  -	      ifconst	interlaced
   3644  460c				  -	      PHP
   3645  460c				  -	      PLA
   3646  460c				  -	      EOR	#4	; flip interrupt bit
   3647  460c				  -	      PHA
   3648  460c				  -	      PLP
   3649  460c				  -	      AND	#4	; isolate the interrupt bit
   3650  460c				  -	      TAX		; save it for later
   3651  460c					      endif
   3652  460c
   3653  460c				   overscanloop
   3654  460c		       ad 84 02 	      lda	INTIM	;wait for sync
   3655  460f		       30 fb		      bmi	overscanloop
   3656  4611				   doneoverscan
   3657  4611
   3658  4611							;do VSYNC
   3659  4611
   3660  4611				  -	      ifconst	interlaced
   3661  4611				  -	      CPX	#4
   3662  4611				  -	      BNE	oddframevsync
   3663  4611					      endif
   3664  4611
   3665  4611		       a9 02		      lda	#2
   3666  4613		       85 02		      sta	WSYNC
   3667  4615		       85 00		      sta	VSYNC
   3668  4617		       85 02		      STA	WSYNC
   3669  4619		       85 02		      STA	WSYNC
   3670  461b		       4a		      lsr
   3671  461c		       85 02		      STA	WSYNC
   3672  461e		       85 00		      STA	VSYNC
   3673  4620		       85 01		      sta	VBLANK
   3674  4622					      ifnconst	overscan_time
   3675  4622		       a9 a5		      lda	#37+128
   3676  4624				  -	      else
   3677  4624				  -	      lda	#overscan_time+128
   3678  4624					      endif
   3679  4624		       8d 96 02 	      sta	TIM64T
   3680  4627
   3681  4627				  -	      ifconst	interlaced
   3682  4627				  -	      jmp	postsync
   3683  4627				  -
   3684  4627				  -oddframevsync
   3685  4627				  -	      sta	WSYNC
   3686  4627				  -
   3687  4627				  -	      LDA	($80,X)	; 11 waste
   3688  4627				  -	      LDA	($80,X)	; 11 waste
   3689  4627				  -	      LDA	($80,X)	; 11 waste
   3690  4627				  -
   3691  4627				  -	      lda	#2
   3692  4627				  -	      sta	VSYNC
   3693  4627				  -	      sta	WSYNC
   3694  4627				  -	      sta	WSYNC
   3695  4627				  -	      sta	WSYNC
   3696  4627				  -
   3697  4627				  -	      LDA	($80,X)	; 11 waste
   3698  4627				  -	      LDA	($80,X)	; 11 waste
   3699  4627				  -	      LDA	($80,X)	; 11 waste
   3700  4627				  -
   3701  4627				  -	      lda	#0
   3702  4627				  -	      sta	VSYNC
   3703  4627				  -	      sta	VBLANK
   3704  4627				  -	      ifnconst	overscan_time
   3705  4627				  -	      lda	#37+128
   3706  4627				  -	      else
   3707  4627				  -	      lda	#overscan_time+128
   3708  4627				  -	      endif
   3709  4627				  -	      sta	TIM64T
   3710  4627				  -
   3711  4627				  -postsync
   3712  4627					      endif
   3713  4627
   3714  4627				  -	      ifconst	legacy
   3715  4627				  -	      if	legacy < 100
   3716  4627				  -	      ldx	#4
   3717  4627				  -adjustloop
   3718  4627				  -	      lda	player0x,x
   3719  4627				  -	      sec
   3720  4627				  -	      sbc	#14	;?
   3721  4627				  -	      sta	player0x,x
   3722  4627				  -	      dex
   3723  4627				  -	      bpl	adjustloop
   3724  4627				  -	      endif
   3725  4627					      endif
   3726  4627				  -	      if	((<*)>$e9)&&((<*)<$fa)
   3727  4627				  -	      repeat	($fa-(<*))
   3728  4627				  -	      nop
   3729  4627				  -	      repend
   3730  4627					      endif
   3731  4627		       85 02		      sta	WSYNC
   3732  4629		       a2 04		      ldx	#4
      0  462b					      SLEEP	3
      1  462b				   .CYCLES    SET	3
      2  462b
      3  462b				  -	      IF	.CYCLES < 2
      4  462b				  -	      ECHO	"MACRO ERROR: 'SLEEP': Duration must be > 1"
      5  462b				  -	      ERR
      6  462b					      ENDIF
      7  462b
      8  462b					      IF	.CYCLES & 1
      9  462b					      IFNCONST	NO_ILLEGAL_OPCODES
     10  462b		       04 00		      nop	0
     11  462d				  -	      ELSE
     12  462d				  -	      bit	VSYNC
     13  462d					      ENDIF
     14  462d				   .CYCLES    SET	.CYCLES - 3
     15  462d					      ENDIF
     16  462d
     17  462d				  -	      REPEAT	.CYCLES / 2
     18  462d				  -	      nop
     19  462d					      REPEND
   3734  462d				   HorPosLoop		; 5
   3735  462d		       b5 80		      lda	player0x,X	;+4 9
   3736  462f		       38		      sec		;+2 11
   3737  4630				   DivideLoop
   3738  4630		       e9 0f		      sbc	#15
   3739  4632		       b0 fc		      bcs	DivideLoop	;+4 15
   3740  4634		       95 9c		      sta	temp1,X	;+4 19
   3741  4636		       95 10		      sta	RESP0,X	;+4 23
   3742  4638		       85 02		      sta	WSYNC
   3743  463a		       ca		      dex
   3744  463b		       10 f0		      bpl	HorPosLoop	;+5 5
   3745  463d							; 4
   3746  463d
   3747  463d		       a2 04		      ldx	#4
   3748  463f		       b4 9c		      ldy	temp1,X
   3749  4641		       b9 9d f5 	      lda	repostable-256,Y
   3750  4644		       95 20		      sta	HMP0,X	;+14 18
   3751  4646
   3752  4646		       ca		      dex
   3753  4647		       b4 9c		      ldy	temp1,X
   3754  4649		       b9 9d f5 	      lda	repostable-256,Y
   3755  464c		       95 20		      sta	HMP0,X	;+14 32
   3756  464e
   3757  464e		       ca		      dex
   3758  464f		       b4 9c		      ldy	temp1,X
   3759  4651		       b9 9d f5 	      lda	repostable-256,Y
   3760  4654		       95 20		      sta	HMP0,X	;+14 46
   3761  4656
   3762  4656		       ca		      dex
   3763  4657		       b4 9c		      ldy	temp1,X
   3764  4659		       b9 9d f5 	      lda	repostable-256,Y
   3765  465c		       95 20		      sta	HMP0,X	;+14 60
   3766  465e
   3767  465e		       ca		      dex
   3768  465f		       b4 9c		      ldy	temp1,X
   3769  4661		       b9 9d f5 	      lda	repostable-256,Y
   3770  4664		       95 20		      sta	HMP0,X	;+14 74
   3771  4666
   3772  4666		       85 02		      sta	WSYNC
   3773  4668
   3774  4668		       85 2a		      sta	HMOVE	;+3 3
   3775  466a
   3776  466a
   3777  466a				  -	      ifconst	legacy
   3778  466a				  -	      if	legacy < 100
   3779  466a				  -	      ldx	#4
   3780  466a				  -adjustloop2
   3781  466a				  -	      lda	player0x,x
   3782  466a				  -	      clc
   3783  466a				  -	      adc	#14	;?
   3784  466a				  -	      sta	player0x,x
   3785  466a				  -	      dex
   3786  466a				  -	      bpl	adjustloop2
   3787  466a				  -	      endif
   3788  466a					      endif
   3789  466a
   3790  466a
   3791  466a
   3792  466a
   3793  466a							;set score pointers
   3794  466a		       a7 95		      lax	score+2
   3795  466c		       20 9d f6 	      jsr	scorepointerset
   3796  466f		       84 9b		      sty	scorepointers+5
   3797  4671		       86 98		      stx	scorepointers+2
   3798  4673		       a7 94		      lax	score+1
   3799  4675		       20 9d f6 	      jsr	scorepointerset
   3800  4678		       84 9a		      sty	scorepointers+4
   3801  467a		       86 97		      stx	scorepointers+1
   3802  467c		       a7 93		      lax	score
   3803  467e		       20 9d f6 	      jsr	scorepointerset
   3804  4681		       84 99		      sty	scorepointers+3
   3805  4683		       86 96		      stx	scorepointers
   3806  4685
   3807  4685				   vblk
   3808  4685							; run possible vblank bB code
   3809  4685				  -	      ifconst	vblank_bB_code
   3810  4685				  -	      jsr	vblank_bB_code
   3811  4685					      endif
   3812  4685				   vblk2
   3813  4685		       ad 84 02 	      LDA	INTIM
   3814  4688		       30 fb		      bmi	vblk2
   3815  468a		       4c 00 f1 	      jmp	kernel
   3816  468d
   3817  468d
   3818  468d		       80 70 60 50*	      .byte.b	$80,$70,$60,$50,$40,$30,$20,$10,$00
   3819  4696		       f0 e0 d0 c0*	      .byte.b	$F0,$E0,$D0,$C0,$B0,$A0,$90
   3820  469d				   repostable
   3821  469d
   3822  469d				   scorepointerset
   3823  469d		       29 0f		      and	#$0F
   3824  469f		       0a		      asl
   3825  46a0		       0a		      asl
   3826  46a1		       0a		      asl
   3827  46a2		       69 74		      adc	#<scoretable
   3828  46a4		       a8		      tay
   3829  46a5		       8a		      txa
   3830  46a6							; and #$F0
   3831  46a6							; lsr
   3832  46a6		       4b f0		      asr	#$F0
   3833  46a8		       69 74		      adc	#<scoretable
   3834  46aa		       aa		      tax
   3835  46ab		       60		      rts
   3836  46ac							;bB.asm
   3837  46ac							; bB.asm file is split here
   3838  46ac				  -	      if	(<*) > (<(*+5))
   3839  46ac				  -	      repeat	($100-<*)
   3840  46ac				  -	      .byte	0
   3841  46ac				  -	      repend
   3842  46ac					      endif
   3843  46ac				   playerL024_0
   3844  46ac		       6c		      .byte.b	%01101100
   3845  46ad		       28		      .byte.b	%00101000
   3846  46ae		       38		      .byte.b	%00111000
   3847  46af		       fe		      .byte.b	%11111110
   3848  46b0		       38		      .byte.b	%00111000
   3849  46b1		       38		      .byte.b	%00111000
   3850  46b2				  -	      if	(<*) > (<(*+5))
   3851  46b2				  -	      repeat	($100-<*)
   3852  46b2				  -	      .byte	0
   3853  46b2				  -	      repend
   3854  46b2					      endif
   3855  46b2				   playerL029_0
   3856  46b2		       6c		      .byte.b	%01101100
   3857  46b3		       28		      .byte.b	%00101000
   3858  46b4		       38		      .byte.b	%00111000
   3859  46b5		       7c		      .byte.b	%01111100
   3860  46b6		       10		      .byte.b	%00010000
   3861  46b7		       38		      .byte.b	%00111000
   3862  46b8					      if	ECHOFIRST
      2236 bytes of ROM space left in bank 4
   3863  46b8					      echo	"    ",[(scoretable - *)]d , "bytes of ROM space left in bank 4")
   3864  46b8					      endif
   3865  46b8		       00 01	   ECHOFIRST  =	1
   3866  46b8
   3867  46b8
   3868  46b8							; Provided under the CC0 license. See the included LICENSE.txt for details.
   3869  46b8							; font equates
   3870  46b8		       00 01	   .21stcentury =	1
   3871  46b8		       00 02	   alarmclock =	2
   3872  46b8		       00 03	   handwritten =	3
   3873  46b8		       00 04	   interrupted =	4
   3874  46b8		       00 05	   retroputer =	5
   3875  46b8		       00 06	   whimsey    =	6
   3876  46b8		       00 07	   tiny       =	7
   3877  46b8		       00 08	   hex	      =	8
   3878  46b8
   3879  46b8							; feel free to modify the score graphics - just keep each digit 8 high
   3880  46b8							; and keep the conditional compilation stuff intact
   3881  46b8					      ifnconst	PXE
   3882  46b8				  -	      ifconst	ROM2k
   3883  46b8				  -	      ORG	$F7AC-8
   3884  46b8					      else
   3885  46b8					      ifconst	bankswitch
   3886  46b8				  -	      if	bankswitch == 8
   3887  46b8				  -	      ORG	$2F94-bscode_length
   3888  46b8				  -	      RORG	$FF94-bscode_length
   3889  46b8					      endif
   3890  46b8					      if	bankswitch == 16
   3891  4f74					      ORG	$4F94-bscode_length
   3892  4f74					      RORG	$FF94-bscode_length
   3893  4f74					      endif
   3894  4f74				  -	      if	bankswitch == 32
   3895  4f74				  -	      ORG	$8F94-bscode_length
   3896  4f74				  -	      RORG	$FF94-bscode_length
   3897  4f74					      endif
   3898  4f74				  -	      if	bankswitch == 64
   3899  4f74				  -	      ORG	$10F80-bscode_length
   3900  4f74				  -	      RORG	$1FF80-bscode_length
   3901  4f74					      endif
   3902  4f74				  -	      else
   3903  4f74				  -	      ORG	$FF9C
   3904  4f74					      endif
   3905  4f74					      endif
   3906  4f74
   3907  4f74
   3908  4f74				  -	      ifconst	font
   3909  4f74				  -	      if	font == hex
   3910  4f74				  -	      ORG	. - 48
   3911  4f74				  -	      endif
   3912  4f74					      endif
   3913  4f74					      endif
   3914  4f74
   3915  4f74				   scoretable
   3916  4f74
   3917  4f74				  -	      ifconst	font
   3918  4f74				  -	      if	font == .21stcentury
   3919  4f74				  -	      include	"score_graphics.asm.21stcentury"
   3920  4f74				  -	      endif
   3921  4f74				  -	      if	font == alarmclock
   3922  4f74				  -	      include	"score_graphics.asm.alarmclock"
   3923  4f74				  -	      endif
   3924  4f74				  -	      if	font == handwritten
   3925  4f74				  -	      include	"score_graphics.asm.handwritten"
   3926  4f74				  -	      endif
   3927  4f74				  -	      if	font == interrupted
   3928  4f74				  -	      include	"score_graphics.asm.interrupted"
   3929  4f74				  -	      endif
   3930  4f74				  -	      if	font == retroputer
   3931  4f74				  -	      include	"score_graphics.asm.retroputer"
   3932  4f74				  -	      endif
   3933  4f74				  -	      if	font == whimsey
   3934  4f74				  -	      include	"score_graphics.asm.whimsey"
   3935  4f74				  -	      endif
   3936  4f74				  -	      if	font == tiny
   3937  4f74				  -	      include	"score_graphics.asm.tiny"
   3938  4f74				  -	      endif
   3939  4f74				  -	      if	font == hex
   3940  4f74				  -	      include	"score_graphics.asm.hex"
   3941  4f74				  -	      endif
   3942  4f74					      else		; default font
   3943  4f74
   3944  4f74		       3c		      .byte.b	%00111100
   3945  4f75		       66		      .byte.b	%01100110
   3946  4f76		       66		      .byte.b	%01100110
   3947  4f77		       66		      .byte.b	%01100110
   3948  4f78		       66		      .byte.b	%01100110
   3949  4f79		       66		      .byte.b	%01100110
   3950  4f7a		       66		      .byte.b	%01100110
   3951  4f7b		       3c		      .byte.b	%00111100
   3952  4f7c
   3953  4f7c		       7e		      .byte.b	%01111110
   3954  4f7d		       18		      .byte.b	%00011000
   3955  4f7e		       18		      .byte.b	%00011000
   3956  4f7f		       18		      .byte.b	%00011000
   3957  4f80		       18		      .byte.b	%00011000
   3958  4f81		       38		      .byte.b	%00111000
   3959  4f82		       18		      .byte.b	%00011000
   3960  4f83		       08		      .byte.b	%00001000
   3961  4f84
   3962  4f84		       7e		      .byte.b	%01111110
   3963  4f85		       60		      .byte.b	%01100000
   3964  4f86		       60		      .byte.b	%01100000
   3965  4f87		       3c		      .byte.b	%00111100
   3966  4f88		       06		      .byte.b	%00000110
   3967  4f89		       06		      .byte.b	%00000110
   3968  4f8a		       46		      .byte.b	%01000110
   3969  4f8b		       3c		      .byte.b	%00111100
   3970  4f8c
   3971  4f8c		       3c		      .byte.b	%00111100
   3972  4f8d		       46		      .byte.b	%01000110
   3973  4f8e		       06		      .byte.b	%00000110
   3974  4f8f		       06		      .byte.b	%00000110
   3975  4f90		       1c		      .byte.b	%00011100
   3976  4f91		       06		      .byte.b	%00000110
   3977  4f92		       46		      .byte.b	%01000110
   3978  4f93		       3c		      .byte.b	%00111100
   3979  4f94
   3980  4f94		       0c		      .byte.b	%00001100
   3981  4f95		       0c		      .byte.b	%00001100
   3982  4f96		       7e		      .byte.b	%01111110
   3983  4f97		       4c		      .byte.b	%01001100
   3984  4f98		       4c		      .byte.b	%01001100
   3985  4f99		       2c		      .byte.b	%00101100
   3986  4f9a		       1c		      .byte.b	%00011100
   3987  4f9b		       0c		      .byte.b	%00001100
   3988  4f9c
   3989  4f9c		       3c		      .byte.b	%00111100
   3990  4f9d		       46		      .byte.b	%01000110
   3991  4f9e		       06		      .byte.b	%00000110
   3992  4f9f		       06		      .byte.b	%00000110
   3993  4fa0		       3c		      .byte.b	%00111100
   3994  4fa1		       60		      .byte.b	%01100000
   3995  4fa2		       60		      .byte.b	%01100000
   3996  4fa3		       7e		      .byte.b	%01111110
   3997  4fa4
   3998  4fa4		       3c		      .byte.b	%00111100
   3999  4fa5		       66		      .byte.b	%01100110
   4000  4fa6		       66		      .byte.b	%01100110
   4001  4fa7		       66		      .byte.b	%01100110
   4002  4fa8		       7c		      .byte.b	%01111100
   4003  4fa9		       60		      .byte.b	%01100000
   4004  4faa		       62		      .byte.b	%01100010
   4005  4fab		       3c		      .byte.b	%00111100
   4006  4fac
   4007  4fac		       30		      .byte.b	%00110000
   4008  4fad		       30		      .byte.b	%00110000
   4009  4fae		       30		      .byte.b	%00110000
   4010  4faf		       18		      .byte.b	%00011000
   4011  4fb0		       0c		      .byte.b	%00001100
   4012  4fb1		       06		      .byte.b	%00000110
   4013  4fb2		       42		      .byte.b	%01000010
   4014  4fb3		       3e		      .byte.b	%00111110
   4015  4fb4
   4016  4fb4		       3c		      .byte.b	%00111100
   4017  4fb5		       66		      .byte.b	%01100110
   4018  4fb6		       66		      .byte.b	%01100110
   4019  4fb7		       66		      .byte.b	%01100110
   4020  4fb8		       3c		      .byte.b	%00111100
   4021  4fb9		       66		      .byte.b	%01100110
   4022  4fba		       66		      .byte.b	%01100110
   4023  4fbb		       3c		      .byte.b	%00111100
   4024  4fbc
   4025  4fbc		       3c		      .byte.b	%00111100
   4026  4fbd		       46		      .byte.b	%01000110
   4027  4fbe		       06		      .byte.b	%00000110
   4028  4fbf		       3e		      .byte.b	%00111110
   4029  4fc0		       66		      .byte.b	%01100110
   4030  4fc1		       66		      .byte.b	%01100110
   4031  4fc2		       66		      .byte.b	%01100110
   4032  4fc3		       3c		      .byte.b	%00111100
   4033  4fc4
   4034  4fc4					      ifnconst	DPC_kernel_options
   4035  4fc4
   4036  4fc4		       00		      .byte.b	%00000000
   4037  4fc5		       00		      .byte.b	%00000000
   4038  4fc6		       00		      .byte.b	%00000000
   4039  4fc7		       00		      .byte.b	%00000000
   4040  4fc8		       00		      .byte.b	%00000000
   4041  4fc9		       00		      .byte.b	%00000000
   4042  4fca		       00		      .byte.b	%00000000
   4043  4fcb		       00		      .byte.b	%00000000
   4044  4fcc
   4045  4fcc					      endif
   4046  4fcc
   4047  4fcc					      endif
   4048  4fcc
   4049  4fcc					      ifnconst	PXE
   4050  4fcc				  -	      ifconst	ROM2k
   4051  4fcc				  -	      ORG	$F7FC
   4052  4fcc					      else
   4053  4fcc					      ifconst	bankswitch
   4054  4fcc				  -	      if	bankswitch == 8
   4055  4fcc				  -	      ORG	$2FF4-bscode_length
   4056  4fcc				  -	      RORG	$FFF4-bscode_length
   4057  4fcc					      endif
   4058  4fcc					      if	bankswitch == 16
   4059  4fd4					      ORG	$4FF4-bscode_length
   4060  4fd4					      RORG	$FFF4-bscode_length
   4061  4fd4					      endif
   4062  4fd4				  -	      if	bankswitch == 32
   4063  4fd4				  -	      ORG	$8FF4-bscode_length
   4064  4fd4				  -	      RORG	$FFF4-bscode_length
   4065  4fd4					      endif
   4066  4fd4				  -	      if	bankswitch == 64
   4067  4fd4				  -	      ORG	$10FE0-bscode_length
   4068  4fd4				  -	      RORG	$1FFE0-bscode_length
   4069  4fd4					      endif
   4070  4fd4				  -	      else
   4071  4fd4				  -	      ORG	$FFFC
   4072  4fd4					      endif
   4073  4fd4					      endif
   4074  4fd4					      endif
   4075  4fd4							; Provided under the CC0 license. See the included LICENSE.txt for details.
   4076  4fd4
   4077  4fd4							; every bank has this stuff at the same place
   4078  4fd4							; this code can switch to/from any bank at any entry point
   4079  4fd4							; and can preserve register values
   4080  4fd4							; note: lines not starting with a space are not placed in all banks
   4081  4fd4							;
   4082  4fd4							; line below tells the compiler how long this is - do not remove
   4083  4fd4							;size=32
   4084  4fd4
   4085  4fd4				   begin_bscode
   4086  4fd4		       a2 ff		      ldx	#$ff
   4087  4fd6				  -	      ifconst	FASTFETCH	; using DPC+
   4088  4fd6				  -	      stx	FASTFETCH
   4089  4fd6					      endif
   4090  4fd6		       9a		      txs
   4091  4fd7				  -	      if	bankswitch == 64
   4092  4fd7				  -	      lda	#(((>(start-1)) & $0F) | $F0)
   4093  4fd7					      else
   4094  4fd7		       a9 f3		      lda	#>(start-1)
   4095  4fd9					      endif
   4096  4fd9		       48		      pha
   4097  4fda		       a9 da		      lda	#<(start-1)
   4098  4fdc		       48		      pha
   4099  4fdd
   4100  4fdd				   BS_return
   4101  4fdd		       48		      pha
   4102  4fde		       8a		      txa
   4103  4fdf		       48		      pha
   4104  4fe0		       ba		      tsx
   4105  4fe1
   4106  4fe1					      if	bankswitch != 64
   4107  4fe1		       b5 04		      lda	4,x	; get high byte of return address
   4108  4fe3
   4109  4fe3		       2a		      rol
   4110  4fe4		       2a		      rol
   4111  4fe5		       2a		      rol
   4112  4fe6		       2a		      rol
   4113  4fe7		       29 03		      and	#bs_mask	;1 3 or 7 for F8/F6/F4
   4114  4fe9		       aa		      tax
   4115  4fea		       e8		      inx
   4116  4feb				  -	      else
   4117  4feb				  -	      lda	4,x	; get high byte of return address
   4118  4feb				  -	      tay
   4119  4feb				  -	      ora	#$10	; change our bank nibble into a valid rom mirror
   4120  4feb				  -	      sta	4,x
   4121  4feb				  -	      tya
   4122  4feb				  -	      lsr
   4123  4feb				  -	      lsr
   4124  4feb				  -	      lsr
   4125  4feb				  -	      lsr
   4126  4feb				  -	      tax
   4127  4feb				  -	      inx
   4128  4feb					      endif
   4129  4feb
   4130  4feb				   BS_jsr
   4131  4feb		       bd f5 1f 	      lda	bankswitch_hotspot-1,x
   4132  4fee		       68		      pla
   4133  4fef		       aa		      tax
   4134  4ff0		       68		      pla
   4135  4ff1		       60		      rts
   4136  4ff2				  -	      if	((* & $1FFF) > ((bankswitch_hotspot & $1FFF) - 1))
   4137  4ff2				  -	      echo	"WARNING: size parameter in banksw.asm too small - the program probably will not work."
   4138  4ff2				  -	      echo	"Change to",[(*-begin_bscode+1)&$FF]d,"and try again."
   4139  4ff2					      endif
   4140  4ff2							; Provided under the CC0 license. See the included LICENSE.txt for details.
   4141  4ff2
   4142  4ff2					      ifconst	bankswitch
   4143  4ff2				  -	      if	bankswitch == 8
   4144  4ff2				  -	      ORG	$2FFC
   4145  4ff2				  -	      RORG	$FFFC
   4146  4ff2					      endif
   4147  4ff2					      if	bankswitch == 16
   4148  4ffc					      ORG	$4FFC
   4149  4ffc					      RORG	$FFFC
   4150  4ffc					      endif
   4151  4ffc				  -	      if	bankswitch == 32
   4152  4ffc				  -	      ORG	$8FFC
   4153  4ffc				  -	      RORG	$FFFC
   4154  4ffc					      endif
   4155  4ffc				  -	      if	bankswitch == 64
   4156  4ffc				  -	      ORG	$10FF0
   4157  4ffc				  -	      RORG	$1FFF0
   4158  4ffc				  -	      lda	$ffe0	; we use wasted space to assist stella with EF format auto-detection
   4159  4ffc				  -	      ORG	$10FF8
   4160  4ffc				  -	      RORG	$1FFF8
   4161  4ffc				  -	      ifconst	superchip
   4162  4ffc				  -	      .byte	"E","F","S","C"
   4163  4ffc				  -	      else
   4164  4ffc				  -	      .byte	"E","F","E","F"
   4165  4ffc				  -	      endif
   4166  4ffc				  -	      ORG	$10FFC
   4167  4ffc				  -	      RORG	$1FFFC
   4168  4ffc					      endif
   4169  4ffc				  -	      else
   4170  4ffc				  -	      ifconst	ROM2k
   4171  4ffc				  -	      ORG	$F7FC
   4172  4ffc				  -	      else
   4173  4ffc				  -	      ORG	$FFFC
   4174  4ffc				  -	      endif
   4175  4ffc					      endif
   4176  4ffc		       db f3		      .word.w	(start & $ffff)
   4177  4ffe		       db f3		      .word.w	(start & $ffff)
