------- FILE split_kernel.bas.asm LEVEL 1 PASS 2
      1  5000 ????						; Provided under the CC0 license. See the included LICENSE.txt for details.
      2  5000 ????
      3  5000 ????				      processor	6502
------- FILE vcs.h LEVEL 2 PASS 2
      0  5000 ????				      include	"vcs.h"
      1  5000 ????						; Provided under the CC0 license. See the included LICENSE.txt for details.
      2  5000 ????
      3  5000 ????						; VCS.H
      4  5000 ????						; Version 1.05, 13/November/2003
      5  5000 ????
      6  5000 ????	       00 69	   VERSION_VCS =	105
      7  5000 ????
      8  5000 ????						; THIS IS A PRELIMINARY RELEASE OF *THE* "STANDARD" VCS.H
      9  5000 ????						; THIS FILE IS EXPLICITLY SUPPORTED AS A DASM-PREFERRED COMPANION FILE
     10  5000 ????						; PLEASE DO *NOT* REDISTRIBUTE THIS FILE!
     11  5000 ????						;
     12  5000 ????						; This file defines hardware registers and memory mapping for the
     13  5000 ????						; Atari 2600. It is distributed as a companion machine-specific support package
     14  5000 ????						; for the DASM compiler. Updates to this file, DASM, and associated tools are
     15  5000 ????						; available at at http://www.atari2600.org/dasm
     16  5000 ????						;
     17  5000 ????						; Many thanks to the original author(s) of this file, and to everyone who has
     18  5000 ????						; contributed to understanding the Atari 2600.  If you take issue with the
     19  5000 ????						; contents, or naming of registers, please write to me (atari2600@taswegian.com)
     20  5000 ????						; with your views.  Please contribute, if you think you can improve this
     21  5000 ????						; file!
     22  5000 ????						;
     23  5000 ????						; Latest Revisions...
     24  5000 ????						; 1.05  13/NOV/2003	  - Correction to 1.04 - now functions as requested by MR.
     25  5000 ????						;			  - Added VERSION_VCS equate (which will reflect 100x version #)
     26  5000 ????						;			    This will allow conditional code to verify VCS.H being
     27  5000 ????						;			    used for code assembly.
     28  5000 ????						; 1.04  12/NOV/2003	 Added TIA_BASE_WRITE_ADDRESS and TIA_BASE_READ_ADDRESS for
     29  5000 ????						;			 convenient disassembly/reassembly compatibility for hardware
     30  5000 ????						;			 mirrored reading/writing differences.	This is more a 
     31  5000 ????						;			 readability issue, and binary compatibility with disassembled
     32  5000 ????						;			 and reassembled sources.  Per Manuel Rotschkar's suggestion.
     33  5000 ????						; 1.03  12/MAY/2003	 Added SEG segment at end of file to fix old-code compatibility
     34  5000 ????						;			 which was broken by the use of segments in this file, as
     35  5000 ????						;			 reported by Manuel Polik on [stella] 11/MAY/2003
     36  5000 ????						; 1.02  22/MAR/2003	 Added TIMINT($285)
     37  5000 ????						; 1.01				Constant offset added to allow use for 3F-style bankswitching
     38  5000 ????						;						 - define TIA_BASE_ADDRESS as $40 for Tigervision carts, otherwise
     39  5000 ????						;						   it is safe to leave it undefined, and the base address will
     40  5000 ????						;						   be set to 0.  Thanks to Eckhard Stolberg for the suggestion.
     41  5000 ????						;			    Note, may use -DLABEL=EXPRESSION to define TIA_BASE_ADDRESS
     42  5000 ????						;			  - register definitions are now generated through assignment
     43  5000 ????						;			    in uninitialised segments.	This allows a changeable base
     44  5000 ????						;			    address architecture.
     45  5000 ????						; 1.0	22/MAR/2003		Initial release
     46  5000 ????
     47  5000 ????
     48  5000 ????						;-------------------------------------------------------------------------------
     49  5000 ????
     50  5000 ????						; TIA_BASE_ADDRESS
     51  5000 ????						; The TIA_BASE_ADDRESS defines the base address of access to TIA registers.
     52  5000 ????						; Normally 0, the base address should (externally, before including this file)
     53  5000 ????						; be set to $40 when creating 3F-bankswitched (and other?) cartridges.
     54  5000 ????						; The reason is that this bankswitching scheme treats any access to locations
     55  5000 ????						; < $40 as a bankswitch.
     56  5000 ????
     57  5000 ????			  -	      IFNCONST	TIA_BASE_ADDRESS
     58  5000 ????			  -TIA_BASE_ADDRESS =	0
     59  5000 ????				      ENDIF
     60  5000 ????
     61  5000 ????						; Note: The address may be defined on the command-line using the -D switch, eg:
     62  5000 ????						; dasm.exe code.asm -DTIA_BASE_ADDRESS=$40 -f3 -v5 -ocode.bin
     63  5000 ????						; *OR* by declaring the label before including this file, eg:
     64  5000 ????						; TIA_BASE_ADDRESS = $40
     65  5000 ????						;   include "vcs.h"
     66  5000 ????
     67  5000 ????						; Alternate read/write address capability - allows for some disassembly compatibility
     68  5000 ????						; usage ; to allow reassembly to binary perfect copies).  This is essentially catering
     69  5000 ????						; for the mirrored ROM hardware registers.
     70  5000 ????
     71  5000 ????						; Usage: As per above, define the TIA_BASE_READ_ADDRESS and/or TIA_BASE_WRITE_ADDRESS
     72  5000 ????						; using the -D command-line switch, as required.  If the addresses are not defined, 
     73  5000 ????						; they defaut to the TIA_BASE_ADDRESS.
     74  5000 ????
     75  5000 ????			  -	      IFNCONST	TIA_BASE_READ_ADDRESS
     76  5000 ????			  -TIA_BASE_READ_ADDRESS =	TIA_BASE_ADDRESS
     77  5000 ????				      ENDIF
     78  5000 ????
     79  5000 ????			  -	      IFNCONST	TIA_BASE_WRITE_ADDRESS
     80  5000 ????			  -TIA_BASE_WRITE_ADDRESS =	TIA_BASE_ADDRESS
     81  5000 ????				      ENDIF
     82  5000 ????
     83  5000 ????						;-------------------------------------------------------------------------------
     84  5000 ????
     85 U002d ????				      SEG.U	TIA_REGISTERS_WRITE
     86 U0000					      ORG	TIA_BASE_WRITE_ADDRESS
     87 U0000
     88 U0000							; DO NOT CHANGE THE RELATIVE ORDERING OF REGISTERS!
     89 U0000
     90 U0000		       00	   VSYNC      ds	1	; $00	 0000 00x0   Vertical Sync Set-Clear
     91 U0001		       00	   VBLANK     ds	1	; $01	 xx00 00x0   Vertical Blank Set-Clear
     92 U0002		       00	   WSYNC      ds	1	; $02	 ---- ----   Wait for Horizontal Blank
     93 U0003		       00	   RSYNC      ds	1	; $03	 ---- ----   Reset Horizontal Sync Counter
     94 U0004		       00	   NUSIZ0     ds	1	; $04	 00xx 0xxx   Number-Size player/missle 0
     95 U0005		       00	   NUSIZ1     ds	1	; $05	 00xx 0xxx   Number-Size player/missle 1
     96 U0006		       00	   COLUP0     ds	1	; $06	 xxxx xxx0   Color-Luminance Player 0
     97 U0007		       00	   COLUP1     ds	1	; $07	 xxxx xxx0   Color-Luminance Player 1
     98 U0008		       00	   COLUPF     ds	1	; $08	 xxxx xxx0   Color-Luminance Playfield
     99 U0009		       00	   COLUBK     ds	1	; $09	 xxxx xxx0   Color-Luminance Background
    100 U000a		       00	   CTRLPF     ds	1	; $0A	 00xx 0xxx   Control Playfield, Ball, Collisions
    101 U000b		       00	   REFP0      ds	1	; $0B	 0000 x000   Reflection Player 0
    102 U000c		       00	   REFP1      ds	1	; $0C	 0000 x000   Reflection Player 1
    103 U000d		       00	   PF0	      ds	1	; $0D	 xxxx 0000   Playfield Register Byte 0
    104 U000e		       00	   PF1	      ds	1	; $0E	 xxxx xxxx   Playfield Register Byte 1
    105 U000f		       00	   PF2	      ds	1	; $0F	 xxxx xxxx   Playfield Register Byte 2
    106 U0010		       00	   RESP0      ds	1	; $10	 ---- ----   Reset Player 0
    107 U0011		       00	   RESP1      ds	1	; $11	 ---- ----   Reset Player 1
    108 U0012		       00	   RESM0      ds	1	; $12	 ---- ----   Reset Missle 0
    109 U0013		       00	   RESM1      ds	1	; $13	 ---- ----   Reset Missle 1
    110 U0014		       00	   RESBL      ds	1	; $14	 ---- ----   Reset Ball
    111 U0015		       00	   AUDC0      ds	1	; $15	 0000 xxxx   Audio Control 0
    112 U0016		       00	   AUDC1      ds	1	; $16	 0000 xxxx   Audio Control 1
    113 U0017		       00	   AUDF0      ds	1	; $17	 000x xxxx   Audio Frequency 0
    114 U0018		       00	   AUDF1      ds	1	; $18	 000x xxxx   Audio Frequency 1
    115 U0019		       00	   AUDV0      ds	1	; $19	 0000 xxxx   Audio Volume 0
    116 U001a		       00	   AUDV1      ds	1	; $1A	 0000 xxxx   Audio Volume 1
    117 U001b		       00	   GRP0       ds	1	; $1B	 xxxx xxxx   Graphics Register Player 0
    118 U001c		       00	   GRP1       ds	1	; $1C	 xxxx xxxx   Graphics Register Player 1
    119 U001d		       00	   ENAM0      ds	1	; $1D	 0000 00x0   Graphics Enable Missle 0
    120 U001e		       00	   ENAM1      ds	1	; $1E	 0000 00x0   Graphics Enable Missle 1
    121 U001f		       00	   ENABL      ds	1	; $1F	 0000 00x0   Graphics Enable Ball
    122 U0020		       00	   HMP0       ds	1	; $20	 xxxx 0000   Horizontal Motion Player 0
    123 U0021		       00	   HMP1       ds	1	; $21	 xxxx 0000   Horizontal Motion Player 1
    124 U0022		       00	   HMM0       ds	1	; $22	 xxxx 0000   Horizontal Motion Missle 0
    125 U0023		       00	   HMM1       ds	1	; $23	 xxxx 0000   Horizontal Motion Missle 1
    126 U0024		       00	   HMBL       ds	1	; $24	 xxxx 0000   Horizontal Motion Ball
    127 U0025		       00	   VDELP0     ds	1	; $25	 0000 000x   Vertical Delay Player 0
    128 U0026		       00	   VDELP1     ds	1	; $26	 0000 000x   Vertical Delay Player 1
    129 U0027		       00	   VDELBL     ds	1	; $27	 0000 000x   Vertical Delay Ball
    130 U0028		       00	   RESMP0     ds	1	; $28	 0000 00x0   Reset Missle 0 to Player 0
    131 U0029		       00	   RESMP1     ds	1	; $29	 0000 00x0   Reset Missle 1 to Player 1
    132 U002a		       00	   HMOVE      ds	1	; $2A	 ---- ----   Apply Horizontal Motion
    133 U002b		       00	   HMCLR      ds	1	; $2B	 ---- ----   Clear Horizontal Move Registers
    134 U002c		       00	   CXCLR      ds	1	; $2C	 ---- ----   Clear Collision Latches
    135 U002d
    136 U002d							;-------------------------------------------------------------------------------
    137 U002d
    138 U0010 ????				      SEG.U	TIA_REGISTERS_READ
    139 U0000					      ORG	TIA_BASE_READ_ADDRESS
    140 U0000
    141 U0000							;											bit 7	 bit 6
    142 U0000		       00	   CXM0P      ds	1	; $00	     xx00 0000	     Read Collision  M0-P1   M0-P0
    143 U0001		       00	   CXM1P      ds	1	; $01	     xx00 0000			     M1-P0   M1-P1
    144 U0002		       00	   CXP0FB     ds	1	; $02	     xx00 0000			     P0-PF   P0-BL
    145 U0003		       00	   CXP1FB     ds	1	; $03	     xx00 0000			     P1-PF   P1-BL
    146 U0004		       00	   CXM0FB     ds	1	; $04	     xx00 0000			     M0-PF   M0-BL
    147 U0005		       00	   CXM1FB     ds	1	; $05	     xx00 0000			     M1-PF   M1-BL
    148 U0006		       00	   CXBLPF     ds	1	; $06	     x000 0000			     BL-PF   -----
    149 U0007		       00	   CXPPMM     ds	1	; $07	     xx00 0000			     P0-P1   M0-M1
    150 U0008		       00	   INPT0      ds	1	; $08	     x000 0000	     Read Pot Port 0
    151 U0009		       00	   INPT1      ds	1	; $09	     x000 0000	     Read Pot Port 1
    152 U000a		       00	   INPT2      ds	1	; $0A	     x000 0000	     Read Pot Port 2
    153 U000b		       00	   INPT3      ds	1	; $0B	     x000 0000	     Read Pot Port 3
    154 U000c		       00	   INPT4      ds	1	; $0C		x000 0000	 Read Input (Trigger) 0
    155 U000d		       00	   INPT5      ds	1	; $0D		x000 0000	 Read Input (Trigger) 1
    156 U000e
    157 U000e							;Used by PXE for Quadtari support
    158 U000e		       00	   INPT6      ds	1	; $0E		x000 0000	 Read Input (Trigger) 2
    159 U000f		       00	   INPT7      ds	1	; $0F		x000 0000	 Read Input (Trigger) 3
    160 U0010
    161 U0010							;-------------------------------------------------------------------------------
    162 U0010
    163 U0298 ????				      SEG.U	RIOT
    164 U0280					      ORG	$280
    165 U0280
    166 U0280							; RIOT MEMORY MAP
    167 U0280
    168 U0280		       00	   SWCHA      ds	1	; $280      Port A data register for joysticks:
    169 U0281							;			Bits 4-7 for player 1.  Bits 0-3 for player 2.
    170 U0281
    171 U0281		       00	   SWACNT     ds	1	; $281      Port A data direction register (DDR)
    172 U0282		       00	   SWCHB      ds	1	; $282		Port B data (console switches)
    173 U0283		       00	   SWBCNT     ds	1	; $283      Port B DDR
    174 U0284		       00	   INTIM      ds	1	; $284		Timer output
    175 U0285
    176 U0285		       00	   TIMINT     ds	1	; $285
    177 U0286
    178 U0286		       00	   SWCHA2     ds	1	; $286		Used by PXE for Quadtari support
    179 U0287
    180 U0287							; Unused/undefined registers ($287-$294)
    181 U0287		       00		      ds	1	; $287
    182 U0288		       00		      ds	1	; $288
    183 U0289		       00		      ds	1	; $289
    184 U028a		       00		      ds	1	; $28A
    185 U028b		       00		      ds	1	; $28B
    186 U028c		       00		      ds	1	; $28C
    187 U028d		       00		      ds	1	; $28D
    188 U028e		       00		      ds	1	; $28E
    189 U028f		       00		      ds	1	; $28F
    190 U0290
    191 U0290							; Used by PXE to make "on JOYx_DIR gosub" faster and smaller
    192 U0290		       00	   JOY0_DIR   ds	1	; $290
    193 U0291		       00	   JOY1_DIR   ds	1	; $291
    194 U0292		       00	   JOY2_DIR   ds	1	; $292
    195 U0293		       00	   JOY3_DIR   ds	1	; $293
    196 U0294
    197 U0294		       00	   TIM1T      ds	1	; $294		set 1 clock interval
    198 U0295		       00	   TIM8T      ds	1	; $295      set 8 clock interval
    199 U0296		       00	   TIM64T     ds	1	; $296      set 64 clock interval
    200 U0297		       00	   T1024T     ds	1	; $297      set 1024 clock interval
    201 U0298
    202 U0298							;-------------------------------------------------------------------------------
    203 U0298							; The following required for back-compatibility with code which does not use
    204 U0298							; segments.
    205 U0298
    206  5000 ????				      SEG
    207  5000 ????
    208  5000 ????						; EOF
------- FILE split_kernel.bas.asm
------- FILE macro.h LEVEL 2 PASS 2
      0  5000 ????				      include	"macro.h"
      1  5000 ????						; Provided under the CC0 license. See the included LICENSE.txt for details.
      2  5000 ????
      3  5000 ????						; MACRO.H
      4  5000 ????						; Version 1.05, 13/NOVEMBER/2003
      5  5000 ????
      6  5000 ????	       00 69	   VERSION_MACRO =	105
      7  5000 ????
      8  5000 ????						;
      9  5000 ????						; THIS FILE IS EXPLICITLY SUPPORTED AS A DASM-PREFERRED COMPANION FILE
     10  5000 ????						; PLEASE DO *NOT* REDISTRIBUTE MODIFIED VERSIONS OF THIS FILE!
     11  5000 ????						;
     12  5000 ????						; This file defines DASM macros useful for development for the Atari 2600.
     13  5000 ????						; It is distributed as a companion machine-specific support package
     14  5000 ????						; for the DASM compiler. Updates to this file, DASM, and associated tools are
     15  5000 ????						; available at at http://www.atari2600.org/dasm
     16  5000 ????						;
     17  5000 ????						; Many thanks to the people who have contributed.  If you take issue with the
     18  5000 ????						; contents, or would like to add something, please write to me
     19  5000 ????						; (atari2600@taswegian.com) with your contribution.
     20  5000 ????						;
     21  5000 ????						; Latest Revisions...
     22  5000 ????						;
     23  5000 ????						; 1.05  14/NOV/2003	  - Added VERSION_MACRO equate (which will reflect 100x version #)
     24  5000 ????						;			    This will allow conditional code to verify MACRO.H being
     25  5000 ????						;			    used for code assembly.
     26  5000 ????						; 1.04  13/NOV/2003	 - SET_POINTER macro added (16-bit address load)
     27  5000 ????						;
     28  5000 ????						; 1.03  23/JUN/2003	 - CLEAN_START macro added - clears TIA, RAM, registers
     29  5000 ????						;
     30  5000 ????						; 1.02  14/JUN/2003	 - VERTICAL_SYNC macro added
     31  5000 ????						;			   (standardised macro for vertical synch code)
     32  5000 ????						; 1.01  22/MAR/2003	 - SLEEP macro added. 
     33  5000 ????						;			 - NO_ILLEGAL_OPCODES switch implemented
     34  5000 ????						; 1.0	22/MAR/2003		Initial release
     35  5000 ????
     36  5000 ????						; Note: These macros use illegal opcodes.  To disable illegal opcode usage, 
     37  5000 ????						;   define the symbol NO_ILLEGAL_OPCODES (-DNO_ILLEGAL_OPCODES=1 on command-line).
     38  5000 ????						;   If you do not allow illegal opcode usage, you must include this file 
     39  5000 ????						;   *after* including VCS.H (as the non-illegal opcodes access hardware
     40  5000 ????						;   registers and require them to be defined first).
     41  5000 ????
     42  5000 ????						; Available macros...
     43  5000 ????						;   SLEEP n		 - sleep for n cycles
     44  5000 ????						;   VERTICAL_SYNC	 - correct 3 scanline vertical synch code
     45  5000 ????						;   CLEAN_START	 - set machine to known state on startup
     46  5000 ????						;   SET_POINTER	 - load a 16-bit absolute to a 16-bit variable
     47  5000 ????
     48  5000 ????						;-------------------------------------------------------------------------------
     49  5000 ????						; SLEEP duration
     50  5000 ????						; Original author: Thomas Jentzsch
     51  5000 ????						; Inserts code which takes the specified number of cycles to execute.	This is
     52  5000 ????						; useful for code where precise timing is required.
     53  5000 ????						; ILLEGAL-OPCODE VERSION DOES NOT AFFECT FLAGS OR REGISTERS.
     54  5000 ????						; LEGAL OPCODE VERSION MAY AFFECT FLAGS
     55  5000 ????						; Uses illegal opcode (DASM 2.20.01 onwards).
     56  5000 ????
     57  5000 ????				      MAC	sleep
     58  5000 ????			   .CYCLES    SET	{1}
     59  5000 ????
     60  5000 ????				      IF	.CYCLES < 2
     61  5000 ????				      ECHO	"MACRO ERROR: 'SLEEP': Duration must be > 1"
     62  5000 ????				      ERR
     63  5000 ????				      ENDIF
     64  5000 ????
     65  5000 ????				      IF	.CYCLES & 1
     66  5000 ????				      IFNCONST	NO_ILLEGAL_OPCODES
     67  5000 ????				      nop	0
     68  5000 ????				      ELSE
     69  5000 ????				      bit	VSYNC
     70  5000 ????				      ENDIF
     71  5000 ????			   .CYCLES    SET	.CYCLES - 3
     72  5000 ????				      ENDIF
     73  5000 ????
     74  5000 ????				      REPEAT	.CYCLES / 2
     75  5000 ????				      nop
     76  5000 ????				      REPEND
     77  5000 ????				      ENDM		;usage: SLEEP n (n>1)
     78  5000 ????
     79  5000 ????						;-------------------------------------------------------------------------------
     80  5000 ????						; VERTICAL_SYNC
     81  5000 ????						; Original author: Manuel Polik
     82  5000 ????						; Inserts the code required for a proper 3 scannline 
     83  5000 ????						; vertical sync sequence
     84  5000 ????						;
     85  5000 ????						; Note: Alters the accumulator
     86  5000 ????						;
     87  5000 ????						; IN:
     88  5000 ????						; OUT: A = 1
     89  5000 ????
     90  5000 ????				      MAC	vertical_sync
     91  5000 ????				      LDA	#$02	; A = VSYNC enable
     92  5000 ????				      STA	WSYNC	; Finish current line
     93  5000 ????				      STA	VSYNC	; Start vertical sync
     94  5000 ????				      STA	WSYNC	; 1st line vertical sync
     95  5000 ????				      STA	WSYNC	; 2nd line vertical sync
     96  5000 ????				      LSR		; A = VSYNC disable
     97  5000 ????				      STA	WSYNC	; 3rd line vertical sync
     98  5000 ????				      STA	VSYNC	; Stop vertical sync
     99  5000 ????				      ENDM
    100  5000 ????
    101  5000 ????						;-------------------------------------------------------------------------------
    102  5000 ????						; CLEAN_START
    103  5000 ????						; Original author: Andrew Davie
    104  5000 ????						; Standardised start-up code, clears stack, all TIA registers and RAM to 0
    105  5000 ????						; Sets stack pointer to $FF, and all registers to 0
    106  5000 ????						; Sets decimal mode off, sets interrupt flag (kind of un-necessary)
    107  5000 ????						; Use as very first section of code on boot (ie: at reset)
    108  5000 ????						; Code written to minimise total ROM usage - uses weird 6502 knowledge :)
    109  5000 ????
    110  5000 ????				      MAC	clean_start
    111  5000 ????				      sei
    112  5000 ????				      cld
    113  5000 ????
    114  5000 ????				      ldx	#0
    115  5000 ????				      txa
    116  5000 ????				      tay
    117  5000 ????			   .CLEAR_STACK dex
    118  5000 ????				      txs
    119  5000 ????				      pha
    120  5000 ????				      bne	.CLEAR_STACK	; SP=$FF, X = A = Y = 0
    121  5000 ????
    122  5000 ????				      ENDM
    123  5000 ????
    124  5000 ????						;-------------------------------------------------------
    125  5000 ????						; SET_POINTER
    126  5000 ????						; Original author: Manuel Rotschkar
    127  5000 ????						;
    128  5000 ????						; Sets a 2 byte RAM pointer to an absolute address.
    129  5000 ????						;
    130  5000 ????						; Usage: SET_POINTER pointer, address
    131  5000 ????						; Example: SET_POINTER SpritePTR, SpriteData
    132  5000 ????						;
    133  5000 ????						; Note: Alters the accumulator, NZ flags
    134  5000 ????						; IN 1: 2 byte RAM location reserved for pointer
    135  5000 ????						; IN 2: absolute address
    136  5000 ????
    137  5000 ????				      MAC	set_pointer
    138  5000 ????			   .POINTER   SET	{1}
    139  5000 ????			   .ADDRESS   SET	{2}
    140  5000 ????
    141  5000 ????				      LDA	#<.ADDRESS	; Get Lowbyte of Address
    142  5000 ????				      STA	.POINTER	; Store in pointer
    143  5000 ????				      LDA	#>.ADDRESS	; Get Hibyte of Address
    144  5000 ????				      STA	.POINTER+1	; Store in pointer+1
    145  5000 ????
    146  5000 ????				      ENDM
    147  5000 ????
    148  5000 ????						; EOF
------- FILE split_kernel.bas.asm
------- FILE 2600basic.h LEVEL 2 PASS 2
      0  5000 ????				      include	"2600basic.h"
      1  5000 ????						; Provided under the CC0 license. See the included LICENSE.txt for details.
      2  5000 ????
      3  5000 ????				      processor	6502
------- FILE vcs.h LEVEL 3 PASS 2
      0  5000 ????				      include	"vcs.h"
      1  5000 ????						; Provided under the CC0 license. See the included LICENSE.txt for details.
      2  5000 ????
      3  5000 ????						; VCS.H
      4  5000 ????						; Version 1.05, 13/November/2003
      5  5000 ????
      6  5000 ????	       00 69	   VERSION_VCS =	105
      7  5000 ????
      8  5000 ????						; THIS IS A PRELIMINARY RELEASE OF *THE* "STANDARD" VCS.H
      9  5000 ????						; THIS FILE IS EXPLICITLY SUPPORTED AS A DASM-PREFERRED COMPANION FILE
     10  5000 ????						; PLEASE DO *NOT* REDISTRIBUTE THIS FILE!
     11  5000 ????						;
     12  5000 ????						; This file defines hardware registers and memory mapping for the
     13  5000 ????						; Atari 2600. It is distributed as a companion machine-specific support package
     14  5000 ????						; for the DASM compiler. Updates to this file, DASM, and associated tools are
     15  5000 ????						; available at at http://www.atari2600.org/dasm
     16  5000 ????						;
     17  5000 ????						; Many thanks to the original author(s) of this file, and to everyone who has
     18  5000 ????						; contributed to understanding the Atari 2600.  If you take issue with the
     19  5000 ????						; contents, or naming of registers, please write to me (atari2600@taswegian.com)
     20  5000 ????						; with your views.  Please contribute, if you think you can improve this
     21  5000 ????						; file!
     22  5000 ????						;
     23  5000 ????						; Latest Revisions...
     24  5000 ????						; 1.05  13/NOV/2003	  - Correction to 1.04 - now functions as requested by MR.
     25  5000 ????						;			  - Added VERSION_VCS equate (which will reflect 100x version #)
     26  5000 ????						;			    This will allow conditional code to verify VCS.H being
     27  5000 ????						;			    used for code assembly.
     28  5000 ????						; 1.04  12/NOV/2003	 Added TIA_BASE_WRITE_ADDRESS and TIA_BASE_READ_ADDRESS for
     29  5000 ????						;			 convenient disassembly/reassembly compatibility for hardware
     30  5000 ????						;			 mirrored reading/writing differences.	This is more a 
     31  5000 ????						;			 readability issue, and binary compatibility with disassembled
     32  5000 ????						;			 and reassembled sources.  Per Manuel Rotschkar's suggestion.
     33  5000 ????						; 1.03  12/MAY/2003	 Added SEG segment at end of file to fix old-code compatibility
     34  5000 ????						;			 which was broken by the use of segments in this file, as
     35  5000 ????						;			 reported by Manuel Polik on [stella] 11/MAY/2003
     36  5000 ????						; 1.02  22/MAR/2003	 Added TIMINT($285)
     37  5000 ????						; 1.01				Constant offset added to allow use for 3F-style bankswitching
     38  5000 ????						;						 - define TIA_BASE_ADDRESS as $40 for Tigervision carts, otherwise
     39  5000 ????						;						   it is safe to leave it undefined, and the base address will
     40  5000 ????						;						   be set to 0.  Thanks to Eckhard Stolberg for the suggestion.
     41  5000 ????						;			    Note, may use -DLABEL=EXPRESSION to define TIA_BASE_ADDRESS
     42  5000 ????						;			  - register definitions are now generated through assignment
     43  5000 ????						;			    in uninitialised segments.	This allows a changeable base
     44  5000 ????						;			    address architecture.
     45  5000 ????						; 1.0	22/MAR/2003		Initial release
     46  5000 ????
     47  5000 ????
     48  5000 ????						;-------------------------------------------------------------------------------
     49  5000 ????
     50  5000 ????						; TIA_BASE_ADDRESS
     51  5000 ????						; The TIA_BASE_ADDRESS defines the base address of access to TIA registers.
     52  5000 ????						; Normally 0, the base address should (externally, before including this file)
     53  5000 ????						; be set to $40 when creating 3F-bankswitched (and other?) cartridges.
     54  5000 ????						; The reason is that this bankswitching scheme treats any access to locations
     55  5000 ????						; < $40 as a bankswitch.
     56  5000 ????
     57  5000 ????			  -	      IFNCONST	TIA_BASE_ADDRESS
     58  5000 ????			  -TIA_BASE_ADDRESS =	0
     59  5000 ????				      ENDIF
     60  5000 ????
     61  5000 ????						; Note: The address may be defined on the command-line using the -D switch, eg:
     62  5000 ????						; dasm.exe code.asm -DTIA_BASE_ADDRESS=$40 -f3 -v5 -ocode.bin
     63  5000 ????						; *OR* by declaring the label before including this file, eg:
     64  5000 ????						; TIA_BASE_ADDRESS = $40
     65  5000 ????						;   include "vcs.h"
     66  5000 ????
     67  5000 ????						; Alternate read/write address capability - allows for some disassembly compatibility
     68  5000 ????						; usage ; to allow reassembly to binary perfect copies).  This is essentially catering
     69  5000 ????						; for the mirrored ROM hardware registers.
     70  5000 ????
     71  5000 ????						; Usage: As per above, define the TIA_BASE_READ_ADDRESS and/or TIA_BASE_WRITE_ADDRESS
     72  5000 ????						; using the -D command-line switch, as required.  If the addresses are not defined, 
     73  5000 ????						; they defaut to the TIA_BASE_ADDRESS.
     74  5000 ????
     75  5000 ????			  -	      IFNCONST	TIA_BASE_READ_ADDRESS
     76  5000 ????			  -TIA_BASE_READ_ADDRESS =	TIA_BASE_ADDRESS
     77  5000 ????				      ENDIF
     78  5000 ????
     79  5000 ????			  -	      IFNCONST	TIA_BASE_WRITE_ADDRESS
     80  5000 ????			  -TIA_BASE_WRITE_ADDRESS =	TIA_BASE_ADDRESS
     81  5000 ????				      ENDIF
     82  5000 ????
     83  5000 ????						;-------------------------------------------------------------------------------
     84  5000 ????
     85 U002d					      SEG.U	TIA_REGISTERS_WRITE
     86 U0000					      ORG	TIA_BASE_WRITE_ADDRESS
     87 U0000
     88 U0000							; DO NOT CHANGE THE RELATIVE ORDERING OF REGISTERS!
     89 U0000
     90 U0000		       00	   VSYNC      ds	1	; $00	 0000 00x0   Vertical Sync Set-Clear
     91 U0001		       00	   VBLANK     ds	1	; $01	 xx00 00x0   Vertical Blank Set-Clear
     92 U0002		       00	   WSYNC      ds	1	; $02	 ---- ----   Wait for Horizontal Blank
     93 U0003		       00	   RSYNC      ds	1	; $03	 ---- ----   Reset Horizontal Sync Counter
     94 U0004		       00	   NUSIZ0     ds	1	; $04	 00xx 0xxx   Number-Size player/missle 0
     95 U0005		       00	   NUSIZ1     ds	1	; $05	 00xx 0xxx   Number-Size player/missle 1
     96 U0006		       00	   COLUP0     ds	1	; $06	 xxxx xxx0   Color-Luminance Player 0
     97 U0007		       00	   COLUP1     ds	1	; $07	 xxxx xxx0   Color-Luminance Player 1
     98 U0008		       00	   COLUPF     ds	1	; $08	 xxxx xxx0   Color-Luminance Playfield
     99 U0009		       00	   COLUBK     ds	1	; $09	 xxxx xxx0   Color-Luminance Background
    100 U000a		       00	   CTRLPF     ds	1	; $0A	 00xx 0xxx   Control Playfield, Ball, Collisions
    101 U000b		       00	   REFP0      ds	1	; $0B	 0000 x000   Reflection Player 0
    102 U000c		       00	   REFP1      ds	1	; $0C	 0000 x000   Reflection Player 1
    103 U000d		       00	   PF0	      ds	1	; $0D	 xxxx 0000   Playfield Register Byte 0
    104 U000e		       00	   PF1	      ds	1	; $0E	 xxxx xxxx   Playfield Register Byte 1
    105 U000f		       00	   PF2	      ds	1	; $0F	 xxxx xxxx   Playfield Register Byte 2
    106 U0010		       00	   RESP0      ds	1	; $10	 ---- ----   Reset Player 0
    107 U0011		       00	   RESP1      ds	1	; $11	 ---- ----   Reset Player 1
    108 U0012		       00	   RESM0      ds	1	; $12	 ---- ----   Reset Missle 0
    109 U0013		       00	   RESM1      ds	1	; $13	 ---- ----   Reset Missle 1
    110 U0014		       00	   RESBL      ds	1	; $14	 ---- ----   Reset Ball
    111 U0015		       00	   AUDC0      ds	1	; $15	 0000 xxxx   Audio Control 0
    112 U0016		       00	   AUDC1      ds	1	; $16	 0000 xxxx   Audio Control 1
    113 U0017		       00	   AUDF0      ds	1	; $17	 000x xxxx   Audio Frequency 0
    114 U0018		       00	   AUDF1      ds	1	; $18	 000x xxxx   Audio Frequency 1
    115 U0019		       00	   AUDV0      ds	1	; $19	 0000 xxxx   Audio Volume 0
    116 U001a		       00	   AUDV1      ds	1	; $1A	 0000 xxxx   Audio Volume 1
    117 U001b		       00	   GRP0       ds	1	; $1B	 xxxx xxxx   Graphics Register Player 0
    118 U001c		       00	   GRP1       ds	1	; $1C	 xxxx xxxx   Graphics Register Player 1
    119 U001d		       00	   ENAM0      ds	1	; $1D	 0000 00x0   Graphics Enable Missle 0
    120 U001e		       00	   ENAM1      ds	1	; $1E	 0000 00x0   Graphics Enable Missle 1
    121 U001f		       00	   ENABL      ds	1	; $1F	 0000 00x0   Graphics Enable Ball
    122 U0020		       00	   HMP0       ds	1	; $20	 xxxx 0000   Horizontal Motion Player 0
    123 U0021		       00	   HMP1       ds	1	; $21	 xxxx 0000   Horizontal Motion Player 1
    124 U0022		       00	   HMM0       ds	1	; $22	 xxxx 0000   Horizontal Motion Missle 0
    125 U0023		       00	   HMM1       ds	1	; $23	 xxxx 0000   Horizontal Motion Missle 1
    126 U0024		       00	   HMBL       ds	1	; $24	 xxxx 0000   Horizontal Motion Ball
    127 U0025		       00	   VDELP0     ds	1	; $25	 0000 000x   Vertical Delay Player 0
    128 U0026		       00	   VDELP1     ds	1	; $26	 0000 000x   Vertical Delay Player 1
    129 U0027		       00	   VDELBL     ds	1	; $27	 0000 000x   Vertical Delay Ball
    130 U0028		       00	   RESMP0     ds	1	; $28	 0000 00x0   Reset Missle 0 to Player 0
    131 U0029		       00	   RESMP1     ds	1	; $29	 0000 00x0   Reset Missle 1 to Player 1
    132 U002a		       00	   HMOVE      ds	1	; $2A	 ---- ----   Apply Horizontal Motion
    133 U002b		       00	   HMCLR      ds	1	; $2B	 ---- ----   Clear Horizontal Move Registers
    134 U002c		       00	   CXCLR      ds	1	; $2C	 ---- ----   Clear Collision Latches
    135 U002d
    136 U002d							;-------------------------------------------------------------------------------
    137 U002d
    138 U0010					      SEG.U	TIA_REGISTERS_READ
    139 U0000					      ORG	TIA_BASE_READ_ADDRESS
    140 U0000
    141 U0000							;											bit 7	 bit 6
    142 U0000		       00	   CXM0P      ds	1	; $00	     xx00 0000	     Read Collision  M0-P1   M0-P0
    143 U0001		       00	   CXM1P      ds	1	; $01	     xx00 0000			     M1-P0   M1-P1
    144 U0002		       00	   CXP0FB     ds	1	; $02	     xx00 0000			     P0-PF   P0-BL
    145 U0003		       00	   CXP1FB     ds	1	; $03	     xx00 0000			     P1-PF   P1-BL
    146 U0004		       00	   CXM0FB     ds	1	; $04	     xx00 0000			     M0-PF   M0-BL
    147 U0005		       00	   CXM1FB     ds	1	; $05	     xx00 0000			     M1-PF   M1-BL
    148 U0006		       00	   CXBLPF     ds	1	; $06	     x000 0000			     BL-PF   -----
    149 U0007		       00	   CXPPMM     ds	1	; $07	     xx00 0000			     P0-P1   M0-M1
    150 U0008		       00	   INPT0      ds	1	; $08	     x000 0000	     Read Pot Port 0
    151 U0009		       00	   INPT1      ds	1	; $09	     x000 0000	     Read Pot Port 1
    152 U000a		       00	   INPT2      ds	1	; $0A	     x000 0000	     Read Pot Port 2
    153 U000b		       00	   INPT3      ds	1	; $0B	     x000 0000	     Read Pot Port 3
    154 U000c		       00	   INPT4      ds	1	; $0C		x000 0000	 Read Input (Trigger) 0
    155 U000d		       00	   INPT5      ds	1	; $0D		x000 0000	 Read Input (Trigger) 1
    156 U000e
    157 U000e							;Used by PXE for Quadtari support
    158 U000e		       00	   INPT6      ds	1	; $0E		x000 0000	 Read Input (Trigger) 2
    159 U000f		       00	   INPT7      ds	1	; $0F		x000 0000	 Read Input (Trigger) 3
    160 U0010
    161 U0010							;-------------------------------------------------------------------------------
    162 U0010
    163 U0298					      SEG.U	RIOT
    164 U0280					      ORG	$280
    165 U0280
    166 U0280							; RIOT MEMORY MAP
    167 U0280
    168 U0280		       00	   SWCHA      ds	1	; $280      Port A data register for joysticks:
    169 U0281							;			Bits 4-7 for player 1.  Bits 0-3 for player 2.
    170 U0281
    171 U0281		       00	   SWACNT     ds	1	; $281      Port A data direction register (DDR)
    172 U0282		       00	   SWCHB      ds	1	; $282		Port B data (console switches)
    173 U0283		       00	   SWBCNT     ds	1	; $283      Port B DDR
    174 U0284		       00	   INTIM      ds	1	; $284		Timer output
    175 U0285
    176 U0285		       00	   TIMINT     ds	1	; $285
    177 U0286
    178 U0286		       00	   SWCHA2     ds	1	; $286		Used by PXE for Quadtari support
    179 U0287
    180 U0287							; Unused/undefined registers ($287-$294)
    181 U0287		       00		      ds	1	; $287
    182 U0288		       00		      ds	1	; $288
    183 U0289		       00		      ds	1	; $289
    184 U028a		       00		      ds	1	; $28A
    185 U028b		       00		      ds	1	; $28B
    186 U028c		       00		      ds	1	; $28C
    187 U028d		       00		      ds	1	; $28D
    188 U028e		       00		      ds	1	; $28E
    189 U028f		       00		      ds	1	; $28F
    190 U0290
    191 U0290							; Used by PXE to make "on JOYx_DIR gosub" faster and smaller
    192 U0290		       00	   JOY0_DIR   ds	1	; $290
    193 U0291		       00	   JOY1_DIR   ds	1	; $291
    194 U0292		       00	   JOY2_DIR   ds	1	; $292
    195 U0293		       00	   JOY3_DIR   ds	1	; $293
    196 U0294
    197 U0294		       00	   TIM1T      ds	1	; $294		set 1 clock interval
    198 U0295		       00	   TIM8T      ds	1	; $295      set 8 clock interval
    199 U0296		       00	   TIM64T     ds	1	; $296      set 64 clock interval
    200 U0297		       00	   T1024T     ds	1	; $297      set 1024 clock interval
    201 U0298
    202 U0298							;-------------------------------------------------------------------------------
    203 U0298							; The following required for back-compatibility with code which does not use
    204 U0298							; segments.
    205 U0298
    206  5000 ????				      SEG
    207  5000 ????
    208  5000 ????						; EOF
------- FILE 2600basic.h
------- FILE macro.h LEVEL 3 PASS 2
      0  5000 ????				      include	"macro.h"
      1  5000 ????						; Provided under the CC0 license. See the included LICENSE.txt for details.
      2  5000 ????
      3  5000 ????						; MACRO.H
      4  5000 ????						; Version 1.05, 13/NOVEMBER/2003
      5  5000 ????
      6  5000 ????	       00 69	   VERSION_MACRO =	105
      7  5000 ????
      8  5000 ????						;
      9  5000 ????						; THIS FILE IS EXPLICITLY SUPPORTED AS A DASM-PREFERRED COMPANION FILE
     10  5000 ????						; PLEASE DO *NOT* REDISTRIBUTE MODIFIED VERSIONS OF THIS FILE!
     11  5000 ????						;
     12  5000 ????						; This file defines DASM macros useful for development for the Atari 2600.
     13  5000 ????						; It is distributed as a companion machine-specific support package
     14  5000 ????						; for the DASM compiler. Updates to this file, DASM, and associated tools are
     15  5000 ????						; available at at http://www.atari2600.org/dasm
     16  5000 ????						;
     17  5000 ????						; Many thanks to the people who have contributed.  If you take issue with the
     18  5000 ????						; contents, or would like to add something, please write to me
     19  5000 ????						; (atari2600@taswegian.com) with your contribution.
     20  5000 ????						;
     21  5000 ????						; Latest Revisions...
     22  5000 ????						;
     23  5000 ????						; 1.05  14/NOV/2003	  - Added VERSION_MACRO equate (which will reflect 100x version #)
     24  5000 ????						;			    This will allow conditional code to verify MACRO.H being
     25  5000 ????						;			    used for code assembly.
     26  5000 ????						; 1.04  13/NOV/2003	 - SET_POINTER macro added (16-bit address load)
     27  5000 ????						;
     28  5000 ????						; 1.03  23/JUN/2003	 - CLEAN_START macro added - clears TIA, RAM, registers
     29  5000 ????						;
     30  5000 ????						; 1.02  14/JUN/2003	 - VERTICAL_SYNC macro added
     31  5000 ????						;			   (standardised macro for vertical synch code)
     32  5000 ????						; 1.01  22/MAR/2003	 - SLEEP macro added. 
     33  5000 ????						;			 - NO_ILLEGAL_OPCODES switch implemented
     34  5000 ????						; 1.0	22/MAR/2003		Initial release
     35  5000 ????
     36  5000 ????						; Note: These macros use illegal opcodes.  To disable illegal opcode usage, 
     37  5000 ????						;   define the symbol NO_ILLEGAL_OPCODES (-DNO_ILLEGAL_OPCODES=1 on command-line).
     38  5000 ????						;   If you do not allow illegal opcode usage, you must include this file 
     39  5000 ????						;   *after* including VCS.H (as the non-illegal opcodes access hardware
     40  5000 ????						;   registers and require them to be defined first).
     41  5000 ????
     42  5000 ????						; Available macros...
     43  5000 ????						;   SLEEP n		 - sleep for n cycles
     44  5000 ????						;   VERTICAL_SYNC	 - correct 3 scanline vertical synch code
     45  5000 ????						;   CLEAN_START	 - set machine to known state on startup
     46  5000 ????						;   SET_POINTER	 - load a 16-bit absolute to a 16-bit variable
     47  5000 ????
     48  5000 ????						;-------------------------------------------------------------------------------
     49  5000 ????						; SLEEP duration
     50  5000 ????						; Original author: Thomas Jentzsch
     51  5000 ????						; Inserts code which takes the specified number of cycles to execute.	This is
     52  5000 ????						; useful for code where precise timing is required.
     53  5000 ????						; ILLEGAL-OPCODE VERSION DOES NOT AFFECT FLAGS OR REGISTERS.
     54  5000 ????						; LEGAL OPCODE VERSION MAY AFFECT FLAGS
     55  5000 ????						; Uses illegal opcode (DASM 2.20.01 onwards).
     56  5000 ????
     57  5000 ????				      MAC	sleep
     58  5000 ????			   .CYCLES    SET	{1}
     59  5000 ????
     60  5000 ????				      IF	.CYCLES < 2
     61  5000 ????				      ECHO	"MACRO ERROR: 'SLEEP': Duration must be > 1"
     62  5000 ????				      ERR
     63  5000 ????				      ENDIF
     64  5000 ????
     65  5000 ????				      IF	.CYCLES & 1
     66  5000 ????				      IFNCONST	NO_ILLEGAL_OPCODES
     67  5000 ????				      nop	0
     68  5000 ????				      ELSE
     69  5000 ????				      bit	VSYNC
     70  5000 ????				      ENDIF
     71  5000 ????			   .CYCLES    SET	.CYCLES - 3
     72  5000 ????				      ENDIF
     73  5000 ????
     74  5000 ????				      REPEAT	.CYCLES / 2
     75  5000 ????				      nop
     76  5000 ????				      REPEND
     77  5000 ????				      ENDM		;usage: SLEEP n (n>1)
     78  5000 ????
     79  5000 ????						;-------------------------------------------------------------------------------
     80  5000 ????						; VERTICAL_SYNC
     81  5000 ????						; Original author: Manuel Polik
     82  5000 ????						; Inserts the code required for a proper 3 scannline 
     83  5000 ????						; vertical sync sequence
     84  5000 ????						;
     85  5000 ????						; Note: Alters the accumulator
     86  5000 ????						;
     87  5000 ????						; IN:
     88  5000 ????						; OUT: A = 1
     89  5000 ????
     90  5000 ????				      MAC	vertical_sync
     91  5000 ????				      LDA	#$02	; A = VSYNC enable
     92  5000 ????				      STA	WSYNC	; Finish current line
     93  5000 ????				      STA	VSYNC	; Start vertical sync
     94  5000 ????				      STA	WSYNC	; 1st line vertical sync
     95  5000 ????				      STA	WSYNC	; 2nd line vertical sync
     96  5000 ????				      LSR		; A = VSYNC disable
     97  5000 ????				      STA	WSYNC	; 3rd line vertical sync
     98  5000 ????				      STA	VSYNC	; Stop vertical sync
     99  5000 ????				      ENDM
    100  5000 ????
    101  5000 ????						;-------------------------------------------------------------------------------
    102  5000 ????						; CLEAN_START
    103  5000 ????						; Original author: Andrew Davie
    104  5000 ????						; Standardised start-up code, clears stack, all TIA registers and RAM to 0
    105  5000 ????						; Sets stack pointer to $FF, and all registers to 0
    106  5000 ????						; Sets decimal mode off, sets interrupt flag (kind of un-necessary)
    107  5000 ????						; Use as very first section of code on boot (ie: at reset)
    108  5000 ????						; Code written to minimise total ROM usage - uses weird 6502 knowledge :)
    109  5000 ????
    110  5000 ????				      MAC	clean_start
    111  5000 ????				      sei
    112  5000 ????				      cld
    113  5000 ????
    114  5000 ????				      ldx	#0
    115  5000 ????				      txa
    116  5000 ????				      tay
    117  5000 ????			   .CLEAR_STACK dex
    118  5000 ????				      txs
    119  5000 ????				      pha
    120  5000 ????				      bne	.CLEAR_STACK	; SP=$FF, X = A = Y = 0
    121  5000 ????
    122  5000 ????				      ENDM
    123  5000 ????
    124  5000 ????						;-------------------------------------------------------
    125  5000 ????						; SET_POINTER
    126  5000 ????						; Original author: Manuel Rotschkar
    127  5000 ????						;
    128  5000 ????						; Sets a 2 byte RAM pointer to an absolute address.
    129  5000 ????						;
    130  5000 ????						; Usage: SET_POINTER pointer, address
    131  5000 ????						; Example: SET_POINTER SpritePTR, SpriteData
    132  5000 ????						;
    133  5000 ????						; Note: Alters the accumulator, NZ flags
    134  5000 ????						; IN 1: 2 byte RAM location reserved for pointer
    135  5000 ????						; IN 2: absolute address
    136  5000 ????
    137  5000 ????				      MAC	set_pointer
    138  5000 ????			   .POINTER   SET	{1}
    139  5000 ????			   .ADDRESS   SET	{2}
    140  5000 ????
    141  5000 ????				      LDA	#<.ADDRESS	; Get Lowbyte of Address
    142  5000 ????				      STA	.POINTER	; Store in pointer
    143  5000 ????				      LDA	#>.ADDRESS	; Get Hibyte of Address
    144  5000 ????				      STA	.POINTER+1	; Store in pointer+1
    145  5000 ????
    146  5000 ????				      ENDM
    147  5000 ????
    148  5000 ????						; EOF
------- FILE 2600basic.h
------- FILE 2600basic_variable_redefs.h LEVEL 3 PASS 2
      0  5000 ????				      include	"2600basic_variable_redefs.h"
      1  5000 ????						; This file contains variable mapping and other information for the current project.
      2  5000 ????
      3  5000 ????	       00 20	   bscode_length =	32
      4  5000 ????	       00 20	   pfres      =	32
      5  5000 ????
      6  5000 ????	       00 dc	   p2_colupf  =	i
      7  5000 ????
      8  5000 ????	       00 db	   p2_player1pointerhi =	h
      9  5000 ????
     10  5000 ????	       00 da	   p2_player1pointerlo =	g
     11  5000 ????
     12  5000 ????	       00 d9	   p2_player0pointerhi =	f
     13  5000 ????
     14  5000 ????	       00 d8	   p2_player0pointerlo =	e
     15  5000 ????
     16  5000 ????	       00 d7	   p2_player1x =	d
     17  5000 ????
     18  5000 ????	       00 d6	   p2_player0x =	c
     19  5000 ????
     20  5000 ????	       00 d5	   p2_player1y =	b
     21  5000 ????
     22  5000 ????	       00 d4	   p2_player0y =	a
     23  5000 ????
     24  5000 ????	       00 01	   superchip  =	1
     25  5000 ????	       00 03	   bs_mask    =	3
     26  5000 ????	       00 10	   bankswitch =	16
     27  5000 ????	       1f f6	   bankswitch_hotspot =	$1FF6
     28  5000 ????	       00 01	   split_kernel =	1
------- FILE 2600basic.h
      7  5000 ????
      8  5000 ????	       00 80	   player0x   =	$80
      9  5000 ????	       00 81	   player1x   =	$81
     10  5000 ????	       00 82	   missile0x  =	$82
     11  5000 ????	       00 83	   missile1x  =	$83
     12  5000 ????	       00 84	   ballx      =	$84
     13  5000 ????
     14  5000 ????	       00 85	   objecty    =	$85
     15  5000 ????	       00 85	   player0y   =	$85
     16  5000 ????	       00 86	   player1y   =	$86
     17  5000 ????	       00 87	   missile1height =	$87
     18  5000 ????	       00 88	   missile1y  =	$88
     19  5000 ????	       00 89	   bally      =	$89
     20  5000 ????
     21  5000 ????	       00 87	   player1color =	$87	; replaces missile 1
     22  5000 ????
     23  5000 ????	       00 8a	   player0pointer =	$8A	;uses $8A-$8B
     24  5000 ????	       00 8a	   player0pointerlo =	$8A
     25  5000 ????	       00 8b	   player0pointerhi =	$8B
     26  5000 ????	       00 8c	   player1pointer =	$8C	; $8C-$8D
     27  5000 ????	       00 8c	   player1pointerlo =	$8C
     28  5000 ????	       00 8d	   player1pointerhi =	$8D
     29  5000 ????
     30  5000 ????	       00 8e	   player0height =	$8E
     31  5000 ????	       00 8f	   player1height =	$8F
     32  5000 ????	       00 90	   missile0height =	$90
     33  5000 ????	       00 91	   missile0y  =	$91
     34  5000 ????	       00 92	   ballheight =	$92
     35  5000 ????
     36  5000 ????	       00 90	   currentpaddle =	$90	; replaces missile 0 (and can't be used with playercolor)
     37  5000 ????	       00 91	   paddle     =	$91	; replaces missile 0
     38  5000 ????	       00 82	   player0colorstore =	$82	; replaces missile 0
     39  5000 ????	       00 90	   player0color =	$90	; replaces missile 0
     40  5000 ????
     41  5000 ????	       00 93	   score      =	$93	; $93-$95
     42  5000 ????	       00 96	   scorepointers =	$96	; $96-$9B = 6 bytes
     43  5000 ????	       00 9c	   temp1      =	$9C	;used by kernel.  can be used in program too, but
     44  5000 ????	       00 9d	   temp2      =	$9D	;are obliterated when drawscreen is called.
     45  5000 ????	       00 9e	   temp3      =	$9E
     46  5000 ????	       00 9f	   temp4      =	$9F
     47  5000 ????	       00 a0	   temp5      =	$A0
     48  5000 ????	       00 a1	   temp6      =	$A1
     49  5000 ????
     50  5000 ????	       00 a2	   rand       =	$A2
     51  5000 ????	       00 a3	   scorecolor =	$A3
     52  5000 ????
     53  5000 ????	       00 a4	   var0       =	$A4
     54  5000 ????	       00 a5	   var1       =	$A5
     55  5000 ????	       00 a6	   var2       =	$A6
     56  5000 ????	       00 a7	   var3       =	$A7
     57  5000 ????	       00 a8	   var4       =	$A8
     58  5000 ????	       00 a9	   var5       =	$A9
     59  5000 ????	       00 aa	   var6       =	$AA
     60  5000 ????	       00 ab	   var7       =	$AB
     61  5000 ????	       00 ac	   var8       =	$AC
     62  5000 ????	       00 ad	   var9       =	$AD
     63  5000 ????	       00 ae	   var10      =	$AE
     64  5000 ????	       00 af	   var11      =	$AF
     65  5000 ????	       00 b0	   var12      =	$B0
     66  5000 ????	       00 b1	   var13      =	$B1
     67  5000 ????	       00 b2	   var14      =	$B2
     68  5000 ????	       00 b3	   var15      =	$B3
     69  5000 ????	       00 b4	   var16      =	$B4
     70  5000 ????	       00 b5	   var17      =	$B5
     71  5000 ????	       00 b6	   var18      =	$B6
     72  5000 ????	       00 b7	   var19      =	$B7
     73  5000 ????	       00 b8	   var20      =	$B8
     74  5000 ????	       00 b9	   var21      =	$B9
     75  5000 ????	       00 ba	   var22      =	$BA
     76  5000 ????	       00 bb	   var23      =	$BB
     77  5000 ????	       00 bc	   var24      =	$BC
     78  5000 ????	       00 bd	   var25      =	$BD
     79  5000 ????	       00 be	   var26      =	$BE
     80  5000 ????	       00 bf	   var27      =	$BF
     81  5000 ????	       00 c0	   var28      =	$C0
     82  5000 ????	       00 c1	   var29      =	$C1
     83  5000 ????	       00 c2	   var30      =	$C2
     84  5000 ????	       00 c3	   var31      =	$C3
     85  5000 ????	       00 c4	   var32      =	$C4
     86  5000 ????	       00 c5	   var33      =	$C5
     87  5000 ????	       00 c6	   var34      =	$C6
     88  5000 ????	       00 c7	   var35      =	$C7
     89  5000 ????	       00 c8	   var36      =	$C8
     90  5000 ????	       00 c9	   var37      =	$C9
     91  5000 ????	       00 ca	   var38      =	$CA
     92  5000 ????	       00 cb	   var39      =	$CB
     93  5000 ????	       00 cc	   var40      =	$CC
     94  5000 ????	       00 cd	   var41      =	$CD
     95  5000 ????	       00 ce	   var42      =	$CE
     96  5000 ????	       00 cf	   var43      =	$CF
     97  5000 ????	       00 d0	   var44      =	$D0
     98  5000 ????	       00 d1	   var45      =	$D1
     99  5000 ????	       00 d2	   var46      =	$D2
    100  5000 ????	       00 d3	   var47      =	$D3
    101  5000 ????
    102  5000 ????	       00 d4	   A	      =	$d4
    103  5000 ????	       00 d4	   a	      =	$d4
    104  5000 ????	       00 d5	   B	      =	$d5
    105  5000 ????	       00 d5	   b	      =	$d5
    106  5000 ????	       00 d6	   C	      =	$d6
    107  5000 ????	       00 d6	   c	      =	$d6
    108  5000 ????	       00 d7	   D	      =	$d7
    109  5000 ????	       00 d7	   d	      =	$d7
    110  5000 ????	       00 d8	   E	      =	$d8
    111  5000 ????	       00 d8	   e	      =	$d8
    112  5000 ????	       00 d9	   F	      =	$d9
    113  5000 ????	       00 d9	   f	      =	$d9
    114  5000 ????	       00 da	   G	      =	$da
    115  5000 ????	       00 da	   g	      =	$da
    116  5000 ????	       00 db	   H	      =	$db
    117  5000 ????	       00 db	   h	      =	$db
    118  5000 ????	       00 dc	   I	      =	$dc
    119  5000 ????	       00 dc	   i	      =	$dc
    120  5000 ????	       00 dd	   J	      =	$dd
    121  5000 ????	       00 dd	   j	      =	$dd
    122  5000 ????	       00 de	   K	      =	$de
    123  5000 ????	       00 de	   k	      =	$de
    124  5000 ????	       00 df	   L	      =	$df
    125  5000 ????	       00 df	   l	      =	$df
    126  5000 ????	       00 e0	   M	      =	$e0
    127  5000 ????	       00 e0	   m	      =	$e0
    128  5000 ????	       00 e1	   N	      =	$e1
    129  5000 ????	       00 e1	   n	      =	$e1
    130  5000 ????	       00 e2	   O	      =	$e2
    131  5000 ????	       00 e2	   o	      =	$e2
    132  5000 ????	       00 e3	   P	      =	$e3
    133  5000 ????	       00 e3	   p	      =	$e3
    134  5000 ????	       00 e4	   Q	      =	$e4
    135  5000 ????	       00 e4	   q	      =	$e4
    136  5000 ????	       00 e5	   R	      =	$e5
    137  5000 ????	       00 e5	   r	      =	$e5
    138  5000 ????	       00 e6	   S	      =	$e6
    139  5000 ????	       00 e6	   s	      =	$e6
    140  5000 ????	       00 e7	   T	      =	$e7
    141  5000 ????	       00 e7	   t	      =	$e7
    142  5000 ????	       00 e8	   U	      =	$e8
    143  5000 ????	       00 e8	   u	      =	$e8
    144  5000 ????	       00 e9	   V	      =	$e9
    145  5000 ????	       00 e9	   v	      =	$e9
    146  5000 ????	       00 ea	   W	      =	$ea
    147  5000 ????	       00 ea	   w	      =	$ea
    148  5000 ????	       00 eb	   X	      =	$eb
    149  5000 ????	       00 eb	   x	      =	$eb
    150  5000 ????	       00 ec	   Y	      =	$ec
    151  5000 ????	       00 ec	   y	      =	$ec
    152  5000 ????	       00 ed	   Z	      =	$ed
    153  5000 ????	       00 ed	   z	      =	$ed
    154  5000 ????
    155  5000 ????	       00 ee	   temp7      =	$ee	; This is used to aid in bankswitching
    156  5000 ????	       00 ef	   playfieldpos =	$ef
    157  5000 ????
    158  5000 ????						; available for other uses, or if unused, provide more stack space
    159  5000 ????
    160  5000 ????	       00 f0	   aux1       =	$f0
    161  5000 ????	       00 f1	   aux2       =	$f1
    162  5000 ????	       00 f2	   aux3       =	$f2
    163  5000 ????	       00 f3	   aux4       =	$f3
    164  5000 ????	       00 f4	   aux5       =	$f4
    165  5000 ????	       00 f5	   aux6       =	$f5
    166  5000 ????
    167  5000 ????						; playfield color/height pointers
    168  5000 ????	       00 f0	   pfcolortable =	$f0	; and $d5
    169  5000 ????	       00 f0	   pfheighttable =	$f0	; and $d5
    170  5000 ????						; the above pointers are the same because if color and height are both used together,
    171  5000 ????						; they must used absolute indexed and cannot use pointers
    172  5000 ????
    173  5000 ????	       00 f2	   lifepointer =	$f2	; pointer to "lives" shape
    174  5000 ????						; upper 3 bits of $f2 contain the number of lives
    175  5000 ????	       00 f4	   lifecolor  =	$f4
    176  5000 ????	       00 f3	   lives      =	$f3	; # lives >> 5
    177  5000 ????	       00 f5	   statusbarlength =	$f5	; only uses upper 5 bits; other bits free
    178  5000 ????
    179  5000 ????	       00 f2	   pfscore1   =	$f2	; optional playfield bytes in score
    180  5000 ????	       00 f3	   pfscore2   =	$f3
    181  5000 ????	       00 f4	   pfscorecolor =	$f4
    182  5000 ????
    183  5000 ????	       00 f6	   stack1     =	$f6
    184  5000 ????	       00 f7	   stack2     =	$f7
    185  5000 ????	       00 f8	   stack3     =	$f8
    186  5000 ????	       00 f9	   stack4     =	$f9
    187  5000 ????						; the stack bytes above may be used in the kernel
    188  5000 ????						; stack = F6-F7, F8-F9, FA-FB, FC-FD, FE-FF
    189  5000 ????
    190  5000 ????				      MAC	return
    191  5000 ????				      ifnconst	bankswitch
    192  5000 ????				      rts
    193  5000 ????				      else
    194  5000 ????				      jmp	BS_return
    195  5000 ????				      endif
    196  5000 ????				      ENDM		; auto-return from either a regular or bankswitched module
    197  5000 ????
    198  5000 ????				      ifconst	superchip
    199  5000 ????	       10 d0	   playfieldbase =	$10D0
------- FILE superchip.h LEVEL 3 PASS 2
      0  5000 ????				      include	superchip.h
      1  5000 ????						; Provided under the CC0 license. See the included LICENSE.txt for details.
      2  5000 ????
      3  5000 ????	       f0 00	   write_RAM  =	$F000
      4  5000 ????	       f0 00	   wRAM       =	$F000
      5  5000 ????	       f0 00	   w000       =	$F000
      6  5000 ????	       f0 01	   w001       =	$F001
      7  5000 ????	       f0 02	   w002       =	$F002
      8  5000 ????	       f0 03	   w003       =	$F003
      9  5000 ????	       f0 04	   w004       =	$F004
     10  5000 ????	       f0 05	   w005       =	$F005
     11  5000 ????	       f0 06	   w006       =	$F006
     12  5000 ????	       f0 07	   w007       =	$F007
     13  5000 ????	       f0 08	   w008       =	$F008
     14  5000 ????	       f0 09	   w009       =	$F009
     15  5000 ????	       f0 0a	   w010       =	$F00A
     16  5000 ????	       f0 0b	   w011       =	$F00B
     17  5000 ????	       f0 0c	   w012       =	$F00C
     18  5000 ????	       f0 0d	   w013       =	$F00D
     19  5000 ????	       f0 0e	   w014       =	$F00E
     20  5000 ????	       f0 0f	   w015       =	$F00F
     21  5000 ????	       f0 10	   w016       =	$F010
     22  5000 ????	       f0 11	   w017       =	$F011
     23  5000 ????	       f0 12	   w018       =	$F012
     24  5000 ????	       f0 13	   w019       =	$F013
     25  5000 ????	       f0 14	   w020       =	$F014
     26  5000 ????	       f0 15	   w021       =	$F015
     27  5000 ????	       f0 16	   w022       =	$F016
     28  5000 ????	       f0 17	   w023       =	$F017
     29  5000 ????	       f0 18	   w024       =	$F018
     30  5000 ????	       f0 19	   w025       =	$F019
     31  5000 ????	       f0 1a	   w026       =	$F01A
     32  5000 ????	       f0 1b	   w027       =	$F01B
     33  5000 ????	       f0 1c	   w028       =	$F01C
     34  5000 ????	       f0 1d	   w029       =	$F01D
     35  5000 ????	       f0 1e	   w030       =	$F01E
     36  5000 ????	       f0 1f	   w031       =	$F01F
     37  5000 ????	       f0 20	   w032       =	$F020
     38  5000 ????	       f0 21	   w033       =	$F021
     39  5000 ????	       f0 22	   w034       =	$F022
     40  5000 ????	       f0 23	   w035       =	$F023
     41  5000 ????	       f0 24	   w036       =	$F024
     42  5000 ????	       f0 25	   w037       =	$F025
     43  5000 ????	       f0 26	   w038       =	$F026
     44  5000 ????	       f0 27	   w039       =	$F027
     45  5000 ????	       f0 28	   w040       =	$F028
     46  5000 ????	       f0 29	   w041       =	$F029
     47  5000 ????	       f0 2a	   w042       =	$F02A
     48  5000 ????	       f0 2b	   w043       =	$F02B
     49  5000 ????	       f0 2c	   w044       =	$F02C
     50  5000 ????	       f0 2d	   w045       =	$F02D
     51  5000 ????	       f0 2e	   w046       =	$F02E
     52  5000 ????	       f0 2f	   w047       =	$F02F
     53  5000 ????	       f0 30	   w048       =	$F030
     54  5000 ????	       f0 31	   w049       =	$F031
     55  5000 ????	       f0 32	   w050       =	$F032
     56  5000 ????	       f0 33	   w051       =	$F033
     57  5000 ????	       f0 34	   w052       =	$F034
     58  5000 ????	       f0 35	   w053       =	$F035
     59  5000 ????	       f0 36	   w054       =	$F036
     60  5000 ????	       f0 37	   w055       =	$F037
     61  5000 ????	       f0 38	   w056       =	$F038
     62  5000 ????	       f0 39	   w057       =	$F039
     63  5000 ????	       f0 3a	   w058       =	$F03A
     64  5000 ????	       f0 3b	   w059       =	$F03B
     65  5000 ????	       f0 3c	   w060       =	$F03C
     66  5000 ????	       f0 3d	   w061       =	$F03D
     67  5000 ????	       f0 3e	   w062       =	$F03E
     68  5000 ????	       f0 3f	   w063       =	$F03F
     69  5000 ????	       f0 40	   w064       =	$F040
     70  5000 ????	       f0 41	   w065       =	$F041
     71  5000 ????	       f0 42	   w066       =	$F042
     72  5000 ????	       f0 43	   w067       =	$F043
     73  5000 ????	       f0 44	   w068       =	$F044
     74  5000 ????	       f0 45	   w069       =	$F045
     75  5000 ????	       f0 46	   w070       =	$F046
     76  5000 ????	       f0 47	   w071       =	$F047
     77  5000 ????	       f0 48	   w072       =	$F048
     78  5000 ????	       f0 49	   w073       =	$F049
     79  5000 ????	       f0 4a	   w074       =	$F04A
     80  5000 ????	       f0 4b	   w075       =	$F04B
     81  5000 ????	       f0 4c	   w076       =	$F04C
     82  5000 ????	       f0 4d	   w077       =	$F04D
     83  5000 ????	       f0 4e	   w078       =	$F04E
     84  5000 ????	       f0 4f	   w079       =	$F04F
     85  5000 ????	       f0 50	   w080       =	$F050
     86  5000 ????	       f0 51	   w081       =	$F051
     87  5000 ????	       f0 52	   w082       =	$F052
     88  5000 ????	       f0 53	   w083       =	$F053
     89  5000 ????	       f0 54	   w084       =	$F054
     90  5000 ????	       f0 55	   w085       =	$F055
     91  5000 ????	       f0 56	   w086       =	$F056
     92  5000 ????	       f0 57	   w087       =	$F057
     93  5000 ????	       f0 58	   w088       =	$F058
     94  5000 ????	       f0 59	   w089       =	$F059
     95  5000 ????	       f0 5a	   w090       =	$F05A
     96  5000 ????	       f0 5b	   w091       =	$F05B
     97  5000 ????	       f0 5c	   w092       =	$F05C
     98  5000 ????	       f0 5d	   w093       =	$F05D
     99  5000 ????	       f0 5e	   w094       =	$F05E
    100  5000 ????	       f0 5f	   w095       =	$F05F
    101  5000 ????	       f0 60	   w096       =	$F060
    102  5000 ????	       f0 61	   w097       =	$F061
    103  5000 ????	       f0 62	   w098       =	$F062
    104  5000 ????	       f0 63	   w099       =	$F063
    105  5000 ????	       f0 64	   w100       =	$F064
    106  5000 ????	       f0 65	   w101       =	$F065
    107  5000 ????	       f0 66	   w102       =	$F066
    108  5000 ????	       f0 67	   w103       =	$F067
    109  5000 ????	       f0 68	   w104       =	$F068
    110  5000 ????	       f0 69	   w105       =	$F069
    111  5000 ????	       f0 6a	   w106       =	$F06A
    112  5000 ????	       f0 6b	   w107       =	$F06B
    113  5000 ????	       f0 6c	   w108       =	$F06C
    114  5000 ????	       f0 6d	   w109       =	$F06D
    115  5000 ????	       f0 6e	   w110       =	$F06E
    116  5000 ????	       f0 6f	   w111       =	$F06F
    117  5000 ????	       f0 70	   w112       =	$F070
    118  5000 ????	       f0 71	   w113       =	$F071
    119  5000 ????	       f0 72	   w114       =	$F072
    120  5000 ????	       f0 73	   w115       =	$F073
    121  5000 ????	       f0 74	   w116       =	$F074
    122  5000 ????	       f0 75	   w117       =	$F075
    123  5000 ????	       f0 76	   w118       =	$F076
    124  5000 ????	       f0 77	   w119       =	$F077
    125  5000 ????	       f0 78	   w120       =	$F078
    126  5000 ????	       f0 79	   w121       =	$F079
    127  5000 ????	       f0 7a	   w122       =	$F07A
    128  5000 ????	       f0 7b	   w123       =	$F07B
    129  5000 ????	       f0 7c	   w124       =	$F07C
    130  5000 ????	       f0 7d	   w125       =	$F07D
    131  5000 ????	       f0 7e	   w126       =	$F07E
    132  5000 ????	       f0 7f	   w127       =	$F07F
    133  5000 ????
    134  5000 ????	       f0 80	   read_RAM   =	$F080
    135  5000 ????	       f0 80	   rRAM       =	$F080
    136  5000 ????	       f0 80	   r000       =	$F080
    137  5000 ????	       f0 81	   r001       =	$F081
    138  5000 ????	       f0 82	   r002       =	$F082
    139  5000 ????	       f0 83	   r003       =	$F083
    140  5000 ????	       f0 84	   r004       =	$F084
    141  5000 ????	       f0 85	   r005       =	$F085
    142  5000 ????	       f0 86	   r006       =	$F086
    143  5000 ????	       f0 87	   r007       =	$F087
    144  5000 ????	       f0 88	   r008       =	$F088
    145  5000 ????	       f0 89	   r009       =	$F089
    146  5000 ????	       f0 8a	   r010       =	$F08A
    147  5000 ????	       f0 8b	   r011       =	$F08B
    148  5000 ????	       f0 8c	   r012       =	$F08C
    149  5000 ????	       f0 8d	   r013       =	$F08D
    150  5000 ????	       f0 8e	   r014       =	$F08E
    151  5000 ????	       f0 8f	   r015       =	$F08F
    152  5000 ????	       f0 90	   r016       =	$F090
    153  5000 ????	       f0 91	   r017       =	$F091
    154  5000 ????	       f0 92	   r018       =	$F092
    155  5000 ????	       f0 93	   r019       =	$F093
    156  5000 ????	       f0 94	   r020       =	$F094
    157  5000 ????	       f0 95	   r021       =	$F095
    158  5000 ????	       f0 96	   r022       =	$F096
    159  5000 ????	       f0 97	   r023       =	$F097
    160  5000 ????	       f0 98	   r024       =	$F098
    161  5000 ????	       f0 99	   r025       =	$F099
    162  5000 ????	       f0 9a	   r026       =	$F09A
    163  5000 ????	       f0 9b	   r027       =	$F09B
    164  5000 ????	       f0 9c	   r028       =	$F09C
    165  5000 ????	       f0 9d	   r029       =	$F09D
    166  5000 ????	       f0 9e	   r030       =	$F09E
    167  5000 ????	       f0 9f	   r031       =	$F09F
    168  5000 ????	       f0 a0	   r032       =	$F0A0
    169  5000 ????	       f0 a1	   r033       =	$F0A1
    170  5000 ????	       f0 a2	   r034       =	$F0A2
    171  5000 ????	       f0 a3	   r035       =	$F0A3
    172  5000 ????	       f0 a4	   r036       =	$F0A4
    173  5000 ????	       f0 a5	   r037       =	$F0A5
    174  5000 ????	       f0 a6	   r038       =	$F0A6
    175  5000 ????	       f0 a7	   r039       =	$F0A7
    176  5000 ????	       f0 a8	   r040       =	$F0A8
    177  5000 ????	       f0 a9	   r041       =	$F0A9
    178  5000 ????	       f0 aa	   r042       =	$F0AA
    179  5000 ????	       f0 ab	   r043       =	$F0AB
    180  5000 ????	       f0 ac	   r044       =	$F0AC
    181  5000 ????	       f0 ad	   r045       =	$F0AD
    182  5000 ????	       f0 ae	   r046       =	$F0AE
    183  5000 ????	       f0 af	   r047       =	$F0AF
    184  5000 ????	       f0 b0	   r048       =	$F0B0
    185  5000 ????	       f0 b1	   r049       =	$F0B1
    186  5000 ????	       f0 b2	   r050       =	$F0B2
    187  5000 ????	       f0 b3	   r051       =	$F0B3
    188  5000 ????	       f0 b4	   r052       =	$F0B4
    189  5000 ????	       f0 b5	   r053       =	$F0B5
    190  5000 ????	       f0 b6	   r054       =	$F0B6
    191  5000 ????	       f0 b7	   r055       =	$F0B7
    192  5000 ????	       f0 b8	   r056       =	$F0B8
    193  5000 ????	       f0 b9	   r057       =	$F0B9
    194  5000 ????	       f0 ba	   r058       =	$F0BA
    195  5000 ????	       f0 bb	   r059       =	$F0BB
    196  5000 ????	       f0 bc	   r060       =	$F0BC
    197  5000 ????	       f0 bd	   r061       =	$F0BD
    198  5000 ????	       f0 be	   r062       =	$F0BE
    199  5000 ????	       f0 bf	   r063       =	$F0BF
    200  5000 ????	       f0 c0	   r064       =	$F0C0
    201  5000 ????	       f0 c1	   r065       =	$F0C1
    202  5000 ????	       f0 c2	   r066       =	$F0C2
    203  5000 ????	       f0 c3	   r067       =	$F0C3
    204  5000 ????	       f0 c4	   r068       =	$F0C4
    205  5000 ????	       f0 c5	   r069       =	$F0C5
    206  5000 ????	       f0 c6	   r070       =	$F0C6
    207  5000 ????	       f0 c7	   r071       =	$F0C7
    208  5000 ????	       f0 c8	   r072       =	$F0C8
    209  5000 ????	       f0 c9	   r073       =	$F0C9
    210  5000 ????	       f0 ca	   r074       =	$F0CA
    211  5000 ????	       f0 cb	   r075       =	$F0CB
    212  5000 ????	       f0 cc	   r076       =	$F0CC
    213  5000 ????	       f0 cd	   r077       =	$F0CD
    214  5000 ????	       f0 ce	   r078       =	$F0CE
    215  5000 ????	       f0 cf	   r079       =	$F0CF
    216  5000 ????	       f0 d0	   r080       =	$F0D0
    217  5000 ????	       f0 d1	   r081       =	$F0D1
    218  5000 ????	       f0 d2	   r082       =	$F0D2
    219  5000 ????	       f0 d3	   r083       =	$F0D3
    220  5000 ????	       f0 d4	   r084       =	$F0D4
    221  5000 ????	       f0 d5	   r085       =	$F0D5
    222  5000 ????	       f0 d6	   r086       =	$F0D6
    223  5000 ????	       f0 d7	   r087       =	$F0D7
    224  5000 ????	       f0 d8	   r088       =	$F0D8
    225  5000 ????	       f0 d9	   r089       =	$F0D9
    226  5000 ????	       f0 da	   r090       =	$F0DA
    227  5000 ????	       f0 db	   r091       =	$F0DB
    228  5000 ????	       f0 dc	   r092       =	$F0DC
    229  5000 ????	       f0 dd	   r093       =	$F0DD
    230  5000 ????	       f0 de	   r094       =	$F0DE
    231  5000 ????	       f0 df	   r095       =	$F0DF
    232  5000 ????	       f0 e0	   r096       =	$F0E0
    233  5000 ????	       f0 e1	   r097       =	$F0E1
    234  5000 ????	       f0 e2	   r098       =	$F0E2
    235  5000 ????	       f0 e3	   r099       =	$F0E3
    236  5000 ????	       f0 e4	   r100       =	$F0E4
    237  5000 ????	       f0 e5	   r101       =	$F0E5
    238  5000 ????	       f0 e6	   r102       =	$F0E6
    239  5000 ????	       f0 e7	   r103       =	$F0E7
    240  5000 ????	       f0 e8	   r104       =	$F0E8
    241  5000 ????	       f0 e9	   r105       =	$F0E9
    242  5000 ????	       f0 ea	   r106       =	$F0EA
    243  5000 ????	       f0 eb	   r107       =	$F0EB
    244  5000 ????	       f0 ec	   r108       =	$F0EC
    245  5000 ????	       f0 ed	   r109       =	$F0ED
    246  5000 ????	       f0 ee	   r110       =	$F0EE
    247  5000 ????	       f0 ef	   r111       =	$F0EF
    248  5000 ????	       f0 f0	   r112       =	$F0F0
    249  5000 ????	       f0 f1	   r113       =	$F0F1
    250  5000 ????	       f0 f2	   r114       =	$F0F2
    251  5000 ????	       f0 f3	   r115       =	$F0F3
    252  5000 ????	       f0 f4	   r116       =	$F0F4
    253  5000 ????	       f0 f5	   r117       =	$F0F5
    254  5000 ????	       f0 f6	   r118       =	$F0F6
    255  5000 ????	       f0 f7	   r119       =	$F0F7
    256  5000 ????	       f0 f8	   r120       =	$F0F8
    257  5000 ????	       f0 f9	   r121       =	$F0F9
    258  5000 ????	       f0 fa	   r122       =	$F0FA
    259  5000 ????	       f0 fb	   r123       =	$F0FB
    260  5000 ????	       f0 fc	   r124       =	$F0FC
    261  5000 ????	       f0 fd	   r125       =	$F0FD
    262  5000 ????	       f0 fe	   r126       =	$F0FE
    263  5000 ????	       f0 ff	   r127       =	$F0FF
------- FILE 2600basic.h
    201  5000 ????			  -	      else
    202  5000 ????			  -playfieldbase =	$A4
    203  5000 ????				      endif
    204  5000 ????
    205  5000 ????				      ifnconst	pfhalfwidth
    206  5000 ????	       00 04	   pfwidth    =	4
    207  5000 ????	       00 0e	   PF1L       =	PF1
    208  5000 ????	       00 0f	   PF2L       =	PF2
    209  5000 ????	       00 0e	   PF1R       =	PF1
    210  5000 ????	       00 0f	   PF2R       =	PF2
    211  5000 ????	       00 00	   pfadjust   =	0
    212  5000 ????			  -	      else
    213  5000 ????			  -pfwidth    =	2
    214  5000 ????			  -	      ifconst	pfcenter
    215  5000 ????			  -PF1L       =	$3F	; no effect
    216  5000 ????			  -PF2L       =	PF2
    217  5000 ????			  -PF1R       =	$3F
    218  5000 ????			  -PF2R       =	PF2	; no effect
    219  5000 ????			  -pfadjust   =	1
    220  5000 ????			  -	      else
    221  5000 ????			  -PF1L       =	PF1
    222  5000 ????			  -PF2L       =	PF2
    223  5000 ????			  -PF1R       =	$3F	; no effect
    224  5000 ????			  -PF2R       =	$3F	; no effect
    225  5000 ????			  -pfadjust   =	0
    226  5000 ????			  -	      endif
    227  5000 ????				      endif
    228  5000 ????
    229  5000 ????						; define playfield start based on height
    230  5000 ????			  -	      ifnconst	pfres
    231  5000 ????			  -playfield  =	playfieldbase
    232  5000 ????				      else
    233  5000 ????	       10 80	   playfield  =	playfieldbase-(pfres-12*(4/pfwidth))*pfwidth
    234  5000 ????				      endif
------- FILE split_kernel.bas.asm
------- FILE 2600basic_variable_redefs.h LEVEL 2 PASS 2
      0  5000 ????				      include	"2600basic_variable_redefs.h"
      1  5000 ????						; This file contains variable mapping and other information for the current project.
      2  5000 ????
      3  5000 ????	       00 20	   bscode_length =	32
      4  5000 ????	       00 20	   pfres      =	32
      5  5000 ????
      6  5000 ????	       00 dc	   p2_colupf  =	i
      7  5000 ????
      8  5000 ????	       00 db	   p2_player1pointerhi =	h
      9  5000 ????
     10  5000 ????	       00 da	   p2_player1pointerlo =	g
     11  5000 ????
     12  5000 ????	       00 d9	   p2_player0pointerhi =	f
     13  5000 ????
     14  5000 ????	       00 d8	   p2_player0pointerlo =	e
     15  5000 ????
     16  5000 ????	       00 d7	   p2_player1x =	d
     17  5000 ????
     18  5000 ????	       00 d6	   p2_player0x =	c
     19  5000 ????
     20  5000 ????	       00 d5	   p2_player1y =	b
     21  5000 ????
     22  5000 ????	       00 d4	   p2_player0y =	a
     23  5000 ????
     24  5000 ????	       00 01	   superchip  =	1
     25  5000 ????	       00 03	   bs_mask    =	3
     26  5000 ????	       00 10	   bankswitch =	16
     27  5000 ????	       1f f6	   bankswitch_hotspot =	$1FF6
     28  5000 ????	       00 01	   split_kernel =	1
------- FILE split_kernel.bas.asm
      8  5000 ????				      ifconst	bankswitch
      9  5000 ????			  -	      if	bankswitch == 8
     10  5000 ????			  -	      ORG	$1000
     11  5000 ????			  -	      RORG	$D000
     12  5000 ????				      endif
     13  5000 ????				      if	bankswitch == 16
     14  1000					      ORG	$1000
     15  1000					      RORG	$9000
     16  1000					      endif
     17  1000				  -	      if	bankswitch == 32
     18  1000				  -	      ORG	$1000
     19  1000				  -	      RORG	$1000
     20  1000					      endif
     21  1000				  -	      if	bankswitch == 64
     22  1000				  -	      ORG	$1000
     23  1000				  -	      RORG	$1000
     24  1000					      endif
     25  1000				  -	      else
     26  1000				  -	      ORG	$F000
     27  1000					      endif
     28  1000					      repeat	256
     29  1000		       ff		      .byte.b	$ff
     28  1000					      repend
     29  1001		       ff		      .byte.b	$ff
     28  1001					      repend
     29  1002		       ff		      .byte.b	$ff
     28  1002					      repend
     29  1003		       ff		      .byte.b	$ff
     28  1003					      repend
     29  1004		       ff		      .byte.b	$ff
     28  1004					      repend
     29  1005		       ff		      .byte.b	$ff
     28  1005					      repend
     29  1006		       ff		      .byte.b	$ff
     28  1006					      repend
     29  1007		       ff		      .byte.b	$ff
     28  1007					      repend
     29  1008		       ff		      .byte.b	$ff
     28  1008					      repend
     29  1009		       ff		      .byte.b	$ff
     28  1009					      repend
     29  100a		       ff		      .byte.b	$ff
     28  100a					      repend
     29  100b		       ff		      .byte.b	$ff
     28  100b					      repend
     29  100c		       ff		      .byte.b	$ff
     28  100c					      repend
     29  100d		       ff		      .byte.b	$ff
     28  100d					      repend
     29  100e		       ff		      .byte.b	$ff
     28  100e					      repend
     29  100f		       ff		      .byte.b	$ff
     28  100f					      repend
     29  1010		       ff		      .byte.b	$ff
     28  1010					      repend
     29  1011		       ff		      .byte.b	$ff
     28  1011					      repend
     29  1012		       ff		      .byte.b	$ff
     28  1012					      repend
     29  1013		       ff		      .byte.b	$ff
     28  1013					      repend
     29  1014		       ff		      .byte.b	$ff
     28  1014					      repend
     29  1015		       ff		      .byte.b	$ff
     28  1015					      repend
     29  1016		       ff		      .byte.b	$ff
     28  1016					      repend
     29  1017		       ff		      .byte.b	$ff
     28  1017					      repend
     29  1018		       ff		      .byte.b	$ff
     28  1018					      repend
     29  1019		       ff		      .byte.b	$ff
     28  1019					      repend
     29  101a		       ff		      .byte.b	$ff
     28  101a					      repend
     29  101b		       ff		      .byte.b	$ff
     28  101b					      repend
     29  101c		       ff		      .byte.b	$ff
     28  101c					      repend
     29  101d		       ff		      .byte.b	$ff
     28  101d					      repend
     29  101e		       ff		      .byte.b	$ff
     28  101e					      repend
     29  101f		       ff		      .byte.b	$ff
     28  101f					      repend
     29  1020		       ff		      .byte.b	$ff
     28  1020					      repend
     29  1021		       ff		      .byte.b	$ff
     28  1021					      repend
     29  1022		       ff		      .byte.b	$ff
     28  1022					      repend
     29  1023		       ff		      .byte.b	$ff
     28  1023					      repend
     29  1024		       ff		      .byte.b	$ff
     28  1024					      repend
     29  1025		       ff		      .byte.b	$ff
     28  1025					      repend
     29  1026		       ff		      .byte.b	$ff
     28  1026					      repend
     29  1027		       ff		      .byte.b	$ff
     28  1027					      repend
     29  1028		       ff		      .byte.b	$ff
     28  1028					      repend
     29  1029		       ff		      .byte.b	$ff
     28  1029					      repend
     29  102a		       ff		      .byte.b	$ff
     28  102a					      repend
     29  102b		       ff		      .byte.b	$ff
     28  102b					      repend
     29  102c		       ff		      .byte.b	$ff
     28  102c					      repend
     29  102d		       ff		      .byte.b	$ff
     28  102d					      repend
     29  102e		       ff		      .byte.b	$ff
     28  102e					      repend
     29  102f		       ff		      .byte.b	$ff
     28  102f					      repend
     29  1030		       ff		      .byte.b	$ff
     28  1030					      repend
     29  1031		       ff		      .byte.b	$ff
     28  1031					      repend
     29  1032		       ff		      .byte.b	$ff
     28  1032					      repend
     29  1033		       ff		      .byte.b	$ff
     28  1033					      repend
     29  1034		       ff		      .byte.b	$ff
     28  1034					      repend
     29  1035		       ff		      .byte.b	$ff
     28  1035					      repend
     29  1036		       ff		      .byte.b	$ff
     28  1036					      repend
     29  1037		       ff		      .byte.b	$ff
     28  1037					      repend
     29  1038		       ff		      .byte.b	$ff
     28  1038					      repend
     29  1039		       ff		      .byte.b	$ff
     28  1039					      repend
     29  103a		       ff		      .byte.b	$ff
     28  103a					      repend
     29  103b		       ff		      .byte.b	$ff
     28  103b					      repend
     29  103c		       ff		      .byte.b	$ff
     28  103c					      repend
     29  103d		       ff		      .byte.b	$ff
     28  103d					      repend
     29  103e		       ff		      .byte.b	$ff
     28  103e					      repend
     29  103f		       ff		      .byte.b	$ff
     28  103f					      repend
     29  1040		       ff		      .byte.b	$ff
     28  1040					      repend
     29  1041		       ff		      .byte.b	$ff
     28  1041					      repend
     29  1042		       ff		      .byte.b	$ff
     28  1042					      repend
     29  1043		       ff		      .byte.b	$ff
     28  1043					      repend
     29  1044		       ff		      .byte.b	$ff
     28  1044					      repend
     29  1045		       ff		      .byte.b	$ff
     28  1045					      repend
     29  1046		       ff		      .byte.b	$ff
     28  1046					      repend
     29  1047		       ff		      .byte.b	$ff
     28  1047					      repend
     29  1048		       ff		      .byte.b	$ff
     28  1048					      repend
     29  1049		       ff		      .byte.b	$ff
     28  1049					      repend
     29  104a		       ff		      .byte.b	$ff
     28  104a					      repend
     29  104b		       ff		      .byte.b	$ff
     28  104b					      repend
     29  104c		       ff		      .byte.b	$ff
     28  104c					      repend
     29  104d		       ff		      .byte.b	$ff
     28  104d					      repend
     29  104e		       ff		      .byte.b	$ff
     28  104e					      repend
     29  104f		       ff		      .byte.b	$ff
     28  104f					      repend
     29  1050		       ff		      .byte.b	$ff
     28  1050					      repend
     29  1051		       ff		      .byte.b	$ff
     28  1051					      repend
     29  1052		       ff		      .byte.b	$ff
     28  1052					      repend
     29  1053		       ff		      .byte.b	$ff
     28  1053					      repend
     29  1054		       ff		      .byte.b	$ff
     28  1054					      repend
     29  1055		       ff		      .byte.b	$ff
     28  1055					      repend
     29  1056		       ff		      .byte.b	$ff
     28  1056					      repend
     29  1057		       ff		      .byte.b	$ff
     28  1057					      repend
     29  1058		       ff		      .byte.b	$ff
     28  1058					      repend
     29  1059		       ff		      .byte.b	$ff
     28  1059					      repend
     29  105a		       ff		      .byte.b	$ff
     28  105a					      repend
     29  105b		       ff		      .byte.b	$ff
     28  105b					      repend
     29  105c		       ff		      .byte.b	$ff
     28  105c					      repend
     29  105d		       ff		      .byte.b	$ff
     28  105d					      repend
     29  105e		       ff		      .byte.b	$ff
     28  105e					      repend
     29  105f		       ff		      .byte.b	$ff
     28  105f					      repend
     29  1060		       ff		      .byte.b	$ff
     28  1060					      repend
     29  1061		       ff		      .byte.b	$ff
     28  1061					      repend
     29  1062		       ff		      .byte.b	$ff
     28  1062					      repend
     29  1063		       ff		      .byte.b	$ff
     28  1063					      repend
     29  1064		       ff		      .byte.b	$ff
     28  1064					      repend
     29  1065		       ff		      .byte.b	$ff
     28  1065					      repend
     29  1066		       ff		      .byte.b	$ff
     28  1066					      repend
     29  1067		       ff		      .byte.b	$ff
     28  1067					      repend
     29  1068		       ff		      .byte.b	$ff
     28  1068					      repend
     29  1069		       ff		      .byte.b	$ff
     28  1069					      repend
     29  106a		       ff		      .byte.b	$ff
     28  106a					      repend
     29  106b		       ff		      .byte.b	$ff
     28  106b					      repend
     29  106c		       ff		      .byte.b	$ff
     28  106c					      repend
     29  106d		       ff		      .byte.b	$ff
     28  106d					      repend
     29  106e		       ff		      .byte.b	$ff
     28  106e					      repend
     29  106f		       ff		      .byte.b	$ff
     28  106f					      repend
     29  1070		       ff		      .byte.b	$ff
     28  1070					      repend
     29  1071		       ff		      .byte.b	$ff
     28  1071					      repend
     29  1072		       ff		      .byte.b	$ff
     28  1072					      repend
     29  1073		       ff		      .byte.b	$ff
     28  1073					      repend
     29  1074		       ff		      .byte.b	$ff
     28  1074					      repend
     29  1075		       ff		      .byte.b	$ff
     28  1075					      repend
     29  1076		       ff		      .byte.b	$ff
     28  1076					      repend
     29  1077		       ff		      .byte.b	$ff
     28  1077					      repend
     29  1078		       ff		      .byte.b	$ff
     28  1078					      repend
     29  1079		       ff		      .byte.b	$ff
     28  1079					      repend
     29  107a		       ff		      .byte.b	$ff
     28  107a					      repend
     29  107b		       ff		      .byte.b	$ff
     28  107b					      repend
     29  107c		       ff		      .byte.b	$ff
     28  107c					      repend
     29  107d		       ff		      .byte.b	$ff
     28  107d					      repend
     29  107e		       ff		      .byte.b	$ff
     28  107e					      repend
     29  107f		       ff		      .byte.b	$ff
     28  107f					      repend
     29  1080		       ff		      .byte.b	$ff
     28  1080					      repend
     29  1081		       ff		      .byte.b	$ff
     28  1081					      repend
     29  1082		       ff		      .byte.b	$ff
     28  1082					      repend
     29  1083		       ff		      .byte.b	$ff
     28  1083					      repend
     29  1084		       ff		      .byte.b	$ff
     28  1084					      repend
     29  1085		       ff		      .byte.b	$ff
     28  1085					      repend
     29  1086		       ff		      .byte.b	$ff
     28  1086					      repend
     29  1087		       ff		      .byte.b	$ff
     28  1087					      repend
     29  1088		       ff		      .byte.b	$ff
     28  1088					      repend
     29  1089		       ff		      .byte.b	$ff
     28  1089					      repend
     29  108a		       ff		      .byte.b	$ff
     28  108a					      repend
     29  108b		       ff		      .byte.b	$ff
     28  108b					      repend
     29  108c		       ff		      .byte.b	$ff
     28  108c					      repend
     29  108d		       ff		      .byte.b	$ff
     28  108d					      repend
     29  108e		       ff		      .byte.b	$ff
     28  108e					      repend
     29  108f		       ff		      .byte.b	$ff
     28  108f					      repend
     29  1090		       ff		      .byte.b	$ff
     28  1090					      repend
     29  1091		       ff		      .byte.b	$ff
     28  1091					      repend
     29  1092		       ff		      .byte.b	$ff
     28  1092					      repend
     29  1093		       ff		      .byte.b	$ff
     28  1093					      repend
     29  1094		       ff		      .byte.b	$ff
     28  1094					      repend
     29  1095		       ff		      .byte.b	$ff
     28  1095					      repend
     29  1096		       ff		      .byte.b	$ff
     28  1096					      repend
     29  1097		       ff		      .byte.b	$ff
     28  1097					      repend
     29  1098		       ff		      .byte.b	$ff
     28  1098					      repend
     29  1099		       ff		      .byte.b	$ff
     28  1099					      repend
     29  109a		       ff		      .byte.b	$ff
     28  109a					      repend
     29  109b		       ff		      .byte.b	$ff
     28  109b					      repend
     29  109c		       ff		      .byte.b	$ff
     28  109c					      repend
     29  109d		       ff		      .byte.b	$ff
     28  109d					      repend
     29  109e		       ff		      .byte.b	$ff
     28  109e					      repend
     29  109f		       ff		      .byte.b	$ff
     28  109f					      repend
     29  10a0		       ff		      .byte.b	$ff
     28  10a0					      repend
     29  10a1		       ff		      .byte.b	$ff
     28  10a1					      repend
     29  10a2		       ff		      .byte.b	$ff
     28  10a2					      repend
     29  10a3		       ff		      .byte.b	$ff
     28  10a3					      repend
     29  10a4		       ff		      .byte.b	$ff
     28  10a4					      repend
     29  10a5		       ff		      .byte.b	$ff
     28  10a5					      repend
     29  10a6		       ff		      .byte.b	$ff
     28  10a6					      repend
     29  10a7		       ff		      .byte.b	$ff
     28  10a7					      repend
     29  10a8		       ff		      .byte.b	$ff
     28  10a8					      repend
     29  10a9		       ff		      .byte.b	$ff
     28  10a9					      repend
     29  10aa		       ff		      .byte.b	$ff
     28  10aa					      repend
     29  10ab		       ff		      .byte.b	$ff
     28  10ab					      repend
     29  10ac		       ff		      .byte.b	$ff
     28  10ac					      repend
     29  10ad		       ff		      .byte.b	$ff
     28  10ad					      repend
     29  10ae		       ff		      .byte.b	$ff
     28  10ae					      repend
     29  10af		       ff		      .byte.b	$ff
     28  10af					      repend
     29  10b0		       ff		      .byte.b	$ff
     28  10b0					      repend
     29  10b1		       ff		      .byte.b	$ff
     28  10b1					      repend
     29  10b2		       ff		      .byte.b	$ff
     28  10b2					      repend
     29  10b3		       ff		      .byte.b	$ff
     28  10b3					      repend
     29  10b4		       ff		      .byte.b	$ff
     28  10b4					      repend
     29  10b5		       ff		      .byte.b	$ff
     28  10b5					      repend
     29  10b6		       ff		      .byte.b	$ff
     28  10b6					      repend
     29  10b7		       ff		      .byte.b	$ff
     28  10b7					      repend
     29  10b8		       ff		      .byte.b	$ff
     28  10b8					      repend
     29  10b9		       ff		      .byte.b	$ff
     28  10b9					      repend
     29  10ba		       ff		      .byte.b	$ff
     28  10ba					      repend
     29  10bb		       ff		      .byte.b	$ff
     28  10bb					      repend
     29  10bc		       ff		      .byte.b	$ff
     28  10bc					      repend
     29  10bd		       ff		      .byte.b	$ff
     28  10bd					      repend
     29  10be		       ff		      .byte.b	$ff
     28  10be					      repend
     29  10bf		       ff		      .byte.b	$ff
     28  10bf					      repend
     29  10c0		       ff		      .byte.b	$ff
     28  10c0					      repend
     29  10c1		       ff		      .byte.b	$ff
     28  10c1					      repend
     29  10c2		       ff		      .byte.b	$ff
     28  10c2					      repend
     29  10c3		       ff		      .byte.b	$ff
     28  10c3					      repend
     29  10c4		       ff		      .byte.b	$ff
     28  10c4					      repend
     29  10c5		       ff		      .byte.b	$ff
     28  10c5					      repend
     29  10c6		       ff		      .byte.b	$ff
     28  10c6					      repend
     29  10c7		       ff		      .byte.b	$ff
     28  10c7					      repend
     29  10c8		       ff		      .byte.b	$ff
     28  10c8					      repend
     29  10c9		       ff		      .byte.b	$ff
     28  10c9					      repend
     29  10ca		       ff		      .byte.b	$ff
     28  10ca					      repend
     29  10cb		       ff		      .byte.b	$ff
     28  10cb					      repend
     29  10cc		       ff		      .byte.b	$ff
     28  10cc					      repend
     29  10cd		       ff		      .byte.b	$ff
     28  10cd					      repend
     29  10ce		       ff		      .byte.b	$ff
     28  10ce					      repend
     29  10cf		       ff		      .byte.b	$ff
     28  10cf					      repend
     29  10d0		       ff		      .byte.b	$ff
     28  10d0					      repend
     29  10d1		       ff		      .byte.b	$ff
     28  10d1					      repend
     29  10d2		       ff		      .byte.b	$ff
     28  10d2					      repend
     29  10d3		       ff		      .byte.b	$ff
     28  10d3					      repend
     29  10d4		       ff		      .byte.b	$ff
     28  10d4					      repend
     29  10d5		       ff		      .byte.b	$ff
     28  10d5					      repend
     29  10d6		       ff		      .byte.b	$ff
     28  10d6					      repend
     29  10d7		       ff		      .byte.b	$ff
     28  10d7					      repend
     29  10d8		       ff		      .byte.b	$ff
     28  10d8					      repend
     29  10d9		       ff		      .byte.b	$ff
     28  10d9					      repend
     29  10da		       ff		      .byte.b	$ff
     28  10da					      repend
     29  10db		       ff		      .byte.b	$ff
     28  10db					      repend
     29  10dc		       ff		      .byte.b	$ff
     28  10dc					      repend
     29  10dd		       ff		      .byte.b	$ff
     28  10dd					      repend
     29  10de		       ff		      .byte.b	$ff
     28  10de					      repend
     29  10df		       ff		      .byte.b	$ff
     28  10df					      repend
     29  10e0		       ff		      .byte.b	$ff
     28  10e0					      repend
     29  10e1		       ff		      .byte.b	$ff
     28  10e1					      repend
     29  10e2		       ff		      .byte.b	$ff
     28  10e2					      repend
     29  10e3		       ff		      .byte.b	$ff
     28  10e3					      repend
     29  10e4		       ff		      .byte.b	$ff
     28  10e4					      repend
     29  10e5		       ff		      .byte.b	$ff
     28  10e5					      repend
     29  10e6		       ff		      .byte.b	$ff
     28  10e6					      repend
     29  10e7		       ff		      .byte.b	$ff
     28  10e7					      repend
     29  10e8		       ff		      .byte.b	$ff
     28  10e8					      repend
     29  10e9		       ff		      .byte.b	$ff
     28  10e9					      repend
     29  10ea		       ff		      .byte.b	$ff
     28  10ea					      repend
     29  10eb		       ff		      .byte.b	$ff
     28  10eb					      repend
     29  10ec		       ff		      .byte.b	$ff
     28  10ec					      repend
     29  10ed		       ff		      .byte.b	$ff
     28  10ed					      repend
     29  10ee		       ff		      .byte.b	$ff
     28  10ee					      repend
     29  10ef		       ff		      .byte.b	$ff
     28  10ef					      repend
     29  10f0		       ff		      .byte.b	$ff
     28  10f0					      repend
     29  10f1		       ff		      .byte.b	$ff
     28  10f1					      repend
     29  10f2		       ff		      .byte.b	$ff
     28  10f2					      repend
     29  10f3		       ff		      .byte.b	$ff
     28  10f3					      repend
     29  10f4		       ff		      .byte.b	$ff
     28  10f4					      repend
     29  10f5		       ff		      .byte.b	$ff
     28  10f5					      repend
     29  10f6		       ff		      .byte.b	$ff
     28  10f6					      repend
     29  10f7		       ff		      .byte.b	$ff
     28  10f7					      repend
     29  10f8		       ff		      .byte.b	$ff
     28  10f8					      repend
     29  10f9		       ff		      .byte.b	$ff
     28  10f9					      repend
     29  10fa		       ff		      .byte.b	$ff
     28  10fa					      repend
     29  10fb		       ff		      .byte.b	$ff
     28  10fb					      repend
     29  10fc		       ff		      .byte.b	$ff
     28  10fc					      repend
     29  10fd		       ff		      .byte.b	$ff
     28  10fd					      repend
     29  10fe		       ff		      .byte.b	$ff
     28  10fe					      repend
     29  10ff		       ff		      .byte.b	$ff
     30  1100					      repend
     31  1100				   game
     32  1100				   .
     33  1100							;;line 1;;
     34  1100
     35  1100				   .L00 		;;line 2;;  set kernel split
     36  1100
     37  1100				   .L01 		;;line 3;;  set romsize 16kSC
     38  1100
     39  1100				   .
     40  1100							;;line 4;;
     41  1100
     42  1100				   .
     43  1100							;;line 5;;
     44  1100
     45  1100				   .
     46  1100							;;line 6;;
     47  1100
     48  1100				   .
     49  1100							;;line 7;;
     50  1100
     51  1100				   .
     52  1100							;;line 8;;
     53  1100
     54  1100				   .
     55  1100							;;line 9;;
     56  1100
     57  1100				   .
     58  1100							;;line 10;;
     59  1100
     60  1100				   .L02 		;;line 11;;  dim p2_player0y = a
     61  1100
     62  1100				   .L03 		;;line 12;;  dim p2_player1y = b
     63  1100
     64  1100				   .L04 		;;line 13;;  dim p2_player0x = c
     65  1100
     66  1100				   .L05 		;;line 14;;  dim p2_player1x = d
     67  1100
     68  1100				   .L06 		;;line 15;;  dim p2_player0pointerlo = e
     69  1100
     70  1100				   .L07 		;;line 16;;  dim p2_player0pointerhi = f
     71  1100
     72  1100				   .L08 		;;line 17;;  dim p2_player1pointerlo = g
     73  1100
     74  1100				   .L09 		;;line 18;;  dim p2_player1pointerhi = h
     75  1100
     76  1100				   .L010		;;line 19;;  dim p2_colupf = i
     77  1100
     78  1100				   .L011		;;line 20;;  const pfres = 32
     79  1100
     80  1100				   .
     81  1100							;;line 21;;
     82  1100
     83  1100				   .
     84  1100							;;line 22;;
     85  1100
     86  1100				   .L012		;;line 23;;  player0:
     87  1100
     88  1100		       a2 9e		      LDX	#<playerL012_0
     89  1102		       86 8a		      STX	player0pointerlo
     90  1104		       a9 f6		      LDA	#>playerL012_0
     91  1106		       85 8b		      STA	player0pointerhi
     92  1108		       a9 03		      LDA	#3
     93  110a		       85 8e		      STA	player0height
     94  110c				   .
     95  110c							;;line 29;;
     96  110c
     97  110c				   .L013		;;line 30;;  player1:
     98  110c
     99  110c		       a2 a2		      LDX	#<playerL013_1
    100  110e		       86 8c		      STX	player1pointerlo
    101  1110		       a9 f6		      LDA	#>playerL013_1
    102  1112		       85 8d		      STA	player1pointerhi
    103  1114		       a9 03		      LDA	#3
    104  1116		       85 8f		      STA	player1height
    105  1118				   .
    106  1118							;;line 36;;
    107  1118
    108  1118				   .
    109  1118							;;line 37;;
    110  1118
    111  1118				   .
    112  1118							;;line 38;;
    113  1118
    114  1118				   .L014		;;line 39;;  player0x = 40
    115  1118
    116  1118		       a9 28		      LDA	#40
    117  111a		       85 80		      STA	player0x
    118  111c				   .L015		;;line 40;;  player0y = 40
    119  111c
    120  111c		       a9 28		      LDA	#40
    121  111e		       85 85		      STA	player0y
    122  1120				   .
    123  1120							;;line 41;;
    124  1120
    125  1120				   .L016		;;line 42;;  p2_player0x = 40
    126  1120
    127  1120		       a9 28		      LDA	#40
    128  1122		       85 d6		      STA	p2_player0x
    129  1124				   .L017		;;line 43;;  p2_player0y = 58
    130  1124
    131  1124		       a9 3a		      LDA	#58
    132  1126		       85 d4		      STA	p2_player0y
    133  1128				   .
    134  1128							;;line 44;;
    135  1128
    136  1128				   .
    137  1128							;;line 45;;
    138  1128
    139  1128				   .L018		;;line 46;;  playfield:
    140  1128
    141  1128					      ifconst	pfres
    142  1128		       a2 7f		      ldx	#(32>pfres)*(pfres*pfwidth-1)+(32<=pfres)*127
    143  112a				  -	      else
    144  112a				  -	      ldx	#((32*pfwidth-1)*((32*pfwidth-1)<47))+(47*((32*pfwidth-1)>=47))
    145  112a					      endif
    146  112a		       4c ad 91 	      jmp	pflabel0
    147  112d				   PF_data0
    148  112d		       ff ff		      .byte.b	%11111111, %11111111
    149  112f					      if	(pfwidth>2)
    150  112f		       ff ff		      .byte.b	%11111111, %11111111
    151  1131					      endif
    152  1131		       80 00		      .byte.b	%10000000, %00000000
    153  1133					      if	(pfwidth>2)
    154  1133		       80 00		      .byte.b	%10000000, %00000000
    155  1135					      endif
    156  1135		       80 00		      .byte.b	%10000000, %00000000
    157  1137					      if	(pfwidth>2)
    158  1137		       9e 00		      .byte.b	%10011110, %00000000
    159  1139					      endif
    160  1139		       80 00		      .byte.b	%10000000, %00000000
    161  113b					      if	(pfwidth>2)
    162  113b		       92 00		      .byte.b	%10010010, %00000000
    163  113d					      endif
    164  113d		       80 00		      .byte.b	%10000000, %00000000
    165  113f					      if	(pfwidth>2)
    166  113f		       92 00		      .byte.b	%10010010, %00000000
    167  1141					      endif
    168  1141		       80 00		      .byte.b	%10000000, %00000000
    169  1143					      if	(pfwidth>2)
    170  1143		       80 00		      .byte.b	%10000000, %00000000
    171  1145					      endif
    172  1145		       80 00		      .byte.b	%10000000, %00000000
    173  1147					      if	(pfwidth>2)
    174  1147		       80 00		      .byte.b	%10000000, %00000000
    175  1149					      endif
    176  1149		       80 00		      .byte.b	%10000000, %00000000
    177  114b					      if	(pfwidth>2)
    178  114b		       80 00		      .byte.b	%10000000, %00000000
    179  114d					      endif
    180  114d		       80 00		      .byte.b	%10000000, %00000000
    181  114f					      if	(pfwidth>2)
    182  114f		       80 00		      .byte.b	%10000000, %00000000
    183  1151					      endif
    184  1151		       80 00		      .byte.b	%10000000, %00000000
    185  1153					      if	(pfwidth>2)
    186  1153		       80 00		      .byte.b	%10000000, %00000000
    187  1155					      endif
    188  1155		       92 00		      .byte.b	%10010010, %00000000
    189  1157					      if	(pfwidth>2)
    190  1157		       80 00		      .byte.b	%10000000, %00000000
    191  1159					      endif
    192  1159		       92 00		      .byte.b	%10010010, %00000000
    193  115b					      if	(pfwidth>2)
    194  115b		       80 00		      .byte.b	%10000000, %00000000
    195  115d					      endif
    196  115d		       9e 00		      .byte.b	%10011110, %00000000
    197  115f					      if	(pfwidth>2)
    198  115f		       80 00		      .byte.b	%10000000, %00000000
    199  1161					      endif
    200  1161		       80 00		      .byte.b	%10000000, %00000000
    201  1163					      if	(pfwidth>2)
    202  1163		       80 00		      .byte.b	%10000000, %00000000
    203  1165					      endif
    204  1165		       ff ff		      .byte.b	%11111111, %11111111
    205  1167					      if	(pfwidth>2)
    206  1167		       ff ff		      .byte.b	%11111111, %11111111
    207  1169					      endif
    208  1169		       00 00		      .byte.b	%00000000, %00000000
    209  116b					      if	(pfwidth>2)
    210  116b		       00 00		      .byte.b	%00000000, %00000000
    211  116d					      endif
    212  116d		       ff ff		      .byte.b	%11111111, %11111111
    213  116f					      if	(pfwidth>2)
    214  116f		       ff ff		      .byte.b	%11111111, %11111111
    215  1171					      endif
    216  1171		       80 00		      .byte.b	%10000000, %00000000
    217  1173					      if	(pfwidth>2)
    218  1173		       80 00		      .byte.b	%10000000, %00000000
    219  1175					      endif
    220  1175		       98 ff		      .byte.b	%10011000, %11111111
    221  1177					      if	(pfwidth>2)
    222  1177		       9f ff		      .byte.b	%10011111, %11111111
    223  1179					      endif
    224  1179		       90 00		      .byte.b	%10010000, %00000000
    225  117b					      if	(pfwidth>2)
    226  117b		       90 00		      .byte.b	%10010000, %00000000
    227  117d					      endif
    228  117d		       93 03		      .byte.b	%10010011, %00000011
    229  117f					      if	(pfwidth>2)
    230  117f		       90 00		      .byte.b	%10010000, %00000000
    231  1181					      endif
    232  1181		       92 02		      .byte.b	%10010010, %00000010
    233  1183					      if	(pfwidth>2)
    234  1183		       90 00		      .byte.b	%10010000, %00000000
    235  1185					      endif
    236  1185		       92 00		      .byte.b	%10010010, %00000000
    237  1187					      if	(pfwidth>2)
    238  1187		       90 00		      .byte.b	%10010000, %00000000
    239  1189					      endif
    240  1189		       92 00		      .byte.b	%10010010, %00000000
    241  118b					      if	(pfwidth>2)
    242  118b		       90 00		      .byte.b	%10010000, %00000000
    243  118d					      endif
    244  118d		       92 00		      .byte.b	%10010010, %00000000
    245  118f					      if	(pfwidth>2)
    246  118f		       90 00		      .byte.b	%10010000, %00000000
    247  1191					      endif
    248  1191		       92 02		      .byte.b	%10010010, %00000010
    249  1193					      if	(pfwidth>2)
    250  1193		       90 00		      .byte.b	%10010000, %00000000
    251  1195					      endif
    252  1195		       93 03		      .byte.b	%10010011, %00000011
    253  1197					      if	(pfwidth>2)
    254  1197		       90 00		      .byte.b	%10010000, %00000000
    255  1199					      endif
    256  1199		       90 00		      .byte.b	%10010000, %00000000
    257  119b					      if	(pfwidth>2)
    258  119b		       90 00		      .byte.b	%10010000, %00000000
    259  119d					      endif
    260  119d		       9f ff		      .byte.b	%10011111, %11111111
    261  119f					      if	(pfwidth>2)
    262  119f		       9f c0		      .byte.b	%10011111, %11000000
    263  11a1					      endif
    264  11a1		       80 00		      .byte.b	%10000000, %00000000
    265  11a3					      if	(pfwidth>2)
    266  11a3		       80 00		      .byte.b	%10000000, %00000000
    267  11a5					      endif
    268  11a5		       ff ff		      .byte.b	%11111111, %11111111
    269  11a7					      if	(pfwidth>2)
    270  11a7		       ff ff		      .byte.b	%11111111, %11111111
    271  11a9					      endif
    272  11a9		       00 00		      .byte.b	%00000000, %00000000
    273  11ab					      if	(pfwidth>2)
    274  11ab		       00 00		      .byte.b	%00000000, %00000000
    275  11ad					      endif
    276  11ad				   pflabel0
    277  11ad		       bd 2d 91 	      lda	PF_data0,x
    278  11b0		       9d 00 10 	      sta	playfield-128,x
    279  11b3		       ca		      dex
    280  11b4		       10 f7		      bpl	pflabel0
    281  11b6				   .
    282  11b6							;;line 80;;
    283  11b6
    284  11b6				   .main
    285  11b6							;;line 81;; main
    286  11b6
    287  11b6				   .
    288  11b6							;;line 82;;
    289  11b6
    290  11b6				   .L019		;;line 83;;  ballx = 30 : bally = 30
    291  11b6
    292  11b6		       a9 1e		      LDA	#30
    293  11b8		       85 84		      STA	ballx
    294  11ba		       85 89		      STA	bally
    295  11bc				   .L020		;;line 84;;  scorecolor = $08
    296  11bc
    297  11bc		       a9 08		      LDA	#$08
    298  11be		       85 a3		      STA	scorecolor
    299  11c0				   .L021		;;line 85;;  score = 999999
    300  11c0
    301  11c0		       a9 99		      LDA	#$99
    302  11c2		       85 95		      STA	score+2
    303  11c4		       a9 99		      LDA	#$99
    304  11c6		       85 94		      STA	score+1
    305  11c8		       a9 99		      LDA	#$99
    306  11ca		       85 93		      STA	score
    307  11cc				   .L022		;;line 86;;  CTRLPF = $21
    308  11cc
    309  11cc		       a9 21		      LDA	#$21
    310  11ce		       85 0a		      STA	CTRLPF
    311  11d0				   .L023		;;line 87;;  COLUPF = $84
    312  11d0
    313  11d0		       a9 84		      LDA	#$84
    314  11d2		       85 08		      STA	COLUPF
    315  11d4				   .L024		;;line 88;;  p2_colupf = rand
    316  11d4
    317  11d4		       85 ee		      sta	temp7
    318  11d6		       a9 91		      lda	#>(ret_point1-1)
    319  11d8		       48		      pha
    320  11d9		       a9 eb		      lda	#<(ret_point1-1)
    321  11db		       48		      pha
    322  11dc		       a9 f5		      lda	#>(randomize-1)
    323  11de		       48		      pha
    324  11df		       a9 f1		      lda	#<(randomize-1)
    325  11e1		       48		      pha
    326  11e2		       a5 ee		      lda	temp7
    327  11e4		       48		      pha
    328  11e5		       8a		      txa
    329  11e6		       48		      pha
    330  11e7		       a2 04		      ldx	#4
    331  11e9		       4c eb ff 	      jmp	BS_jsr
    332  11ec				   ret_point1
    333  11ec		       85 dc		      STA	p2_colupf
    334  11ee				   .
    335  11ee							;;line 89;;
    336  11ee
    337  11ee				   .
    338  11ee							;;line 90;;
    339  11ee
    340  11ee				   .L025		;;line 91;;  COLUBK = $00
    341  11ee
    342  11ee		       a9 00		      LDA	#$00
    343  11f0		       85 09		      STA	COLUBK
    344  11f2				   .L026		;;line 92;;  COLUP0 = $1E
    345  11f2
    346  11f2		       a9 1e		      LDA	#$1E
    347  11f4		       85 06		      STA	COLUP0
    348  11f6				   .L027		;;line 93;;  COLUP1 = $2F
    349  11f6
    350  11f6		       a9 2f		      LDA	#$2F
    351  11f8		       85 07		      STA	COLUP1
    352  11fa				   .
    353  11fa							;;line 94;;
    354  11fa
    355  11fa				   .
    356  11fa							;;line 95;;
    357  11fa
    358  11fa				   .L028		;;line 96;;  if joy0up then player0y = player0y  -  1
    359  11fa
    360  11fa		       a9 10		      lda	#$10
    361  11fc		       2c 80 02 	      bit	SWCHA
    362  11ff		       d0 02		      BNE	.skipL028
    363  1201				   .condpart0
    364  1201		       c6 85		      DEC	player0y
    365  1203				   .skipL028
    366  1203				   .L029		;;line 97;;  if joy0down then player0y = player0y  +  1
    367  1203
    368  1203		       a9 20		      lda	#$20
    369  1205		       2c 80 02 	      bit	SWCHA
    370  1208		       d0 02		      BNE	.skipL029
    371  120a				   .condpart1
    372  120a		       e6 85		      INC	player0y
    373  120c				   .skipL029
    374  120c				   .L030		;;line 98;;  if joy0left then player0x = player0x  -  1
    375  120c
    376  120c		       2c 80 02 	      bit	SWCHA
    377  120f		       70 02		      BVS	.skipL030
    378  1211				   .condpart2
    379  1211		       c6 80		      DEC	player0x
    380  1213				   .skipL030
    381  1213				   .L031		;;line 99;;  if joy0right then player0x = player0x  +	1
    382  1213
    383  1213		       2c 80 02 	      bit	SWCHA
    384  1216		       30 02		      BMI	.skipL031
    385  1218				   .condpart3
    386  1218		       e6 80		      INC	player0x
    387  121a				   .skipL031
    388  121a				   .
    389  121a							;;line 100;;
    390  121a
    391  121a				   .
    392  121a							;;line 101;;
    393  121a
    394  121a				   .L032		;;line 102;;  if player0y  >  42 then player0y = 42
    395  121a
    396  121a		       a9 2a		      LDA	#42
    397  121c		       c5 85		      CMP	player0y
    398  121e		       b0 04		      BCS	.skipL032
    399  1220				   .condpart4
    400  1220		       a9 2a		      LDA	#42
    401  1222		       85 85		      STA	player0y
    402  1224				   .skipL032
    403  1224				   .L033		;;line 103;;  if player0y  <  8 then player0y = 8
    404  1224
    405  1224		       a5 85		      LDA	player0y
    406  1226		       c9 08		      CMP	#8
    407  1228		       b0 04		      BCS	.skipL033
    408  122a				   .condpart5
    409  122a		       a9 08		      LDA	#8
    410  122c		       85 85		      STA	player0y
    411  122e				   .skipL033
    412  122e				   .
    413  122e							;;line 104;;
    414  122e
    415  122e				   .
    416  122e							;;line 105;;
    417  122e
    418  122e				   .L034		;;line 106;;  if p2_player0y  >  42 then p2_player0y = 42
    419  122e
    420  122e		       a9 2a		      LDA	#42
    421  1230		       c5 d4		      CMP	p2_player0y
    422  1232		       b0 04		      BCS	.skipL034
    423  1234				   .condpart6
    424  1234		       a9 2a		      LDA	#42
    425  1236		       85 d4		      STA	p2_player0y
    426  1238				   .skipL034
    427  1238				   .L035		;;line 107;;  if p2_player0y  <  8 then p2_player0y = 8
    428  1238
    429  1238		       a5 d4		      LDA	p2_player0y
    430  123a		       c9 08		      CMP	#8
    431  123c		       b0 04		      BCS	.skipL035
    432  123e				   .condpart7
    433  123e		       a9 08		      LDA	#8
    434  1240		       85 d4		      STA	p2_player0y
    435  1242				   .skipL035
    436  1242				   .
    437  1242							;;line 108;;
    438  1242
    439  1242				   .
    440  1242							;;line 109;;
    441  1242
    442  1242				   .L036		;;line 110;;  if joy0left then p2_player0x = p2_player0x  -  1
    443  1242
    444  1242		       2c 80 02 	      bit	SWCHA
    445  1245		       70 02		      BVS	.skipL036
    446  1247				   .condpart8
    447  1247		       c6 d6		      DEC	p2_player0x
    448  1249				   .skipL036
    449  1249				   .L037		;;line 111;;  if joy0right then p2_player0x = p2_player0x  +  1
    450  1249
    451  1249		       2c 80 02 	      bit	SWCHA
    452  124c		       30 02		      BMI	.skipL037
    453  124e				   .condpart9
    454  124e		       e6 d6		      INC	p2_player0x
    455  1250				   .skipL037
    456  1250				   .L038		;;line 112;;  if joy0up then p2_player0y = p2_player0y  -  1
    457  1250
    458  1250		       a9 10		      lda	#$10
    459  1252		       2c 80 02 	      bit	SWCHA
    460  1255		       d0 02		      BNE	.skipL038
    461  1257				   .condpart10
    462  1257		       c6 d4		      DEC	p2_player0y
    463  1259				   .skipL038
    464  1259				   .L039		;;line 113;;  if joy0down then p2_player0y = p2_player0y  +  1
    465  1259
    466  1259		       a9 20		      lda	#$20
    467  125b		       2c 80 02 	      bit	SWCHA
    468  125e		       d0 02		      BNE	.skipL039
    469  1260				   .condpart11
    470  1260		       e6 d4		      INC	p2_player0y
    471  1262				   .skipL039
    472  1262				   .
    473  1262							;;line 114;;
    474  1262
    475  1262				   .L040		;;line 115;;  drawscreen
    476  1262
    477  1262		       85 ee		      sta	temp7
    478  1264		       a9 92		      lda	#>(ret_point2-1)
    479  1266		       48		      pha
    480  1267		       a9 79		      lda	#<(ret_point2-1)
    481  1269		       48		      pha
    482  126a		       a9 f5		      lda	#>(drawscreen-1)
    483  126c		       48		      pha
    484  126d		       a9 fd		      lda	#<(drawscreen-1)
    485  126f		       48		      pha
    486  1270		       a5 ee		      lda	temp7
    487  1272		       48		      pha
    488  1273		       8a		      txa
    489  1274		       48		      pha
    490  1275		       a2 04		      ldx	#4
    491  1277		       4c eb ff 	      jmp	BS_jsr
    492  127a				   ret_point2
    493  127a				   .L041		;;line 116;;  goto main
    494  127a		       4c b6 91 	      jmp	.main
    495  127d					      if	ECHO1
      3415 bytes of ROM space left in bank 1
    496  127d					      echo	"    ",[(start_bank1 - *)]d , "bytes of ROM space left in bank 1")
    497  127d					      endif
    498  127d		       00 01	   ECHO1      =	1
    499  1fd4					      ORG	$1FF4-bscode_length
    500  1fd4					      RORG	$9FF4-bscode_length
    501  1fd4		       a2 ff	   start_bank1 ldx	#$ff
    502  1fd6				  -	      ifconst	FASTFETCH	; using DPC+
    503  1fd6				  -	      stx	FASTFETCH
    504  1fd6					      endif
    505  1fd6		       9a		      txs
    506  1fd7				  -	      if	bankswitch == 64
    507  1fd7				  -	      lda	#(((>(start-1)) & $0F) | $F0)
    508  1fd7					      else
    509  1fd7		       a9 f3		      lda	#>(start-1)
    510  1fd9					      endif
    511  1fd9		       48		      pha
    512  1fda		       a9 cc		      lda	#<(start-1)
    513  1fdc		       48		      pha
    514  1fdd		       48		      pha
    515  1fde		       8a		      txa
    516  1fdf		       48		      pha
    517  1fe0		       ba		      tsx
    518  1fe1					      if	bankswitch != 64
    519  1fe1		       b5 04		      lda	4,x	; get high byte of return address
    520  1fe3		       2a		      rol
    521  1fe4		       2a		      rol
    522  1fe5		       2a		      rol
    523  1fe6		       2a		      rol
    524  1fe7		       29 03		      and	#bs_mask	;1 3 or 7 for F8/F6/F4
    525  1fe9		       aa		      tax
    526  1fea		       e8		      inx
    527  1feb				  -	      else
    528  1feb				  -	      lda	4,x	; get high byte of return address
    529  1feb				  -	      tay
    530  1feb				  -	      ora	#$10	; change our bank nibble into a valid rom mirror
    531  1feb				  -	      sta	4,x
    532  1feb				  -	      tya
    533  1feb				  -	      lsr
    534  1feb				  -	      lsr
    535  1feb				  -	      lsr
    536  1feb				  -	      lsr
    537  1feb				  -	      tax
    538  1feb				  -	      inx
    539  1feb					      endif
    540  1feb		       bd f5 1f 	      lda	bankswitch_hotspot-1,x
    541  1fee		       68		      pla
    542  1fef		       aa		      tax
    543  1ff0		       68		      pla
    544  1ff1		       60		      rts
    545  1ff2				  -	      if	((* & $1FFF) > ((bankswitch_hotspot & $1FFF) - 1))
    546  1ff2				  -	      echo	"WARNING: size parameter in banksw.asm too small - the program probably will not work."
    547  1ff2				  -	      echo	"Change to",[(*-begin_bscode+1)&$FF]d,"and try again."
    548  1ff2					      endif
    549  1ffc					      ORG	$1FFC
    550  1ffc					      RORG	$9FFC
    551  1ffc		       d4 9f		      .word.w	(start_bank1 & $ffff)
    552  1ffe		       d4 9f		      .word.w	(start_bank1 & $ffff)
    553  2000					      ORG	$2000
    554  2000					      RORG	$B000
    555  2000					      repeat	256
    556  2000		       ff		      .byte.b	$ff
    555  2000					      repend
    556  2001		       ff		      .byte.b	$ff
    555  2001					      repend
    556  2002		       ff		      .byte.b	$ff
    555  2002					      repend
    556  2003		       ff		      .byte.b	$ff
    555  2003					      repend
    556  2004		       ff		      .byte.b	$ff
    555  2004					      repend
    556  2005		       ff		      .byte.b	$ff
    555  2005					      repend
    556  2006		       ff		      .byte.b	$ff
    555  2006					      repend
    556  2007		       ff		      .byte.b	$ff
    555  2007					      repend
    556  2008		       ff		      .byte.b	$ff
    555  2008					      repend
    556  2009		       ff		      .byte.b	$ff
    555  2009					      repend
    556  200a		       ff		      .byte.b	$ff
    555  200a					      repend
    556  200b		       ff		      .byte.b	$ff
    555  200b					      repend
    556  200c		       ff		      .byte.b	$ff
    555  200c					      repend
    556  200d		       ff		      .byte.b	$ff
    555  200d					      repend
    556  200e		       ff		      .byte.b	$ff
    555  200e					      repend
    556  200f		       ff		      .byte.b	$ff
    555  200f					      repend
    556  2010		       ff		      .byte.b	$ff
    555  2010					      repend
    556  2011		       ff		      .byte.b	$ff
    555  2011					      repend
    556  2012		       ff		      .byte.b	$ff
    555  2012					      repend
    556  2013		       ff		      .byte.b	$ff
    555  2013					      repend
    556  2014		       ff		      .byte.b	$ff
    555  2014					      repend
    556  2015		       ff		      .byte.b	$ff
    555  2015					      repend
    556  2016		       ff		      .byte.b	$ff
    555  2016					      repend
    556  2017		       ff		      .byte.b	$ff
    555  2017					      repend
    556  2018		       ff		      .byte.b	$ff
    555  2018					      repend
    556  2019		       ff		      .byte.b	$ff
    555  2019					      repend
    556  201a		       ff		      .byte.b	$ff
    555  201a					      repend
    556  201b		       ff		      .byte.b	$ff
    555  201b					      repend
    556  201c		       ff		      .byte.b	$ff
    555  201c					      repend
    556  201d		       ff		      .byte.b	$ff
    555  201d					      repend
    556  201e		       ff		      .byte.b	$ff
    555  201e					      repend
    556  201f		       ff		      .byte.b	$ff
    555  201f					      repend
    556  2020		       ff		      .byte.b	$ff
    555  2020					      repend
    556  2021		       ff		      .byte.b	$ff
    555  2021					      repend
    556  2022		       ff		      .byte.b	$ff
    555  2022					      repend
    556  2023		       ff		      .byte.b	$ff
    555  2023					      repend
    556  2024		       ff		      .byte.b	$ff
    555  2024					      repend
    556  2025		       ff		      .byte.b	$ff
    555  2025					      repend
    556  2026		       ff		      .byte.b	$ff
    555  2026					      repend
    556  2027		       ff		      .byte.b	$ff
    555  2027					      repend
    556  2028		       ff		      .byte.b	$ff
    555  2028					      repend
    556  2029		       ff		      .byte.b	$ff
    555  2029					      repend
    556  202a		       ff		      .byte.b	$ff
    555  202a					      repend
    556  202b		       ff		      .byte.b	$ff
    555  202b					      repend
    556  202c		       ff		      .byte.b	$ff
    555  202c					      repend
    556  202d		       ff		      .byte.b	$ff
    555  202d					      repend
    556  202e		       ff		      .byte.b	$ff
    555  202e					      repend
    556  202f		       ff		      .byte.b	$ff
    555  202f					      repend
    556  2030		       ff		      .byte.b	$ff
    555  2030					      repend
    556  2031		       ff		      .byte.b	$ff
    555  2031					      repend
    556  2032		       ff		      .byte.b	$ff
    555  2032					      repend
    556  2033		       ff		      .byte.b	$ff
    555  2033					      repend
    556  2034		       ff		      .byte.b	$ff
    555  2034					      repend
    556  2035		       ff		      .byte.b	$ff
    555  2035					      repend
    556  2036		       ff		      .byte.b	$ff
    555  2036					      repend
    556  2037		       ff		      .byte.b	$ff
    555  2037					      repend
    556  2038		       ff		      .byte.b	$ff
    555  2038					      repend
    556  2039		       ff		      .byte.b	$ff
    555  2039					      repend
    556  203a		       ff		      .byte.b	$ff
    555  203a					      repend
    556  203b		       ff		      .byte.b	$ff
    555  203b					      repend
    556  203c		       ff		      .byte.b	$ff
    555  203c					      repend
    556  203d		       ff		      .byte.b	$ff
    555  203d					      repend
    556  203e		       ff		      .byte.b	$ff
    555  203e					      repend
    556  203f		       ff		      .byte.b	$ff
    555  203f					      repend
    556  2040		       ff		      .byte.b	$ff
    555  2040					      repend
    556  2041		       ff		      .byte.b	$ff
    555  2041					      repend
    556  2042		       ff		      .byte.b	$ff
    555  2042					      repend
    556  2043		       ff		      .byte.b	$ff
    555  2043					      repend
    556  2044		       ff		      .byte.b	$ff
    555  2044					      repend
    556  2045		       ff		      .byte.b	$ff
    555  2045					      repend
    556  2046		       ff		      .byte.b	$ff
    555  2046					      repend
    556  2047		       ff		      .byte.b	$ff
    555  2047					      repend
    556  2048		       ff		      .byte.b	$ff
    555  2048					      repend
    556  2049		       ff		      .byte.b	$ff
    555  2049					      repend
    556  204a		       ff		      .byte.b	$ff
    555  204a					      repend
    556  204b		       ff		      .byte.b	$ff
    555  204b					      repend
    556  204c		       ff		      .byte.b	$ff
    555  204c					      repend
    556  204d		       ff		      .byte.b	$ff
    555  204d					      repend
    556  204e		       ff		      .byte.b	$ff
    555  204e					      repend
    556  204f		       ff		      .byte.b	$ff
    555  204f					      repend
    556  2050		       ff		      .byte.b	$ff
    555  2050					      repend
    556  2051		       ff		      .byte.b	$ff
    555  2051					      repend
    556  2052		       ff		      .byte.b	$ff
    555  2052					      repend
    556  2053		       ff		      .byte.b	$ff
    555  2053					      repend
    556  2054		       ff		      .byte.b	$ff
    555  2054					      repend
    556  2055		       ff		      .byte.b	$ff
    555  2055					      repend
    556  2056		       ff		      .byte.b	$ff
    555  2056					      repend
    556  2057		       ff		      .byte.b	$ff
    555  2057					      repend
    556  2058		       ff		      .byte.b	$ff
    555  2058					      repend
    556  2059		       ff		      .byte.b	$ff
    555  2059					      repend
    556  205a		       ff		      .byte.b	$ff
    555  205a					      repend
    556  205b		       ff		      .byte.b	$ff
    555  205b					      repend
    556  205c		       ff		      .byte.b	$ff
    555  205c					      repend
    556  205d		       ff		      .byte.b	$ff
    555  205d					      repend
    556  205e		       ff		      .byte.b	$ff
    555  205e					      repend
    556  205f		       ff		      .byte.b	$ff
    555  205f					      repend
    556  2060		       ff		      .byte.b	$ff
    555  2060					      repend
    556  2061		       ff		      .byte.b	$ff
    555  2061					      repend
    556  2062		       ff		      .byte.b	$ff
    555  2062					      repend
    556  2063		       ff		      .byte.b	$ff
    555  2063					      repend
    556  2064		       ff		      .byte.b	$ff
    555  2064					      repend
    556  2065		       ff		      .byte.b	$ff
    555  2065					      repend
    556  2066		       ff		      .byte.b	$ff
    555  2066					      repend
    556  2067		       ff		      .byte.b	$ff
    555  2067					      repend
    556  2068		       ff		      .byte.b	$ff
    555  2068					      repend
    556  2069		       ff		      .byte.b	$ff
    555  2069					      repend
    556  206a		       ff		      .byte.b	$ff
    555  206a					      repend
    556  206b		       ff		      .byte.b	$ff
    555  206b					      repend
    556  206c		       ff		      .byte.b	$ff
    555  206c					      repend
    556  206d		       ff		      .byte.b	$ff
    555  206d					      repend
    556  206e		       ff		      .byte.b	$ff
    555  206e					      repend
    556  206f		       ff		      .byte.b	$ff
    555  206f					      repend
    556  2070		       ff		      .byte.b	$ff
    555  2070					      repend
    556  2071		       ff		      .byte.b	$ff
    555  2071					      repend
    556  2072		       ff		      .byte.b	$ff
    555  2072					      repend
    556  2073		       ff		      .byte.b	$ff
    555  2073					      repend
    556  2074		       ff		      .byte.b	$ff
    555  2074					      repend
    556  2075		       ff		      .byte.b	$ff
    555  2075					      repend
    556  2076		       ff		      .byte.b	$ff
    555  2076					      repend
    556  2077		       ff		      .byte.b	$ff
    555  2077					      repend
    556  2078		       ff		      .byte.b	$ff
    555  2078					      repend
    556  2079		       ff		      .byte.b	$ff
    555  2079					      repend
    556  207a		       ff		      .byte.b	$ff
    555  207a					      repend
    556  207b		       ff		      .byte.b	$ff
    555  207b					      repend
    556  207c		       ff		      .byte.b	$ff
    555  207c					      repend
    556  207d		       ff		      .byte.b	$ff
    555  207d					      repend
    556  207e		       ff		      .byte.b	$ff
    555  207e					      repend
    556  207f		       ff		      .byte.b	$ff
    555  207f					      repend
    556  2080		       ff		      .byte.b	$ff
    555  2080					      repend
    556  2081		       ff		      .byte.b	$ff
    555  2081					      repend
    556  2082		       ff		      .byte.b	$ff
    555  2082					      repend
    556  2083		       ff		      .byte.b	$ff
    555  2083					      repend
    556  2084		       ff		      .byte.b	$ff
    555  2084					      repend
    556  2085		       ff		      .byte.b	$ff
    555  2085					      repend
    556  2086		       ff		      .byte.b	$ff
    555  2086					      repend
    556  2087		       ff		      .byte.b	$ff
    555  2087					      repend
    556  2088		       ff		      .byte.b	$ff
    555  2088					      repend
    556  2089		       ff		      .byte.b	$ff
    555  2089					      repend
    556  208a		       ff		      .byte.b	$ff
    555  208a					      repend
    556  208b		       ff		      .byte.b	$ff
    555  208b					      repend
    556  208c		       ff		      .byte.b	$ff
    555  208c					      repend
    556  208d		       ff		      .byte.b	$ff
    555  208d					      repend
    556  208e		       ff		      .byte.b	$ff
    555  208e					      repend
    556  208f		       ff		      .byte.b	$ff
    555  208f					      repend
    556  2090		       ff		      .byte.b	$ff
    555  2090					      repend
    556  2091		       ff		      .byte.b	$ff
    555  2091					      repend
    556  2092		       ff		      .byte.b	$ff
    555  2092					      repend
    556  2093		       ff		      .byte.b	$ff
    555  2093					      repend
    556  2094		       ff		      .byte.b	$ff
    555  2094					      repend
    556  2095		       ff		      .byte.b	$ff
    555  2095					      repend
    556  2096		       ff		      .byte.b	$ff
    555  2096					      repend
    556  2097		       ff		      .byte.b	$ff
    555  2097					      repend
    556  2098		       ff		      .byte.b	$ff
    555  2098					      repend
    556  2099		       ff		      .byte.b	$ff
    555  2099					      repend
    556  209a		       ff		      .byte.b	$ff
    555  209a					      repend
    556  209b		       ff		      .byte.b	$ff
    555  209b					      repend
    556  209c		       ff		      .byte.b	$ff
    555  209c					      repend
    556  209d		       ff		      .byte.b	$ff
    555  209d					      repend
    556  209e		       ff		      .byte.b	$ff
    555  209e					      repend
    556  209f		       ff		      .byte.b	$ff
    555  209f					      repend
    556  20a0		       ff		      .byte.b	$ff
    555  20a0					      repend
    556  20a1		       ff		      .byte.b	$ff
    555  20a1					      repend
    556  20a2		       ff		      .byte.b	$ff
    555  20a2					      repend
    556  20a3		       ff		      .byte.b	$ff
    555  20a3					      repend
    556  20a4		       ff		      .byte.b	$ff
    555  20a4					      repend
    556  20a5		       ff		      .byte.b	$ff
    555  20a5					      repend
    556  20a6		       ff		      .byte.b	$ff
    555  20a6					      repend
    556  20a7		       ff		      .byte.b	$ff
    555  20a7					      repend
    556  20a8		       ff		      .byte.b	$ff
    555  20a8					      repend
    556  20a9		       ff		      .byte.b	$ff
    555  20a9					      repend
    556  20aa		       ff		      .byte.b	$ff
    555  20aa					      repend
    556  20ab		       ff		      .byte.b	$ff
    555  20ab					      repend
    556  20ac		       ff		      .byte.b	$ff
    555  20ac					      repend
    556  20ad		       ff		      .byte.b	$ff
    555  20ad					      repend
    556  20ae		       ff		      .byte.b	$ff
    555  20ae					      repend
    556  20af		       ff		      .byte.b	$ff
    555  20af					      repend
    556  20b0		       ff		      .byte.b	$ff
    555  20b0					      repend
    556  20b1		       ff		      .byte.b	$ff
    555  20b1					      repend
    556  20b2		       ff		      .byte.b	$ff
    555  20b2					      repend
    556  20b3		       ff		      .byte.b	$ff
    555  20b3					      repend
    556  20b4		       ff		      .byte.b	$ff
    555  20b4					      repend
    556  20b5		       ff		      .byte.b	$ff
    555  20b5					      repend
    556  20b6		       ff		      .byte.b	$ff
    555  20b6					      repend
    556  20b7		       ff		      .byte.b	$ff
    555  20b7					      repend
    556  20b8		       ff		      .byte.b	$ff
    555  20b8					      repend
    556  20b9		       ff		      .byte.b	$ff
    555  20b9					      repend
    556  20ba		       ff		      .byte.b	$ff
    555  20ba					      repend
    556  20bb		       ff		      .byte.b	$ff
    555  20bb					      repend
    556  20bc		       ff		      .byte.b	$ff
    555  20bc					      repend
    556  20bd		       ff		      .byte.b	$ff
    555  20bd					      repend
    556  20be		       ff		      .byte.b	$ff
    555  20be					      repend
    556  20bf		       ff		      .byte.b	$ff
    555  20bf					      repend
    556  20c0		       ff		      .byte.b	$ff
    555  20c0					      repend
    556  20c1		       ff		      .byte.b	$ff
    555  20c1					      repend
    556  20c2		       ff		      .byte.b	$ff
    555  20c2					      repend
    556  20c3		       ff		      .byte.b	$ff
    555  20c3					      repend
    556  20c4		       ff		      .byte.b	$ff
    555  20c4					      repend
    556  20c5		       ff		      .byte.b	$ff
    555  20c5					      repend
    556  20c6		       ff		      .byte.b	$ff
    555  20c6					      repend
    556  20c7		       ff		      .byte.b	$ff
    555  20c7					      repend
    556  20c8		       ff		      .byte.b	$ff
    555  20c8					      repend
    556  20c9		       ff		      .byte.b	$ff
    555  20c9					      repend
    556  20ca		       ff		      .byte.b	$ff
    555  20ca					      repend
    556  20cb		       ff		      .byte.b	$ff
    555  20cb					      repend
    556  20cc		       ff		      .byte.b	$ff
    555  20cc					      repend
    556  20cd		       ff		      .byte.b	$ff
    555  20cd					      repend
    556  20ce		       ff		      .byte.b	$ff
    555  20ce					      repend
    556  20cf		       ff		      .byte.b	$ff
    555  20cf					      repend
    556  20d0		       ff		      .byte.b	$ff
    555  20d0					      repend
    556  20d1		       ff		      .byte.b	$ff
    555  20d1					      repend
    556  20d2		       ff		      .byte.b	$ff
    555  20d2					      repend
    556  20d3		       ff		      .byte.b	$ff
    555  20d3					      repend
    556  20d4		       ff		      .byte.b	$ff
    555  20d4					      repend
    556  20d5		       ff		      .byte.b	$ff
    555  20d5					      repend
    556  20d6		       ff		      .byte.b	$ff
    555  20d6					      repend
    556  20d7		       ff		      .byte.b	$ff
    555  20d7					      repend
    556  20d8		       ff		      .byte.b	$ff
    555  20d8					      repend
    556  20d9		       ff		      .byte.b	$ff
    555  20d9					      repend
    556  20da		       ff		      .byte.b	$ff
    555  20da					      repend
    556  20db		       ff		      .byte.b	$ff
    555  20db					      repend
    556  20dc		       ff		      .byte.b	$ff
    555  20dc					      repend
    556  20dd		       ff		      .byte.b	$ff
    555  20dd					      repend
    556  20de		       ff		      .byte.b	$ff
    555  20de					      repend
    556  20df		       ff		      .byte.b	$ff
    555  20df					      repend
    556  20e0		       ff		      .byte.b	$ff
    555  20e0					      repend
    556  20e1		       ff		      .byte.b	$ff
    555  20e1					      repend
    556  20e2		       ff		      .byte.b	$ff
    555  20e2					      repend
    556  20e3		       ff		      .byte.b	$ff
    555  20e3					      repend
    556  20e4		       ff		      .byte.b	$ff
    555  20e4					      repend
    556  20e5		       ff		      .byte.b	$ff
    555  20e5					      repend
    556  20e6		       ff		      .byte.b	$ff
    555  20e6					      repend
    556  20e7		       ff		      .byte.b	$ff
    555  20e7					      repend
    556  20e8		       ff		      .byte.b	$ff
    555  20e8					      repend
    556  20e9		       ff		      .byte.b	$ff
    555  20e9					      repend
    556  20ea		       ff		      .byte.b	$ff
    555  20ea					      repend
    556  20eb		       ff		      .byte.b	$ff
    555  20eb					      repend
    556  20ec		       ff		      .byte.b	$ff
    555  20ec					      repend
    556  20ed		       ff		      .byte.b	$ff
    555  20ed					      repend
    556  20ee		       ff		      .byte.b	$ff
    555  20ee					      repend
    556  20ef		       ff		      .byte.b	$ff
    555  20ef					      repend
    556  20f0		       ff		      .byte.b	$ff
    555  20f0					      repend
    556  20f1		       ff		      .byte.b	$ff
    555  20f1					      repend
    556  20f2		       ff		      .byte.b	$ff
    555  20f2					      repend
    556  20f3		       ff		      .byte.b	$ff
    555  20f3					      repend
    556  20f4		       ff		      .byte.b	$ff
    555  20f4					      repend
    556  20f5		       ff		      .byte.b	$ff
    555  20f5					      repend
    556  20f6		       ff		      .byte.b	$ff
    555  20f6					      repend
    556  20f7		       ff		      .byte.b	$ff
    555  20f7					      repend
    556  20f8		       ff		      .byte.b	$ff
    555  20f8					      repend
    556  20f9		       ff		      .byte.b	$ff
    555  20f9					      repend
    556  20fa		       ff		      .byte.b	$ff
    555  20fa					      repend
    556  20fb		       ff		      .byte.b	$ff
    555  20fb					      repend
    556  20fc		       ff		      .byte.b	$ff
    555  20fc					      repend
    556  20fd		       ff		      .byte.b	$ff
    555  20fd					      repend
    556  20fe		       ff		      .byte.b	$ff
    555  20fe					      repend
    556  20ff		       ff		      .byte.b	$ff
    557  2100					      repend
    558  2100					      if	ECHO2
      3796 bytes of ROM space left in bank 2
    559  2100					      echo	"    ",[(start_bank2 - *)]d , "bytes of ROM space left in bank 2")
    560  2100					      endif
    561  2100		       00 01	   ECHO2      =	1
    562  2fd4					      ORG	$2FF4-bscode_length
    563  2fd4					      RORG	$BFF4-bscode_length
    564  2fd4		       a2 ff	   start_bank2 ldx	#$ff
    565  2fd6				  -	      ifconst	FASTFETCH	; using DPC+
    566  2fd6				  -	      stx	FASTFETCH
    567  2fd6					      endif
    568  2fd6		       9a		      txs
    569  2fd7				  -	      if	bankswitch == 64
    570  2fd7				  -	      lda	#(((>(start-1)) & $0F) | $F0)
    571  2fd7					      else
    572  2fd7		       a9 f3		      lda	#>(start-1)
    573  2fd9					      endif
    574  2fd9		       48		      pha
    575  2fda		       a9 cc		      lda	#<(start-1)
    576  2fdc		       48		      pha
    577  2fdd		       48		      pha
    578  2fde		       8a		      txa
    579  2fdf		       48		      pha
    580  2fe0		       ba		      tsx
    581  2fe1					      if	bankswitch != 64
    582  2fe1		       b5 04		      lda	4,x	; get high byte of return address
    583  2fe3		       2a		      rol
    584  2fe4		       2a		      rol
    585  2fe5		       2a		      rol
    586  2fe6		       2a		      rol
    587  2fe7		       29 03		      and	#bs_mask	;1 3 or 7 for F8/F6/F4
    588  2fe9		       aa		      tax
    589  2fea		       e8		      inx
    590  2feb				  -	      else
    591  2feb				  -	      lda	4,x	; get high byte of return address
    592  2feb				  -	      tay
    593  2feb				  -	      ora	#$10	; change our bank nibble into a valid rom mirror
    594  2feb				  -	      sta	4,x
    595  2feb				  -	      tya
    596  2feb				  -	      lsr
    597  2feb				  -	      lsr
    598  2feb				  -	      lsr
    599  2feb				  -	      lsr
    600  2feb				  -	      tax
    601  2feb				  -	      inx
    602  2feb					      endif
    603  2feb		       bd f5 1f 	      lda	bankswitch_hotspot-1,x
    604  2fee		       68		      pla
    605  2fef		       aa		      tax
    606  2ff0		       68		      pla
    607  2ff1		       60		      rts
    608  2ff2				  -	      if	((* & $1FFF) > ((bankswitch_hotspot & $1FFF) - 1))
    609  2ff2				  -	      echo	"WARNING: size parameter in banksw.asm too small - the program probably will not work."
    610  2ff2				  -	      echo	"Change to",[(*-begin_bscode+1)&$FF]d,"and try again."
    611  2ff2					      endif
    612  2ffc					      ORG	$2FFC
    613  2ffc					      RORG	$BFFC
    614  2ffc		       d4 bf		      .word.w	(start_bank2 & $ffff)
    615  2ffe		       d4 bf		      .word.w	(start_bank2 & $ffff)
    616  3000					      ORG	$3000
    617  3000					      RORG	$D000
    618  3000					      repeat	256
    619  3000		       ff		      .byte.b	$ff
    618  3000					      repend
    619  3001		       ff		      .byte.b	$ff
    618  3001					      repend
    619  3002		       ff		      .byte.b	$ff
    618  3002					      repend
    619  3003		       ff		      .byte.b	$ff
    618  3003					      repend
    619  3004		       ff		      .byte.b	$ff
    618  3004					      repend
    619  3005		       ff		      .byte.b	$ff
    618  3005					      repend
    619  3006		       ff		      .byte.b	$ff
    618  3006					      repend
    619  3007		       ff		      .byte.b	$ff
    618  3007					      repend
    619  3008		       ff		      .byte.b	$ff
    618  3008					      repend
    619  3009		       ff		      .byte.b	$ff
    618  3009					      repend
    619  300a		       ff		      .byte.b	$ff
    618  300a					      repend
    619  300b		       ff		      .byte.b	$ff
    618  300b					      repend
    619  300c		       ff		      .byte.b	$ff
    618  300c					      repend
    619  300d		       ff		      .byte.b	$ff
    618  300d					      repend
    619  300e		       ff		      .byte.b	$ff
    618  300e					      repend
    619  300f		       ff		      .byte.b	$ff
    618  300f					      repend
    619  3010		       ff		      .byte.b	$ff
    618  3010					      repend
    619  3011		       ff		      .byte.b	$ff
    618  3011					      repend
    619  3012		       ff		      .byte.b	$ff
    618  3012					      repend
    619  3013		       ff		      .byte.b	$ff
    618  3013					      repend
    619  3014		       ff		      .byte.b	$ff
    618  3014					      repend
    619  3015		       ff		      .byte.b	$ff
    618  3015					      repend
    619  3016		       ff		      .byte.b	$ff
    618  3016					      repend
    619  3017		       ff		      .byte.b	$ff
    618  3017					      repend
    619  3018		       ff		      .byte.b	$ff
    618  3018					      repend
    619  3019		       ff		      .byte.b	$ff
    618  3019					      repend
    619  301a		       ff		      .byte.b	$ff
    618  301a					      repend
    619  301b		       ff		      .byte.b	$ff
    618  301b					      repend
    619  301c		       ff		      .byte.b	$ff
    618  301c					      repend
    619  301d		       ff		      .byte.b	$ff
    618  301d					      repend
    619  301e		       ff		      .byte.b	$ff
    618  301e					      repend
    619  301f		       ff		      .byte.b	$ff
    618  301f					      repend
    619  3020		       ff		      .byte.b	$ff
    618  3020					      repend
    619  3021		       ff		      .byte.b	$ff
    618  3021					      repend
    619  3022		       ff		      .byte.b	$ff
    618  3022					      repend
    619  3023		       ff		      .byte.b	$ff
    618  3023					      repend
    619  3024		       ff		      .byte.b	$ff
    618  3024					      repend
    619  3025		       ff		      .byte.b	$ff
    618  3025					      repend
    619  3026		       ff		      .byte.b	$ff
    618  3026					      repend
    619  3027		       ff		      .byte.b	$ff
    618  3027					      repend
    619  3028		       ff		      .byte.b	$ff
    618  3028					      repend
    619  3029		       ff		      .byte.b	$ff
    618  3029					      repend
    619  302a		       ff		      .byte.b	$ff
    618  302a					      repend
    619  302b		       ff		      .byte.b	$ff
    618  302b					      repend
    619  302c		       ff		      .byte.b	$ff
    618  302c					      repend
    619  302d		       ff		      .byte.b	$ff
    618  302d					      repend
    619  302e		       ff		      .byte.b	$ff
    618  302e					      repend
    619  302f		       ff		      .byte.b	$ff
    618  302f					      repend
    619  3030		       ff		      .byte.b	$ff
    618  3030					      repend
    619  3031		       ff		      .byte.b	$ff
    618  3031					      repend
    619  3032		       ff		      .byte.b	$ff
    618  3032					      repend
    619  3033		       ff		      .byte.b	$ff
    618  3033					      repend
    619  3034		       ff		      .byte.b	$ff
    618  3034					      repend
    619  3035		       ff		      .byte.b	$ff
    618  3035					      repend
    619  3036		       ff		      .byte.b	$ff
    618  3036					      repend
    619  3037		       ff		      .byte.b	$ff
    618  3037					      repend
    619  3038		       ff		      .byte.b	$ff
    618  3038					      repend
    619  3039		       ff		      .byte.b	$ff
    618  3039					      repend
    619  303a		       ff		      .byte.b	$ff
    618  303a					      repend
    619  303b		       ff		      .byte.b	$ff
    618  303b					      repend
    619  303c		       ff		      .byte.b	$ff
    618  303c					      repend
    619  303d		       ff		      .byte.b	$ff
    618  303d					      repend
    619  303e		       ff		      .byte.b	$ff
    618  303e					      repend
    619  303f		       ff		      .byte.b	$ff
    618  303f					      repend
    619  3040		       ff		      .byte.b	$ff
    618  3040					      repend
    619  3041		       ff		      .byte.b	$ff
    618  3041					      repend
    619  3042		       ff		      .byte.b	$ff
    618  3042					      repend
    619  3043		       ff		      .byte.b	$ff
    618  3043					      repend
    619  3044		       ff		      .byte.b	$ff
    618  3044					      repend
    619  3045		       ff		      .byte.b	$ff
    618  3045					      repend
    619  3046		       ff		      .byte.b	$ff
    618  3046					      repend
    619  3047		       ff		      .byte.b	$ff
    618  3047					      repend
    619  3048		       ff		      .byte.b	$ff
    618  3048					      repend
    619  3049		       ff		      .byte.b	$ff
    618  3049					      repend
    619  304a		       ff		      .byte.b	$ff
    618  304a					      repend
    619  304b		       ff		      .byte.b	$ff
    618  304b					      repend
    619  304c		       ff		      .byte.b	$ff
    618  304c					      repend
    619  304d		       ff		      .byte.b	$ff
    618  304d					      repend
    619  304e		       ff		      .byte.b	$ff
    618  304e					      repend
    619  304f		       ff		      .byte.b	$ff
    618  304f					      repend
    619  3050		       ff		      .byte.b	$ff
    618  3050					      repend
    619  3051		       ff		      .byte.b	$ff
    618  3051					      repend
    619  3052		       ff		      .byte.b	$ff
    618  3052					      repend
    619  3053		       ff		      .byte.b	$ff
    618  3053					      repend
    619  3054		       ff		      .byte.b	$ff
    618  3054					      repend
    619  3055		       ff		      .byte.b	$ff
    618  3055					      repend
    619  3056		       ff		      .byte.b	$ff
    618  3056					      repend
    619  3057		       ff		      .byte.b	$ff
    618  3057					      repend
    619  3058		       ff		      .byte.b	$ff
    618  3058					      repend
    619  3059		       ff		      .byte.b	$ff
    618  3059					      repend
    619  305a		       ff		      .byte.b	$ff
    618  305a					      repend
    619  305b		       ff		      .byte.b	$ff
    618  305b					      repend
    619  305c		       ff		      .byte.b	$ff
    618  305c					      repend
    619  305d		       ff		      .byte.b	$ff
    618  305d					      repend
    619  305e		       ff		      .byte.b	$ff
    618  305e					      repend
    619  305f		       ff		      .byte.b	$ff
    618  305f					      repend
    619  3060		       ff		      .byte.b	$ff
    618  3060					      repend
    619  3061		       ff		      .byte.b	$ff
    618  3061					      repend
    619  3062		       ff		      .byte.b	$ff
    618  3062					      repend
    619  3063		       ff		      .byte.b	$ff
    618  3063					      repend
    619  3064		       ff		      .byte.b	$ff
    618  3064					      repend
    619  3065		       ff		      .byte.b	$ff
    618  3065					      repend
    619  3066		       ff		      .byte.b	$ff
    618  3066					      repend
    619  3067		       ff		      .byte.b	$ff
    618  3067					      repend
    619  3068		       ff		      .byte.b	$ff
    618  3068					      repend
    619  3069		       ff		      .byte.b	$ff
    618  3069					      repend
    619  306a		       ff		      .byte.b	$ff
    618  306a					      repend
    619  306b		       ff		      .byte.b	$ff
    618  306b					      repend
    619  306c		       ff		      .byte.b	$ff
    618  306c					      repend
    619  306d		       ff		      .byte.b	$ff
    618  306d					      repend
    619  306e		       ff		      .byte.b	$ff
    618  306e					      repend
    619  306f		       ff		      .byte.b	$ff
    618  306f					      repend
    619  3070		       ff		      .byte.b	$ff
    618  3070					      repend
    619  3071		       ff		      .byte.b	$ff
    618  3071					      repend
    619  3072		       ff		      .byte.b	$ff
    618  3072					      repend
    619  3073		       ff		      .byte.b	$ff
    618  3073					      repend
    619  3074		       ff		      .byte.b	$ff
    618  3074					      repend
    619  3075		       ff		      .byte.b	$ff
    618  3075					      repend
    619  3076		       ff		      .byte.b	$ff
    618  3076					      repend
    619  3077		       ff		      .byte.b	$ff
    618  3077					      repend
    619  3078		       ff		      .byte.b	$ff
    618  3078					      repend
    619  3079		       ff		      .byte.b	$ff
    618  3079					      repend
    619  307a		       ff		      .byte.b	$ff
    618  307a					      repend
    619  307b		       ff		      .byte.b	$ff
    618  307b					      repend
    619  307c		       ff		      .byte.b	$ff
    618  307c					      repend
    619  307d		       ff		      .byte.b	$ff
    618  307d					      repend
    619  307e		       ff		      .byte.b	$ff
    618  307e					      repend
    619  307f		       ff		      .byte.b	$ff
    618  307f					      repend
    619  3080		       ff		      .byte.b	$ff
    618  3080					      repend
    619  3081		       ff		      .byte.b	$ff
    618  3081					      repend
    619  3082		       ff		      .byte.b	$ff
    618  3082					      repend
    619  3083		       ff		      .byte.b	$ff
    618  3083					      repend
    619  3084		       ff		      .byte.b	$ff
    618  3084					      repend
    619  3085		       ff		      .byte.b	$ff
    618  3085					      repend
    619  3086		       ff		      .byte.b	$ff
    618  3086					      repend
    619  3087		       ff		      .byte.b	$ff
    618  3087					      repend
    619  3088		       ff		      .byte.b	$ff
    618  3088					      repend
    619  3089		       ff		      .byte.b	$ff
    618  3089					      repend
    619  308a		       ff		      .byte.b	$ff
    618  308a					      repend
    619  308b		       ff		      .byte.b	$ff
    618  308b					      repend
    619  308c		       ff		      .byte.b	$ff
    618  308c					      repend
    619  308d		       ff		      .byte.b	$ff
    618  308d					      repend
    619  308e		       ff		      .byte.b	$ff
    618  308e					      repend
    619  308f		       ff		      .byte.b	$ff
    618  308f					      repend
    619  3090		       ff		      .byte.b	$ff
    618  3090					      repend
    619  3091		       ff		      .byte.b	$ff
    618  3091					      repend
    619  3092		       ff		      .byte.b	$ff
    618  3092					      repend
    619  3093		       ff		      .byte.b	$ff
    618  3093					      repend
    619  3094		       ff		      .byte.b	$ff
    618  3094					      repend
    619  3095		       ff		      .byte.b	$ff
    618  3095					      repend
    619  3096		       ff		      .byte.b	$ff
    618  3096					      repend
    619  3097		       ff		      .byte.b	$ff
    618  3097					      repend
    619  3098		       ff		      .byte.b	$ff
    618  3098					      repend
    619  3099		       ff		      .byte.b	$ff
    618  3099					      repend
    619  309a		       ff		      .byte.b	$ff
    618  309a					      repend
    619  309b		       ff		      .byte.b	$ff
    618  309b					      repend
    619  309c		       ff		      .byte.b	$ff
    618  309c					      repend
    619  309d		       ff		      .byte.b	$ff
    618  309d					      repend
    619  309e		       ff		      .byte.b	$ff
    618  309e					      repend
    619  309f		       ff		      .byte.b	$ff
    618  309f					      repend
    619  30a0		       ff		      .byte.b	$ff
    618  30a0					      repend
    619  30a1		       ff		      .byte.b	$ff
    618  30a1					      repend
    619  30a2		       ff		      .byte.b	$ff
    618  30a2					      repend
    619  30a3		       ff		      .byte.b	$ff
    618  30a3					      repend
    619  30a4		       ff		      .byte.b	$ff
    618  30a4					      repend
    619  30a5		       ff		      .byte.b	$ff
    618  30a5					      repend
    619  30a6		       ff		      .byte.b	$ff
    618  30a6					      repend
    619  30a7		       ff		      .byte.b	$ff
    618  30a7					      repend
    619  30a8		       ff		      .byte.b	$ff
    618  30a8					      repend
    619  30a9		       ff		      .byte.b	$ff
    618  30a9					      repend
    619  30aa		       ff		      .byte.b	$ff
    618  30aa					      repend
    619  30ab		       ff		      .byte.b	$ff
    618  30ab					      repend
    619  30ac		       ff		      .byte.b	$ff
    618  30ac					      repend
    619  30ad		       ff		      .byte.b	$ff
    618  30ad					      repend
    619  30ae		       ff		      .byte.b	$ff
    618  30ae					      repend
    619  30af		       ff		      .byte.b	$ff
    618  30af					      repend
    619  30b0		       ff		      .byte.b	$ff
    618  30b0					      repend
    619  30b1		       ff		      .byte.b	$ff
    618  30b1					      repend
    619  30b2		       ff		      .byte.b	$ff
    618  30b2					      repend
    619  30b3		       ff		      .byte.b	$ff
    618  30b3					      repend
    619  30b4		       ff		      .byte.b	$ff
    618  30b4					      repend
    619  30b5		       ff		      .byte.b	$ff
    618  30b5					      repend
    619  30b6		       ff		      .byte.b	$ff
    618  30b6					      repend
    619  30b7		       ff		      .byte.b	$ff
    618  30b7					      repend
    619  30b8		       ff		      .byte.b	$ff
    618  30b8					      repend
    619  30b9		       ff		      .byte.b	$ff
    618  30b9					      repend
    619  30ba		       ff		      .byte.b	$ff
    618  30ba					      repend
    619  30bb		       ff		      .byte.b	$ff
    618  30bb					      repend
    619  30bc		       ff		      .byte.b	$ff
    618  30bc					      repend
    619  30bd		       ff		      .byte.b	$ff
    618  30bd					      repend
    619  30be		       ff		      .byte.b	$ff
    618  30be					      repend
    619  30bf		       ff		      .byte.b	$ff
    618  30bf					      repend
    619  30c0		       ff		      .byte.b	$ff
    618  30c0					      repend
    619  30c1		       ff		      .byte.b	$ff
    618  30c1					      repend
    619  30c2		       ff		      .byte.b	$ff
    618  30c2					      repend
    619  30c3		       ff		      .byte.b	$ff
    618  30c3					      repend
    619  30c4		       ff		      .byte.b	$ff
    618  30c4					      repend
    619  30c5		       ff		      .byte.b	$ff
    618  30c5					      repend
    619  30c6		       ff		      .byte.b	$ff
    618  30c6					      repend
    619  30c7		       ff		      .byte.b	$ff
    618  30c7					      repend
    619  30c8		       ff		      .byte.b	$ff
    618  30c8					      repend
    619  30c9		       ff		      .byte.b	$ff
    618  30c9					      repend
    619  30ca		       ff		      .byte.b	$ff
    618  30ca					      repend
    619  30cb		       ff		      .byte.b	$ff
    618  30cb					      repend
    619  30cc		       ff		      .byte.b	$ff
    618  30cc					      repend
    619  30cd		       ff		      .byte.b	$ff
    618  30cd					      repend
    619  30ce		       ff		      .byte.b	$ff
    618  30ce					      repend
    619  30cf		       ff		      .byte.b	$ff
    618  30cf					      repend
    619  30d0		       ff		      .byte.b	$ff
    618  30d0					      repend
    619  30d1		       ff		      .byte.b	$ff
    618  30d1					      repend
    619  30d2		       ff		      .byte.b	$ff
    618  30d2					      repend
    619  30d3		       ff		      .byte.b	$ff
    618  30d3					      repend
    619  30d4		       ff		      .byte.b	$ff
    618  30d4					      repend
    619  30d5		       ff		      .byte.b	$ff
    618  30d5					      repend
    619  30d6		       ff		      .byte.b	$ff
    618  30d6					      repend
    619  30d7		       ff		      .byte.b	$ff
    618  30d7					      repend
    619  30d8		       ff		      .byte.b	$ff
    618  30d8					      repend
    619  30d9		       ff		      .byte.b	$ff
    618  30d9					      repend
    619  30da		       ff		      .byte.b	$ff
    618  30da					      repend
    619  30db		       ff		      .byte.b	$ff
    618  30db					      repend
    619  30dc		       ff		      .byte.b	$ff
    618  30dc					      repend
    619  30dd		       ff		      .byte.b	$ff
    618  30dd					      repend
    619  30de		       ff		      .byte.b	$ff
    618  30de					      repend
    619  30df		       ff		      .byte.b	$ff
    618  30df					      repend
    619  30e0		       ff		      .byte.b	$ff
    618  30e0					      repend
    619  30e1		       ff		      .byte.b	$ff
    618  30e1					      repend
    619  30e2		       ff		      .byte.b	$ff
    618  30e2					      repend
    619  30e3		       ff		      .byte.b	$ff
    618  30e3					      repend
    619  30e4		       ff		      .byte.b	$ff
    618  30e4					      repend
    619  30e5		       ff		      .byte.b	$ff
    618  30e5					      repend
    619  30e6		       ff		      .byte.b	$ff
    618  30e6					      repend
    619  30e7		       ff		      .byte.b	$ff
    618  30e7					      repend
    619  30e8		       ff		      .byte.b	$ff
    618  30e8					      repend
    619  30e9		       ff		      .byte.b	$ff
    618  30e9					      repend
    619  30ea		       ff		      .byte.b	$ff
    618  30ea					      repend
    619  30eb		       ff		      .byte.b	$ff
    618  30eb					      repend
    619  30ec		       ff		      .byte.b	$ff
    618  30ec					      repend
    619  30ed		       ff		      .byte.b	$ff
    618  30ed					      repend
    619  30ee		       ff		      .byte.b	$ff
    618  30ee					      repend
    619  30ef		       ff		      .byte.b	$ff
    618  30ef					      repend
    619  30f0		       ff		      .byte.b	$ff
    618  30f0					      repend
    619  30f1		       ff		      .byte.b	$ff
    618  30f1					      repend
    619  30f2		       ff		      .byte.b	$ff
    618  30f2					      repend
    619  30f3		       ff		      .byte.b	$ff
    618  30f3					      repend
    619  30f4		       ff		      .byte.b	$ff
    618  30f4					      repend
    619  30f5		       ff		      .byte.b	$ff
    618  30f5					      repend
    619  30f6		       ff		      .byte.b	$ff
    618  30f6					      repend
    619  30f7		       ff		      .byte.b	$ff
    618  30f7					      repend
    619  30f8		       ff		      .byte.b	$ff
    618  30f8					      repend
    619  30f9		       ff		      .byte.b	$ff
    618  30f9					      repend
    619  30fa		       ff		      .byte.b	$ff
    618  30fa					      repend
    619  30fb		       ff		      .byte.b	$ff
    618  30fb					      repend
    619  30fc		       ff		      .byte.b	$ff
    618  30fc					      repend
    619  30fd		       ff		      .byte.b	$ff
    618  30fd					      repend
    619  30fe		       ff		      .byte.b	$ff
    618  30fe					      repend
    619  30ff		       ff		      .byte.b	$ff
    620  3100					      repend
    621  3100					      if	ECHO3
      3796 bytes of ROM space left in bank 3
    622  3100					      echo	"    ",[(start_bank3 - *)]d , "bytes of ROM space left in bank 3")
    623  3100					      endif
    624  3100		       00 01	   ECHO3      =	1
    625  3fd4					      ORG	$3FF4-bscode_length
    626  3fd4					      RORG	$DFF4-bscode_length
    627  3fd4		       a2 ff	   start_bank3 ldx	#$ff
    628  3fd6				  -	      ifconst	FASTFETCH	; using DPC+
    629  3fd6				  -	      stx	FASTFETCH
    630  3fd6					      endif
    631  3fd6		       9a		      txs
    632  3fd7				  -	      if	bankswitch == 64
    633  3fd7				  -	      lda	#(((>(start-1)) & $0F) | $F0)
    634  3fd7					      else
    635  3fd7		       a9 f3		      lda	#>(start-1)
    636  3fd9					      endif
    637  3fd9		       48		      pha
    638  3fda		       a9 cc		      lda	#<(start-1)
    639  3fdc		       48		      pha
    640  3fdd		       48		      pha
    641  3fde		       8a		      txa
    642  3fdf		       48		      pha
    643  3fe0		       ba		      tsx
    644  3fe1					      if	bankswitch != 64
    645  3fe1		       b5 04		      lda	4,x	; get high byte of return address
    646  3fe3		       2a		      rol
    647  3fe4		       2a		      rol
    648  3fe5		       2a		      rol
    649  3fe6		       2a		      rol
    650  3fe7		       29 03		      and	#bs_mask	;1 3 or 7 for F8/F6/F4
    651  3fe9		       aa		      tax
    652  3fea		       e8		      inx
    653  3feb				  -	      else
    654  3feb				  -	      lda	4,x	; get high byte of return address
    655  3feb				  -	      tay
    656  3feb				  -	      ora	#$10	; change our bank nibble into a valid rom mirror
    657  3feb				  -	      sta	4,x
    658  3feb				  -	      tya
    659  3feb				  -	      lsr
    660  3feb				  -	      lsr
    661  3feb				  -	      lsr
    662  3feb				  -	      lsr
    663  3feb				  -	      tax
    664  3feb				  -	      inx
    665  3feb					      endif
    666  3feb		       bd f5 1f 	      lda	bankswitch_hotspot-1,x
    667  3fee		       68		      pla
    668  3fef		       aa		      tax
    669  3ff0		       68		      pla
    670  3ff1		       60		      rts
    671  3ff2				  -	      if	((* & $1FFF) > ((bankswitch_hotspot & $1FFF) - 1))
    672  3ff2				  -	      echo	"WARNING: size parameter in banksw.asm too small - the program probably will not work."
    673  3ff2				  -	      echo	"Change to",[(*-begin_bscode+1)&$FF]d,"and try again."
    674  3ff2					      endif
    675  3ffc					      ORG	$3FFC
    676  3ffc					      RORG	$DFFC
    677  3ffc		       d4 df		      .word.w	(start_bank3 & $ffff)
    678  3ffe		       d4 df		      .word.w	(start_bank3 & $ffff)
    679  4000					      ORG	$4000
    680  4000					      RORG	$F000
    681  4000					      repeat	256
    682  4000		       ff		      .byte.b	$ff
    681  4000					      repend
    682  4001		       ff		      .byte.b	$ff
    681  4001					      repend
    682  4002		       ff		      .byte.b	$ff
    681  4002					      repend
    682  4003		       ff		      .byte.b	$ff
    681  4003					      repend
    682  4004		       ff		      .byte.b	$ff
    681  4004					      repend
    682  4005		       ff		      .byte.b	$ff
    681  4005					      repend
    682  4006		       ff		      .byte.b	$ff
    681  4006					      repend
    682  4007		       ff		      .byte.b	$ff
    681  4007					      repend
    682  4008		       ff		      .byte.b	$ff
    681  4008					      repend
    682  4009		       ff		      .byte.b	$ff
    681  4009					      repend
    682  400a		       ff		      .byte.b	$ff
    681  400a					      repend
    682  400b		       ff		      .byte.b	$ff
    681  400b					      repend
    682  400c		       ff		      .byte.b	$ff
    681  400c					      repend
    682  400d		       ff		      .byte.b	$ff
    681  400d					      repend
    682  400e		       ff		      .byte.b	$ff
    681  400e					      repend
    682  400f		       ff		      .byte.b	$ff
    681  400f					      repend
    682  4010		       ff		      .byte.b	$ff
    681  4010					      repend
    682  4011		       ff		      .byte.b	$ff
    681  4011					      repend
    682  4012		       ff		      .byte.b	$ff
    681  4012					      repend
    682  4013		       ff		      .byte.b	$ff
    681  4013					      repend
    682  4014		       ff		      .byte.b	$ff
    681  4014					      repend
    682  4015		       ff		      .byte.b	$ff
    681  4015					      repend
    682  4016		       ff		      .byte.b	$ff
    681  4016					      repend
    682  4017		       ff		      .byte.b	$ff
    681  4017					      repend
    682  4018		       ff		      .byte.b	$ff
    681  4018					      repend
    682  4019		       ff		      .byte.b	$ff
    681  4019					      repend
    682  401a		       ff		      .byte.b	$ff
    681  401a					      repend
    682  401b		       ff		      .byte.b	$ff
    681  401b					      repend
    682  401c		       ff		      .byte.b	$ff
    681  401c					      repend
    682  401d		       ff		      .byte.b	$ff
    681  401d					      repend
    682  401e		       ff		      .byte.b	$ff
    681  401e					      repend
    682  401f		       ff		      .byte.b	$ff
    681  401f					      repend
    682  4020		       ff		      .byte.b	$ff
    681  4020					      repend
    682  4021		       ff		      .byte.b	$ff
    681  4021					      repend
    682  4022		       ff		      .byte.b	$ff
    681  4022					      repend
    682  4023		       ff		      .byte.b	$ff
    681  4023					      repend
    682  4024		       ff		      .byte.b	$ff
    681  4024					      repend
    682  4025		       ff		      .byte.b	$ff
    681  4025					      repend
    682  4026		       ff		      .byte.b	$ff
    681  4026					      repend
    682  4027		       ff		      .byte.b	$ff
    681  4027					      repend
    682  4028		       ff		      .byte.b	$ff
    681  4028					      repend
    682  4029		       ff		      .byte.b	$ff
    681  4029					      repend
    682  402a		       ff		      .byte.b	$ff
    681  402a					      repend
    682  402b		       ff		      .byte.b	$ff
    681  402b					      repend
    682  402c		       ff		      .byte.b	$ff
    681  402c					      repend
    682  402d		       ff		      .byte.b	$ff
    681  402d					      repend
    682  402e		       ff		      .byte.b	$ff
    681  402e					      repend
    682  402f		       ff		      .byte.b	$ff
    681  402f					      repend
    682  4030		       ff		      .byte.b	$ff
    681  4030					      repend
    682  4031		       ff		      .byte.b	$ff
    681  4031					      repend
    682  4032		       ff		      .byte.b	$ff
    681  4032					      repend
    682  4033		       ff		      .byte.b	$ff
    681  4033					      repend
    682  4034		       ff		      .byte.b	$ff
    681  4034					      repend
    682  4035		       ff		      .byte.b	$ff
    681  4035					      repend
    682  4036		       ff		      .byte.b	$ff
    681  4036					      repend
    682  4037		       ff		      .byte.b	$ff
    681  4037					      repend
    682  4038		       ff		      .byte.b	$ff
    681  4038					      repend
    682  4039		       ff		      .byte.b	$ff
    681  4039					      repend
    682  403a		       ff		      .byte.b	$ff
    681  403a					      repend
    682  403b		       ff		      .byte.b	$ff
    681  403b					      repend
    682  403c		       ff		      .byte.b	$ff
    681  403c					      repend
    682  403d		       ff		      .byte.b	$ff
    681  403d					      repend
    682  403e		       ff		      .byte.b	$ff
    681  403e					      repend
    682  403f		       ff		      .byte.b	$ff
    681  403f					      repend
    682  4040		       ff		      .byte.b	$ff
    681  4040					      repend
    682  4041		       ff		      .byte.b	$ff
    681  4041					      repend
    682  4042		       ff		      .byte.b	$ff
    681  4042					      repend
    682  4043		       ff		      .byte.b	$ff
    681  4043					      repend
    682  4044		       ff		      .byte.b	$ff
    681  4044					      repend
    682  4045		       ff		      .byte.b	$ff
    681  4045					      repend
    682  4046		       ff		      .byte.b	$ff
    681  4046					      repend
    682  4047		       ff		      .byte.b	$ff
    681  4047					      repend
    682  4048		       ff		      .byte.b	$ff
    681  4048					      repend
    682  4049		       ff		      .byte.b	$ff
    681  4049					      repend
    682  404a		       ff		      .byte.b	$ff
    681  404a					      repend
    682  404b		       ff		      .byte.b	$ff
    681  404b					      repend
    682  404c		       ff		      .byte.b	$ff
    681  404c					      repend
    682  404d		       ff		      .byte.b	$ff
    681  404d					      repend
    682  404e		       ff		      .byte.b	$ff
    681  404e					      repend
    682  404f		       ff		      .byte.b	$ff
    681  404f					      repend
    682  4050		       ff		      .byte.b	$ff
    681  4050					      repend
    682  4051		       ff		      .byte.b	$ff
    681  4051					      repend
    682  4052		       ff		      .byte.b	$ff
    681  4052					      repend
    682  4053		       ff		      .byte.b	$ff
    681  4053					      repend
    682  4054		       ff		      .byte.b	$ff
    681  4054					      repend
    682  4055		       ff		      .byte.b	$ff
    681  4055					      repend
    682  4056		       ff		      .byte.b	$ff
    681  4056					      repend
    682  4057		       ff		      .byte.b	$ff
    681  4057					      repend
    682  4058		       ff		      .byte.b	$ff
    681  4058					      repend
    682  4059		       ff		      .byte.b	$ff
    681  4059					      repend
    682  405a		       ff		      .byte.b	$ff
    681  405a					      repend
    682  405b		       ff		      .byte.b	$ff
    681  405b					      repend
    682  405c		       ff		      .byte.b	$ff
    681  405c					      repend
    682  405d		       ff		      .byte.b	$ff
    681  405d					      repend
    682  405e		       ff		      .byte.b	$ff
    681  405e					      repend
    682  405f		       ff		      .byte.b	$ff
    681  405f					      repend
    682  4060		       ff		      .byte.b	$ff
    681  4060					      repend
    682  4061		       ff		      .byte.b	$ff
    681  4061					      repend
    682  4062		       ff		      .byte.b	$ff
    681  4062					      repend
    682  4063		       ff		      .byte.b	$ff
    681  4063					      repend
    682  4064		       ff		      .byte.b	$ff
    681  4064					      repend
    682  4065		       ff		      .byte.b	$ff
    681  4065					      repend
    682  4066		       ff		      .byte.b	$ff
    681  4066					      repend
    682  4067		       ff		      .byte.b	$ff
    681  4067					      repend
    682  4068		       ff		      .byte.b	$ff
    681  4068					      repend
    682  4069		       ff		      .byte.b	$ff
    681  4069					      repend
    682  406a		       ff		      .byte.b	$ff
    681  406a					      repend
    682  406b		       ff		      .byte.b	$ff
    681  406b					      repend
    682  406c		       ff		      .byte.b	$ff
    681  406c					      repend
    682  406d		       ff		      .byte.b	$ff
    681  406d					      repend
    682  406e		       ff		      .byte.b	$ff
    681  406e					      repend
    682  406f		       ff		      .byte.b	$ff
    681  406f					      repend
    682  4070		       ff		      .byte.b	$ff
    681  4070					      repend
    682  4071		       ff		      .byte.b	$ff
    681  4071					      repend
    682  4072		       ff		      .byte.b	$ff
    681  4072					      repend
    682  4073		       ff		      .byte.b	$ff
    681  4073					      repend
    682  4074		       ff		      .byte.b	$ff
    681  4074					      repend
    682  4075		       ff		      .byte.b	$ff
    681  4075					      repend
    682  4076		       ff		      .byte.b	$ff
    681  4076					      repend
    682  4077		       ff		      .byte.b	$ff
    681  4077					      repend
    682  4078		       ff		      .byte.b	$ff
    681  4078					      repend
    682  4079		       ff		      .byte.b	$ff
    681  4079					      repend
    682  407a		       ff		      .byte.b	$ff
    681  407a					      repend
    682  407b		       ff		      .byte.b	$ff
    681  407b					      repend
    682  407c		       ff		      .byte.b	$ff
    681  407c					      repend
    682  407d		       ff		      .byte.b	$ff
    681  407d					      repend
    682  407e		       ff		      .byte.b	$ff
    681  407e					      repend
    682  407f		       ff		      .byte.b	$ff
    681  407f					      repend
    682  4080		       ff		      .byte.b	$ff
    681  4080					      repend
    682  4081		       ff		      .byte.b	$ff
    681  4081					      repend
    682  4082		       ff		      .byte.b	$ff
    681  4082					      repend
    682  4083		       ff		      .byte.b	$ff
    681  4083					      repend
    682  4084		       ff		      .byte.b	$ff
    681  4084					      repend
    682  4085		       ff		      .byte.b	$ff
    681  4085					      repend
    682  4086		       ff		      .byte.b	$ff
    681  4086					      repend
    682  4087		       ff		      .byte.b	$ff
    681  4087					      repend
    682  4088		       ff		      .byte.b	$ff
    681  4088					      repend
    682  4089		       ff		      .byte.b	$ff
    681  4089					      repend
    682  408a		       ff		      .byte.b	$ff
    681  408a					      repend
    682  408b		       ff		      .byte.b	$ff
    681  408b					      repend
    682  408c		       ff		      .byte.b	$ff
    681  408c					      repend
    682  408d		       ff		      .byte.b	$ff
    681  408d					      repend
    682  408e		       ff		      .byte.b	$ff
    681  408e					      repend
    682  408f		       ff		      .byte.b	$ff
    681  408f					      repend
    682  4090		       ff		      .byte.b	$ff
    681  4090					      repend
    682  4091		       ff		      .byte.b	$ff
    681  4091					      repend
    682  4092		       ff		      .byte.b	$ff
    681  4092					      repend
    682  4093		       ff		      .byte.b	$ff
    681  4093					      repend
    682  4094		       ff		      .byte.b	$ff
    681  4094					      repend
    682  4095		       ff		      .byte.b	$ff
    681  4095					      repend
    682  4096		       ff		      .byte.b	$ff
    681  4096					      repend
    682  4097		       ff		      .byte.b	$ff
    681  4097					      repend
    682  4098		       ff		      .byte.b	$ff
    681  4098					      repend
    682  4099		       ff		      .byte.b	$ff
    681  4099					      repend
    682  409a		       ff		      .byte.b	$ff
    681  409a					      repend
    682  409b		       ff		      .byte.b	$ff
    681  409b					      repend
    682  409c		       ff		      .byte.b	$ff
    681  409c					      repend
    682  409d		       ff		      .byte.b	$ff
    681  409d					      repend
    682  409e		       ff		      .byte.b	$ff
    681  409e					      repend
    682  409f		       ff		      .byte.b	$ff
    681  409f					      repend
    682  40a0		       ff		      .byte.b	$ff
    681  40a0					      repend
    682  40a1		       ff		      .byte.b	$ff
    681  40a1					      repend
    682  40a2		       ff		      .byte.b	$ff
    681  40a2					      repend
    682  40a3		       ff		      .byte.b	$ff
    681  40a3					      repend
    682  40a4		       ff		      .byte.b	$ff
    681  40a4					      repend
    682  40a5		       ff		      .byte.b	$ff
    681  40a5					      repend
    682  40a6		       ff		      .byte.b	$ff
    681  40a6					      repend
    682  40a7		       ff		      .byte.b	$ff
    681  40a7					      repend
    682  40a8		       ff		      .byte.b	$ff
    681  40a8					      repend
    682  40a9		       ff		      .byte.b	$ff
    681  40a9					      repend
    682  40aa		       ff		      .byte.b	$ff
    681  40aa					      repend
    682  40ab		       ff		      .byte.b	$ff
    681  40ab					      repend
    682  40ac		       ff		      .byte.b	$ff
    681  40ac					      repend
    682  40ad		       ff		      .byte.b	$ff
    681  40ad					      repend
    682  40ae		       ff		      .byte.b	$ff
    681  40ae					      repend
    682  40af		       ff		      .byte.b	$ff
    681  40af					      repend
    682  40b0		       ff		      .byte.b	$ff
    681  40b0					      repend
    682  40b1		       ff		      .byte.b	$ff
    681  40b1					      repend
    682  40b2		       ff		      .byte.b	$ff
    681  40b2					      repend
    682  40b3		       ff		      .byte.b	$ff
    681  40b3					      repend
    682  40b4		       ff		      .byte.b	$ff
    681  40b4					      repend
    682  40b5		       ff		      .byte.b	$ff
    681  40b5					      repend
    682  40b6		       ff		      .byte.b	$ff
    681  40b6					      repend
    682  40b7		       ff		      .byte.b	$ff
    681  40b7					      repend
    682  40b8		       ff		      .byte.b	$ff
    681  40b8					      repend
    682  40b9		       ff		      .byte.b	$ff
    681  40b9					      repend
    682  40ba		       ff		      .byte.b	$ff
    681  40ba					      repend
    682  40bb		       ff		      .byte.b	$ff
    681  40bb					      repend
    682  40bc		       ff		      .byte.b	$ff
    681  40bc					      repend
    682  40bd		       ff		      .byte.b	$ff
    681  40bd					      repend
    682  40be		       ff		      .byte.b	$ff
    681  40be					      repend
    682  40bf		       ff		      .byte.b	$ff
    681  40bf					      repend
    682  40c0		       ff		      .byte.b	$ff
    681  40c0					      repend
    682  40c1		       ff		      .byte.b	$ff
    681  40c1					      repend
    682  40c2		       ff		      .byte.b	$ff
    681  40c2					      repend
    682  40c3		       ff		      .byte.b	$ff
    681  40c3					      repend
    682  40c4		       ff		      .byte.b	$ff
    681  40c4					      repend
    682  40c5		       ff		      .byte.b	$ff
    681  40c5					      repend
    682  40c6		       ff		      .byte.b	$ff
    681  40c6					      repend
    682  40c7		       ff		      .byte.b	$ff
    681  40c7					      repend
    682  40c8		       ff		      .byte.b	$ff
    681  40c8					      repend
    682  40c9		       ff		      .byte.b	$ff
    681  40c9					      repend
    682  40ca		       ff		      .byte.b	$ff
    681  40ca					      repend
    682  40cb		       ff		      .byte.b	$ff
    681  40cb					      repend
    682  40cc		       ff		      .byte.b	$ff
    681  40cc					      repend
    682  40cd		       ff		      .byte.b	$ff
    681  40cd					      repend
    682  40ce		       ff		      .byte.b	$ff
    681  40ce					      repend
    682  40cf		       ff		      .byte.b	$ff
    681  40cf					      repend
    682  40d0		       ff		      .byte.b	$ff
    681  40d0					      repend
    682  40d1		       ff		      .byte.b	$ff
    681  40d1					      repend
    682  40d2		       ff		      .byte.b	$ff
    681  40d2					      repend
    682  40d3		       ff		      .byte.b	$ff
    681  40d3					      repend
    682  40d4		       ff		      .byte.b	$ff
    681  40d4					      repend
    682  40d5		       ff		      .byte.b	$ff
    681  40d5					      repend
    682  40d6		       ff		      .byte.b	$ff
    681  40d6					      repend
    682  40d7		       ff		      .byte.b	$ff
    681  40d7					      repend
    682  40d8		       ff		      .byte.b	$ff
    681  40d8					      repend
    682  40d9		       ff		      .byte.b	$ff
    681  40d9					      repend
    682  40da		       ff		      .byte.b	$ff
    681  40da					      repend
    682  40db		       ff		      .byte.b	$ff
    681  40db					      repend
    682  40dc		       ff		      .byte.b	$ff
    681  40dc					      repend
    682  40dd		       ff		      .byte.b	$ff
    681  40dd					      repend
    682  40de		       ff		      .byte.b	$ff
    681  40de					      repend
    682  40df		       ff		      .byte.b	$ff
    681  40df					      repend
    682  40e0		       ff		      .byte.b	$ff
    681  40e0					      repend
    682  40e1		       ff		      .byte.b	$ff
    681  40e1					      repend
    682  40e2		       ff		      .byte.b	$ff
    681  40e2					      repend
    682  40e3		       ff		      .byte.b	$ff
    681  40e3					      repend
    682  40e4		       ff		      .byte.b	$ff
    681  40e4					      repend
    682  40e5		       ff		      .byte.b	$ff
    681  40e5					      repend
    682  40e6		       ff		      .byte.b	$ff
    681  40e6					      repend
    682  40e7		       ff		      .byte.b	$ff
    681  40e7					      repend
    682  40e8		       ff		      .byte.b	$ff
    681  40e8					      repend
    682  40e9		       ff		      .byte.b	$ff
    681  40e9					      repend
    682  40ea		       ff		      .byte.b	$ff
    681  40ea					      repend
    682  40eb		       ff		      .byte.b	$ff
    681  40eb					      repend
    682  40ec		       ff		      .byte.b	$ff
    681  40ec					      repend
    682  40ed		       ff		      .byte.b	$ff
    681  40ed					      repend
    682  40ee		       ff		      .byte.b	$ff
    681  40ee					      repend
    682  40ef		       ff		      .byte.b	$ff
    681  40ef					      repend
    682  40f0		       ff		      .byte.b	$ff
    681  40f0					      repend
    682  40f1		       ff		      .byte.b	$ff
    681  40f1					      repend
    682  40f2		       ff		      .byte.b	$ff
    681  40f2					      repend
    682  40f3		       ff		      .byte.b	$ff
    681  40f3					      repend
    682  40f4		       ff		      .byte.b	$ff
    681  40f4					      repend
    682  40f5		       ff		      .byte.b	$ff
    681  40f5					      repend
    682  40f6		       ff		      .byte.b	$ff
    681  40f6					      repend
    682  40f7		       ff		      .byte.b	$ff
    681  40f7					      repend
    682  40f8		       ff		      .byte.b	$ff
    681  40f8					      repend
    682  40f9		       ff		      .byte.b	$ff
    681  40f9					      repend
    682  40fa		       ff		      .byte.b	$ff
    681  40fa					      repend
    682  40fb		       ff		      .byte.b	$ff
    681  40fb					      repend
    682  40fc		       ff		      .byte.b	$ff
    681  40fc					      repend
    682  40fd		       ff		      .byte.b	$ff
    681  40fd					      repend
    682  40fe		       ff		      .byte.b	$ff
    681  40fe					      repend
    682  40ff		       ff		      .byte.b	$ff
    683  4100					      repend
    684  4100							; Provided under the CC0 license. See the included LICENSE.txt for details.
    685  4100							; Split Screen Kernel (Modified from original std_kernel.asm in bB 1.9)
    686  4100							; Steve Engelhardt
    687  4100							; 10/8/2026
    688  4100
    689  4100					      ifnconst	vertical_reflect
    690  4100				   kernel
    691  4100					      endif
    692  4100		       85 02		      sta	WSYNC
    693  4102		       a9 ff		      lda	#255
    694  4104		       8d 96 02 	      sta	TIM64T
    695  4107
    696  4107		       a9 01		      lda	#1
    697  4109		       85 27		      sta	VDELBL
    698  410b		       85 25		      sta	VDELP0
    699  410d		       a6 92		      ldx	ballheight
    700  410f		       e8		      inx
    701  4110		       e8		      inx
    702  4111		       86 9f		      stx	temp4
    703  4113		       a5 86		      lda	player1y
    704  4115		       85 9e		      sta	temp3
    705  4117
    706  4117				  -	      ifconst	shakescreen
    707  4117				  -	      jsr	doshakescreen
    708  4117					      else
    709  4117		       a6 90		      ldx	missile0height
    710  4119		       e8		      inx
    711  411a					      endif
    712  411a
    713  411a		       e8		      inx
    714  411b		       86 f6		      stx	stack1
    715  411d
    716  411d		       a5 89		      lda	bally
    717  411f		       85 f7		      sta	stack2
    718  4121
    719  4121		       a5 85		      lda	player0y
    720  4123		       a2 00		      ldx	#0
    721  4125		       85 02		      sta	WSYNC
    722  4127		       86 1b		      stx	GRP0
    723  4129		       86 1c		      stx	GRP1
    724  412b		       86 0e		      stx	PF1L
    725  412d		       86 0f		      stx	PF2
    726  412f		       86 2c		      stx	CXCLR
    727  4131				  -	      ifconst	readpaddle
    728  4131				  -	      stx	paddle
    729  4131					      else
      0  4131					      sleep	3
      1  4131				   .CYCLES    SET	3
      2  4131
      3  4131				  -	      IF	.CYCLES < 2
      4  4131				  -	      ECHO	"MACRO ERROR: 'SLEEP': Duration must be > 1"
      5  4131				  -	      ERR
      6  4131					      ENDIF
      7  4131
      8  4131					      IF	.CYCLES & 1
      9  4131					      IFNCONST	NO_ILLEGAL_OPCODES
     10  4131		       04 00		      nop	0
     11  4133				  -	      ELSE
     12  4133				  -	      bit	VSYNC
     13  4133					      ENDIF
     14  4133				   .CYCLES    SET	.CYCLES - 3
     15  4133					      ENDIF
     16  4133
     17  4133				  -	      REPEAT	.CYCLES / 2
     18  4133				  -	      nop
     19  4133					      REPEND
    731  4133					      endif
    732  4133
    733  4133		       95 9d		      sta	temp2,x
    734  4135
    735  4135				  -	      ifnconst	pfres
    736  4135				  -	      ldx	#128-44+(4-pfwidth)*12
    737  4135					      else
    738  4135		       a2 04		      ldx	#132-pfres*pfwidth
    739  4137					      endif
    740  4137
    741  4137		       c6 85		      dec	player0y
    742  4139
    743  4139		       a5 91		      lda	missile0y
    744  413b		       85 a0		      sta	temp5
    745  413d		       a5 88		      lda	missile1y
    746  413f		       85 a1		      sta	temp6
    747  4141
    748  4141		       a5 ef		      lda	playfieldpos
    749  4143		       85 9c		      sta	temp1
    750  4145
    751  4145				  -	      ifconst	pfrowheight
    752  4145				  -	      lda	#pfrowheight+2
    753  4145					      else
    754  4145				  -	      ifnconst	pfres
    755  4145				  -	      lda	#10
    756  4145					      else
    757  4145		       a9 05		      lda	#(96/pfres)+2
    758  4147					      endif
    759  4147					      endif
    760  4147		       18		      clc
    761  4148		       e5 ef		      sbc	playfieldpos
    762  414a		       85 ef		      sta	playfieldpos
    763  414c		       4c 78 f1 	      jmp	.startkernel
    764  414f
    765  414f				   .skipDrawP0
    766  414f		       a9 00		      lda	#0
    767  4151		       a8		      tay
    768  4152		       4c aa f1 	      jmp	.continueP0
    769  4155
    770  4155				   .skipDrawP1
    771  4155		       a9 00		      lda	#0
    772  4157		       a8		      tay
    773  4158		       4c 82 f1 	      jmp	.continueP1
    774  415b
    775  415b				   .kerloop
    776  415b
    777  415b				   continuekernel
      0  415b					      sleep	2
      1  415b				   .CYCLES    SET	2
      2  415b
      3  415b				  -	      IF	.CYCLES < 2
      4  415b				  -	      ECHO	"MACRO ERROR: 'SLEEP': Duration must be > 1"
      5  415b				  -	      ERR
      6  415b					      ENDIF
      7  415b
      8  415b				  -	      IF	.CYCLES & 1
      9  415b				  -	      IFNCONST	NO_ILLEGAL_OPCODES
     10  415b				  -	      nop	0
     11  415b				  -	      ELSE
     12  415b				  -	      bit	VSYNC
     13  415b				  -	      ENDIF
     14  415b				  -.CYCLES    SET	.CYCLES - 3
     15  415b					      ENDIF
     16  415b
     17  415b					      REPEAT	.CYCLES / 2
     18  415b		       ea		      nop
     19  415c					      REPEND
    779  415c				   continuekernel2
    780  415c		       a5 92		      lda	ballheight
    781  415e
    782  415e					      ifconst	pfres
    783  415e		       bc 7c 10 	      ldy	playfield+pfres*pfwidth-132,x
    784  4161		       84 0e		      sty	PF1L	;3
    785  4163		       bc 7d 10 	      ldy	playfield+pfres*pfwidth-131-pfadjust,x
    786  4166		       84 0f		      sty	PF2L	;3
    787  4168							;sleep 14
    788  4168		       bc 7e 10 	      ldy	playfield+pfres*pfwidth-130,x
    789  416b		       84 0e		      sty	PF1
    790  416d		       bc 7f 10 	      ldy	playfield+pfres*pfwidth-129-pfadjust,x
    791  4170		       84 0f		      sty	PF2
    792  4172				  -	      else
    793  4172				  -	      ldy	playfield-48+pfwidth*12+44-128,x
    794  4172				  -	      sty	PF1L	;3
    795  4172				  -	      ldy	playfield-48+pfwidth*12+45-128-pfadjust,x	;4
    796  4172				  -	      sty	PF2L	;3
    797  4172				  -			;sleep 14
    798  4172				  -	      ldy	playfield+pfres*pfwidth-130,x
    799  4172				  -	      sty	PF1
    800  4172				  -	      ldy	playfield+pfres*pfwidth-129-pfadjust,x
    801  4172				  -	      sty	PF2
    802  4172					      endif
    803  4172
    804  4172		       c7 89		      dcp	bally
    805  4174		       2a		      rol
    806  4175		       2a		      rol
    807  4176				   goback
    808  4176		       85 1f		      sta	ENABL
    809  4178				   .startkernel
    810  4178		       a5 8f		      lda	player1height	;3
    811  417a		       c7 86		      dcp	player1y	;5
    812  417c		       90 d7		      bcc	.skipDrawP1	;2
    813  417e		       a4 86		      ldy	player1y	;3
    814  4180		       b1 8c		      lda	(player1pointer),y
    815  4182
    816  4182				   .continueP1
    817  4182		       85 1c		      sta	GRP1	;3
    818  4184
    819  4184					      ifnconst	player1colors
    820  4184		       a5 87		      lda	missile1height	;3
    821  4186		       c7 88		      dcp	missile1y	;5
    822  4188		       2a		      rol		;2
    823  4189		       2a		      rol		;2
    824  418a		       85 1e		      sta	ENAM1	;3
    825  418c				  -	      else
    826  418c				  -	      lda	(player1color),y
    827  418c				  -	      sta	COLUP1
    828  418c				  -	      ifnconst	playercolors
    829  418c				  -	      sleep	7
    830  418c				  -	      else
    831  418c				  -	      lda.w	player0colorstore
    832  418c				  -	      sta	COLUP0
    833  418c				  -	      endif
    834  418c					      endif
    835  418c
    836  418c					      ifconst	pfres
    837  418c		       bd 7c 10 	      lda	playfield+pfres*pfwidth-132,x
    838  418f		       85 0e		      sta	PF1L	;3
    839  4191		       bd 7d 10 	      lda	playfield+pfres*pfwidth-131-pfadjust,x
    840  4194		       85 0f		      sta	PF2L	;3
    841  4196							;sleep 14
    842  4196		       bc 7e 10 	      ldy	playfield+pfres*pfwidth-130,x
    843  4199		       84 0e		      sty	PF1
    844  419b		       bc 7f 10 	      ldy	playfield+pfres*pfwidth-129-pfadjust,x
    845  419e		       84 0f		      sty	PF2
    846  41a0				  -	      else
    847  41a0				  -	      lda	playfield-48+pfwidth*12+44-128,x	;4
    848  41a0				  -	      sta	PF1L	;3
    849  41a0				  -	      lda	playfield-48+pfwidth*12+45-128-pfadjust,x	;4
    850  41a0				  -	      sta	PF2L	;3
    851  41a0				  -			;sleep 14
    852  41a0				  -	      ldy	playfield+pfres*pfwidth-130,x
    853  41a0				  -	      sty	PF1
    854  41a0				  -	      ldy	playfield+pfres*pfwidth-129-pfadjust,x
    855  41a0				  -	      sty	PF2
    856  41a0					      endif
    857  41a0
    858  41a0		       a5 8e		      lda	player0height
    859  41a2		       c7 85		      dcp	player0y
    860  41a4		       90 a9		      bcc	.skipDrawP0
    861  41a6		       a4 85		      ldy	player0y
    862  41a8		       b1 8a		      lda	(player0pointer),y
    863  41aa				   .continueP0
    864  41aa		       85 1b		      sta	GRP0
    865  41ac
    866  41ac					      ifnconst	no_blank_lines
    867  41ac					      ifnconst	playercolors
    868  41ac		       a5 90		      lda	missile0height	;3
    869  41ae		       c7 91		      dcp	missile0y	;5
    870  41b0		       e5 f6		      sbc	stack1
    871  41b2		       85 1d		      sta	ENAM0	;3
    872  41b4				  -	      else
    873  41b4				  -	      lda	(player0color),y
    874  41b4				  -	      sta	player0colorstore
    875  41b4				  -	      sleep	6
    876  41b4					      endif
    877  41b4		       c6 9c		      dec	temp1
    878  41b6		       d0 a3		      bne	continuekernel
    879  41b8				  -	      else
    880  41b8				  -	      dec	temp1
    881  41b8				  -	      beq	altkernel2
    882  41b8				  -	      ifconst	readpaddle
    883  41b8				  -	      ldy	currentpaddle
    884  41b8				  -	      lda	INPT0,y
    885  41b8				  -	      bpl	noreadpaddle
    886  41b8				  -	      inc	paddle
    887  41b8				  -	      jmp	continuekernel2
    888  41b8				  -noreadpaddle
    889  41b8				  -	      sleep	2
    890  41b8				  -	      jmp	continuekernel
    891  41b8				  -	      else
    892  41b8				  -	      ifnconst	playercolors
    893  41b8				  -	      ifconst	PFcolors
    894  41b8				  -	      txa
    895  41b8				  -	      tay
    896  41b8				  -	      lda	(pfcolortable),y
    897  41b8				  -	      ifnconst	backgroundchange
    898  41b8				  -	      sta	COLUPF
    899  41b8				  -	      else
    900  41b8				  -	      sta	COLUBK
    901  41b8				  -	      endif
    902  41b8				  -	      jmp	continuekernel
    903  41b8				  -	      else
    904  41b8				  -	      ifconst	kernelmacrodef
    905  41b8				  -	      kernelmacro
    906  41b8				  -	      else
    907  41b8				  -	      sleep	12
    908  41b8				  -	      endif
    909  41b8				  -	      endif
    910  41b8				  -	      else
    911  41b8				  -	      lda	(player0color),y
    912  41b8				  -	      sta	player0colorstore
    913  41b8				  -	      sleep	4
    914  41b8				  -	      endif
    915  41b8				  -	      jmp	continuekernel
    916  41b8				  -	      endif
    917  41b8				  -
    918  41b8				  -altkernel2
    919  41b8				  -	      txa
    920  41b8				  -	      ifnconst	vertical_reflect
    921  41b8				  -	      sbx	#256-pfwidth
    922  41b8				  -	      else
    923  41b8				  -	      sbx	#256-pfwidth/2
    924  41b8				  -	      endif
    925  41b8				  -	      bmi	lastkernelline
    926  41b8				  -	      ifconst	pfrowheight
    927  41b8				  -	      lda	#pfrowheight
    928  41b8				  -	      else
    929  41b8				  -	      ifnconst	pfres
    930  41b8				  -	      lda	#8
    931  41b8				  -	      else
    932  41b8				  -	      lda	#(96/pfres)
    933  41b8				  -	      endif
    934  41b8				  -	      endif
    935  41b8				  -	      sta	temp1
    936  41b8				  -	      jmp	continuekernel
    937  41b8					      endif
    938  41b8
    939  41b8				   altkernel
    940  41b8				  -	      ifconst	PFmaskvalue
    941  41b8				  -	      lda	#PFmaskvalue
    942  41b8					      else
    943  41b8		       a9 00		      lda	#0
    944  41ba					      endif
    945  41ba		       85 0e		      sta	PF1L
    946  41bc		       85 0f		      sta	PF2
    947  41be
    948  41be		       8a		      txa
    949  41bf					      ifnconst	vertical_reflect
    950  41bf		       cb fc		      sbx	#256-pfwidth
    951  41c1				  -	      else
    952  41c1				  -	      sbx	#256-pfwidth/2
    953  41c1					      endif
    954  41c1
    955  41c1		       30 17		      bmi	lastkernelline
    956  41c3
    957  41c3				  -	      ifconst	PFcolorandheight
    958  41c3				  -	      ifconst	pfres
    959  41c3				  -	      ldy	playfieldcolorandheight-131+pfres*pfwidth,x
    960  41c3				  -	      else
    961  41c3				  -	      ldy	playfieldcolorandheight-87,x
    962  41c3				  -	      endif
    963  41c3				  -	      ifnconst	backgroundchange
    964  41c3				  -	      sty	COLUPF
    965  41c3				  -	      else
    966  41c3				  -	      sty	COLUBK
    967  41c3				  -	      endif
    968  41c3				  -	      ifconst	pfres
    969  41c3				  -	      lda	playfieldcolorandheight-132+pfres*pfwidth,x
    970  41c3				  -	      else
    971  41c3				  -	      lda	playfieldcolorandheight-88,x
    972  41c3				  -	      endif
    973  41c3				  -	      sta.w	temp1
    974  41c3					      endif
    975  41c3				  -	      ifconst	PFheights
    976  41c3				  -	      lsr
    977  41c3				  -	      lsr
    978  41c3				  -	      tay
    979  41c3				  -	      lda	(pfheighttable),y
    980  41c3				  -	      sta.w	temp1
    981  41c3					      endif
    982  41c3				  -	      ifconst	PFcolors
    983  41c3				  -	      tay
    984  41c3				  -	      lda	(pfcolortable),y
    985  41c3				  -	      ifnconst	backgroundchange
    986  41c3				  -	      sta	COLUPF
    987  41c3				  -	      else
    988  41c3				  -	      sta	COLUBK
    989  41c3				  -	      endif
    990  41c3				  -	      ifconst	pfrowheight
    991  41c3				  -	      lda	#pfrowheight
    992  41c3				  -	      else
    993  41c3				  -	      ifnconst	pfres
    994  41c3				  -	      lda	#8
    995  41c3				  -	      else
    996  41c3				  -	      lda	#(96/pfres)
    997  41c3				  -	      endif
    998  41c3				  -	      endif
    999  41c3				  -	      sta	temp1
   1000  41c3					      endif
   1001  41c3					      ifnconst	PFcolorandheight
   1002  41c3					      ifnconst	PFcolors
   1003  41c3					      ifnconst	PFheights
   1004  41c3					      ifnconst	no_blank_lines
   1005  41c3							; --- DUAL SCREEN INJECTION POINT ---
   1006  41c3		       e0 44		      cpx	#68	; 2 cycles (Controls where the split is)
   1007  41c5		       d0 03		      bne	SplitNoDivider	; 3 cycles if branch taken (not row 16)
   1008  41c7		       4c 50 f3 	      jmp	SplitDoDivider	; 3 cycles (Absolute jump to bypass 127-byte limit)
   1009  41ca				   SplitNoDivider
      0  41ca					      sleep	5	; 5 cycles (Total: 2+3+5 = 10 cycles for non-split rows)
      1  41ca				   .CYCLES    SET	5
      2  41ca
      3  41ca				  -	      IF	.CYCLES < 2
      4  41ca				  -	      ECHO	"MACRO ERROR: 'SLEEP': Duration must be > 1"
      5  41ca				  -	      ERR
      6  41ca					      ENDIF
      7  41ca
      8  41ca					      IF	.CYCLES & 1
      9  41ca					      IFNCONST	NO_ILLEGAL_OPCODES
     10  41ca		       04 00		      nop	0
     11  41cc				  -	      ELSE
     12  41cc				  -	      bit	VSYNC
     13  41cc					      ENDIF
     14  41cc				   .CYCLES    SET	.CYCLES - 3
     15  41cc					      ENDIF
     16  41cc
     17  41cc					      REPEAT	.CYCLES / 2
     18  41cc		       ea		      nop
     19  41cd					      REPEND
   1011  41cd				   SplitReturnFromDivider
   1012  41cd							; --- END INJECTION POINT ---
   1013  41cd				  -	      ifconst	pfrowheight
   1014  41cd				  -	      lda	#pfrowheight
   1015  41cd					      else
   1016  41cd				  -	      ifnconst	pfres
   1017  41cd				  -	      lda	#8
   1018  41cd					      else
   1019  41cd		       a9 03		      lda	#(96/pfres)
   1020  41cf					      endif
   1021  41cf					      endif
   1022  41cf		       85 9c		      sta	temp1
   1023  41d1					      endif
   1024  41d1					      endif
   1025  41d1					      endif
   1026  41d1					      endif
   1027  41d1
   1028  41d1		       a5 92		      lda	ballheight
   1029  41d3		       c7 89		      dcp	bally
   1030  41d5		       e5 9f		      sbc	temp4
   1031  41d7
   1032  41d7		       4c 76 f1 	      jmp	goback
   1033  41da
   1034  41da					      ifnconst	no_blank_lines
   1035  41da				   lastkernelline
   1036  41da					      ifnconst	PFcolors
      0  41da					      sleep	10
      1  41da				   .CYCLES    SET	10
      2  41da
      3  41da				  -	      IF	.CYCLES < 2
      4  41da				  -	      ECHO	"MACRO ERROR: 'SLEEP': Duration must be > 1"
      5  41da				  -	      ERR
      6  41da					      ENDIF
      7  41da
      8  41da				  -	      IF	.CYCLES & 1
      9  41da				  -	      IFNCONST	NO_ILLEGAL_OPCODES
     10  41da				  -	      nop	0
     11  41da				  -	      ELSE
     12  41da				  -	      bit	VSYNC
     13  41da				  -	      ENDIF
     14  41da				  -.CYCLES    SET	.CYCLES - 3
     15  41da					      ENDIF
     16  41da
     17  41da					      REPEAT	.CYCLES / 2
     18  41da		       ea		      nop
     17  41da					      REPEND
     18  41db		       ea		      nop
     17  41db					      REPEND
     18  41dc		       ea		      nop
     17  41dc					      REPEND
     18  41dd		       ea		      nop
     17  41dd					      REPEND
     18  41de		       ea		      nop
     19  41df					      REPEND
   1038  41df				  -	      else
   1039  41df				  -	      ldy	#124
   1040  41df				  -	      lda	(pfcolortable),y
   1041  41df				  -	      sta	COLUPF
   1042  41df					      endif
   1043  41df
   1044  41df				  -	      ifconst	PFheights
   1045  41df				  -	      ldx	#1
   1046  41df				  -	      sleep	3
   1047  41df					      else
   1048  41df		       a6 ef		      ldx	playfieldpos
      0  41e1					      sleep	2
      1  41e1				   .CYCLES    SET	2
      2  41e1
      3  41e1				  -	      IF	.CYCLES < 2
      4  41e1				  -	      ECHO	"MACRO ERROR: 'SLEEP': Duration must be > 1"
      5  41e1				  -	      ERR
      6  41e1					      ENDIF
      7  41e1
      8  41e1				  -	      IF	.CYCLES & 1
      9  41e1				  -	      IFNCONST	NO_ILLEGAL_OPCODES
     10  41e1				  -	      nop	0
     11  41e1				  -	      ELSE
     12  41e1				  -	      bit	VSYNC
     13  41e1				  -	      ENDIF
     14  41e1				  -.CYCLES    SET	.CYCLES - 3
     15  41e1					      ENDIF
     16  41e1
     17  41e1					      REPEAT	.CYCLES / 2
     18  41e1		       ea		      nop
     19  41e2					      REPEND
   1050  41e2					      endif
   1051  41e2
   1052  41e2		       4c 1b f2 	      jmp	enterlastkernel
   1053  41e5
   1054  41e5				  -	      else
   1055  41e5				  -lastkernelline
   1056  41e5				  -	      ifconst	PFheights
   1057  41e5				  -	      ldx	#1
   1058  41e5				  -	      sleep	4
   1059  41e5				  -	      else
   1060  41e5				  -	      ldx	playfieldpos
   1061  41e5				  -	      sleep	3
   1062  41e5				  -	      endif
   1063  41e5				  -
   1064  41e5				  -	      cpx	#0
   1065  41e5				  -	      bne	.enterfromNBL
   1066  41e5				  -	      jmp	no_blank_lines_bailout
   1067  41e5					      endif
   1068  41e5
   1069  41e5					      if	((<*)>$d5)
   1070  4200		       00 00 00 00*	      align	256
   1071  4200					      endif
   1072  4200
   1073  4200				   .skipDrawlastP1
   1074  4200		       a9 00		      lda	#0
   1075  4202		       a8		      tay
   1076  4203		       4c 2d f2 	      jmp	.continuelastP1
   1077  4206
   1078  4206				   .endkerloop
   1079  4206		       ea		      nop
   1080  4207
   1081  4207				   .enterfromNBL
   1082  4207					      ifconst	pfres
   1083  4207		       ac fc 10 	      ldy.w	playfield+pfres*pfwidth-4
   1084  420a		       84 0e		      sty	PF1L	;3
   1085  420c		       ac fd 10 	      ldy.w	playfield+pfres*pfwidth-3-pfadjust
   1086  420f		       84 0f		      sty	PF2L	;3
   1087  4211							;sleep 14
   1088  4211		       bc 7e 10 	      ldy	playfield+pfres*pfwidth-130,x
   1089  4214		       84 0e		      sty	PF1
   1090  4216		       bc 7f 10 	      ldy	playfield+pfres*pfwidth-129-pfadjust,x
   1091  4219		       84 0f		      sty	PF2
   1092  421b				  -	      else
   1093  421b				  -	      ldy.w	playfield-48+pfwidth*12+44
   1094  421b				  -	      sty	PF1L	;3
   1095  421b				  -	      ldy.w	playfield-48+pfwidth*12+45-pfadjust
   1096  421b				  -	      sty	PF2L	;3
   1097  421b				  -			;sleep 14
   1098  421b				  -	      ldy	playfield+pfres*pfwidth-130,x
   1099  421b				  -	      sty	PF1
   1100  421b				  -	      ldy	playfield+pfres*pfwidth-129-pfadjust,x
   1101  421b				  -	      sty	PF2
   1102  421b					      endif
   1103  421b
   1104  421b				   enterlastkernel
   1105  421b		       a5 92		      lda	ballheight
   1106  421d
   1107  421d		       c7 89		      dcp	bally
   1108  421f		       2a		      rol
   1109  4220		       2a		      rol
   1110  4221		       85 1f		      sta	ENABL
   1111  4223
   1112  4223		       a5 8f		      lda	player1height	;3
   1113  4225		       c7 86		      dcp	player1y	;5
   1114  4227		       90 d7		      bcc	.skipDrawlastP1
   1115  4229		       a4 86		      ldy	player1y	;3
   1116  422b		       b1 8c		      lda	(player1pointer),y
   1117  422d
   1118  422d				   .continuelastP1
   1119  422d		       85 1c		      sta	GRP1	;3
   1120  422f
   1121  422f					      ifnconst	player1colors
   1122  422f		       a5 87		      lda	missile1height	;3
   1123  4231		       c7 88		      dcp	missile1y	;5
   1124  4233				  -	      else
   1125  4233				  -	      lda	(player1color),y
   1126  4233				  -	      sta	COLUP1
   1127  4233					      endif
   1128  4233
   1129  4233		       ca		      dex
   1130  4234		       f0 36		      beq	endkernel
   1131  4236
   1132  4236					      ifconst	pfres
   1133  4236		       ac fc 10 	      ldy.w	playfield+pfres*pfwidth-4
   1134  4239		       84 0e		      sty	PF1L	;3
   1135  423b		       ac fd 10 	      ldy.w	playfield+pfres*pfwidth-3-pfadjust
   1136  423e		       84 0f		      sty	PF2L	;3
   1137  4240
   1138  4240							;sleep 14
   1139  4240		       bc 7e 10 	      ldy	playfield+pfres*pfwidth-130,x
   1140  4243		       84 0e		      sty	PF1
   1141  4245		       bc 7f 10 	      ldy	playfield+pfres*pfwidth-129-pfadjust,x
   1142  4248		       84 0f		      sty	PF2
   1143  424a
   1144  424a				  -	      else
   1145  424a				  -	      ldy.w	playfield-48+pfwidth*12+44
   1146  424a				  -	      sty	PF1L	;3
   1147  424a				  -	      ldy.w	playfield-48+pfwidth*12+45-pfadjust
   1148  424a				  -	      sty	PF2L	;3
   1149  424a				  -			;sleep 14
   1150  424a				  -	      ldy	playfield+pfres*pfwidth-130,x
   1151  424a				  -	      sty	PF1
   1152  424a				  -	      ldy	playfield+pfres*pfwidth-129-pfadjust,x
   1153  424a				  -	      sty	PF2
   1154  424a					      endif
   1155  424a
   1156  424a					      ifnconst	player1colors
   1157  424a		       2a		      rol		;2
   1158  424b		       2a		      rol		;2
   1159  424c		       85 1e		      sta	ENAM1	;3
   1160  424e				  -	      else
   1161  424e				  -	      ifnconst	playercolors
   1162  424e				  -	      sleep	7
   1163  424e				  -	      else
   1164  424e				  -	      lda.w	player0colorstore
   1165  424e				  -	      sta	COLUP0
   1166  424e				  -	      endif
   1167  424e					      endif
   1168  424e
   1169  424e		       ad 8e 00 	      lda.w	player0height
   1170  4251		       c7 85		      dcp	player0y
   1171  4253		       90 11		      bcc	.skipDrawlastP0
   1172  4255		       a4 85		      ldy	player0y
   1173  4257		       b1 8a		      lda	(player0pointer),y
   1174  4259				   .continuelastP0
   1175  4259		       85 1b		      sta	GRP0
   1176  425b
   1177  425b					      ifnconst	no_blank_lines
   1178  425b		       a5 90		      lda	missile0height	;3
   1179  425d		       c7 91		      dcp	missile0y	;5
   1180  425f		       e5 f6		      sbc	stack1
   1181  4261		       85 1d		      sta	ENAM0	;3
   1182  4263		       4c 06 f2 	      jmp	.endkerloop
   1183  4266				  -	      else
   1184  4266				  -	      ifconst	readpaddle
   1185  4266				  -	      ldy	currentpaddle
   1186  4266				  -	      lda	INPT0,y
   1187  4266				  -	      bpl	noreadpaddle2
   1188  4266				  -	      inc	paddle
   1189  4266				  -	      jmp	.endkerloop
   1190  4266				  -noreadpaddle2
   1191  4266				  -	      sleep	4
   1192  4266				  -	      jmp	.endkerloop
   1193  4266				  -	      else
   1194  4266				  -	      pla
   1195  4266				  -	      pha
   1196  4266				  -	      pla
   1197  4266				  -	      pha
   1198  4266				  -	      jmp	.endkerloop
   1199  4266				  -	      endif
   1200  4266					      endif
   1201  4266
   1202  4266				   .skipDrawlastP0
   1203  4266		       a9 00		      lda	#0
   1204  4268		       a8		      tay
   1205  4269		       4c 59 f2 	      jmp	.continuelastP0
   1206  426c
   1207  426c				  -	      ifconst	no_blank_lines
   1208  426c				  -no_blank_lines_bailout
   1209  426c				  -	      ldx	#0
   1210  426c					      endif
   1211  426c
   1212  426c				   endkernel
   1213  426c							; 6 digit score routine
   1214  426c		       86 0e		      stx	PF1
   1215  426e		       86 0f		      stx	PF2
   1216  4270		       18		      clc
   1217  4271
   1218  4271				  -	      ifconst	pfrowheight
   1219  4271				  -	      lda	#pfrowheight+2
   1220  4271					      else
   1221  4271				  -	      ifnconst	pfres
   1222  4271				  -	      lda	#10
   1223  4271					      else
   1224  4271		       a9 05		      lda	#(96/pfres)+2
   1225  4273					      endif
   1226  4273					      endif
   1227  4273
   1228  4273		       e5 ef		      sbc	playfieldpos
   1229  4275		       85 ef		      sta	playfieldpos
   1230  4277		       8a		      txa
   1231  4278
   1232  4278				  -	      ifconst	shakescreen
   1233  4278				  -	      bit	shakescreen
   1234  4278				  -	      bmi	noshakescreen2
   1235  4278				  -	      ldx	#$3D
   1236  4278				  -noshakescreen2
   1237  4278					      endif
   1238  4278
   1239  4278		       95 02		      sta	WSYNC,x
   1240  427a
   1241  427a		       85 0b		      sta	REFP0
   1242  427c		       85 0c		      sta	REFP1
   1243  427e		       85 1b		      STA	GRP0
   1244  4280		       85 1c		      STA	GRP1
   1245  4282		       85 2b		      sta	HMCLR
   1246  4284		       85 1d		      sta	ENAM0
   1247  4286		       85 1e		      sta	ENAM1
   1248  4288		       85 1f		      sta	ENABL
   1249  428a
   1250  428a		       a5 9d		      lda	temp2
   1251  428c		       85 85		      sta	player0y
   1252  428e		       a5 9e		      lda	temp3
   1253  4290		       85 86		      sta	player1y
   1254  4292					      ifnconst	player1colors
   1255  4292		       a5 a1		      lda	temp6
   1256  4294		       85 88		      sta	missile1y
   1257  4296					      endif
   1258  4296					      ifnconst	playercolors
   1259  4296					      ifnconst	readpaddle
   1260  4296		       a5 a0		      lda	temp5
   1261  4298		       85 91		      sta	missile0y
   1262  429a					      endif
   1263  429a					      endif
   1264  429a		       a5 f7		      lda	stack2
   1265  429c		       85 89		      sta	bally
   1266  429e
   1267  429e		       ad 84 02 	      lda	INTIM
   1268  42a1		       18		      clc
   1269  42a2					      ifnconst	vblank_time
   1270  42a2		       69 8e		      adc	#43+12+87
   1271  42a4				  -	      else
   1272  42a4				  -	      adc	#vblank_time+12+87
   1273  42a4				  -
   1274  42a4					      endif
   1275  42a4		       8d 96 02 	      sta	TIM64T
   1276  42a7
   1277  42a7				  -	      ifconst	minikernel
   1278  42a7				  -	      jsr	minikernel
   1279  42a7					      endif
   1280  42a7
   1281  42a7					      ifnconst	noscore
   1282  42a7		       a5 97		      lda	scorepointers+1
   1283  42a9		       85 9c		      sta	temp1
   1284  42ab		       a5 99		      lda	scorepointers+3
   1285  42ad		       85 9e		      sta	temp3
   1286  42af
   1287  42af		       85 2b		      sta	HMCLR
   1288  42b1		       ba		      tsx
   1289  42b2		       86 f6		      stx	stack1
   1290  42b4		       a2 e0		      ldx	#$E0
   1291  42b6		       86 20		      stx	HMP0
   1292  42b8
   1293  42b8		       a5 a3		      LDA	scorecolor
   1294  42ba		       85 06		      STA	COLUP0
   1295  42bc		       85 07		      STA	COLUP1
   1296  42be				  -	      ifconst	scorefade
   1297  42be				  -	      STA	stack2
   1298  42be					      endif
   1299  42be				  -	      ifconst	pfscore
   1300  42be				  -	      lda	pfscorecolor
   1301  42be				  -	      sta	COLUPF
   1302  42be					      endif
   1303  42be		       85 02		      sta	WSYNC
   1304  42c0		       a2 00		      ldx	#0
   1305  42c2		       86 1b		      STx	GRP0
   1306  42c4		       86 1c		      STx	GRP1
   1307  42c6
   1308  42c6		       a5 9b		      lda	scorepointers+5
   1309  42c8		       95 a0		      sta	temp5,x
   1310  42ca		       a9 ff		      lda	#>scoretable
   1311  42cc		       85 97		      sta	scorepointers+1
   1312  42ce		       85 99		      sta	scorepointers+3
   1313  42d0		       85 9b		      sta	scorepointers+5
   1314  42d2		       85 9d		      sta	temp2
   1315  42d4		       85 9f		      sta	temp4
   1316  42d6		       85 a1		      sta	temp6
   1317  42d8		       a0 07		      LDY	#7
   1318  42da		       84 25		      STY	VDELP0
   1319  42dc		       85 10		      STA	RESP0
   1320  42de		       85 11		      STA	RESP1
   1321  42e0
   1322  42e0		       a9 03		      LDA	#$03
   1323  42e2		       85 04		      STA	NUSIZ0
   1324  42e4		       85 05		      STA	NUSIZ1
   1325  42e6		       85 26		      STA	VDELP1
   1326  42e8		       a9 f0		      LDA	#$F0
   1327  42ea		       85 21		      STA	HMP1
   1328  42ec		       b1 96		      lda	(scorepointers),y
   1329  42ee		       85 1b		      sta	GRP0
   1330  42f0		       85 2a		      STA	HMOVE
   1331  42f2		       4c 08 f3 	      jmp	beginscore
   1332  42f5
   1333  42f5					      if	((<*)>$d4)
   1334  4300		       00 00 00 00*	      align	256
   1335  4300					      endif
   1336  4300
   1337  4300				   loop2
   1338  4300		       b1 96		      lda	(scorepointers),y
   1339  4302		       85 1b		      sta	GRP0
   1340  4304				  -	      ifconst	pfscore
   1341  4304				  -	      lda.w	pfscore1
   1342  4304				  -	      sta	PF1
   1343  4304					      else
   1344  4304				  -	      ifconst	scorefade
   1345  4304				  -	      sleep	2
   1346  4304				  -	      dec	stack2
   1347  4304					      else
      0  4304					      sleep	7
      1  4304				   .CYCLES    SET	7
      2  4304
      3  4304				  -	      IF	.CYCLES < 2
      4  4304				  -	      ECHO	"MACRO ERROR: 'SLEEP': Duration must be > 1"
      5  4304				  -	      ERR
      6  4304					      ENDIF
      7  4304
      8  4304					      IF	.CYCLES & 1
      9  4304					      IFNCONST	NO_ILLEGAL_OPCODES
     10  4304		       04 00		      nop	0
     11  4306				  -	      ELSE
     12  4306				  -	      bit	VSYNC
     13  4306					      ENDIF
     14  4306				   .CYCLES    SET	.CYCLES - 3
     15  4306					      ENDIF
     16  4306
     17  4306					      REPEAT	.CYCLES / 2
     18  4306		       ea		      nop
     17  4306					      REPEND
     18  4307		       ea		      nop
     19  4308					      REPEND
   1349  4308					      endif
   1350  4308					      endif
   1351  4308				   beginscore
   1352  4308		       b1 9e		      lda	(scorepointers+$8),y
   1353  430a		       85 1c		      sta	GRP1
   1354  430c		       b1 9c		      lda	(scorepointers+$6),y
   1355  430e		       85 1b		      sta	GRP0
   1356  4310		       b3 98		      lax	(scorepointers+$2),y
   1357  4312		       9a		      txs
   1358  4313		       b3 9a		      lax	(scorepointers+$4),y
   1359  4315				  -	      ifconst	scorefade
   1360  4315				  -	      lda	stack2
   1361  4315					      else
      0  4315					      sleep	3
      1  4315				   .CYCLES    SET	3
      2  4315
      3  4315				  -	      IF	.CYCLES < 2
      4  4315				  -	      ECHO	"MACRO ERROR: 'SLEEP': Duration must be > 1"
      5  4315				  -	      ERR
      6  4315					      ENDIF
      7  4315
      8  4315					      IF	.CYCLES & 1
      9  4315					      IFNCONST	NO_ILLEGAL_OPCODES
     10  4315		       04 00		      nop	0
     11  4317				  -	      ELSE
     12  4317				  -	      bit	VSYNC
     13  4317					      ENDIF
     14  4317				   .CYCLES    SET	.CYCLES - 3
     15  4317					      ENDIF
     16  4317
     17  4317				  -	      REPEAT	.CYCLES / 2
     18  4317				  -	      nop
     19  4317					      REPEND
   1363  4317					      endif
   1364  4317
   1365  4317				  -	      ifconst	pfscore
   1366  4317				  -	      lda	pfscore2
   1367  4317				  -	      sta	PF1
   1368  4317					      else
   1369  4317				  -	      ifconst	scorefade
   1370  4317				  -	      sta	COLUP0
   1371  4317				  -	      sta	COLUP1
   1372  4317					      else
      0  4317					      sleep	6
      1  4317				   .CYCLES    SET	6
      2  4317
      3  4317				  -	      IF	.CYCLES < 2
      4  4317				  -	      ECHO	"MACRO ERROR: 'SLEEP': Duration must be > 1"
      5  4317				  -	      ERR
      6  4317					      ENDIF
      7  4317
      8  4317				  -	      IF	.CYCLES & 1
      9  4317				  -	      IFNCONST	NO_ILLEGAL_OPCODES
     10  4317				  -	      nop	0
     11  4317				  -	      ELSE
     12  4317				  -	      bit	VSYNC
     13  4317				  -	      ENDIF
     14  4317				  -.CYCLES    SET	.CYCLES - 3
     15  4317					      ENDIF
     16  4317
     17  4317					      REPEAT	.CYCLES / 2
     18  4317		       ea		      nop
     17  4317					      REPEND
     18  4318		       ea		      nop
     17  4318					      REPEND
     18  4319		       ea		      nop
     19  431a					      REPEND
   1374  431a					      endif
   1375  431a					      endif
   1376  431a
   1377  431a		       b1 a0		      lda	(scorepointers+$A),y
   1378  431c		       86 1c		      stx	GRP1
   1379  431e		       ba		      tsx
   1380  431f		       86 1b		      stx	GRP0
   1381  4321		       85 1c		      sta	GRP1
   1382  4323		       84 1b		      sty	GRP0
   1383  4325		       88		      dey
   1384  4326		       10 d8		      bpl	loop2
   1385  4328
   1386  4328		       a6 f6		      ldx	stack1
   1387  432a		       9a		      txs
   1388  432b		       a4 9c		      ldy	temp1
   1389  432d		       84 97		      sty	scorepointers+1
   1390  432f
   1391  432f		       a9 00		      LDA	#0
   1392  4331		       85 0e		      sta	PF1
   1393  4333		       85 1b		      STA	GRP0
   1394  4335		       85 1c		      STA	GRP1
   1395  4337		       85 25		      STA	VDELP0
   1396  4339		       85 26		      STA	VDELP1
   1397  433b		       85 04		      STA	NUSIZ0
   1398  433d		       85 05		      STA	NUSIZ1
   1399  433f
   1400  433f		       a4 9e		      ldy	temp3
   1401  4341		       84 99		      sty	scorepointers+3
   1402  4343
   1403  4343		       a4 a0		      ldy	temp5
   1404  4345		       84 9b		      sty	scorepointers+5
   1405  4347					      endif
   1406  4347				  -	      ifconst	readpaddle
   1407  4347				  -	      lda	#%11000010
   1408  4347					      else
   1409  4347				  -	      ifconst	qtcontroller
   1410  4347				  -	      lda	qtcontroller
   1411  4347				  -	      lsr
   1412  4347				  -	      lda	#4
   1413  4347				  -	      ror
   1414  4347					      else
   1415  4347		       a9 02		      lda	#2
   1416  4349					      endif
   1417  4349					      endif
   1418  4349		       85 02		      sta	WSYNC
   1419  434b		       85 01		      sta	VBLANK
   1420  434d		       4c ca f3 	      jmp	SplitReturnSafely
   1421  4350
   1422  4350				   SplitDoDivider
   1423  4350		       8a		      txa		; Push playfield offset X to stack
   1424  4351		       48		      pha
   1425  4352
   1426  4352							; Scanline 1: Swap variables and strictly clamp DRAWING bounds
   1427  4352		       85 02		      sta	WSYNC
   1428  4354		       a5 d4		      lda	a	; Load p2_player0y
   1429  4356		       85 85		      sta	player0y
   1430  4358		       a5 dc		      lda	i	; Load p2_colupf
   1431  435a		       85 08		      sta	COLUPF
   1432  435c
   1433  435c							; Clamp Player 1 (d) for visual positioning only
   1434  435c		       a5 d7		      lda	d
   1435  435e		       c9 a0		      cmp	#160	; Is it safely on screen (0-159)?
   1436  4360		       90 0a		      bcc	.d_safe
   1437  4362		       c9 f0		      cmp	#240	; Did it wrap past 0 to the left (240-255)?
   1438  4364		       b0 04		      bcs	.d_left
   1439  4366		       a9 9f		      lda	#159	; Off right edge: clamp drawing to 159
   1440  4368		       d0 02		      bne	.d_safe	; (Unconditional branch, 159 != 0)
   1441  436a				   .d_left
   1442  436a		       a9 00		      lda	#0	; Off left edge: clamp drawing to 0
   1443  436c				   .d_safe
   1444  436c		       aa		      tax		; Stash safe P1 X in X register
   1445  436d
   1446  436d							; Clamp Player 0 (c) for visual positioning only
   1447  436d		       a5 d6		      lda	c
   1448  436f		       c9 a0		      cmp	#160
   1449  4371		       90 0a		      bcc	.c_safe
   1450  4373		       c9 f0		      cmp	#240
   1451  4375		       b0 04		      bcs	.c_left
   1452  4377		       a9 9f		      lda	#159
   1453  4379		       d0 02		      bne	.c_safe
   1454  437b				   .c_left
   1455  437b		       a9 00		      lda	#0
   1456  437d				   .c_safe
   1457  437d		       a8		      tay		; Stash safe P0 X in Y register
   1458  437e
   1459  437e							; Scanline 2: Coarse position Player 0
   1460  437e		       85 02		      sta	WSYNC
      0  4380					      sleep	8	; Pad to escape HBLANK
      1  4380				   .CYCLES    SET	8
      2  4380
      3  4380				  -	      IF	.CYCLES < 2
      4  4380				  -	      ECHO	"MACRO ERROR: 'SLEEP': Duration must be > 1"
      5  4380				  -	      ERR
      6  4380					      ENDIF
      7  4380
      8  4380				  -	      IF	.CYCLES & 1
      9  4380				  -	      IFNCONST	NO_ILLEGAL_OPCODES
     10  4380				  -	      nop	0
     11  4380				  -	      ELSE
     12  4380				  -	      bit	VSYNC
     13  4380				  -	      ENDIF
     14  4380				  -.CYCLES    SET	.CYCLES - 3
     15  4380					      ENDIF
     16  4380
     17  4380					      REPEAT	.CYCLES / 2
     18  4380		       ea		      nop
     17  4380					      REPEND
     18  4381		       ea		      nop
     17  4381					      REPEND
     18  4382		       ea		      nop
     17  4382					      REPEND
     18  4383		       ea		      nop
     19  4384					      REPEND
   1462  4384		       98		      tya		; Retrieve safe Player 0 X
   1463  4385		       38		      sec
   1464  4386				   SplitPosP0
   1465  4386		       e9 0f		      sbc	#15
   1466  4388		       b0 fc		      bcs	SplitPosP0
   1467  438a		       85 10		      sta	RESP0
   1468  438c		       85 a0		      sta	temp5
   1469  438e
   1470  438e							; Scanline 3: Coarse position Player 1
   1471  438e		       85 02		      sta	WSYNC
      0  4390					      sleep	8	; Pad to escape HBLANK
      1  4390				   .CYCLES    SET	8
      2  4390
      3  4390				  -	      IF	.CYCLES < 2
      4  4390				  -	      ECHO	"MACRO ERROR: 'SLEEP': Duration must be > 1"
      5  4390				  -	      ERR
      6  4390					      ENDIF
      7  4390
      8  4390				  -	      IF	.CYCLES & 1
      9  4390				  -	      IFNCONST	NO_ILLEGAL_OPCODES
     10  4390				  -	      nop	0
     11  4390				  -	      ELSE
     12  4390				  -	      bit	VSYNC
     13  4390				  -	      ENDIF
     14  4390				  -.CYCLES    SET	.CYCLES - 3
     15  4390					      ENDIF
     16  4390
     17  4390					      REPEAT	.CYCLES / 2
     18  4390		       ea		      nop
     17  4390					      REPEND
     18  4391		       ea		      nop
     17  4391					      REPEND
     18  4392		       ea		      nop
     17  4392					      REPEND
     18  4393		       ea		      nop
     19  4394					      REPEND
   1473  4394		       8a		      txa		; Retrieve safe Player 1 X
   1474  4395		       38		      sec
   1475  4396				   SplitPosP1
   1476  4396		       e9 0f		      sbc	#15
   1477  4398		       b0 fc		      bcs	SplitPosP1
   1478  439a		       85 11		      sta	RESP1
   1479  439c		       85 a1		      sta	temp6
   1480  439e
   1481  439e							; Scanline 4: Fine Positioning Math
   1482  439e		       85 02		      sta	WSYNC
   1483  43a0		       a5 a0		      lda	temp5
   1484  43a2		       49 07		      eor	#7
   1485  43a4		       0a		      asl
   1486  43a5		       0a		      asl
   1487  43a6		       0a		      asl
   1488  43a7		       0a		      asl
   1489  43a8		       85 20		      sta	HMP0
   1490  43aa
   1491  43aa		       a5 a1		      lda	temp6
   1492  43ac		       49 07		      eor	#7
   1493  43ae		       0a		      asl
   1494  43af		       0a		      asl
   1495  43b0		       0a		      asl
   1496  43b1		       0a		      asl
   1497  43b2		       85 21		      sta	HMP1
   1498  43b4
   1499  43b4							; Scanline 5: Apply fine position, restore playfield, and phase sync
   1500  43b4		       85 02		      sta	WSYNC
   1501  43b6		       85 2a		      sta	HMOVE
   1502  43b8
   1503  43b8		       68		      pla
   1504  43b9		       aa		      tax
   1505  43ba
   1506  43ba							; Proven 25-cycle playfield phase sync
      0  43ba					      sleep	10
      1  43ba				   .CYCLES    SET	10
      2  43ba
      3  43ba				  -	      IF	.CYCLES < 2
      4  43ba				  -	      ECHO	"MACRO ERROR: 'SLEEP': Duration must be > 1"
      5  43ba				  -	      ERR
      6  43ba					      ENDIF
      7  43ba
      8  43ba				  -	      IF	.CYCLES & 1
      9  43ba				  -	      IFNCONST	NO_ILLEGAL_OPCODES
     10  43ba				  -	      nop	0
     11  43ba				  -	      ELSE
     12  43ba				  -	      bit	VSYNC
     13  43ba				  -	      ENDIF
     14  43ba				  -.CYCLES    SET	.CYCLES - 3
     15  43ba					      ENDIF
     16  43ba
     17  43ba					      REPEAT	.CYCLES / 2
     18  43ba		       ea		      nop
     17  43ba					      REPEND
     18  43bb		       ea		      nop
     17  43bb					      REPEND
     18  43bc		       ea		      nop
     17  43bc					      REPEND
     18  43bd		       ea		      nop
     17  43bd					      REPEND
     18  43be		       ea		      nop
     19  43bf					      REPEND
      0  43bf					      sleep	15
      1  43bf				   .CYCLES    SET	15
      2  43bf
      3  43bf				  -	      IF	.CYCLES < 2
      4  43bf				  -	      ECHO	"MACRO ERROR: 'SLEEP': Duration must be > 1"
      5  43bf				  -	      ERR
      6  43bf					      ENDIF
      7  43bf
      8  43bf					      IF	.CYCLES & 1
      9  43bf					      IFNCONST	NO_ILLEGAL_OPCODES
     10  43bf		       04 00		      nop	0
     11  43c1				  -	      ELSE
     12  43c1				  -	      bit	VSYNC
     13  43c1					      ENDIF
     14  43c1				   .CYCLES    SET	.CYCLES - 3
     15  43c1					      ENDIF
     16  43c1
     17  43c1					      REPEAT	.CYCLES / 2
     18  43c1		       ea		      nop
     17  43c1					      REPEND
     18  43c2		       ea		      nop
     17  43c2					      REPEND
     18  43c3		       ea		      nop
     17  43c3					      REPEND
     18  43c4		       ea		      nop
     17  43c4					      REPEND
     18  43c5		       ea		      nop
     17  43c5					      REPEND
     18  43c6		       ea		      nop
     19  43c7					      REPEND
   1509  43c7
   1510  43c7		       4c cd f1 	      jmp	SplitReturnFromDivider
   1511  43ca				   SplitReturnSafely
      0  43ca					      RETURN
      1  43ca				  -	      ifnconst	bankswitch
      2  43ca				  -	      rts
      3  43ca					      else
      4  43ca		       4c dd ff 	      jmp	BS_return
      5  43cd					      endif
   1513  43cd				  -	      ifconst	shakescreen
   1514  43cd				  -doshakescreen
   1515  43cd				  -	      bit	shakescreen
   1516  43cd				  -	      bmi	noshakescreen
   1517  43cd				  -	      sta	WSYNC
   1518  43cd				  -noshakescreen
   1519  43cd				  -	      ldx	missile0height
   1520  43cd				  -	      inx
   1521  43cd				  -	      rts
   1522  43cd					      endif
   1523  43cd
   1524  43cd
   1525  43cd							; Provided under the CC0 license. See the included LICENSE.txt for details.
   1526  43cd
   1527  43cd				   start
   1528  43cd		       78		      sei
   1529  43ce		       d8		      cld
   1530  43cf		       a0 00		      ldy	#0
   1531  43d1		       a5 d0		      lda	$D0
   1532  43d3		       c9 2c		      cmp	#$2C	;check RAM location #1
   1533  43d5		       d0 07		      bne	MachineIs2600
   1534  43d7		       a5 d1		      lda	$D1
   1535  43d9		       c9 a9		      cmp	#$A9	;check RAM location #2
   1536  43db		       d0 01		      bne	MachineIs2600
   1537  43dd		       88		      dey
   1538  43de				   MachineIs2600
   1539  43de		       a2 00		      ldx	#0
   1540  43e0		       8a		      txa
   1541  43e1				   clearmem
   1542  43e1		       e8		      inx
   1543  43e2		       9a		      txs
   1544  43e3		       48		      pha
   1545  43e4		       d0 fb		      bne	clearmem
   1546  43e6		       84 9c		      sty	temp1
   1547  43e8					      ifnconst	multisprite
   1548  43e8				  -	      ifconst	pfrowheight
   1549  43e8				  -	      lda	#pfrowheight
   1550  43e8					      else
   1551  43e8					      ifconst	pfres
   1552  43e8		       a9 03		      lda	#(96/pfres)
   1553  43ea				  -	      else
   1554  43ea				  -	      lda	#8
   1555  43ea					      endif
   1556  43ea					      endif
   1557  43ea		       85 ef		      sta	playfieldpos
   1558  43ec					      endif
   1559  43ec		       a2 05		      ldx	#5
   1560  43ee				   initscore
   1561  43ee		       a9 74		      lda	#<scoretable
   1562  43f0		       95 96		      sta	scorepointers,x
   1563  43f2		       ca		      dex
   1564  43f3		       10 f9		      bpl	initscore
   1565  43f5		       a9 01		      lda	#1
   1566  43f7		       85 0a		      sta	CTRLPF
   1567  43f9		       0d 84 02 	      ora	INTIM
   1568  43fc		       85 a2		      sta	rand
   1569  43fe
   1570  43fe				  -	      ifconst	multisprite
   1571  43fe				  -	      jsr	multisprite_setup
   1572  43fe					      endif
   1573  43fe
   1574  43fe				  -	      ifnconst	bankswitch
   1575  43fe				  -	      jmp	game
   1576  43fe					      else
   1577  43fe		       a9 90		      lda	#>(game-1)
   1578  4400		       48		      pha
   1579  4401		       a9 ff		      lda	#<(game-1)
   1580  4403		       48		      pha
   1581  4404		       48		      pha
   1582  4405		       48		      pha
   1583  4406		       a2 01		      ldx	#1
   1584  4408		       4c eb ff 	      jmp	BS_jsr
   1585  440b					      endif
   1586  440b							; Provided under the CC0 license. See the included LICENSE.txt for details.
   1587  440b
   1588  440b							; playfield drawing routines
   1589  440b							; you get a 32x12 bitmapped display in a single color :)
   1590  440b							; 0-31 and 0-11
   1591  440b
   1592  440b				   pfclear		; clears playfield - or fill with pattern
   1593  440b					      ifconst	pfres
   1594  440b		       a2 7f		      ldx	#pfres*pfwidth-1
   1595  440d				  -	      else
   1596  440d				  -	      ldx	#47-(4-pfwidth)*12	; will this work?
   1597  440d					      endif
   1598  440d				   pfclear_loop
   1599  440d				  -	      ifnconst	superchip
   1600  440d				  -	      sta	playfield,x
   1601  440d					      else
   1602  440d		       9d 00 10 	      sta	playfield-128,x
   1603  4410					      endif
   1604  4410		       ca		      dex
   1605  4411		       10 fa		      bpl	pfclear_loop
      0  4413					      RETURN
      1  4413				  -	      ifnconst	bankswitch
      2  4413				  -	      rts
      3  4413					      else
      4  4413		       4c dd ff 	      jmp	BS_return
      5  4416					      endif
   1607  4416
   1608  4416				   setuppointers
   1609  4416		       86 9d		      stx	temp2	; store on.off.flip value
   1610  4418		       aa		      tax		; put x-value in x 
   1611  4419		       4a		      lsr
   1612  441a		       4a		      lsr
   1613  441b		       4a		      lsr		; divide x pos by 8 
   1614  441c		       85 9c		      sta	temp1
   1615  441e		       98		      tya
   1616  441f		       0a		      asl
   1617  4420					      if	pfwidth=4
   1618  4420		       0a		      asl		; multiply y pos by 4
   1619  4421					      endif		; else multiply by 2
   1620  4421		       18		      clc
   1621  4422		       65 9c		      adc	temp1	; add them together to get actual memory location offset
   1622  4424		       a8		      tay		; put the value in y
   1623  4425		       a5 9d		      lda	temp2	; restore on.off.flip value
   1624  4427		       60		      rts
   1625  4428
   1626  4428				   pfread
   1627  4428							;x=xvalue, y=yvalue
   1628  4428		       20 16 f4 	      jsr	setuppointers
   1629  442b		       bd c0 f4 	      lda	setbyte,x
   1630  442e		       39 80 10 	      and	playfield,y
   1631  4431		       5d c0 f4 	      eor	setbyte,x
   1632  4434							; beq readzero
   1633  4434							; lda #1
   1634  4434							; readzero
      0  4434					      RETURN
      1  4434				  -	      ifnconst	bankswitch
      2  4434				  -	      rts
      3  4434					      else
      4  4434		       4c dd ff 	      jmp	BS_return
      5  4437					      endif
   1636  4437
   1637  4437				   pfpixel
   1638  4437							;x=xvalue, y=yvalue, a=0,1,2
   1639  4437		       20 16 f4 	      jsr	setuppointers
   1640  443a
   1641  443a					      ifconst	bankswitch
   1642  443a		       a5 9d		      lda	temp2	; load on.off.flip value (0,1, or 2)
   1643  443c		       f0 0f		      beq	pixelon_r	; if "on" go to on
   1644  443e		       4a		      lsr
   1645  443f		       b0 18		      bcs	pixeloff_r	; value is 1 if true
   1646  4441		       b9 80 10 	      lda	playfield,y	; if here, it's "flip"
   1647  4444		       5d c0 f4 	      eor	setbyte,x
   1648  4447					      ifconst	superchip
   1649  4447		       99 00 10 	      sta	playfield-128,y
   1650  444a				  -	      else
   1651  444a				  -	      sta	playfield,y
   1652  444a					      endif
      0  444a					      RETURN
      1  444a				  -	      ifnconst	bankswitch
      2  444a				  -	      rts
      3  444a					      else
      4  444a		       4c dd ff 	      jmp	BS_return
      5  444d					      endif
   1654  444d				   pixelon_r
   1655  444d		       b9 80 10 	      lda	playfield,y
   1656  4450		       1d c0 f4 	      ora	setbyte,x
   1657  4453					      ifconst	superchip
   1658  4453		       99 00 10 	      sta	playfield-128,y
   1659  4456				  -	      else
   1660  4456				  -	      sta	playfield,y
   1661  4456					      endif
      0  4456					      RETURN
      1  4456				  -	      ifnconst	bankswitch
      2  4456				  -	      rts
      3  4456					      else
      4  4456		       4c dd ff 	      jmp	BS_return
      5  4459					      endif
   1663  4459				   pixeloff_r
   1664  4459		       bd c0 f4 	      lda	setbyte,x
   1665  445c		       49 ff		      eor	#$ff
   1666  445e		       39 80 10 	      and	playfield,y
   1667  4461					      ifconst	superchip
   1668  4461		       99 00 10 	      sta	playfield-128,y
   1669  4464				  -	      else
   1670  4464				  -	      sta	playfield,y
   1671  4464					      endif
      0  4464					      RETURN
      1  4464				  -	      ifnconst	bankswitch
      2  4464				  -	      rts
      3  4464					      else
      4  4464		       4c dd ff 	      jmp	BS_return
      5  4467					      endif
   1673  4467
   1674  4467				  -	      else
   1675  4467				  -	      jmp	plotpoint
   1676  4467					      endif
   1677  4467
   1678  4467				   pfhline
   1679  4467							;x=xvalue, y=yvalue, a=0,1,2, temp3=endx
   1680  4467		       20 16 f4 	      jsr	setuppointers
   1681  446a		       4c 74 f4 	      jmp	noinc
   1682  446d				   keepgoing
   1683  446d		       e8		      inx
   1684  446e		       8a		      txa
   1685  446f		       29 07		      and	#7
   1686  4471		       d0 01		      bne	noinc
   1687  4473		       c8		      iny
   1688  4474				   noinc
   1689  4474		       20 99 f4 	      jsr	plotpoint
   1690  4477		       e4 9e		      cpx	temp3
   1691  4479		       30 f2		      bmi	keepgoing
      0  447b					      RETURN
      1  447b				  -	      ifnconst	bankswitch
      2  447b				  -	      rts
      3  447b					      else
      4  447b		       4c dd ff 	      jmp	BS_return
      5  447e					      endif
   1693  447e
   1694  447e				   pfvline
   1695  447e							;x=xvalue, y=yvalue, a=0,1,2, temp3=endx
   1696  447e		       20 16 f4 	      jsr	setuppointers
   1697  4481		       84 9c		      sty	temp1	; store memory location offset
   1698  4483		       e6 9e		      inc	temp3	; increase final x by 1 
   1699  4485		       a5 9e		      lda	temp3
   1700  4487		       0a		      asl
   1701  4488					      if	pfwidth=4
   1702  4488		       0a		      asl		; multiply by 4
   1703  4489					      endif		; else multiply by 2
   1704  4489		       85 9e		      sta	temp3	; store it
   1705  448b							; Thanks to Michael Rideout for fixing a bug in this code
   1706  448b							; right now, temp1=y=starting memory location, temp3=final
   1707  448b							; x should equal original x value
   1708  448b				   keepgoingy
   1709  448b		       20 99 f4 	      jsr	plotpoint
   1710  448e		       c8		      iny
   1711  448f		       c8		      iny
   1712  4490					      if	pfwidth=4
   1713  4490		       c8		      iny
   1714  4491		       c8		      iny
   1715  4492					      endif
   1716  4492		       c4 9e		      cpy	temp3
   1717  4494		       30 f5		      bmi	keepgoingy
      0  4496					      RETURN
      1  4496				  -	      ifnconst	bankswitch
      2  4496				  -	      rts
      3  4496					      else
      4  4496		       4c dd ff 	      jmp	BS_return
      5  4499					      endif
   1719  4499
   1720  4499				   plotpoint
   1721  4499		       a5 9d		      lda	temp2	; load on.off.flip value (0,1, or 2)
   1722  449b		       f0 0d		      beq	pixelon	; if "on" go to on
   1723  449d		       4a		      lsr
   1724  449e		       b0 14		      bcs	pixeloff	; value is 1 if true
   1725  44a0		       b9 80 10 	      lda	playfield,y	; if here, it's "flip"
   1726  44a3		       5d c0 f4 	      eor	setbyte,x
   1727  44a6					      ifconst	superchip
   1728  44a6		       99 00 10 	      sta	playfield-128,y
   1729  44a9				  -	      else
   1730  44a9				  -	      sta	playfield,y
   1731  44a9					      endif
   1732  44a9		       60		      rts
   1733  44aa				   pixelon
   1734  44aa		       b9 80 10 	      lda	playfield,y
   1735  44ad		       1d c0 f4 	      ora	setbyte,x
   1736  44b0					      ifconst	superchip
   1737  44b0		       99 00 10 	      sta	playfield-128,y
   1738  44b3				  -	      else
   1739  44b3				  -	      sta	playfield,y
   1740  44b3					      endif
   1741  44b3		       60		      rts
   1742  44b4				   pixeloff
   1743  44b4		       bd c0 f4 	      lda	setbyte,x
   1744  44b7		       49 ff		      eor	#$ff
   1745  44b9		       39 80 10 	      and	playfield,y
   1746  44bc					      ifconst	superchip
   1747  44bc		       99 00 10 	      sta	playfield-128,y
   1748  44bf				  -	      else
   1749  44bf				  -	      sta	playfield,y
   1750  44bf					      endif
   1751  44bf		       60		      rts
   1752  44c0
   1753  44c0				   setbyte
   1754  44c0					      ifnconst	pfcenter
   1755  44c0		       80		      .byte.b	$80
   1756  44c1		       40		      .byte.b	$40
   1757  44c2		       20		      .byte.b	$20
   1758  44c3		       10		      .byte.b	$10
   1759  44c4		       08		      .byte.b	$08
   1760  44c5		       04		      .byte.b	$04
   1761  44c6		       02		      .byte.b	$02
   1762  44c7		       01		      .byte.b	$01
   1763  44c8					      endif
   1764  44c8		       01		      .byte.b	$01
   1765  44c9		       02		      .byte.b	$02
   1766  44ca		       04		      .byte.b	$04
   1767  44cb		       08		      .byte.b	$08
   1768  44cc		       10		      .byte.b	$10
   1769  44cd		       20		      .byte.b	$20
   1770  44ce		       40		      .byte.b	$40
   1771  44cf		       80		      .byte.b	$80
   1772  44d0		       80		      .byte.b	$80
   1773  44d1		       40		      .byte.b	$40
   1774  44d2		       20		      .byte.b	$20
   1775  44d3		       10		      .byte.b	$10
   1776  44d4		       08		      .byte.b	$08
   1777  44d5		       04		      .byte.b	$04
   1778  44d6		       02		      .byte.b	$02
   1779  44d7		       01		      .byte.b	$01
   1780  44d8		       01		      .byte.b	$01
   1781  44d9		       02		      .byte.b	$02
   1782  44da		       04		      .byte.b	$04
   1783  44db		       08		      .byte.b	$08
   1784  44dc		       10		      .byte.b	$10
   1785  44dd		       20		      .byte.b	$20
   1786  44de		       40		      .byte.b	$40
   1787  44df		       80		      .byte.b	$80
   1788  44e0							; Provided under the CC0 license. See the included LICENSE.txt for details.
   1789  44e0
   1790  44e0				   pfscroll		;(a=0 left, 1 right, 2 up, 4 down, 6=upup, 12=downdown)
   1791  44e0		       d0 2a		      bne	notleft
   1792  44e2							;left
   1793  44e2					      ifconst	pfres
   1794  44e2		       a2 80		      ldx	#pfres*4
   1795  44e4				  -	      else
   1796  44e4				  -	      ldx	#48
   1797  44e4					      endif
   1798  44e4				   leftloop
   1799  44e4		       bd 7f 10 	      lda	playfield-1,x
   1800  44e7		       4a		      lsr
   1801  44e8
   1802  44e8					      ifconst	superchip
   1803  44e8		       bd 7e 10 	      lda	playfield-2,x
   1804  44eb		       2a		      rol
   1805  44ec		       9d fe 0f 	      sta	playfield-130,x
   1806  44ef		       bd 7d 10 	      lda	playfield-3,x
   1807  44f2		       6a		      ror
   1808  44f3		       9d fd 0f 	      sta	playfield-131,x
   1809  44f6		       bd 7c 10 	      lda	playfield-4,x
   1810  44f9		       2a		      rol
   1811  44fa		       9d fc 0f 	      sta	playfield-132,x
   1812  44fd		       bd 7f 10 	      lda	playfield-1,x
   1813  4500		       6a		      ror
   1814  4501		       9d ff 0f 	      sta	playfield-129,x
   1815  4504				  -	      else
   1816  4504				  -	      rol	playfield-2,x
   1817  4504				  -	      ror	playfield-3,x
   1818  4504				  -	      rol	playfield-4,x
   1819  4504				  -	      ror	playfield-1,x
   1820  4504					      endif
   1821  4504
   1822  4504		       8a		      txa
   1823  4505		       cb 04		      sbx	#4
   1824  4507		       d0 db		      bne	leftloop
      0  4509					      RETURN
      1  4509				  -	      ifnconst	bankswitch
      2  4509				  -	      rts
      3  4509					      else
      4  4509		       4c dd ff 	      jmp	BS_return
      5  450c					      endif
   1826  450c
   1827  450c				   notleft
   1828  450c		       4a		      lsr
   1829  450d		       90 2a		      bcc	notright
   1830  450f							;right
   1831  450f
   1832  450f					      ifconst	pfres
   1833  450f		       a2 80		      ldx	#pfres*4
   1834  4511				  -	      else
   1835  4511				  -	      ldx	#48
   1836  4511					      endif
   1837  4511				   rightloop
   1838  4511		       bd 7c 10 	      lda	playfield-4,x
   1839  4514		       4a		      lsr
   1840  4515					      ifconst	superchip
   1841  4515		       bd 7d 10 	      lda	playfield-3,x
   1842  4518		       2a		      rol
   1843  4519		       9d fd 0f 	      sta	playfield-131,x
   1844  451c		       bd 7e 10 	      lda	playfield-2,x
   1845  451f		       6a		      ror
   1846  4520		       9d fe 0f 	      sta	playfield-130,x
   1847  4523		       bd 7f 10 	      lda	playfield-1,x
   1848  4526		       2a		      rol
   1849  4527		       9d ff 0f 	      sta	playfield-129,x
   1850  452a		       bd 7c 10 	      lda	playfield-4,x
   1851  452d		       6a		      ror
   1852  452e		       9d fc 0f 	      sta	playfield-132,x
   1853  4531				  -	      else
   1854  4531				  -	      rol	playfield-3,x
   1855  4531				  -	      ror	playfield-2,x
   1856  4531				  -	      rol	playfield-1,x
   1857  4531				  -	      ror	playfield-4,x
   1858  4531					      endif
   1859  4531		       8a		      txa
   1860  4532		       cb 04		      sbx	#4
   1861  4534		       d0 db		      bne	rightloop
      0  4536					      RETURN
      1  4536				  -	      ifnconst	bankswitch
      2  4536				  -	      rts
      3  4536					      else
      4  4536		       4c dd ff 	      jmp	BS_return
      5  4539					      endif
   1863  4539
   1864  4539				   notright
   1865  4539		       4a		      lsr
   1866  453a		       90 5b		      bcc	notup
   1867  453c							;up
   1868  453c		       4a		      lsr
   1869  453d		       90 02		      bcc	onedecup
   1870  453f		       c6 ef		      dec	playfieldpos
   1871  4541				   onedecup
   1872  4541		       c6 ef		      dec	playfieldpos
   1873  4543		       f0 02		      beq	shiftdown
   1874  4545		       10 4d		      bpl	noshiftdown2
   1875  4547				   shiftdown
   1876  4547				  -	      ifconst	pfrowheight
   1877  4547				  -	      lda	#pfrowheight
   1878  4547					      else
   1879  4547				  -	      ifnconst	pfres
   1880  4547				  -	      lda	#8
   1881  4547					      else
   1882  4547		       a9 03		      lda	#(96/pfres)	; try to come close to the real size
   1883  4549					      endif
   1884  4549					      endif
   1885  4549
   1886  4549		       85 ef		      sta	playfieldpos
   1887  454b		       ad 83 10 	      lda	playfield+3
   1888  454e		       85 9f		      sta	temp4
   1889  4550		       ad 82 10 	      lda	playfield+2
   1890  4553		       85 9e		      sta	temp3
   1891  4555		       ad 81 10 	      lda	playfield+1
   1892  4558		       85 9d		      sta	temp2
   1893  455a		       ad 80 10 	      lda	playfield
   1894  455d		       85 9c		      sta	temp1
   1895  455f		       a2 00		      ldx	#0
   1896  4561				   up2
   1897  4561		       bd 84 10 	      lda	playfield+4,x
   1898  4564					      ifconst	superchip
   1899  4564		       9d 00 10 	      sta	playfield-128,x
   1900  4567		       bd 85 10 	      lda	playfield+5,x
   1901  456a		       9d 01 10 	      sta	playfield-127,x
   1902  456d		       bd 86 10 	      lda	playfield+6,x
   1903  4570		       9d 02 10 	      sta	playfield-126,x
   1904  4573		       bd 87 10 	      lda	playfield+7,x
   1905  4576		       9d 03 10 	      sta	playfield-125,x
   1906  4579				  -	      else
   1907  4579				  -	      sta	playfield,x
   1908  4579				  -	      lda	playfield+5,x
   1909  4579				  -	      sta	playfield+1,x
   1910  4579				  -	      lda	playfield+6,x
   1911  4579				  -	      sta	playfield+2,x
   1912  4579				  -	      lda	playfield+7,x
   1913  4579				  -	      sta	playfield+3,x
   1914  4579					      endif
   1915  4579		       8a		      txa
   1916  457a		       cb fc		      sbx	#252
   1917  457c					      ifconst	pfres
   1918  457c		       e0 7c		      cpx	#(pfres-1)*4
   1919  457e				  -	      else
   1920  457e				  -	      cpx	#44
   1921  457e					      endif
   1922  457e		       d0 e1		      bne	up2
   1923  4580
   1924  4580		       a5 9f		      lda	temp4
   1925  4582
   1926  4582					      ifconst	superchip
   1927  4582					      ifconst	pfres
   1928  4582		       8d 7f 10 	      sta	playfield+pfres*4-129
   1929  4585		       a5 9e		      lda	temp3
   1930  4587		       8d 7e 10 	      sta	playfield+pfres*4-130
   1931  458a		       a5 9d		      lda	temp2
   1932  458c		       8d 7d 10 	      sta	playfield+pfres*4-131
   1933  458f		       a5 9c		      lda	temp1
   1934  4591		       8d 7c 10 	      sta	playfield+pfres*4-132
   1935  4594				  -	      else
   1936  4594				  -	      sta	playfield+47-128
   1937  4594				  -	      lda	temp3
   1938  4594				  -	      sta	playfield+46-128
   1939  4594				  -	      lda	temp2
   1940  4594				  -	      sta	playfield+45-128
   1941  4594				  -	      lda	temp1
   1942  4594				  -	      sta	playfield+44-128
   1943  4594					      endif
   1944  4594				  -	      else
   1945  4594				  -	      ifconst	pfres
   1946  4594				  -	      sta	playfield+pfres*4-1
   1947  4594				  -	      lda	temp3
   1948  4594				  -	      sta	playfield+pfres*4-2
   1949  4594				  -	      lda	temp2
   1950  4594				  -	      sta	playfield+pfres*4-3
   1951  4594				  -	      lda	temp1
   1952  4594				  -	      sta	playfield+pfres*4-4
   1953  4594				  -	      else
   1954  4594				  -	      sta	playfield+47
   1955  4594				  -	      lda	temp3
   1956  4594				  -	      sta	playfield+46
   1957  4594				  -	      lda	temp2
   1958  4594				  -	      sta	playfield+45
   1959  4594				  -	      lda	temp1
   1960  4594				  -	      sta	playfield+44
   1961  4594				  -	      endif
   1962  4594					      endif
   1963  4594				   noshiftdown2
      0  4594					      RETURN
      1  4594				  -	      ifnconst	bankswitch
      2  4594				  -	      rts
      3  4594					      else
      4  4594		       4c dd ff 	      jmp	BS_return
      5  4597					      endif
   1965  4597
   1966  4597
   1967  4597				   notup
   1968  4597							;down
   1969  4597		       4a		      lsr
   1970  4598		       b0 02		      bcs	oneincup
   1971  459a		       e6 ef		      inc	playfieldpos
   1972  459c				   oneincup
   1973  459c		       e6 ef		      inc	playfieldpos
   1974  459e		       a5 ef		      lda	playfieldpos
   1975  45a0
   1976  45a0				  -	      ifconst	pfrowheight
   1977  45a0				  -	      cmp	#pfrowheight+1
   1978  45a0					      else
   1979  45a0				  -	      ifnconst	pfres
   1980  45a0				  -	      cmp	#9
   1981  45a0					      else
   1982  45a0		       c9 04		      cmp	#(96/pfres)+1	; try to come close to the real size
   1983  45a2					      endif
   1984  45a2					      endif
   1985  45a2
   1986  45a2		       90 4b		      bcc	noshiftdown
   1987  45a4		       a9 01		      lda	#1
   1988  45a6		       85 ef		      sta	playfieldpos
   1989  45a8
   1990  45a8					      ifconst	pfres
   1991  45a8		       ad ff 10 	      lda	playfield+pfres*4-1
   1992  45ab		       85 9f		      sta	temp4
   1993  45ad		       ad fe 10 	      lda	playfield+pfres*4-2
   1994  45b0		       85 9e		      sta	temp3
   1995  45b2		       ad fd 10 	      lda	playfield+pfres*4-3
   1996  45b5		       85 9d		      sta	temp2
   1997  45b7		       ad fc 10 	      lda	playfield+pfres*4-4
   1998  45ba				  -	      else
   1999  45ba				  -	      lda	playfield+47
   2000  45ba				  -	      sta	temp4
   2001  45ba				  -	      lda	playfield+46
   2002  45ba				  -	      sta	temp3
   2003  45ba				  -	      lda	playfield+45
   2004  45ba				  -	      sta	temp2
   2005  45ba				  -	      lda	playfield+44
   2006  45ba					      endif
   2007  45ba
   2008  45ba		       85 9c		      sta	temp1
   2009  45bc
   2010  45bc					      ifconst	pfres
   2011  45bc		       a2 7c		      ldx	#(pfres-1)*4
   2012  45be				  -	      else
   2013  45be				  -	      ldx	#44
   2014  45be					      endif
   2015  45be				   down2
   2016  45be		       bd 7f 10 	      lda	playfield-1,x
   2017  45c1					      ifconst	superchip
   2018  45c1		       9d 03 10 	      sta	playfield-125,x
   2019  45c4		       bd 7e 10 	      lda	playfield-2,x
   2020  45c7		       9d 02 10 	      sta	playfield-126,x
   2021  45ca		       bd 7d 10 	      lda	playfield-3,x
   2022  45cd		       9d 01 10 	      sta	playfield-127,x
   2023  45d0		       bd 7c 10 	      lda	playfield-4,x
   2024  45d3		       9d 00 10 	      sta	playfield-128,x
   2025  45d6				  -	      else
   2026  45d6				  -	      sta	playfield+3,x
   2027  45d6				  -	      lda	playfield-2,x
   2028  45d6				  -	      sta	playfield+2,x
   2029  45d6				  -	      lda	playfield-3,x
   2030  45d6				  -	      sta	playfield+1,x
   2031  45d6				  -	      lda	playfield-4,x
   2032  45d6				  -	      sta	playfield,x
   2033  45d6					      endif
   2034  45d6		       8a		      txa
   2035  45d7		       cb 04		      sbx	#4
   2036  45d9		       d0 e3		      bne	down2
   2037  45db
   2038  45db		       a5 9f		      lda	temp4
   2039  45dd					      ifconst	superchip
   2040  45dd		       8d 03 10 	      sta	playfield-125
   2041  45e0		       a5 9e		      lda	temp3
   2042  45e2		       8d 02 10 	      sta	playfield-126
   2043  45e5		       a5 9d		      lda	temp2
   2044  45e7		       8d 01 10 	      sta	playfield-127
   2045  45ea		       a5 9c		      lda	temp1
   2046  45ec		       8d 00 10 	      sta	playfield-128
   2047  45ef				  -	      else
   2048  45ef				  -	      sta	playfield+3
   2049  45ef				  -	      lda	temp3
   2050  45ef				  -	      sta	playfield+2
   2051  45ef				  -	      lda	temp2
   2052  45ef				  -	      sta	playfield+1
   2053  45ef				  -	      lda	temp1
   2054  45ef				  -	      sta	playfield
   2055  45ef					      endif
   2056  45ef				   noshiftdown
      0  45ef					      RETURN
      1  45ef				  -	      ifnconst	bankswitch
      2  45ef				  -	      rts
      3  45ef					      else
      4  45ef		       4c dd ff 	      jmp	BS_return
      5  45f2					      endif
   2058  45f2							; Provided under the CC0 license. See the included LICENSE.txt for details.
   2059  45f2
   2060  45f2							;standard routines needed for pretty much all games
   2061  45f2							; just the random number generator is left - maybe we should remove this asm file altogether?
   2062  45f2							; repositioning code and score pointer setup moved to overscan
   2063  45f2							; read switches, joysticks now compiler generated (more efficient)
   2064  45f2
   2065  45f2				   randomize
   2066  45f2		       a5 a2		      lda	rand
   2067  45f4		       4a		      lsr
   2068  45f5				  -	      ifconst	rand16
   2069  45f5				  -	      rol	rand16
   2070  45f5					      endif
   2071  45f5		       90 02		      bcc	noeor
   2072  45f7		       49 b4		      eor	#$B4
   2073  45f9				   noeor
   2074  45f9		       85 a2		      sta	rand
   2075  45fb				  -	      ifconst	rand16
   2076  45fb				  -	      eor	rand16
   2077  45fb					      endif
      0  45fb					      RETURN
      1  45fb				  -	      ifnconst	bankswitch
      2  45fb				  -	      rts
      3  45fb					      else
      4  45fb		       4c dd ff 	      jmp	BS_return
      5  45fe					      endif
   2079  45fe							; Provided under the CC0 license. See the included LICENSE.txt for details.
   2080  45fe
   2081  45fe				   drawscreen
   2082  45fe				  -	      ifconst	debugscore
   2083  45fe				  -	      ldx	#14
   2084  45fe				  -	      lda	INTIM	; display # cycles left in the score
   2085  45fe				  -
   2086  45fe				  -	      ifconst	mincycles
   2087  45fe				  -	      lda	mincycles
   2088  45fe				  -	      cmp	INTIM
   2089  45fe				  -	      lda	mincycles
   2090  45fe				  -	      bcc	nochange
   2091  45fe				  -	      lda	INTIM
   2092  45fe				  -	      sta	mincycles
   2093  45fe				  -nochange
   2094  45fe				  -	      endif
   2095  45fe				  -
   2096  45fe				  -			; cmp #$2B
   2097  45fe				  -			; bcs no_cycles_left
   2098  45fe				  -	      bmi	cycles_left
   2099  45fe				  -	      ldx	#64
   2100  45fe				  -	      eor	#$ff	;make negative
   2101  45fe				  -cycles_left
   2102  45fe				  -	      stx	scorecolor
   2103  45fe				  -	      and	#$7f	; clear sign bit
   2104  45fe				  -	      tax
   2105  45fe				  -	      lda	scorebcd,x
   2106  45fe				  -	      sta	score+2
   2107  45fe				  -	      lda	scorebcd1,x
   2108  45fe				  -	      sta	score+1
   2109  45fe				  -	      jmp	done_debugscore
   2110  45fe				  -scorebcd
   2111  45fe				  -	      .byte	$00, $64, $28, $92, $56, $20, $84, $48, $12, $76, $40
   2112  45fe				  -	      .byte	$04, $68, $32, $96, $60, $24, $88, $52, $16, $80, $44
   2113  45fe				  -	      .byte	$08, $72, $36, $00, $64, $28, $92, $56, $20, $84, $48
   2114  45fe				  -	      .byte	$12, $76, $40, $04, $68, $32, $96, $60, $24, $88
   2115  45fe				  -scorebcd1
   2116  45fe				  -	      .byte	0, 0, 1, 1, 2, 3, 3, 4, 5, 5, 6
   2117  45fe				  -	      .byte	7, 7, 8, 8, 9, $10, $10, $11, $12, $12, $13
   2118  45fe				  -	      .byte	$14, $14, $15, $16, $16, $17, $17, $18, $19, $19, $20
   2119  45fe				  -	      .byte	$21, $21, $22, $23, $23, $24, $24, $25, $26, $26
   2120  45fe				  -done_debugscore
   2121  45fe					      endif
   2122  45fe
   2123  45fe				  -	      ifconst	debugcycles
   2124  45fe				  -	      lda	INTIM	; if we go over, it mucks up the background color
   2125  45fe				  -			; cmp #$2B
   2126  45fe				  -			; BCC overscan
   2127  45fe				  -	      bmi	overscan
   2128  45fe				  -	      sta	COLUBK
   2129  45fe				  -	      bcs	doneoverscan
   2130  45fe					      endif
   2131  45fe
   2132  45fe				   overscan
   2133  45fe				  -	      ifconst	interlaced
   2134  45fe				  -	      PHP
   2135  45fe				  -	      PLA
   2136  45fe				  -	      EOR	#4	; flip interrupt bit
   2137  45fe				  -	      PHA
   2138  45fe				  -	      PLP
   2139  45fe				  -	      AND	#4	; isolate the interrupt bit
   2140  45fe				  -	      TAX		; save it for later
   2141  45fe					      endif
   2142  45fe
   2143  45fe				   overscanloop
   2144  45fe		       ad 84 02 	      lda	INTIM	;wait for sync
   2145  4601		       30 fb		      bmi	overscanloop
   2146  4603				   doneoverscan
   2147  4603
   2148  4603							;do VSYNC
   2149  4603
   2150  4603				  -	      ifconst	interlaced
   2151  4603				  -	      CPX	#4
   2152  4603				  -	      BNE	oddframevsync
   2153  4603					      endif
   2154  4603
   2155  4603		       a9 02		      lda	#2
   2156  4605		       85 02		      sta	WSYNC
   2157  4607		       85 00		      sta	VSYNC
   2158  4609		       85 02		      STA	WSYNC
   2159  460b		       85 02		      STA	WSYNC
   2160  460d		       4a		      lsr
   2161  460e		       85 02		      STA	WSYNC
   2162  4610		       85 00		      STA	VSYNC
   2163  4612		       85 01		      sta	VBLANK
   2164  4614					      ifnconst	overscan_time
   2165  4614		       a9 a5		      lda	#37+128
   2166  4616				  -	      else
   2167  4616				  -	      lda	#overscan_time+128
   2168  4616					      endif
   2169  4616		       8d 96 02 	      sta	TIM64T
   2170  4619
   2171  4619				  -	      ifconst	interlaced
   2172  4619				  -	      jmp	postsync
   2173  4619				  -
   2174  4619				  -oddframevsync
   2175  4619				  -	      sta	WSYNC
   2176  4619				  -
   2177  4619				  -	      LDA	($80,X)	; 11 waste
   2178  4619				  -	      LDA	($80,X)	; 11 waste
   2179  4619				  -	      LDA	($80,X)	; 11 waste
   2180  4619				  -
   2181  4619				  -	      lda	#2
   2182  4619				  -	      sta	VSYNC
   2183  4619				  -	      sta	WSYNC
   2184  4619				  -	      sta	WSYNC
   2185  4619				  -	      sta	WSYNC
   2186  4619				  -
   2187  4619				  -	      LDA	($80,X)	; 11 waste
   2188  4619				  -	      LDA	($80,X)	; 11 waste
   2189  4619				  -	      LDA	($80,X)	; 11 waste
   2190  4619				  -
   2191  4619				  -	      lda	#0
   2192  4619				  -	      sta	VSYNC
   2193  4619				  -	      sta	VBLANK
   2194  4619				  -	      ifnconst	overscan_time
   2195  4619				  -	      lda	#37+128
   2196  4619				  -	      else
   2197  4619				  -	      lda	#overscan_time+128
   2198  4619				  -	      endif
   2199  4619				  -	      sta	TIM64T
   2200  4619				  -
   2201  4619				  -postsync
   2202  4619					      endif
   2203  4619
   2204  4619				  -	      ifconst	legacy
   2205  4619				  -	      if	legacy < 100
   2206  4619				  -	      ldx	#4
   2207  4619				  -adjustloop
   2208  4619				  -	      lda	player0x,x
   2209  4619				  -	      sec
   2210  4619				  -	      sbc	#14	;?
   2211  4619				  -	      sta	player0x,x
   2212  4619				  -	      dex
   2213  4619				  -	      bpl	adjustloop
   2214  4619				  -	      endif
   2215  4619					      endif
   2216  4619				  -	      if	((<*)>$e9)&&((<*)<$fa)
   2217  4619				  -	      repeat	($fa-(<*))
   2218  4619				  -	      nop
   2219  4619				  -	      repend
   2220  4619					      endif
   2221  4619		       85 02		      sta	WSYNC
   2222  461b		       a2 04		      ldx	#4
      0  461d					      SLEEP	3
      1  461d				   .CYCLES    SET	3
      2  461d
      3  461d				  -	      IF	.CYCLES < 2
      4  461d				  -	      ECHO	"MACRO ERROR: 'SLEEP': Duration must be > 1"
      5  461d				  -	      ERR
      6  461d					      ENDIF
      7  461d
      8  461d					      IF	.CYCLES & 1
      9  461d					      IFNCONST	NO_ILLEGAL_OPCODES
     10  461d		       04 00		      nop	0
     11  461f				  -	      ELSE
     12  461f				  -	      bit	VSYNC
     13  461f					      ENDIF
     14  461f				   .CYCLES    SET	.CYCLES - 3
     15  461f					      ENDIF
     16  461f
     17  461f				  -	      REPEAT	.CYCLES / 2
     18  461f				  -	      nop
     19  461f					      REPEND
   2224  461f				   HorPosLoop		; 5
   2225  461f		       b5 80		      lda	player0x,X	;+4 9
   2226  4621		       38		      sec		;+2 11
   2227  4622				   DivideLoop
   2228  4622		       e9 0f		      sbc	#15
   2229  4624		       b0 fc		      bcs	DivideLoop	;+4 15
   2230  4626		       95 9c		      sta	temp1,X	;+4 19
   2231  4628		       95 10		      sta	RESP0,X	;+4 23
   2232  462a		       85 02		      sta	WSYNC
   2233  462c		       ca		      dex
   2234  462d		       10 f0		      bpl	HorPosLoop	;+5 5
   2235  462f							; 4
   2236  462f
   2237  462f		       a2 04		      ldx	#4
   2238  4631		       b4 9c		      ldy	temp1,X
   2239  4633		       b9 8f f5 	      lda	repostable-256,Y
   2240  4636		       95 20		      sta	HMP0,X	;+14 18
   2241  4638
   2242  4638		       ca		      dex
   2243  4639		       b4 9c		      ldy	temp1,X
   2244  463b		       b9 8f f5 	      lda	repostable-256,Y
   2245  463e		       95 20		      sta	HMP0,X	;+14 32
   2246  4640
   2247  4640		       ca		      dex
   2248  4641		       b4 9c		      ldy	temp1,X
   2249  4643		       b9 8f f5 	      lda	repostable-256,Y
   2250  4646		       95 20		      sta	HMP0,X	;+14 46
   2251  4648
   2252  4648		       ca		      dex
   2253  4649		       b4 9c		      ldy	temp1,X
   2254  464b		       b9 8f f5 	      lda	repostable-256,Y
   2255  464e		       95 20		      sta	HMP0,X	;+14 60
   2256  4650
   2257  4650		       ca		      dex
   2258  4651		       b4 9c		      ldy	temp1,X
   2259  4653		       b9 8f f5 	      lda	repostable-256,Y
   2260  4656		       95 20		      sta	HMP0,X	;+14 74
   2261  4658
   2262  4658		       85 02		      sta	WSYNC
   2263  465a
   2264  465a		       85 2a		      sta	HMOVE	;+3 3
   2265  465c
   2266  465c
   2267  465c				  -	      ifconst	legacy
   2268  465c				  -	      if	legacy < 100
   2269  465c				  -	      ldx	#4
   2270  465c				  -adjustloop2
   2271  465c				  -	      lda	player0x,x
   2272  465c				  -	      clc
   2273  465c				  -	      adc	#14	;?
   2274  465c				  -	      sta	player0x,x
   2275  465c				  -	      dex
   2276  465c				  -	      bpl	adjustloop2
   2277  465c				  -	      endif
   2278  465c					      endif
   2279  465c
   2280  465c
   2281  465c
   2282  465c
   2283  465c							;set score pointers
   2284  465c		       a7 95		      lax	score+2
   2285  465e		       20 8f f6 	      jsr	scorepointerset
   2286  4661		       84 9b		      sty	scorepointers+5
   2287  4663		       86 98		      stx	scorepointers+2
   2288  4665		       a7 94		      lax	score+1
   2289  4667		       20 8f f6 	      jsr	scorepointerset
   2290  466a		       84 9a		      sty	scorepointers+4
   2291  466c		       86 97		      stx	scorepointers+1
   2292  466e		       a7 93		      lax	score
   2293  4670		       20 8f f6 	      jsr	scorepointerset
   2294  4673		       84 99		      sty	scorepointers+3
   2295  4675		       86 96		      stx	scorepointers
   2296  4677
   2297  4677				   vblk
   2298  4677							; run possible vblank bB code
   2299  4677				  -	      ifconst	vblank_bB_code
   2300  4677				  -	      jsr	vblank_bB_code
   2301  4677					      endif
   2302  4677				   vblk2
   2303  4677		       ad 84 02 	      LDA	INTIM
   2304  467a		       30 fb		      bmi	vblk2
   2305  467c		       4c 00 f1 	      jmp	kernel
   2306  467f
   2307  467f
   2308  467f		       80 70 60 50*	      .byte.b	$80,$70,$60,$50,$40,$30,$20,$10,$00
   2309  4688		       f0 e0 d0 c0*	      .byte.b	$F0,$E0,$D0,$C0,$B0,$A0,$90
   2310  468f				   repostable
   2311  468f
   2312  468f				   scorepointerset
   2313  468f		       29 0f		      and	#$0F
   2314  4691		       0a		      asl
   2315  4692		       0a		      asl
   2316  4693		       0a		      asl
   2317  4694		       69 74		      adc	#<scoretable
   2318  4696		       a8		      tay
   2319  4697		       8a		      txa
   2320  4698							; and #$F0
   2321  4698							; lsr
   2322  4698		       4b f0		      asr	#$F0
   2323  469a		       69 74		      adc	#<scoretable
   2324  469c		       aa		      tax
   2325  469d		       60		      rts
   2326  469e							;bB.asm
   2327  469e							; bB.asm file is split here
   2328  469e				  -	      if	(<*) > (<(*+3))
   2329  469e				  -	      repeat	($100-<*)
   2330  469e				  -	      .byte	0
   2331  469e				  -	      repend
   2332  469e					      endif
   2333  469e				   playerL012_0
   2334  469e		       f0		      .byte.b	%11110000
   2335  469f		       f0		      .byte.b	%11110000
   2336  46a0		       f0		      .byte.b	%11110000
   2337  46a1		       f0		      .byte.b	%11110000
   2338  46a2				  -	      if	(<*) > (<(*+3))
   2339  46a2				  -	      repeat	($100-<*)
   2340  46a2				  -	      .byte	0
   2341  46a2				  -	      repend
   2342  46a2					      endif
   2343  46a2				   playerL013_1
   2344  46a2		       ff		      .byte.b	%11111111
   2345  46a3		       ff		      .byte.b	%11111111
   2346  46a4		       ff		      .byte.b	%11111111
   2347  46a5		       ff		      .byte.b	%11111111
   2348  46a6					      if	ECHOFIRST
      2254 bytes of ROM space left in bank 4
   2349  46a6					      echo	"    ",[(scoretable - *)]d , "bytes of ROM space left in bank 4")
   2350  46a6					      endif
   2351  46a6		       00 01	   ECHOFIRST  =	1
   2352  46a6
   2353  46a6
   2354  46a6							; Provided under the CC0 license. See the included LICENSE.txt for details.
   2355  46a6							; font equates
   2356  46a6		       00 01	   .21stcentury =	1
   2357  46a6		       00 02	   alarmclock =	2
   2358  46a6		       00 03	   handwritten =	3
   2359  46a6		       00 04	   interrupted =	4
   2360  46a6		       00 05	   retroputer =	5
   2361  46a6		       00 06	   whimsey    =	6
   2362  46a6		       00 07	   tiny       =	7
   2363  46a6		       00 08	   hex	      =	8
   2364  46a6
   2365  46a6							; feel free to modify the score graphics - just keep each digit 8 high
   2366  46a6							; and keep the conditional compilation stuff intact
   2367  46a6					      ifnconst	PXE
   2368  46a6				  -	      ifconst	ROM2k
   2369  46a6				  -	      ORG	$F7AC-8
   2370  46a6					      else
   2371  46a6					      ifconst	bankswitch
   2372  46a6				  -	      if	bankswitch == 8
   2373  46a6				  -	      ORG	$2F94-bscode_length
   2374  46a6				  -	      RORG	$FF94-bscode_length
   2375  46a6					      endif
   2376  46a6					      if	bankswitch == 16
   2377  4f74					      ORG	$4F94-bscode_length
   2378  4f74					      RORG	$FF94-bscode_length
   2379  4f74					      endif
   2380  4f74				  -	      if	bankswitch == 32
   2381  4f74				  -	      ORG	$8F94-bscode_length
   2382  4f74				  -	      RORG	$FF94-bscode_length
   2383  4f74					      endif
   2384  4f74				  -	      if	bankswitch == 64
   2385  4f74				  -	      ORG	$10F80-bscode_length
   2386  4f74				  -	      RORG	$1FF80-bscode_length
   2387  4f74					      endif
   2388  4f74				  -	      else
   2389  4f74				  -	      ORG	$FF9C
   2390  4f74					      endif
   2391  4f74					      endif
   2392  4f74
   2393  4f74
   2394  4f74				  -	      ifconst	font
   2395  4f74				  -	      if	font == hex
   2396  4f74				  -	      ORG	. - 48
   2397  4f74				  -	      endif
   2398  4f74					      endif
   2399  4f74					      endif
   2400  4f74
   2401  4f74				   scoretable
   2402  4f74
   2403  4f74				  -	      ifconst	font
   2404  4f74				  -	      if	font == .21stcentury
   2405  4f74				  -	      include	"score_graphics.asm.21stcentury"
   2406  4f74				  -	      endif
   2407  4f74				  -	      if	font == alarmclock
   2408  4f74				  -	      include	"score_graphics.asm.alarmclock"
   2409  4f74				  -	      endif
   2410  4f74				  -	      if	font == handwritten
   2411  4f74				  -	      include	"score_graphics.asm.handwritten"
   2412  4f74				  -	      endif
   2413  4f74				  -	      if	font == interrupted
   2414  4f74				  -	      include	"score_graphics.asm.interrupted"
   2415  4f74				  -	      endif
   2416  4f74				  -	      if	font == retroputer
   2417  4f74				  -	      include	"score_graphics.asm.retroputer"
   2418  4f74				  -	      endif
   2419  4f74				  -	      if	font == whimsey
   2420  4f74				  -	      include	"score_graphics.asm.whimsey"
   2421  4f74				  -	      endif
   2422  4f74				  -	      if	font == tiny
   2423  4f74				  -	      include	"score_graphics.asm.tiny"
   2424  4f74				  -	      endif
   2425  4f74				  -	      if	font == hex
   2426  4f74				  -	      include	"score_graphics.asm.hex"
   2427  4f74				  -	      endif
   2428  4f74					      else		; default font
   2429  4f74
   2430  4f74		       3c		      .byte.b	%00111100
   2431  4f75		       66		      .byte.b	%01100110
   2432  4f76		       66		      .byte.b	%01100110
   2433  4f77		       66		      .byte.b	%01100110
   2434  4f78		       66		      .byte.b	%01100110
   2435  4f79		       66		      .byte.b	%01100110
   2436  4f7a		       66		      .byte.b	%01100110
   2437  4f7b		       3c		      .byte.b	%00111100
   2438  4f7c
   2439  4f7c		       7e		      .byte.b	%01111110
   2440  4f7d		       18		      .byte.b	%00011000
   2441  4f7e		       18		      .byte.b	%00011000
   2442  4f7f		       18		      .byte.b	%00011000
   2443  4f80		       18		      .byte.b	%00011000
   2444  4f81		       38		      .byte.b	%00111000
   2445  4f82		       18		      .byte.b	%00011000
   2446  4f83		       08		      .byte.b	%00001000
   2447  4f84
   2448  4f84		       7e		      .byte.b	%01111110
   2449  4f85		       60		      .byte.b	%01100000
   2450  4f86		       60		      .byte.b	%01100000
   2451  4f87		       3c		      .byte.b	%00111100
   2452  4f88		       06		      .byte.b	%00000110
   2453  4f89		       06		      .byte.b	%00000110
   2454  4f8a		       46		      .byte.b	%01000110
   2455  4f8b		       3c		      .byte.b	%00111100
   2456  4f8c
   2457  4f8c		       3c		      .byte.b	%00111100
   2458  4f8d		       46		      .byte.b	%01000110
   2459  4f8e		       06		      .byte.b	%00000110
   2460  4f8f		       06		      .byte.b	%00000110
   2461  4f90		       1c		      .byte.b	%00011100
   2462  4f91		       06		      .byte.b	%00000110
   2463  4f92		       46		      .byte.b	%01000110
   2464  4f93		       3c		      .byte.b	%00111100
   2465  4f94
   2466  4f94		       0c		      .byte.b	%00001100
   2467  4f95		       0c		      .byte.b	%00001100
   2468  4f96		       7e		      .byte.b	%01111110
   2469  4f97		       4c		      .byte.b	%01001100
   2470  4f98		       4c		      .byte.b	%01001100
   2471  4f99		       2c		      .byte.b	%00101100
   2472  4f9a		       1c		      .byte.b	%00011100
   2473  4f9b		       0c		      .byte.b	%00001100
   2474  4f9c
   2475  4f9c		       3c		      .byte.b	%00111100
   2476  4f9d		       46		      .byte.b	%01000110
   2477  4f9e		       06		      .byte.b	%00000110
   2478  4f9f		       06		      .byte.b	%00000110
   2479  4fa0		       3c		      .byte.b	%00111100
   2480  4fa1		       60		      .byte.b	%01100000
   2481  4fa2		       60		      .byte.b	%01100000
   2482  4fa3		       7e		      .byte.b	%01111110
   2483  4fa4
   2484  4fa4		       3c		      .byte.b	%00111100
   2485  4fa5		       66		      .byte.b	%01100110
   2486  4fa6		       66		      .byte.b	%01100110
   2487  4fa7		       66		      .byte.b	%01100110
   2488  4fa8		       7c		      .byte.b	%01111100
   2489  4fa9		       60		      .byte.b	%01100000
   2490  4faa		       62		      .byte.b	%01100010
   2491  4fab		       3c		      .byte.b	%00111100
   2492  4fac
   2493  4fac		       30		      .byte.b	%00110000
   2494  4fad		       30		      .byte.b	%00110000
   2495  4fae		       30		      .byte.b	%00110000
   2496  4faf		       18		      .byte.b	%00011000
   2497  4fb0		       0c		      .byte.b	%00001100
   2498  4fb1		       06		      .byte.b	%00000110
   2499  4fb2		       42		      .byte.b	%01000010
   2500  4fb3		       3e		      .byte.b	%00111110
   2501  4fb4
   2502  4fb4		       3c		      .byte.b	%00111100
   2503  4fb5		       66		      .byte.b	%01100110
   2504  4fb6		       66		      .byte.b	%01100110
   2505  4fb7		       66		      .byte.b	%01100110
   2506  4fb8		       3c		      .byte.b	%00111100
   2507  4fb9		       66		      .byte.b	%01100110
   2508  4fba		       66		      .byte.b	%01100110
   2509  4fbb		       3c		      .byte.b	%00111100
   2510  4fbc
   2511  4fbc		       3c		      .byte.b	%00111100
   2512  4fbd		       46		      .byte.b	%01000110
   2513  4fbe		       06		      .byte.b	%00000110
   2514  4fbf		       3e		      .byte.b	%00111110
   2515  4fc0		       66		      .byte.b	%01100110
   2516  4fc1		       66		      .byte.b	%01100110
   2517  4fc2		       66		      .byte.b	%01100110
   2518  4fc3		       3c		      .byte.b	%00111100
   2519  4fc4
   2520  4fc4					      ifnconst	DPC_kernel_options
   2521  4fc4
   2522  4fc4		       00		      .byte.b	%00000000
   2523  4fc5		       00		      .byte.b	%00000000
   2524  4fc6		       00		      .byte.b	%00000000
   2525  4fc7		       00		      .byte.b	%00000000
   2526  4fc8		       00		      .byte.b	%00000000
   2527  4fc9		       00		      .byte.b	%00000000
   2528  4fca		       00		      .byte.b	%00000000
   2529  4fcb		       00		      .byte.b	%00000000
   2530  4fcc
   2531  4fcc					      endif
   2532  4fcc
   2533  4fcc					      endif
   2534  4fcc
   2535  4fcc					      ifnconst	PXE
   2536  4fcc				  -	      ifconst	ROM2k
   2537  4fcc				  -	      ORG	$F7FC
   2538  4fcc					      else
   2539  4fcc					      ifconst	bankswitch
   2540  4fcc				  -	      if	bankswitch == 8
   2541  4fcc				  -	      ORG	$2FF4-bscode_length
   2542  4fcc				  -	      RORG	$FFF4-bscode_length
   2543  4fcc					      endif
   2544  4fcc					      if	bankswitch == 16
   2545  4fd4					      ORG	$4FF4-bscode_length
   2546  4fd4					      RORG	$FFF4-bscode_length
   2547  4fd4					      endif
   2548  4fd4				  -	      if	bankswitch == 32
   2549  4fd4				  -	      ORG	$8FF4-bscode_length
   2550  4fd4				  -	      RORG	$FFF4-bscode_length
   2551  4fd4					      endif
   2552  4fd4				  -	      if	bankswitch == 64
   2553  4fd4				  -	      ORG	$10FE0-bscode_length
   2554  4fd4				  -	      RORG	$1FFE0-bscode_length
   2555  4fd4					      endif
   2556  4fd4				  -	      else
   2557  4fd4				  -	      ORG	$FFFC
   2558  4fd4					      endif
   2559  4fd4					      endif
   2560  4fd4					      endif
   2561  4fd4							; Provided under the CC0 license. See the included LICENSE.txt for details.
   2562  4fd4
   2563  4fd4							; every bank has this stuff at the same place
   2564  4fd4							; this code can switch to/from any bank at any entry point
   2565  4fd4							; and can preserve register values
   2566  4fd4							; note: lines not starting with a space are not placed in all banks
   2567  4fd4							;
   2568  4fd4							; line below tells the compiler how long this is - do not remove
   2569  4fd4							;size=32
   2570  4fd4
   2571  4fd4				   begin_bscode
   2572  4fd4		       a2 ff		      ldx	#$ff
   2573  4fd6				  -	      ifconst	FASTFETCH	; using DPC+
   2574  4fd6				  -	      stx	FASTFETCH
   2575  4fd6					      endif
   2576  4fd6		       9a		      txs
   2577  4fd7				  -	      if	bankswitch == 64
   2578  4fd7				  -	      lda	#(((>(start-1)) & $0F) | $F0)
   2579  4fd7					      else
   2580  4fd7		       a9 f3		      lda	#>(start-1)
   2581  4fd9					      endif
   2582  4fd9		       48		      pha
   2583  4fda		       a9 cc		      lda	#<(start-1)
   2584  4fdc		       48		      pha
   2585  4fdd
   2586  4fdd				   BS_return
   2587  4fdd		       48		      pha
   2588  4fde		       8a		      txa
   2589  4fdf		       48		      pha
   2590  4fe0		       ba		      tsx
   2591  4fe1
   2592  4fe1					      if	bankswitch != 64
   2593  4fe1		       b5 04		      lda	4,x	; get high byte of return address
   2594  4fe3
   2595  4fe3		       2a		      rol
   2596  4fe4		       2a		      rol
   2597  4fe5		       2a		      rol
   2598  4fe6		       2a		      rol
   2599  4fe7		       29 03		      and	#bs_mask	;1 3 or 7 for F8/F6/F4
   2600  4fe9		       aa		      tax
   2601  4fea		       e8		      inx
   2602  4feb				  -	      else
   2603  4feb				  -	      lda	4,x	; get high byte of return address
   2604  4feb				  -	      tay
   2605  4feb				  -	      ora	#$10	; change our bank nibble into a valid rom mirror
   2606  4feb				  -	      sta	4,x
   2607  4feb				  -	      tya
   2608  4feb				  -	      lsr
   2609  4feb				  -	      lsr
   2610  4feb				  -	      lsr
   2611  4feb				  -	      lsr
   2612  4feb				  -	      tax
   2613  4feb				  -	      inx
   2614  4feb					      endif
   2615  4feb
   2616  4feb				   BS_jsr
   2617  4feb		       bd f5 1f 	      lda	bankswitch_hotspot-1,x
   2618  4fee		       68		      pla
   2619  4fef		       aa		      tax
   2620  4ff0		       68		      pla
   2621  4ff1		       60		      rts
   2622  4ff2				  -	      if	((* & $1FFF) > ((bankswitch_hotspot & $1FFF) - 1))
   2623  4ff2				  -	      echo	"WARNING: size parameter in banksw.asm too small - the program probably will not work."
   2624  4ff2				  -	      echo	"Change to",[(*-begin_bscode+1)&$FF]d,"and try again."
   2625  4ff2					      endif
   2626  4ff2							; Provided under the CC0 license. See the included LICENSE.txt for details.
   2627  4ff2
   2628  4ff2					      ifconst	bankswitch
   2629  4ff2				  -	      if	bankswitch == 8
   2630  4ff2				  -	      ORG	$2FFC
   2631  4ff2				  -	      RORG	$FFFC
   2632  4ff2					      endif
   2633  4ff2					      if	bankswitch == 16
   2634  4ffc					      ORG	$4FFC
   2635  4ffc					      RORG	$FFFC
   2636  4ffc					      endif
   2637  4ffc				  -	      if	bankswitch == 32
   2638  4ffc				  -	      ORG	$8FFC
   2639  4ffc				  -	      RORG	$FFFC
   2640  4ffc					      endif
   2641  4ffc				  -	      if	bankswitch == 64
   2642  4ffc				  -	      ORG	$10FF0
   2643  4ffc				  -	      RORG	$1FFF0
   2644  4ffc				  -	      lda	$ffe0	; we use wasted space to assist stella with EF format auto-detection
   2645  4ffc				  -	      ORG	$10FF8
   2646  4ffc				  -	      RORG	$1FFF8
   2647  4ffc				  -	      ifconst	superchip
   2648  4ffc				  -	      .byte	"E","F","S","C"
   2649  4ffc				  -	      else
   2650  4ffc				  -	      .byte	"E","F","E","F"
   2651  4ffc				  -	      endif
   2652  4ffc				  -	      ORG	$10FFC
   2653  4ffc				  -	      RORG	$1FFFC
   2654  4ffc					      endif
   2655  4ffc				  -	      else
   2656  4ffc				  -	      ifconst	ROM2k
   2657  4ffc				  -	      ORG	$F7FC
   2658  4ffc				  -	      else
   2659  4ffc				  -	      ORG	$FFFC
   2660  4ffc				  -	      endif
   2661  4ffc					      endif
   2662  4ffc		       cd f3		      .word.w	(start & $ffff)
   2663  4ffe		       cd f3		      .word.w	(start & $ffff)
