------- FILE split_adv2.bas.asm LEVEL 1 PASS 2
      1  5000 ????						; Provided under the CC0 license. See the included LICENSE.txt for details.
      2  5000 ????
      3  5000 ????				      processor	6502
------- FILE vcs.h LEVEL 2 PASS 2
      0  5000 ????				      include	"vcs.h"
      1  5000 ????						; Provided under the CC0 license. See the included LICENSE.txt for details.
      2  5000 ????
      3  5000 ????						; VCS.H
      4  5000 ????						; Version 1.05, 13/November/2003
      5  5000 ????
      6  5000 ????	       00 69	   VERSION_VCS =	105
      7  5000 ????
      8  5000 ????						; THIS IS A PRELIMINARY RELEASE OF *THE* "STANDARD" VCS.H
      9  5000 ????						; THIS FILE IS EXPLICITLY SUPPORTED AS A DASM-PREFERRED COMPANION FILE
     10  5000 ????						; PLEASE DO *NOT* REDISTRIBUTE THIS FILE!
     11  5000 ????						;
     12  5000 ????						; This file defines hardware registers and memory mapping for the
     13  5000 ????						; Atari 2600. It is distributed as a companion machine-specific support package
     14  5000 ????						; for the DASM compiler. Updates to this file, DASM, and associated tools are
     15  5000 ????						; available at at http://www.atari2600.org/dasm
     16  5000 ????						;
     17  5000 ????						; Many thanks to the original author(s) of this file, and to everyone who has
     18  5000 ????						; contributed to understanding the Atari 2600.  If you take issue with the
     19  5000 ????						; contents, or naming of registers, please write to me (atari2600@taswegian.com)
     20  5000 ????						; with your views.  Please contribute, if you think you can improve this
     21  5000 ????						; file!
     22  5000 ????						;
     23  5000 ????						; Latest Revisions...
     24  5000 ????						; 1.05  13/NOV/2003	  - Correction to 1.04 - now functions as requested by MR.
     25  5000 ????						;			  - Added VERSION_VCS equate (which will reflect 100x version #)
     26  5000 ????						;			    This will allow conditional code to verify VCS.H being
     27  5000 ????						;			    used for code assembly.
     28  5000 ????						; 1.04  12/NOV/2003	 Added TIA_BASE_WRITE_ADDRESS and TIA_BASE_READ_ADDRESS for
     29  5000 ????						;			 convenient disassembly/reassembly compatibility for hardware
     30  5000 ????						;			 mirrored reading/writing differences.	This is more a 
     31  5000 ????						;			 readability issue, and binary compatibility with disassembled
     32  5000 ????						;			 and reassembled sources.  Per Manuel Rotschkar's suggestion.
     33  5000 ????						; 1.03  12/MAY/2003	 Added SEG segment at end of file to fix old-code compatibility
     34  5000 ????						;			 which was broken by the use of segments in this file, as
     35  5000 ????						;			 reported by Manuel Polik on [stella] 11/MAY/2003
     36  5000 ????						; 1.02  22/MAR/2003	 Added TIMINT($285)
     37  5000 ????						; 1.01				Constant offset added to allow use for 3F-style bankswitching
     38  5000 ????						;						 - define TIA_BASE_ADDRESS as $40 for Tigervision carts, otherwise
     39  5000 ????						;						   it is safe to leave it undefined, and the base address will
     40  5000 ????						;						   be set to 0.  Thanks to Eckhard Stolberg for the suggestion.
     41  5000 ????						;			    Note, may use -DLABEL=EXPRESSION to define TIA_BASE_ADDRESS
     42  5000 ????						;			  - register definitions are now generated through assignment
     43  5000 ????						;			    in uninitialised segments.	This allows a changeable base
     44  5000 ????						;			    address architecture.
     45  5000 ????						; 1.0	22/MAR/2003		Initial release
     46  5000 ????
     47  5000 ????
     48  5000 ????						;-------------------------------------------------------------------------------
     49  5000 ????
     50  5000 ????						; TIA_BASE_ADDRESS
     51  5000 ????						; The TIA_BASE_ADDRESS defines the base address of access to TIA registers.
     52  5000 ????						; Normally 0, the base address should (externally, before including this file)
     53  5000 ????						; be set to $40 when creating 3F-bankswitched (and other?) cartridges.
     54  5000 ????						; The reason is that this bankswitching scheme treats any access to locations
     55  5000 ????						; < $40 as a bankswitch.
     56  5000 ????
     57  5000 ????			  -	      IFNCONST	TIA_BASE_ADDRESS
     58  5000 ????			  -TIA_BASE_ADDRESS =	0
     59  5000 ????				      ENDIF
     60  5000 ????
     61  5000 ????						; Note: The address may be defined on the command-line using the -D switch, eg:
     62  5000 ????						; dasm.exe code.asm -DTIA_BASE_ADDRESS=$40 -f3 -v5 -ocode.bin
     63  5000 ????						; *OR* by declaring the label before including this file, eg:
     64  5000 ????						; TIA_BASE_ADDRESS = $40
     65  5000 ????						;   include "vcs.h"
     66  5000 ????
     67  5000 ????						; Alternate read/write address capability - allows for some disassembly compatibility
     68  5000 ????						; usage ; to allow reassembly to binary perfect copies).  This is essentially catering
     69  5000 ????						; for the mirrored ROM hardware registers.
     70  5000 ????
     71  5000 ????						; Usage: As per above, define the TIA_BASE_READ_ADDRESS and/or TIA_BASE_WRITE_ADDRESS
     72  5000 ????						; using the -D command-line switch, as required.  If the addresses are not defined, 
     73  5000 ????						; they defaut to the TIA_BASE_ADDRESS.
     74  5000 ????
     75  5000 ????			  -	      IFNCONST	TIA_BASE_READ_ADDRESS
     76  5000 ????			  -TIA_BASE_READ_ADDRESS =	TIA_BASE_ADDRESS
     77  5000 ????				      ENDIF
     78  5000 ????
     79  5000 ????			  -	      IFNCONST	TIA_BASE_WRITE_ADDRESS
     80  5000 ????			  -TIA_BASE_WRITE_ADDRESS =	TIA_BASE_ADDRESS
     81  5000 ????				      ENDIF
     82  5000 ????
     83  5000 ????						;-------------------------------------------------------------------------------
     84  5000 ????
     85 U002d ????				      SEG.U	TIA_REGISTERS_WRITE
     86 U0000					      ORG	TIA_BASE_WRITE_ADDRESS
     87 U0000
     88 U0000							; DO NOT CHANGE THE RELATIVE ORDERING OF REGISTERS!
     89 U0000
     90 U0000		       00	   VSYNC      ds	1	; $00	 0000 00x0   Vertical Sync Set-Clear
     91 U0001		       00	   VBLANK     ds	1	; $01	 xx00 00x0   Vertical Blank Set-Clear
     92 U0002		       00	   WSYNC      ds	1	; $02	 ---- ----   Wait for Horizontal Blank
     93 U0003		       00	   RSYNC      ds	1	; $03	 ---- ----   Reset Horizontal Sync Counter
     94 U0004		       00	   NUSIZ0     ds	1	; $04	 00xx 0xxx   Number-Size player/missle 0
     95 U0005		       00	   NUSIZ1     ds	1	; $05	 00xx 0xxx   Number-Size player/missle 1
     96 U0006		       00	   COLUP0     ds	1	; $06	 xxxx xxx0   Color-Luminance Player 0
     97 U0007		       00	   COLUP1     ds	1	; $07	 xxxx xxx0   Color-Luminance Player 1
     98 U0008		       00	   COLUPF     ds	1	; $08	 xxxx xxx0   Color-Luminance Playfield
     99 U0009		       00	   COLUBK     ds	1	; $09	 xxxx xxx0   Color-Luminance Background
    100 U000a		       00	   CTRLPF     ds	1	; $0A	 00xx 0xxx   Control Playfield, Ball, Collisions
    101 U000b		       00	   REFP0      ds	1	; $0B	 0000 x000   Reflection Player 0
    102 U000c		       00	   REFP1      ds	1	; $0C	 0000 x000   Reflection Player 1
    103 U000d		       00	   PF0	      ds	1	; $0D	 xxxx 0000   Playfield Register Byte 0
    104 U000e		       00	   PF1	      ds	1	; $0E	 xxxx xxxx   Playfield Register Byte 1
    105 U000f		       00	   PF2	      ds	1	; $0F	 xxxx xxxx   Playfield Register Byte 2
    106 U0010		       00	   RESP0      ds	1	; $10	 ---- ----   Reset Player 0
    107 U0011		       00	   RESP1      ds	1	; $11	 ---- ----   Reset Player 1
    108 U0012		       00	   RESM0      ds	1	; $12	 ---- ----   Reset Missle 0
    109 U0013		       00	   RESM1      ds	1	; $13	 ---- ----   Reset Missle 1
    110 U0014		       00	   RESBL      ds	1	; $14	 ---- ----   Reset Ball
    111 U0015		       00	   AUDC0      ds	1	; $15	 0000 xxxx   Audio Control 0
    112 U0016		       00	   AUDC1      ds	1	; $16	 0000 xxxx   Audio Control 1
    113 U0017		       00	   AUDF0      ds	1	; $17	 000x xxxx   Audio Frequency 0
    114 U0018		       00	   AUDF1      ds	1	; $18	 000x xxxx   Audio Frequency 1
    115 U0019		       00	   AUDV0      ds	1	; $19	 0000 xxxx   Audio Volume 0
    116 U001a		       00	   AUDV1      ds	1	; $1A	 0000 xxxx   Audio Volume 1
    117 U001b		       00	   GRP0       ds	1	; $1B	 xxxx xxxx   Graphics Register Player 0
    118 U001c		       00	   GRP1       ds	1	; $1C	 xxxx xxxx   Graphics Register Player 1
    119 U001d		       00	   ENAM0      ds	1	; $1D	 0000 00x0   Graphics Enable Missle 0
    120 U001e		       00	   ENAM1      ds	1	; $1E	 0000 00x0   Graphics Enable Missle 1
    121 U001f		       00	   ENABL      ds	1	; $1F	 0000 00x0   Graphics Enable Ball
    122 U0020		       00	   HMP0       ds	1	; $20	 xxxx 0000   Horizontal Motion Player 0
    123 U0021		       00	   HMP1       ds	1	; $21	 xxxx 0000   Horizontal Motion Player 1
    124 U0022		       00	   HMM0       ds	1	; $22	 xxxx 0000   Horizontal Motion Missle 0
    125 U0023		       00	   HMM1       ds	1	; $23	 xxxx 0000   Horizontal Motion Missle 1
    126 U0024		       00	   HMBL       ds	1	; $24	 xxxx 0000   Horizontal Motion Ball
    127 U0025		       00	   VDELP0     ds	1	; $25	 0000 000x   Vertical Delay Player 0
    128 U0026		       00	   VDELP1     ds	1	; $26	 0000 000x   Vertical Delay Player 1
    129 U0027		       00	   VDELBL     ds	1	; $27	 0000 000x   Vertical Delay Ball
    130 U0028		       00	   RESMP0     ds	1	; $28	 0000 00x0   Reset Missle 0 to Player 0
    131 U0029		       00	   RESMP1     ds	1	; $29	 0000 00x0   Reset Missle 1 to Player 1
    132 U002a		       00	   HMOVE      ds	1	; $2A	 ---- ----   Apply Horizontal Motion
    133 U002b		       00	   HMCLR      ds	1	; $2B	 ---- ----   Clear Horizontal Move Registers
    134 U002c		       00	   CXCLR      ds	1	; $2C	 ---- ----   Clear Collision Latches
    135 U002d
    136 U002d							;-------------------------------------------------------------------------------
    137 U002d
    138 U0010 ????				      SEG.U	TIA_REGISTERS_READ
    139 U0000					      ORG	TIA_BASE_READ_ADDRESS
    140 U0000
    141 U0000							;											bit 7	 bit 6
    142 U0000		       00	   CXM0P      ds	1	; $00	     xx00 0000	     Read Collision  M0-P1   M0-P0
    143 U0001		       00	   CXM1P      ds	1	; $01	     xx00 0000			     M1-P0   M1-P1
    144 U0002		       00	   CXP0FB     ds	1	; $02	     xx00 0000			     P0-PF   P0-BL
    145 U0003		       00	   CXP1FB     ds	1	; $03	     xx00 0000			     P1-PF   P1-BL
    146 U0004		       00	   CXM0FB     ds	1	; $04	     xx00 0000			     M0-PF   M0-BL
    147 U0005		       00	   CXM1FB     ds	1	; $05	     xx00 0000			     M1-PF   M1-BL
    148 U0006		       00	   CXBLPF     ds	1	; $06	     x000 0000			     BL-PF   -----
    149 U0007		       00	   CXPPMM     ds	1	; $07	     xx00 0000			     P0-P1   M0-M1
    150 U0008		       00	   INPT0      ds	1	; $08	     x000 0000	     Read Pot Port 0
    151 U0009		       00	   INPT1      ds	1	; $09	     x000 0000	     Read Pot Port 1
    152 U000a		       00	   INPT2      ds	1	; $0A	     x000 0000	     Read Pot Port 2
    153 U000b		       00	   INPT3      ds	1	; $0B	     x000 0000	     Read Pot Port 3
    154 U000c		       00	   INPT4      ds	1	; $0C		x000 0000	 Read Input (Trigger) 0
    155 U000d		       00	   INPT5      ds	1	; $0D		x000 0000	 Read Input (Trigger) 1
    156 U000e
    157 U000e							;Used by PXE for Quadtari support
    158 U000e		       00	   INPT6      ds	1	; $0E		x000 0000	 Read Input (Trigger) 2
    159 U000f		       00	   INPT7      ds	1	; $0F		x000 0000	 Read Input (Trigger) 3
    160 U0010
    161 U0010							;-------------------------------------------------------------------------------
    162 U0010
    163 U0298 ????				      SEG.U	RIOT
    164 U0280					      ORG	$280
    165 U0280
    166 U0280							; RIOT MEMORY MAP
    167 U0280
    168 U0280		       00	   SWCHA      ds	1	; $280      Port A data register for joysticks:
    169 U0281							;			Bits 4-7 for player 1.  Bits 0-3 for player 2.
    170 U0281
    171 U0281		       00	   SWACNT     ds	1	; $281      Port A data direction register (DDR)
    172 U0282		       00	   SWCHB      ds	1	; $282		Port B data (console switches)
    173 U0283		       00	   SWBCNT     ds	1	; $283      Port B DDR
    174 U0284		       00	   INTIM      ds	1	; $284		Timer output
    175 U0285
    176 U0285		       00	   TIMINT     ds	1	; $285
    177 U0286
    178 U0286		       00	   SWCHA2     ds	1	; $286		Used by PXE for Quadtari support
    179 U0287
    180 U0287							; Unused/undefined registers ($287-$294)
    181 U0287		       00		      ds	1	; $287
    182 U0288		       00		      ds	1	; $288
    183 U0289		       00		      ds	1	; $289
    184 U028a		       00		      ds	1	; $28A
    185 U028b		       00		      ds	1	; $28B
    186 U028c		       00		      ds	1	; $28C
    187 U028d		       00		      ds	1	; $28D
    188 U028e		       00		      ds	1	; $28E
    189 U028f		       00		      ds	1	; $28F
    190 U0290
    191 U0290							; Used by PXE to make "on JOYx_DIR gosub" faster and smaller
    192 U0290		       00	   JOY0_DIR   ds	1	; $290
    193 U0291		       00	   JOY1_DIR   ds	1	; $291
    194 U0292		       00	   JOY2_DIR   ds	1	; $292
    195 U0293		       00	   JOY3_DIR   ds	1	; $293
    196 U0294
    197 U0294		       00	   TIM1T      ds	1	; $294		set 1 clock interval
    198 U0295		       00	   TIM8T      ds	1	; $295      set 8 clock interval
    199 U0296		       00	   TIM64T     ds	1	; $296      set 64 clock interval
    200 U0297		       00	   T1024T     ds	1	; $297      set 1024 clock interval
    201 U0298
    202 U0298							;-------------------------------------------------------------------------------
    203 U0298							; The following required for back-compatibility with code which does not use
    204 U0298							; segments.
    205 U0298
    206  5000 ????				      SEG
    207  5000 ????
    208  5000 ????						; EOF
------- FILE split_adv2.bas.asm
------- FILE macro.h LEVEL 2 PASS 2
      0  5000 ????				      include	"macro.h"
      1  5000 ????						; Provided under the CC0 license. See the included LICENSE.txt for details.
      2  5000 ????
      3  5000 ????						; MACRO.H
      4  5000 ????						; Version 1.05, 13/NOVEMBER/2003
      5  5000 ????
      6  5000 ????	       00 69	   VERSION_MACRO =	105
      7  5000 ????
      8  5000 ????						;
      9  5000 ????						; THIS FILE IS EXPLICITLY SUPPORTED AS A DASM-PREFERRED COMPANION FILE
     10  5000 ????						; PLEASE DO *NOT* REDISTRIBUTE MODIFIED VERSIONS OF THIS FILE!
     11  5000 ????						;
     12  5000 ????						; This file defines DASM macros useful for development for the Atari 2600.
     13  5000 ????						; It is distributed as a companion machine-specific support package
     14  5000 ????						; for the DASM compiler. Updates to this file, DASM, and associated tools are
     15  5000 ????						; available at at http://www.atari2600.org/dasm
     16  5000 ????						;
     17  5000 ????						; Many thanks to the people who have contributed.  If you take issue with the
     18  5000 ????						; contents, or would like to add something, please write to me
     19  5000 ????						; (atari2600@taswegian.com) with your contribution.
     20  5000 ????						;
     21  5000 ????						; Latest Revisions...
     22  5000 ????						;
     23  5000 ????						; 1.05  14/NOV/2003	  - Added VERSION_MACRO equate (which will reflect 100x version #)
     24  5000 ????						;			    This will allow conditional code to verify MACRO.H being
     25  5000 ????						;			    used for code assembly.
     26  5000 ????						; 1.04  13/NOV/2003	 - SET_POINTER macro added (16-bit address load)
     27  5000 ????						;
     28  5000 ????						; 1.03  23/JUN/2003	 - CLEAN_START macro added - clears TIA, RAM, registers
     29  5000 ????						;
     30  5000 ????						; 1.02  14/JUN/2003	 - VERTICAL_SYNC macro added
     31  5000 ????						;			   (standardised macro for vertical synch code)
     32  5000 ????						; 1.01  22/MAR/2003	 - SLEEP macro added. 
     33  5000 ????						;			 - NO_ILLEGAL_OPCODES switch implemented
     34  5000 ????						; 1.0	22/MAR/2003		Initial release
     35  5000 ????
     36  5000 ????						; Note: These macros use illegal opcodes.  To disable illegal opcode usage, 
     37  5000 ????						;   define the symbol NO_ILLEGAL_OPCODES (-DNO_ILLEGAL_OPCODES=1 on command-line).
     38  5000 ????						;   If you do not allow illegal opcode usage, you must include this file 
     39  5000 ????						;   *after* including VCS.H (as the non-illegal opcodes access hardware
     40  5000 ????						;   registers and require them to be defined first).
     41  5000 ????
     42  5000 ????						; Available macros...
     43  5000 ????						;   SLEEP n		 - sleep for n cycles
     44  5000 ????						;   VERTICAL_SYNC	 - correct 3 scanline vertical synch code
     45  5000 ????						;   CLEAN_START	 - set machine to known state on startup
     46  5000 ????						;   SET_POINTER	 - load a 16-bit absolute to a 16-bit variable
     47  5000 ????
     48  5000 ????						;-------------------------------------------------------------------------------
     49  5000 ????						; SLEEP duration
     50  5000 ????						; Original author: Thomas Jentzsch
     51  5000 ????						; Inserts code which takes the specified number of cycles to execute.	This is
     52  5000 ????						; useful for code where precise timing is required.
     53  5000 ????						; ILLEGAL-OPCODE VERSION DOES NOT AFFECT FLAGS OR REGISTERS.
     54  5000 ????						; LEGAL OPCODE VERSION MAY AFFECT FLAGS
     55  5000 ????						; Uses illegal opcode (DASM 2.20.01 onwards).
     56  5000 ????
     57  5000 ????				      MAC	sleep
     58  5000 ????			   .CYCLES    SET	{1}
     59  5000 ????
     60  5000 ????				      IF	.CYCLES < 2
     61  5000 ????				      ECHO	"MACRO ERROR: 'SLEEP': Duration must be > 1"
     62  5000 ????				      ERR
     63  5000 ????				      ENDIF
     64  5000 ????
     65  5000 ????				      IF	.CYCLES & 1
     66  5000 ????				      IFNCONST	NO_ILLEGAL_OPCODES
     67  5000 ????				      nop	0
     68  5000 ????				      ELSE
     69  5000 ????				      bit	VSYNC
     70  5000 ????				      ENDIF
     71  5000 ????			   .CYCLES    SET	.CYCLES - 3
     72  5000 ????				      ENDIF
     73  5000 ????
     74  5000 ????				      REPEAT	.CYCLES / 2
     75  5000 ????				      nop
     76  5000 ????				      REPEND
     77  5000 ????				      ENDM		;usage: SLEEP n (n>1)
     78  5000 ????
     79  5000 ????						;-------------------------------------------------------------------------------
     80  5000 ????						; VERTICAL_SYNC
     81  5000 ????						; Original author: Manuel Polik
     82  5000 ????						; Inserts the code required for a proper 3 scannline 
     83  5000 ????						; vertical sync sequence
     84  5000 ????						;
     85  5000 ????						; Note: Alters the accumulator
     86  5000 ????						;
     87  5000 ????						; IN:
     88  5000 ????						; OUT: A = 1
     89  5000 ????
     90  5000 ????				      MAC	vertical_sync
     91  5000 ????				      LDA	#$02	; A = VSYNC enable
     92  5000 ????				      STA	WSYNC	; Finish current line
     93  5000 ????				      STA	VSYNC	; Start vertical sync
     94  5000 ????				      STA	WSYNC	; 1st line vertical sync
     95  5000 ????				      STA	WSYNC	; 2nd line vertical sync
     96  5000 ????				      LSR		; A = VSYNC disable
     97  5000 ????				      STA	WSYNC	; 3rd line vertical sync
     98  5000 ????				      STA	VSYNC	; Stop vertical sync
     99  5000 ????				      ENDM
    100  5000 ????
    101  5000 ????						;-------------------------------------------------------------------------------
    102  5000 ????						; CLEAN_START
    103  5000 ????						; Original author: Andrew Davie
    104  5000 ????						; Standardised start-up code, clears stack, all TIA registers and RAM to 0
    105  5000 ????						; Sets stack pointer to $FF, and all registers to 0
    106  5000 ????						; Sets decimal mode off, sets interrupt flag (kind of un-necessary)
    107  5000 ????						; Use as very first section of code on boot (ie: at reset)
    108  5000 ????						; Code written to minimise total ROM usage - uses weird 6502 knowledge :)
    109  5000 ????
    110  5000 ????				      MAC	clean_start
    111  5000 ????				      sei
    112  5000 ????				      cld
    113  5000 ????
    114  5000 ????				      ldx	#0
    115  5000 ????				      txa
    116  5000 ????				      tay
    117  5000 ????			   .CLEAR_STACK dex
    118  5000 ????				      txs
    119  5000 ????				      pha
    120  5000 ????				      bne	.CLEAR_STACK	; SP=$FF, X = A = Y = 0
    121  5000 ????
    122  5000 ????				      ENDM
    123  5000 ????
    124  5000 ????						;-------------------------------------------------------
    125  5000 ????						; SET_POINTER
    126  5000 ????						; Original author: Manuel Rotschkar
    127  5000 ????						;
    128  5000 ????						; Sets a 2 byte RAM pointer to an absolute address.
    129  5000 ????						;
    130  5000 ????						; Usage: SET_POINTER pointer, address
    131  5000 ????						; Example: SET_POINTER SpritePTR, SpriteData
    132  5000 ????						;
    133  5000 ????						; Note: Alters the accumulator, NZ flags
    134  5000 ????						; IN 1: 2 byte RAM location reserved for pointer
    135  5000 ????						; IN 2: absolute address
    136  5000 ????
    137  5000 ????				      MAC	set_pointer
    138  5000 ????			   .POINTER   SET	{1}
    139  5000 ????			   .ADDRESS   SET	{2}
    140  5000 ????
    141  5000 ????				      LDA	#<.ADDRESS	; Get Lowbyte of Address
    142  5000 ????				      STA	.POINTER	; Store in pointer
    143  5000 ????				      LDA	#>.ADDRESS	; Get Hibyte of Address
    144  5000 ????				      STA	.POINTER+1	; Store in pointer+1
    145  5000 ????
    146  5000 ????				      ENDM
    147  5000 ????
    148  5000 ????						; EOF
------- FILE split_adv2.bas.asm
------- FILE 2600basic.h LEVEL 2 PASS 2
      0  5000 ????				      include	"2600basic.h"
      1  5000 ????						; Provided under the CC0 license. See the included LICENSE.txt for details.
      2  5000 ????
      3  5000 ????				      processor	6502
------- FILE vcs.h LEVEL 3 PASS 2
      0  5000 ????				      include	"vcs.h"
      1  5000 ????						; Provided under the CC0 license. See the included LICENSE.txt for details.
      2  5000 ????
      3  5000 ????						; VCS.H
      4  5000 ????						; Version 1.05, 13/November/2003
      5  5000 ????
      6  5000 ????	       00 69	   VERSION_VCS =	105
      7  5000 ????
      8  5000 ????						; THIS IS A PRELIMINARY RELEASE OF *THE* "STANDARD" VCS.H
      9  5000 ????						; THIS FILE IS EXPLICITLY SUPPORTED AS A DASM-PREFERRED COMPANION FILE
     10  5000 ????						; PLEASE DO *NOT* REDISTRIBUTE THIS FILE!
     11  5000 ????						;
     12  5000 ????						; This file defines hardware registers and memory mapping for the
     13  5000 ????						; Atari 2600. It is distributed as a companion machine-specific support package
     14  5000 ????						; for the DASM compiler. Updates to this file, DASM, and associated tools are
     15  5000 ????						; available at at http://www.atari2600.org/dasm
     16  5000 ????						;
     17  5000 ????						; Many thanks to the original author(s) of this file, and to everyone who has
     18  5000 ????						; contributed to understanding the Atari 2600.  If you take issue with the
     19  5000 ????						; contents, or naming of registers, please write to me (atari2600@taswegian.com)
     20  5000 ????						; with your views.  Please contribute, if you think you can improve this
     21  5000 ????						; file!
     22  5000 ????						;
     23  5000 ????						; Latest Revisions...
     24  5000 ????						; 1.05  13/NOV/2003	  - Correction to 1.04 - now functions as requested by MR.
     25  5000 ????						;			  - Added VERSION_VCS equate (which will reflect 100x version #)
     26  5000 ????						;			    This will allow conditional code to verify VCS.H being
     27  5000 ????						;			    used for code assembly.
     28  5000 ????						; 1.04  12/NOV/2003	 Added TIA_BASE_WRITE_ADDRESS and TIA_BASE_READ_ADDRESS for
     29  5000 ????						;			 convenient disassembly/reassembly compatibility for hardware
     30  5000 ????						;			 mirrored reading/writing differences.	This is more a 
     31  5000 ????						;			 readability issue, and binary compatibility with disassembled
     32  5000 ????						;			 and reassembled sources.  Per Manuel Rotschkar's suggestion.
     33  5000 ????						; 1.03  12/MAY/2003	 Added SEG segment at end of file to fix old-code compatibility
     34  5000 ????						;			 which was broken by the use of segments in this file, as
     35  5000 ????						;			 reported by Manuel Polik on [stella] 11/MAY/2003
     36  5000 ????						; 1.02  22/MAR/2003	 Added TIMINT($285)
     37  5000 ????						; 1.01				Constant offset added to allow use for 3F-style bankswitching
     38  5000 ????						;						 - define TIA_BASE_ADDRESS as $40 for Tigervision carts, otherwise
     39  5000 ????						;						   it is safe to leave it undefined, and the base address will
     40  5000 ????						;						   be set to 0.  Thanks to Eckhard Stolberg for the suggestion.
     41  5000 ????						;			    Note, may use -DLABEL=EXPRESSION to define TIA_BASE_ADDRESS
     42  5000 ????						;			  - register definitions are now generated through assignment
     43  5000 ????						;			    in uninitialised segments.	This allows a changeable base
     44  5000 ????						;			    address architecture.
     45  5000 ????						; 1.0	22/MAR/2003		Initial release
     46  5000 ????
     47  5000 ????
     48  5000 ????						;-------------------------------------------------------------------------------
     49  5000 ????
     50  5000 ????						; TIA_BASE_ADDRESS
     51  5000 ????						; The TIA_BASE_ADDRESS defines the base address of access to TIA registers.
     52  5000 ????						; Normally 0, the base address should (externally, before including this file)
     53  5000 ????						; be set to $40 when creating 3F-bankswitched (and other?) cartridges.
     54  5000 ????						; The reason is that this bankswitching scheme treats any access to locations
     55  5000 ????						; < $40 as a bankswitch.
     56  5000 ????
     57  5000 ????			  -	      IFNCONST	TIA_BASE_ADDRESS
     58  5000 ????			  -TIA_BASE_ADDRESS =	0
     59  5000 ????				      ENDIF
     60  5000 ????
     61  5000 ????						; Note: The address may be defined on the command-line using the -D switch, eg:
     62  5000 ????						; dasm.exe code.asm -DTIA_BASE_ADDRESS=$40 -f3 -v5 -ocode.bin
     63  5000 ????						; *OR* by declaring the label before including this file, eg:
     64  5000 ????						; TIA_BASE_ADDRESS = $40
     65  5000 ????						;   include "vcs.h"
     66  5000 ????
     67  5000 ????						; Alternate read/write address capability - allows for some disassembly compatibility
     68  5000 ????						; usage ; to allow reassembly to binary perfect copies).  This is essentially catering
     69  5000 ????						; for the mirrored ROM hardware registers.
     70  5000 ????
     71  5000 ????						; Usage: As per above, define the TIA_BASE_READ_ADDRESS and/or TIA_BASE_WRITE_ADDRESS
     72  5000 ????						; using the -D command-line switch, as required.  If the addresses are not defined, 
     73  5000 ????						; they defaut to the TIA_BASE_ADDRESS.
     74  5000 ????
     75  5000 ????			  -	      IFNCONST	TIA_BASE_READ_ADDRESS
     76  5000 ????			  -TIA_BASE_READ_ADDRESS =	TIA_BASE_ADDRESS
     77  5000 ????				      ENDIF
     78  5000 ????
     79  5000 ????			  -	      IFNCONST	TIA_BASE_WRITE_ADDRESS
     80  5000 ????			  -TIA_BASE_WRITE_ADDRESS =	TIA_BASE_ADDRESS
     81  5000 ????				      ENDIF
     82  5000 ????
     83  5000 ????						;-------------------------------------------------------------------------------
     84  5000 ????
     85 U002d					      SEG.U	TIA_REGISTERS_WRITE
     86 U0000					      ORG	TIA_BASE_WRITE_ADDRESS
     87 U0000
     88 U0000							; DO NOT CHANGE THE RELATIVE ORDERING OF REGISTERS!
     89 U0000
     90 U0000		       00	   VSYNC      ds	1	; $00	 0000 00x0   Vertical Sync Set-Clear
     91 U0001		       00	   VBLANK     ds	1	; $01	 xx00 00x0   Vertical Blank Set-Clear
     92 U0002		       00	   WSYNC      ds	1	; $02	 ---- ----   Wait for Horizontal Blank
     93 U0003		       00	   RSYNC      ds	1	; $03	 ---- ----   Reset Horizontal Sync Counter
     94 U0004		       00	   NUSIZ0     ds	1	; $04	 00xx 0xxx   Number-Size player/missle 0
     95 U0005		       00	   NUSIZ1     ds	1	; $05	 00xx 0xxx   Number-Size player/missle 1
     96 U0006		       00	   COLUP0     ds	1	; $06	 xxxx xxx0   Color-Luminance Player 0
     97 U0007		       00	   COLUP1     ds	1	; $07	 xxxx xxx0   Color-Luminance Player 1
     98 U0008		       00	   COLUPF     ds	1	; $08	 xxxx xxx0   Color-Luminance Playfield
     99 U0009		       00	   COLUBK     ds	1	; $09	 xxxx xxx0   Color-Luminance Background
    100 U000a		       00	   CTRLPF     ds	1	; $0A	 00xx 0xxx   Control Playfield, Ball, Collisions
    101 U000b		       00	   REFP0      ds	1	; $0B	 0000 x000   Reflection Player 0
    102 U000c		       00	   REFP1      ds	1	; $0C	 0000 x000   Reflection Player 1
    103 U000d		       00	   PF0	      ds	1	; $0D	 xxxx 0000   Playfield Register Byte 0
    104 U000e		       00	   PF1	      ds	1	; $0E	 xxxx xxxx   Playfield Register Byte 1
    105 U000f		       00	   PF2	      ds	1	; $0F	 xxxx xxxx   Playfield Register Byte 2
    106 U0010		       00	   RESP0      ds	1	; $10	 ---- ----   Reset Player 0
    107 U0011		       00	   RESP1      ds	1	; $11	 ---- ----   Reset Player 1
    108 U0012		       00	   RESM0      ds	1	; $12	 ---- ----   Reset Missle 0
    109 U0013		       00	   RESM1      ds	1	; $13	 ---- ----   Reset Missle 1
    110 U0014		       00	   RESBL      ds	1	; $14	 ---- ----   Reset Ball
    111 U0015		       00	   AUDC0      ds	1	; $15	 0000 xxxx   Audio Control 0
    112 U0016		       00	   AUDC1      ds	1	; $16	 0000 xxxx   Audio Control 1
    113 U0017		       00	   AUDF0      ds	1	; $17	 000x xxxx   Audio Frequency 0
    114 U0018		       00	   AUDF1      ds	1	; $18	 000x xxxx   Audio Frequency 1
    115 U0019		       00	   AUDV0      ds	1	; $19	 0000 xxxx   Audio Volume 0
    116 U001a		       00	   AUDV1      ds	1	; $1A	 0000 xxxx   Audio Volume 1
    117 U001b		       00	   GRP0       ds	1	; $1B	 xxxx xxxx   Graphics Register Player 0
    118 U001c		       00	   GRP1       ds	1	; $1C	 xxxx xxxx   Graphics Register Player 1
    119 U001d		       00	   ENAM0      ds	1	; $1D	 0000 00x0   Graphics Enable Missle 0
    120 U001e		       00	   ENAM1      ds	1	; $1E	 0000 00x0   Graphics Enable Missle 1
    121 U001f		       00	   ENABL      ds	1	; $1F	 0000 00x0   Graphics Enable Ball
    122 U0020		       00	   HMP0       ds	1	; $20	 xxxx 0000   Horizontal Motion Player 0
    123 U0021		       00	   HMP1       ds	1	; $21	 xxxx 0000   Horizontal Motion Player 1
    124 U0022		       00	   HMM0       ds	1	; $22	 xxxx 0000   Horizontal Motion Missle 0
    125 U0023		       00	   HMM1       ds	1	; $23	 xxxx 0000   Horizontal Motion Missle 1
    126 U0024		       00	   HMBL       ds	1	; $24	 xxxx 0000   Horizontal Motion Ball
    127 U0025		       00	   VDELP0     ds	1	; $25	 0000 000x   Vertical Delay Player 0
    128 U0026		       00	   VDELP1     ds	1	; $26	 0000 000x   Vertical Delay Player 1
    129 U0027		       00	   VDELBL     ds	1	; $27	 0000 000x   Vertical Delay Ball
    130 U0028		       00	   RESMP0     ds	1	; $28	 0000 00x0   Reset Missle 0 to Player 0
    131 U0029		       00	   RESMP1     ds	1	; $29	 0000 00x0   Reset Missle 1 to Player 1
    132 U002a		       00	   HMOVE      ds	1	; $2A	 ---- ----   Apply Horizontal Motion
    133 U002b		       00	   HMCLR      ds	1	; $2B	 ---- ----   Clear Horizontal Move Registers
    134 U002c		       00	   CXCLR      ds	1	; $2C	 ---- ----   Clear Collision Latches
    135 U002d
    136 U002d							;-------------------------------------------------------------------------------
    137 U002d
    138 U0010					      SEG.U	TIA_REGISTERS_READ
    139 U0000					      ORG	TIA_BASE_READ_ADDRESS
    140 U0000
    141 U0000							;											bit 7	 bit 6
    142 U0000		       00	   CXM0P      ds	1	; $00	     xx00 0000	     Read Collision  M0-P1   M0-P0
    143 U0001		       00	   CXM1P      ds	1	; $01	     xx00 0000			     M1-P0   M1-P1
    144 U0002		       00	   CXP0FB     ds	1	; $02	     xx00 0000			     P0-PF   P0-BL
    145 U0003		       00	   CXP1FB     ds	1	; $03	     xx00 0000			     P1-PF   P1-BL
    146 U0004		       00	   CXM0FB     ds	1	; $04	     xx00 0000			     M0-PF   M0-BL
    147 U0005		       00	   CXM1FB     ds	1	; $05	     xx00 0000			     M1-PF   M1-BL
    148 U0006		       00	   CXBLPF     ds	1	; $06	     x000 0000			     BL-PF   -----
    149 U0007		       00	   CXPPMM     ds	1	; $07	     xx00 0000			     P0-P1   M0-M1
    150 U0008		       00	   INPT0      ds	1	; $08	     x000 0000	     Read Pot Port 0
    151 U0009		       00	   INPT1      ds	1	; $09	     x000 0000	     Read Pot Port 1
    152 U000a		       00	   INPT2      ds	1	; $0A	     x000 0000	     Read Pot Port 2
    153 U000b		       00	   INPT3      ds	1	; $0B	     x000 0000	     Read Pot Port 3
    154 U000c		       00	   INPT4      ds	1	; $0C		x000 0000	 Read Input (Trigger) 0
    155 U000d		       00	   INPT5      ds	1	; $0D		x000 0000	 Read Input (Trigger) 1
    156 U000e
    157 U000e							;Used by PXE for Quadtari support
    158 U000e		       00	   INPT6      ds	1	; $0E		x000 0000	 Read Input (Trigger) 2
    159 U000f		       00	   INPT7      ds	1	; $0F		x000 0000	 Read Input (Trigger) 3
    160 U0010
    161 U0010							;-------------------------------------------------------------------------------
    162 U0010
    163 U0298					      SEG.U	RIOT
    164 U0280					      ORG	$280
    165 U0280
    166 U0280							; RIOT MEMORY MAP
    167 U0280
    168 U0280		       00	   SWCHA      ds	1	; $280      Port A data register for joysticks:
    169 U0281							;			Bits 4-7 for player 1.  Bits 0-3 for player 2.
    170 U0281
    171 U0281		       00	   SWACNT     ds	1	; $281      Port A data direction register (DDR)
    172 U0282		       00	   SWCHB      ds	1	; $282		Port B data (console switches)
    173 U0283		       00	   SWBCNT     ds	1	; $283      Port B DDR
    174 U0284		       00	   INTIM      ds	1	; $284		Timer output
    175 U0285
    176 U0285		       00	   TIMINT     ds	1	; $285
    177 U0286
    178 U0286		       00	   SWCHA2     ds	1	; $286		Used by PXE for Quadtari support
    179 U0287
    180 U0287							; Unused/undefined registers ($287-$294)
    181 U0287		       00		      ds	1	; $287
    182 U0288		       00		      ds	1	; $288
    183 U0289		       00		      ds	1	; $289
    184 U028a		       00		      ds	1	; $28A
    185 U028b		       00		      ds	1	; $28B
    186 U028c		       00		      ds	1	; $28C
    187 U028d		       00		      ds	1	; $28D
    188 U028e		       00		      ds	1	; $28E
    189 U028f		       00		      ds	1	; $28F
    190 U0290
    191 U0290							; Used by PXE to make "on JOYx_DIR gosub" faster and smaller
    192 U0290		       00	   JOY0_DIR   ds	1	; $290
    193 U0291		       00	   JOY1_DIR   ds	1	; $291
    194 U0292		       00	   JOY2_DIR   ds	1	; $292
    195 U0293		       00	   JOY3_DIR   ds	1	; $293
    196 U0294
    197 U0294		       00	   TIM1T      ds	1	; $294		set 1 clock interval
    198 U0295		       00	   TIM8T      ds	1	; $295      set 8 clock interval
    199 U0296		       00	   TIM64T     ds	1	; $296      set 64 clock interval
    200 U0297		       00	   T1024T     ds	1	; $297      set 1024 clock interval
    201 U0298
    202 U0298							;-------------------------------------------------------------------------------
    203 U0298							; The following required for back-compatibility with code which does not use
    204 U0298							; segments.
    205 U0298
    206  5000 ????				      SEG
    207  5000 ????
    208  5000 ????						; EOF
------- FILE 2600basic.h
------- FILE macro.h LEVEL 3 PASS 2
      0  5000 ????				      include	"macro.h"
      1  5000 ????						; Provided under the CC0 license. See the included LICENSE.txt for details.
      2  5000 ????
      3  5000 ????						; MACRO.H
      4  5000 ????						; Version 1.05, 13/NOVEMBER/2003
      5  5000 ????
      6  5000 ????	       00 69	   VERSION_MACRO =	105
      7  5000 ????
      8  5000 ????						;
      9  5000 ????						; THIS FILE IS EXPLICITLY SUPPORTED AS A DASM-PREFERRED COMPANION FILE
     10  5000 ????						; PLEASE DO *NOT* REDISTRIBUTE MODIFIED VERSIONS OF THIS FILE!
     11  5000 ????						;
     12  5000 ????						; This file defines DASM macros useful for development for the Atari 2600.
     13  5000 ????						; It is distributed as a companion machine-specific support package
     14  5000 ????						; for the DASM compiler. Updates to this file, DASM, and associated tools are
     15  5000 ????						; available at at http://www.atari2600.org/dasm
     16  5000 ????						;
     17  5000 ????						; Many thanks to the people who have contributed.  If you take issue with the
     18  5000 ????						; contents, or would like to add something, please write to me
     19  5000 ????						; (atari2600@taswegian.com) with your contribution.
     20  5000 ????						;
     21  5000 ????						; Latest Revisions...
     22  5000 ????						;
     23  5000 ????						; 1.05  14/NOV/2003	  - Added VERSION_MACRO equate (which will reflect 100x version #)
     24  5000 ????						;			    This will allow conditional code to verify MACRO.H being
     25  5000 ????						;			    used for code assembly.
     26  5000 ????						; 1.04  13/NOV/2003	 - SET_POINTER macro added (16-bit address load)
     27  5000 ????						;
     28  5000 ????						; 1.03  23/JUN/2003	 - CLEAN_START macro added - clears TIA, RAM, registers
     29  5000 ????						;
     30  5000 ????						; 1.02  14/JUN/2003	 - VERTICAL_SYNC macro added
     31  5000 ????						;			   (standardised macro for vertical synch code)
     32  5000 ????						; 1.01  22/MAR/2003	 - SLEEP macro added. 
     33  5000 ????						;			 - NO_ILLEGAL_OPCODES switch implemented
     34  5000 ????						; 1.0	22/MAR/2003		Initial release
     35  5000 ????
     36  5000 ????						; Note: These macros use illegal opcodes.  To disable illegal opcode usage, 
     37  5000 ????						;   define the symbol NO_ILLEGAL_OPCODES (-DNO_ILLEGAL_OPCODES=1 on command-line).
     38  5000 ????						;   If you do not allow illegal opcode usage, you must include this file 
     39  5000 ????						;   *after* including VCS.H (as the non-illegal opcodes access hardware
     40  5000 ????						;   registers and require them to be defined first).
     41  5000 ????
     42  5000 ????						; Available macros...
     43  5000 ????						;   SLEEP n		 - sleep for n cycles
     44  5000 ????						;   VERTICAL_SYNC	 - correct 3 scanline vertical synch code
     45  5000 ????						;   CLEAN_START	 - set machine to known state on startup
     46  5000 ????						;   SET_POINTER	 - load a 16-bit absolute to a 16-bit variable
     47  5000 ????
     48  5000 ????						;-------------------------------------------------------------------------------
     49  5000 ????						; SLEEP duration
     50  5000 ????						; Original author: Thomas Jentzsch
     51  5000 ????						; Inserts code which takes the specified number of cycles to execute.	This is
     52  5000 ????						; useful for code where precise timing is required.
     53  5000 ????						; ILLEGAL-OPCODE VERSION DOES NOT AFFECT FLAGS OR REGISTERS.
     54  5000 ????						; LEGAL OPCODE VERSION MAY AFFECT FLAGS
     55  5000 ????						; Uses illegal opcode (DASM 2.20.01 onwards).
     56  5000 ????
     57  5000 ????				      MAC	sleep
     58  5000 ????			   .CYCLES    SET	{1}
     59  5000 ????
     60  5000 ????				      IF	.CYCLES < 2
     61  5000 ????				      ECHO	"MACRO ERROR: 'SLEEP': Duration must be > 1"
     62  5000 ????				      ERR
     63  5000 ????				      ENDIF
     64  5000 ????
     65  5000 ????				      IF	.CYCLES & 1
     66  5000 ????				      IFNCONST	NO_ILLEGAL_OPCODES
     67  5000 ????				      nop	0
     68  5000 ????				      ELSE
     69  5000 ????				      bit	VSYNC
     70  5000 ????				      ENDIF
     71  5000 ????			   .CYCLES    SET	.CYCLES - 3
     72  5000 ????				      ENDIF
     73  5000 ????
     74  5000 ????				      REPEAT	.CYCLES / 2
     75  5000 ????				      nop
     76  5000 ????				      REPEND
     77  5000 ????				      ENDM		;usage: SLEEP n (n>1)
     78  5000 ????
     79  5000 ????						;-------------------------------------------------------------------------------
     80  5000 ????						; VERTICAL_SYNC
     81  5000 ????						; Original author: Manuel Polik
     82  5000 ????						; Inserts the code required for a proper 3 scannline 
     83  5000 ????						; vertical sync sequence
     84  5000 ????						;
     85  5000 ????						; Note: Alters the accumulator
     86  5000 ????						;
     87  5000 ????						; IN:
     88  5000 ????						; OUT: A = 1
     89  5000 ????
     90  5000 ????				      MAC	vertical_sync
     91  5000 ????				      LDA	#$02	; A = VSYNC enable
     92  5000 ????				      STA	WSYNC	; Finish current line
     93  5000 ????				      STA	VSYNC	; Start vertical sync
     94  5000 ????				      STA	WSYNC	; 1st line vertical sync
     95  5000 ????				      STA	WSYNC	; 2nd line vertical sync
     96  5000 ????				      LSR		; A = VSYNC disable
     97  5000 ????				      STA	WSYNC	; 3rd line vertical sync
     98  5000 ????				      STA	VSYNC	; Stop vertical sync
     99  5000 ????				      ENDM
    100  5000 ????
    101  5000 ????						;-------------------------------------------------------------------------------
    102  5000 ????						; CLEAN_START
    103  5000 ????						; Original author: Andrew Davie
    104  5000 ????						; Standardised start-up code, clears stack, all TIA registers and RAM to 0
    105  5000 ????						; Sets stack pointer to $FF, and all registers to 0
    106  5000 ????						; Sets decimal mode off, sets interrupt flag (kind of un-necessary)
    107  5000 ????						; Use as very first section of code on boot (ie: at reset)
    108  5000 ????						; Code written to minimise total ROM usage - uses weird 6502 knowledge :)
    109  5000 ????
    110  5000 ????				      MAC	clean_start
    111  5000 ????				      sei
    112  5000 ????				      cld
    113  5000 ????
    114  5000 ????				      ldx	#0
    115  5000 ????				      txa
    116  5000 ????				      tay
    117  5000 ????			   .CLEAR_STACK dex
    118  5000 ????				      txs
    119  5000 ????				      pha
    120  5000 ????				      bne	.CLEAR_STACK	; SP=$FF, X = A = Y = 0
    121  5000 ????
    122  5000 ????				      ENDM
    123  5000 ????
    124  5000 ????						;-------------------------------------------------------
    125  5000 ????						; SET_POINTER
    126  5000 ????						; Original author: Manuel Rotschkar
    127  5000 ????						;
    128  5000 ????						; Sets a 2 byte RAM pointer to an absolute address.
    129  5000 ????						;
    130  5000 ????						; Usage: SET_POINTER pointer, address
    131  5000 ????						; Example: SET_POINTER SpritePTR, SpriteData
    132  5000 ????						;
    133  5000 ????						; Note: Alters the accumulator, NZ flags
    134  5000 ????						; IN 1: 2 byte RAM location reserved for pointer
    135  5000 ????						; IN 2: absolute address
    136  5000 ????
    137  5000 ????				      MAC	set_pointer
    138  5000 ????			   .POINTER   SET	{1}
    139  5000 ????			   .ADDRESS   SET	{2}
    140  5000 ????
    141  5000 ????				      LDA	#<.ADDRESS	; Get Lowbyte of Address
    142  5000 ????				      STA	.POINTER	; Store in pointer
    143  5000 ????				      LDA	#>.ADDRESS	; Get Hibyte of Address
    144  5000 ????				      STA	.POINTER+1	; Store in pointer+1
    145  5000 ????
    146  5000 ????				      ENDM
    147  5000 ????
    148  5000 ????						; EOF
------- FILE 2600basic.h
------- FILE 2600basic_variable_redefs.h LEVEL 3 PASS 2
      0  5000 ????				      include	"2600basic_variable_redefs.h"
      1  5000 ????						; This file contains variable mapping and other information for the current project.
      2  5000 ????
      3  5000 ????	       00 20	   bscode_length =	32
      4  5000 ????	       00 22	   room_color_length =	.skipL074-room_color
      5  5000 ????
      6  5000 ????	       00 22	   move_west_length =	.skipL073-move_west
      7  5000 ????
      8  5000 ????	       00 22	   move_south_length =	.skipL072-move_south
      9  5000 ????
     10  5000 ????	       00 22	   move_east_length =	.skipL071-move_east
     11  5000 ????
     12  5000 ????	       00 22	   move_north_length =	.skipL070-move_north
     13  5000 ????
     14  5000 ????	       00 22	   room_shape_length =	.skipL069-room_shape
     15  5000 ????
     16  5000 ????	       00 e2	   p2_player1pointerhi =	o
     17  5000 ????
     18  5000 ????	       00 e1	   p2_player1pointerlo =	n
     19  5000 ????
     20  5000 ????	       00 e0	   p2_player0pointerhi =	m
     21  5000 ????
     22  5000 ????	       00 df	   p2_player0pointerlo =	l
     23  5000 ????
     24  5000 ????	       00 de	   p2_player1x =	k
     25  5000 ????
     26  5000 ????	       00 dd	   p2_player1y =	j
     27  5000 ????
     28  5000 ????	       00 dc	   p1_oldy    =	i
     29  5000 ????
     30  5000 ????	       00 db	   p1_oldx    =	h
     31  5000 ????
     32  5000 ????	       00 da	   p0_oldy    =	g
     33  5000 ????
     34  5000 ????	       00 d9	   p0_oldx    =	f
     35  5000 ????
     36  5000 ????	       00 d8	   p1_room    =	e
     37  5000 ????
     38  5000 ????	       00 d7	   p0_room    =	d
     39  5000 ????
     40  5000 ????	       00 d6	   p2_colupf  =	c
     41  5000 ????
     42  5000 ????	       00 d5	   p2_player0x =	b
     43  5000 ????
     44  5000 ????	       00 d4	   p2_player0y =	a
     45  5000 ????
     46  5000 ????	       00 44	   split_position =	68
     47  5000 ????
     48  5000 ????	       00 20	   pfres      =	32
     49  5000 ????
     50  5000 ????	       00 01	   superchip  =	1
     51  5000 ????	       00 03	   bs_mask    =	3
     52  5000 ????	       00 10	   bankswitch =	16
     53  5000 ????	       1f f6	   bankswitch_hotspot =	$1FF6
     54  5000 ????	       00 01	   split_kernel =	1
------- FILE 2600basic.h
      7  5000 ????
      8  5000 ????	       00 80	   player0x   =	$80
      9  5000 ????	       00 81	   player1x   =	$81
     10  5000 ????	       00 82	   missile0x  =	$82
     11  5000 ????	       00 83	   missile1x  =	$83
     12  5000 ????	       00 84	   ballx      =	$84
     13  5000 ????
     14  5000 ????	       00 85	   objecty    =	$85
     15  5000 ????	       00 85	   player0y   =	$85
     16  5000 ????	       00 86	   player1y   =	$86
     17  5000 ????	       00 87	   missile1height =	$87
     18  5000 ????	       00 88	   missile1y  =	$88
     19  5000 ????	       00 89	   bally      =	$89
     20  5000 ????
     21  5000 ????	       00 87	   player1color =	$87	; replaces missile 1
     22  5000 ????
     23  5000 ????	       00 8a	   player0pointer =	$8A	;uses $8A-$8B
     24  5000 ????	       00 8a	   player0pointerlo =	$8A
     25  5000 ????	       00 8b	   player0pointerhi =	$8B
     26  5000 ????	       00 8c	   player1pointer =	$8C	; $8C-$8D
     27  5000 ????	       00 8c	   player1pointerlo =	$8C
     28  5000 ????	       00 8d	   player1pointerhi =	$8D
     29  5000 ????
     30  5000 ????	       00 8e	   player0height =	$8E
     31  5000 ????	       00 8f	   player1height =	$8F
     32  5000 ????	       00 90	   missile0height =	$90
     33  5000 ????	       00 91	   missile0y  =	$91
     34  5000 ????	       00 92	   ballheight =	$92
     35  5000 ????
     36  5000 ????	       00 90	   currentpaddle =	$90	; replaces missile 0 (and can't be used with playercolor)
     37  5000 ????	       00 91	   paddle     =	$91	; replaces missile 0
     38  5000 ????	       00 82	   player0colorstore =	$82	; replaces missile 0
     39  5000 ????	       00 90	   player0color =	$90	; replaces missile 0
     40  5000 ????
     41  5000 ????	       00 93	   score      =	$93	; $93-$95
     42  5000 ????	       00 96	   scorepointers =	$96	; $96-$9B = 6 bytes
     43  5000 ????	       00 9c	   temp1      =	$9C	;used by kernel.  can be used in program too, but
     44  5000 ????	       00 9d	   temp2      =	$9D	;are obliterated when drawscreen is called.
     45  5000 ????	       00 9e	   temp3      =	$9E
     46  5000 ????	       00 9f	   temp4      =	$9F
     47  5000 ????	       00 a0	   temp5      =	$A0
     48  5000 ????	       00 a1	   temp6      =	$A1
     49  5000 ????
     50  5000 ????	       00 a2	   rand       =	$A2
     51  5000 ????	       00 a3	   scorecolor =	$A3
     52  5000 ????
     53  5000 ????	       00 a4	   var0       =	$A4
     54  5000 ????	       00 a5	   var1       =	$A5
     55  5000 ????	       00 a6	   var2       =	$A6
     56  5000 ????	       00 a7	   var3       =	$A7
     57  5000 ????	       00 a8	   var4       =	$A8
     58  5000 ????	       00 a9	   var5       =	$A9
     59  5000 ????	       00 aa	   var6       =	$AA
     60  5000 ????	       00 ab	   var7       =	$AB
     61  5000 ????	       00 ac	   var8       =	$AC
     62  5000 ????	       00 ad	   var9       =	$AD
     63  5000 ????	       00 ae	   var10      =	$AE
     64  5000 ????	       00 af	   var11      =	$AF
     65  5000 ????	       00 b0	   var12      =	$B0
     66  5000 ????	       00 b1	   var13      =	$B1
     67  5000 ????	       00 b2	   var14      =	$B2
     68  5000 ????	       00 b3	   var15      =	$B3
     69  5000 ????	       00 b4	   var16      =	$B4
     70  5000 ????	       00 b5	   var17      =	$B5
     71  5000 ????	       00 b6	   var18      =	$B6
     72  5000 ????	       00 b7	   var19      =	$B7
     73  5000 ????	       00 b8	   var20      =	$B8
     74  5000 ????	       00 b9	   var21      =	$B9
     75  5000 ????	       00 ba	   var22      =	$BA
     76  5000 ????	       00 bb	   var23      =	$BB
     77  5000 ????	       00 bc	   var24      =	$BC
     78  5000 ????	       00 bd	   var25      =	$BD
     79  5000 ????	       00 be	   var26      =	$BE
     80  5000 ????	       00 bf	   var27      =	$BF
     81  5000 ????	       00 c0	   var28      =	$C0
     82  5000 ????	       00 c1	   var29      =	$C1
     83  5000 ????	       00 c2	   var30      =	$C2
     84  5000 ????	       00 c3	   var31      =	$C3
     85  5000 ????	       00 c4	   var32      =	$C4
     86  5000 ????	       00 c5	   var33      =	$C5
     87  5000 ????	       00 c6	   var34      =	$C6
     88  5000 ????	       00 c7	   var35      =	$C7
     89  5000 ????	       00 c8	   var36      =	$C8
     90  5000 ????	       00 c9	   var37      =	$C9
     91  5000 ????	       00 ca	   var38      =	$CA
     92  5000 ????	       00 cb	   var39      =	$CB
     93  5000 ????	       00 cc	   var40      =	$CC
     94  5000 ????	       00 cd	   var41      =	$CD
     95  5000 ????	       00 ce	   var42      =	$CE
     96  5000 ????	       00 cf	   var43      =	$CF
     97  5000 ????	       00 d0	   var44      =	$D0
     98  5000 ????	       00 d1	   var45      =	$D1
     99  5000 ????	       00 d2	   var46      =	$D2
    100  5000 ????	       00 d3	   var47      =	$D3
    101  5000 ????
    102  5000 ????	       00 d4	   A	      =	$d4
    103  5000 ????	       00 d4	   a	      =	$d4
    104  5000 ????	       00 d5	   B	      =	$d5
    105  5000 ????	       00 d5	   b	      =	$d5
    106  5000 ????	       00 d6	   C	      =	$d6
    107  5000 ????	       00 d6	   c	      =	$d6
    108  5000 ????	       00 d7	   D	      =	$d7
    109  5000 ????	       00 d7	   d	      =	$d7
    110  5000 ????	       00 d8	   E	      =	$d8
    111  5000 ????	       00 d8	   e	      =	$d8
    112  5000 ????	       00 d9	   F	      =	$d9
    113  5000 ????	       00 d9	   f	      =	$d9
    114  5000 ????	       00 da	   G	      =	$da
    115  5000 ????	       00 da	   g	      =	$da
    116  5000 ????	       00 db	   H	      =	$db
    117  5000 ????	       00 db	   h	      =	$db
    118  5000 ????	       00 dc	   I	      =	$dc
    119  5000 ????	       00 dc	   i	      =	$dc
    120  5000 ????	       00 dd	   J	      =	$dd
    121  5000 ????	       00 dd	   j	      =	$dd
    122  5000 ????	       00 de	   K	      =	$de
    123  5000 ????	       00 de	   k	      =	$de
    124  5000 ????	       00 df	   L	      =	$df
    125  5000 ????	       00 df	   l	      =	$df
    126  5000 ????	       00 e0	   M	      =	$e0
    127  5000 ????	       00 e0	   m	      =	$e0
    128  5000 ????	       00 e1	   N	      =	$e1
    129  5000 ????	       00 e1	   n	      =	$e1
    130  5000 ????	       00 e2	   O	      =	$e2
    131  5000 ????	       00 e2	   o	      =	$e2
    132  5000 ????	       00 e3	   P	      =	$e3
    133  5000 ????	       00 e3	   p	      =	$e3
    134  5000 ????	       00 e4	   Q	      =	$e4
    135  5000 ????	       00 e4	   q	      =	$e4
    136  5000 ????	       00 e5	   R	      =	$e5
    137  5000 ????	       00 e5	   r	      =	$e5
    138  5000 ????	       00 e6	   S	      =	$e6
    139  5000 ????	       00 e6	   s	      =	$e6
    140  5000 ????	       00 e7	   T	      =	$e7
    141  5000 ????	       00 e7	   t	      =	$e7
    142  5000 ????	       00 e8	   U	      =	$e8
    143  5000 ????	       00 e8	   u	      =	$e8
    144  5000 ????	       00 e9	   V	      =	$e9
    145  5000 ????	       00 e9	   v	      =	$e9
    146  5000 ????	       00 ea	   W	      =	$ea
    147  5000 ????	       00 ea	   w	      =	$ea
    148  5000 ????	       00 eb	   X	      =	$eb
    149  5000 ????	       00 eb	   x	      =	$eb
    150  5000 ????	       00 ec	   Y	      =	$ec
    151  5000 ????	       00 ec	   y	      =	$ec
    152  5000 ????	       00 ed	   Z	      =	$ed
    153  5000 ????	       00 ed	   z	      =	$ed
    154  5000 ????
    155  5000 ????	       00 ee	   temp7      =	$ee	; This is used to aid in bankswitching
    156  5000 ????	       00 ef	   playfieldpos =	$ef
    157  5000 ????
    158  5000 ????						; available for other uses, or if unused, provide more stack space
    159  5000 ????
    160  5000 ????	       00 f0	   aux1       =	$f0
    161  5000 ????	       00 f1	   aux2       =	$f1
    162  5000 ????	       00 f2	   aux3       =	$f2
    163  5000 ????	       00 f3	   aux4       =	$f3
    164  5000 ????	       00 f4	   aux5       =	$f4
    165  5000 ????	       00 f5	   aux6       =	$f5
    166  5000 ????
    167  5000 ????						; playfield color/height pointers
    168  5000 ????	       00 f0	   pfcolortable =	$f0	; and $d5
    169  5000 ????	       00 f0	   pfheighttable =	$f0	; and $d5
    170  5000 ????						; the above pointers are the same because if color and height are both used together,
    171  5000 ????						; they must used absolute indexed and cannot use pointers
    172  5000 ????
    173  5000 ????	       00 f2	   lifepointer =	$f2	; pointer to "lives" shape
    174  5000 ????						; upper 3 bits of $f2 contain the number of lives
    175  5000 ????	       00 f4	   lifecolor  =	$f4
    176  5000 ????	       00 f3	   lives      =	$f3	; # lives >> 5
    177  5000 ????	       00 f5	   statusbarlength =	$f5	; only uses upper 5 bits; other bits free
    178  5000 ????
    179  5000 ????	       00 f2	   pfscore1   =	$f2	; optional playfield bytes in score
    180  5000 ????	       00 f3	   pfscore2   =	$f3
    181  5000 ????	       00 f4	   pfscorecolor =	$f4
    182  5000 ????
    183  5000 ????	       00 f6	   stack1     =	$f6
    184  5000 ????	       00 f7	   stack2     =	$f7
    185  5000 ????	       00 f8	   stack3     =	$f8
    186  5000 ????	       00 f9	   stack4     =	$f9
    187  5000 ????						; the stack bytes above may be used in the kernel
    188  5000 ????						; stack = F6-F7, F8-F9, FA-FB, FC-FD, FE-FF
    189  5000 ????
    190  5000 ????				      MAC	return
    191  5000 ????				      ifnconst	bankswitch
    192  5000 ????				      rts
    193  5000 ????				      else
    194  5000 ????				      jmp	BS_return
    195  5000 ????				      endif
    196  5000 ????				      ENDM		; auto-return from either a regular or bankswitched module
    197  5000 ????
    198  5000 ????				      ifconst	superchip
    199  5000 ????	       10 d0	   playfieldbase =	$10D0
------- FILE superchip.h LEVEL 3 PASS 2
      0  5000 ????				      include	superchip.h
      1  5000 ????						; Provided under the CC0 license. See the included LICENSE.txt for details.
      2  5000 ????
      3  5000 ????	       f0 00	   write_RAM  =	$F000
      4  5000 ????	       f0 00	   wRAM       =	$F000
      5  5000 ????	       f0 00	   w000       =	$F000
      6  5000 ????	       f0 01	   w001       =	$F001
      7  5000 ????	       f0 02	   w002       =	$F002
      8  5000 ????	       f0 03	   w003       =	$F003
      9  5000 ????	       f0 04	   w004       =	$F004
     10  5000 ????	       f0 05	   w005       =	$F005
     11  5000 ????	       f0 06	   w006       =	$F006
     12  5000 ????	       f0 07	   w007       =	$F007
     13  5000 ????	       f0 08	   w008       =	$F008
     14  5000 ????	       f0 09	   w009       =	$F009
     15  5000 ????	       f0 0a	   w010       =	$F00A
     16  5000 ????	       f0 0b	   w011       =	$F00B
     17  5000 ????	       f0 0c	   w012       =	$F00C
     18  5000 ????	       f0 0d	   w013       =	$F00D
     19  5000 ????	       f0 0e	   w014       =	$F00E
     20  5000 ????	       f0 0f	   w015       =	$F00F
     21  5000 ????	       f0 10	   w016       =	$F010
     22  5000 ????	       f0 11	   w017       =	$F011
     23  5000 ????	       f0 12	   w018       =	$F012
     24  5000 ????	       f0 13	   w019       =	$F013
     25  5000 ????	       f0 14	   w020       =	$F014
     26  5000 ????	       f0 15	   w021       =	$F015
     27  5000 ????	       f0 16	   w022       =	$F016
     28  5000 ????	       f0 17	   w023       =	$F017
     29  5000 ????	       f0 18	   w024       =	$F018
     30  5000 ????	       f0 19	   w025       =	$F019
     31  5000 ????	       f0 1a	   w026       =	$F01A
     32  5000 ????	       f0 1b	   w027       =	$F01B
     33  5000 ????	       f0 1c	   w028       =	$F01C
     34  5000 ????	       f0 1d	   w029       =	$F01D
     35  5000 ????	       f0 1e	   w030       =	$F01E
     36  5000 ????	       f0 1f	   w031       =	$F01F
     37  5000 ????	       f0 20	   w032       =	$F020
     38  5000 ????	       f0 21	   w033       =	$F021
     39  5000 ????	       f0 22	   w034       =	$F022
     40  5000 ????	       f0 23	   w035       =	$F023
     41  5000 ????	       f0 24	   w036       =	$F024
     42  5000 ????	       f0 25	   w037       =	$F025
     43  5000 ????	       f0 26	   w038       =	$F026
     44  5000 ????	       f0 27	   w039       =	$F027
     45  5000 ????	       f0 28	   w040       =	$F028
     46  5000 ????	       f0 29	   w041       =	$F029
     47  5000 ????	       f0 2a	   w042       =	$F02A
     48  5000 ????	       f0 2b	   w043       =	$F02B
     49  5000 ????	       f0 2c	   w044       =	$F02C
     50  5000 ????	       f0 2d	   w045       =	$F02D
     51  5000 ????	       f0 2e	   w046       =	$F02E
     52  5000 ????	       f0 2f	   w047       =	$F02F
     53  5000 ????	       f0 30	   w048       =	$F030
     54  5000 ????	       f0 31	   w049       =	$F031
     55  5000 ????	       f0 32	   w050       =	$F032
     56  5000 ????	       f0 33	   w051       =	$F033
     57  5000 ????	       f0 34	   w052       =	$F034
     58  5000 ????	       f0 35	   w053       =	$F035
     59  5000 ????	       f0 36	   w054       =	$F036
     60  5000 ????	       f0 37	   w055       =	$F037
     61  5000 ????	       f0 38	   w056       =	$F038
     62  5000 ????	       f0 39	   w057       =	$F039
     63  5000 ????	       f0 3a	   w058       =	$F03A
     64  5000 ????	       f0 3b	   w059       =	$F03B
     65  5000 ????	       f0 3c	   w060       =	$F03C
     66  5000 ????	       f0 3d	   w061       =	$F03D
     67  5000 ????	       f0 3e	   w062       =	$F03E
     68  5000 ????	       f0 3f	   w063       =	$F03F
     69  5000 ????	       f0 40	   w064       =	$F040
     70  5000 ????	       f0 41	   w065       =	$F041
     71  5000 ????	       f0 42	   w066       =	$F042
     72  5000 ????	       f0 43	   w067       =	$F043
     73  5000 ????	       f0 44	   w068       =	$F044
     74  5000 ????	       f0 45	   w069       =	$F045
     75  5000 ????	       f0 46	   w070       =	$F046
     76  5000 ????	       f0 47	   w071       =	$F047
     77  5000 ????	       f0 48	   w072       =	$F048
     78  5000 ????	       f0 49	   w073       =	$F049
     79  5000 ????	       f0 4a	   w074       =	$F04A
     80  5000 ????	       f0 4b	   w075       =	$F04B
     81  5000 ????	       f0 4c	   w076       =	$F04C
     82  5000 ????	       f0 4d	   w077       =	$F04D
     83  5000 ????	       f0 4e	   w078       =	$F04E
     84  5000 ????	       f0 4f	   w079       =	$F04F
     85  5000 ????	       f0 50	   w080       =	$F050
     86  5000 ????	       f0 51	   w081       =	$F051
     87  5000 ????	       f0 52	   w082       =	$F052
     88  5000 ????	       f0 53	   w083       =	$F053
     89  5000 ????	       f0 54	   w084       =	$F054
     90  5000 ????	       f0 55	   w085       =	$F055
     91  5000 ????	       f0 56	   w086       =	$F056
     92  5000 ????	       f0 57	   w087       =	$F057
     93  5000 ????	       f0 58	   w088       =	$F058
     94  5000 ????	       f0 59	   w089       =	$F059
     95  5000 ????	       f0 5a	   w090       =	$F05A
     96  5000 ????	       f0 5b	   w091       =	$F05B
     97  5000 ????	       f0 5c	   w092       =	$F05C
     98  5000 ????	       f0 5d	   w093       =	$F05D
     99  5000 ????	       f0 5e	   w094       =	$F05E
    100  5000 ????	       f0 5f	   w095       =	$F05F
    101  5000 ????	       f0 60	   w096       =	$F060
    102  5000 ????	       f0 61	   w097       =	$F061
    103  5000 ????	       f0 62	   w098       =	$F062
    104  5000 ????	       f0 63	   w099       =	$F063
    105  5000 ????	       f0 64	   w100       =	$F064
    106  5000 ????	       f0 65	   w101       =	$F065
    107  5000 ????	       f0 66	   w102       =	$F066
    108  5000 ????	       f0 67	   w103       =	$F067
    109  5000 ????	       f0 68	   w104       =	$F068
    110  5000 ????	       f0 69	   w105       =	$F069
    111  5000 ????	       f0 6a	   w106       =	$F06A
    112  5000 ????	       f0 6b	   w107       =	$F06B
    113  5000 ????	       f0 6c	   w108       =	$F06C
    114  5000 ????	       f0 6d	   w109       =	$F06D
    115  5000 ????	       f0 6e	   w110       =	$F06E
    116  5000 ????	       f0 6f	   w111       =	$F06F
    117  5000 ????	       f0 70	   w112       =	$F070
    118  5000 ????	       f0 71	   w113       =	$F071
    119  5000 ????	       f0 72	   w114       =	$F072
    120  5000 ????	       f0 73	   w115       =	$F073
    121  5000 ????	       f0 74	   w116       =	$F074
    122  5000 ????	       f0 75	   w117       =	$F075
    123  5000 ????	       f0 76	   w118       =	$F076
    124  5000 ????	       f0 77	   w119       =	$F077
    125  5000 ????	       f0 78	   w120       =	$F078
    126  5000 ????	       f0 79	   w121       =	$F079
    127  5000 ????	       f0 7a	   w122       =	$F07A
    128  5000 ????	       f0 7b	   w123       =	$F07B
    129  5000 ????	       f0 7c	   w124       =	$F07C
    130  5000 ????	       f0 7d	   w125       =	$F07D
    131  5000 ????	       f0 7e	   w126       =	$F07E
    132  5000 ????	       f0 7f	   w127       =	$F07F
    133  5000 ????
    134  5000 ????	       f0 80	   read_RAM   =	$F080
    135  5000 ????	       f0 80	   rRAM       =	$F080
    136  5000 ????	       f0 80	   r000       =	$F080
    137  5000 ????	       f0 81	   r001       =	$F081
    138  5000 ????	       f0 82	   r002       =	$F082
    139  5000 ????	       f0 83	   r003       =	$F083
    140  5000 ????	       f0 84	   r004       =	$F084
    141  5000 ????	       f0 85	   r005       =	$F085
    142  5000 ????	       f0 86	   r006       =	$F086
    143  5000 ????	       f0 87	   r007       =	$F087
    144  5000 ????	       f0 88	   r008       =	$F088
    145  5000 ????	       f0 89	   r009       =	$F089
    146  5000 ????	       f0 8a	   r010       =	$F08A
    147  5000 ????	       f0 8b	   r011       =	$F08B
    148  5000 ????	       f0 8c	   r012       =	$F08C
    149  5000 ????	       f0 8d	   r013       =	$F08D
    150  5000 ????	       f0 8e	   r014       =	$F08E
    151  5000 ????	       f0 8f	   r015       =	$F08F
    152  5000 ????	       f0 90	   r016       =	$F090
    153  5000 ????	       f0 91	   r017       =	$F091
    154  5000 ????	       f0 92	   r018       =	$F092
    155  5000 ????	       f0 93	   r019       =	$F093
    156  5000 ????	       f0 94	   r020       =	$F094
    157  5000 ????	       f0 95	   r021       =	$F095
    158  5000 ????	       f0 96	   r022       =	$F096
    159  5000 ????	       f0 97	   r023       =	$F097
    160  5000 ????	       f0 98	   r024       =	$F098
    161  5000 ????	       f0 99	   r025       =	$F099
    162  5000 ????	       f0 9a	   r026       =	$F09A
    163  5000 ????	       f0 9b	   r027       =	$F09B
    164  5000 ????	       f0 9c	   r028       =	$F09C
    165  5000 ????	       f0 9d	   r029       =	$F09D
    166  5000 ????	       f0 9e	   r030       =	$F09E
    167  5000 ????	       f0 9f	   r031       =	$F09F
    168  5000 ????	       f0 a0	   r032       =	$F0A0
    169  5000 ????	       f0 a1	   r033       =	$F0A1
    170  5000 ????	       f0 a2	   r034       =	$F0A2
    171  5000 ????	       f0 a3	   r035       =	$F0A3
    172  5000 ????	       f0 a4	   r036       =	$F0A4
    173  5000 ????	       f0 a5	   r037       =	$F0A5
    174  5000 ????	       f0 a6	   r038       =	$F0A6
    175  5000 ????	       f0 a7	   r039       =	$F0A7
    176  5000 ????	       f0 a8	   r040       =	$F0A8
    177  5000 ????	       f0 a9	   r041       =	$F0A9
    178  5000 ????	       f0 aa	   r042       =	$F0AA
    179  5000 ????	       f0 ab	   r043       =	$F0AB
    180  5000 ????	       f0 ac	   r044       =	$F0AC
    181  5000 ????	       f0 ad	   r045       =	$F0AD
    182  5000 ????	       f0 ae	   r046       =	$F0AE
    183  5000 ????	       f0 af	   r047       =	$F0AF
    184  5000 ????	       f0 b0	   r048       =	$F0B0
    185  5000 ????	       f0 b1	   r049       =	$F0B1
    186  5000 ????	       f0 b2	   r050       =	$F0B2
    187  5000 ????	       f0 b3	   r051       =	$F0B3
    188  5000 ????	       f0 b4	   r052       =	$F0B4
    189  5000 ????	       f0 b5	   r053       =	$F0B5
    190  5000 ????	       f0 b6	   r054       =	$F0B6
    191  5000 ????	       f0 b7	   r055       =	$F0B7
    192  5000 ????	       f0 b8	   r056       =	$F0B8
    193  5000 ????	       f0 b9	   r057       =	$F0B9
    194  5000 ????	       f0 ba	   r058       =	$F0BA
    195  5000 ????	       f0 bb	   r059       =	$F0BB
    196  5000 ????	       f0 bc	   r060       =	$F0BC
    197  5000 ????	       f0 bd	   r061       =	$F0BD
    198  5000 ????	       f0 be	   r062       =	$F0BE
    199  5000 ????	       f0 bf	   r063       =	$F0BF
    200  5000 ????	       f0 c0	   r064       =	$F0C0
    201  5000 ????	       f0 c1	   r065       =	$F0C1
    202  5000 ????	       f0 c2	   r066       =	$F0C2
    203  5000 ????	       f0 c3	   r067       =	$F0C3
    204  5000 ????	       f0 c4	   r068       =	$F0C4
    205  5000 ????	       f0 c5	   r069       =	$F0C5
    206  5000 ????	       f0 c6	   r070       =	$F0C6
    207  5000 ????	       f0 c7	   r071       =	$F0C7
    208  5000 ????	       f0 c8	   r072       =	$F0C8
    209  5000 ????	       f0 c9	   r073       =	$F0C9
    210  5000 ????	       f0 ca	   r074       =	$F0CA
    211  5000 ????	       f0 cb	   r075       =	$F0CB
    212  5000 ????	       f0 cc	   r076       =	$F0CC
    213  5000 ????	       f0 cd	   r077       =	$F0CD
    214  5000 ????	       f0 ce	   r078       =	$F0CE
    215  5000 ????	       f0 cf	   r079       =	$F0CF
    216  5000 ????	       f0 d0	   r080       =	$F0D0
    217  5000 ????	       f0 d1	   r081       =	$F0D1
    218  5000 ????	       f0 d2	   r082       =	$F0D2
    219  5000 ????	       f0 d3	   r083       =	$F0D3
    220  5000 ????	       f0 d4	   r084       =	$F0D4
    221  5000 ????	       f0 d5	   r085       =	$F0D5
    222  5000 ????	       f0 d6	   r086       =	$F0D6
    223  5000 ????	       f0 d7	   r087       =	$F0D7
    224  5000 ????	       f0 d8	   r088       =	$F0D8
    225  5000 ????	       f0 d9	   r089       =	$F0D9
    226  5000 ????	       f0 da	   r090       =	$F0DA
    227  5000 ????	       f0 db	   r091       =	$F0DB
    228  5000 ????	       f0 dc	   r092       =	$F0DC
    229  5000 ????	       f0 dd	   r093       =	$F0DD
    230  5000 ????	       f0 de	   r094       =	$F0DE
    231  5000 ????	       f0 df	   r095       =	$F0DF
    232  5000 ????	       f0 e0	   r096       =	$F0E0
    233  5000 ????	       f0 e1	   r097       =	$F0E1
    234  5000 ????	       f0 e2	   r098       =	$F0E2
    235  5000 ????	       f0 e3	   r099       =	$F0E3
    236  5000 ????	       f0 e4	   r100       =	$F0E4
    237  5000 ????	       f0 e5	   r101       =	$F0E5
    238  5000 ????	       f0 e6	   r102       =	$F0E6
    239  5000 ????	       f0 e7	   r103       =	$F0E7
    240  5000 ????	       f0 e8	   r104       =	$F0E8
    241  5000 ????	       f0 e9	   r105       =	$F0E9
    242  5000 ????	       f0 ea	   r106       =	$F0EA
    243  5000 ????	       f0 eb	   r107       =	$F0EB
    244  5000 ????	       f0 ec	   r108       =	$F0EC
    245  5000 ????	       f0 ed	   r109       =	$F0ED
    246  5000 ????	       f0 ee	   r110       =	$F0EE
    247  5000 ????	       f0 ef	   r111       =	$F0EF
    248  5000 ????	       f0 f0	   r112       =	$F0F0
    249  5000 ????	       f0 f1	   r113       =	$F0F1
    250  5000 ????	       f0 f2	   r114       =	$F0F2
    251  5000 ????	       f0 f3	   r115       =	$F0F3
    252  5000 ????	       f0 f4	   r116       =	$F0F4
    253  5000 ????	       f0 f5	   r117       =	$F0F5
    254  5000 ????	       f0 f6	   r118       =	$F0F6
    255  5000 ????	       f0 f7	   r119       =	$F0F7
    256  5000 ????	       f0 f8	   r120       =	$F0F8
    257  5000 ????	       f0 f9	   r121       =	$F0F9
    258  5000 ????	       f0 fa	   r122       =	$F0FA
    259  5000 ????	       f0 fb	   r123       =	$F0FB
    260  5000 ????	       f0 fc	   r124       =	$F0FC
    261  5000 ????	       f0 fd	   r125       =	$F0FD
    262  5000 ????	       f0 fe	   r126       =	$F0FE
    263  5000 ????	       f0 ff	   r127       =	$F0FF
------- FILE 2600basic.h
    201  5000 ????			  -	      else
    202  5000 ????			  -playfieldbase =	$A4
    203  5000 ????				      endif
    204  5000 ????
    205  5000 ????				      ifnconst	pfhalfwidth
    206  5000 ????	       00 04	   pfwidth    =	4
    207  5000 ????	       00 0e	   PF1L       =	PF1
    208  5000 ????	       00 0f	   PF2L       =	PF2
    209  5000 ????	       00 0e	   PF1R       =	PF1
    210  5000 ????	       00 0f	   PF2R       =	PF2
    211  5000 ????	       00 00	   pfadjust   =	0
    212  5000 ????			  -	      else
    213  5000 ????			  -pfwidth    =	2
    214  5000 ????			  -	      ifconst	pfcenter
    215  5000 ????			  -PF1L       =	$3F	; no effect
    216  5000 ????			  -PF2L       =	PF2
    217  5000 ????			  -PF1R       =	$3F
    218  5000 ????			  -PF2R       =	PF2	; no effect
    219  5000 ????			  -pfadjust   =	1
    220  5000 ????			  -	      else
    221  5000 ????			  -PF1L       =	PF1
    222  5000 ????			  -PF2L       =	PF2
    223  5000 ????			  -PF1R       =	$3F	; no effect
    224  5000 ????			  -PF2R       =	$3F	; no effect
    225  5000 ????			  -pfadjust   =	0
    226  5000 ????			  -	      endif
    227  5000 ????				      endif
    228  5000 ????
    229  5000 ????						; define playfield start based on height
    230  5000 ????			  -	      ifnconst	pfres
    231  5000 ????			  -playfield  =	playfieldbase
    232  5000 ????				      else
    233  5000 ????	       10 80	   playfield  =	playfieldbase-(pfres-12*(4/pfwidth))*pfwidth
    234  5000 ????				      endif
------- FILE split_adv2.bas.asm
------- FILE 2600basic_variable_redefs.h LEVEL 2 PASS 2
      0  5000 ????				      include	"2600basic_variable_redefs.h"
      1  5000 ????						; This file contains variable mapping and other information for the current project.
      2  5000 ????
      3  5000 ????	       00 20	   bscode_length =	32
      4  5000 ????	       00 22	   room_color_length =	.skipL074-room_color
      5  5000 ????
      6  5000 ????	       00 22	   move_west_length =	.skipL073-move_west
      7  5000 ????
      8  5000 ????	       00 22	   move_south_length =	.skipL072-move_south
      9  5000 ????
     10  5000 ????	       00 22	   move_east_length =	.skipL071-move_east
     11  5000 ????
     12  5000 ????	       00 22	   move_north_length =	.skipL070-move_north
     13  5000 ????
     14  5000 ????	       00 22	   room_shape_length =	.skipL069-room_shape
     15  5000 ????
     16  5000 ????	       00 e2	   p2_player1pointerhi =	o
     17  5000 ????
     18  5000 ????	       00 e1	   p2_player1pointerlo =	n
     19  5000 ????
     20  5000 ????	       00 e0	   p2_player0pointerhi =	m
     21  5000 ????
     22  5000 ????	       00 df	   p2_player0pointerlo =	l
     23  5000 ????
     24  5000 ????	       00 de	   p2_player1x =	k
     25  5000 ????
     26  5000 ????	       00 dd	   p2_player1y =	j
     27  5000 ????
     28  5000 ????	       00 dc	   p1_oldy    =	i
     29  5000 ????
     30  5000 ????	       00 db	   p1_oldx    =	h
     31  5000 ????
     32  5000 ????	       00 da	   p0_oldy    =	g
     33  5000 ????
     34  5000 ????	       00 d9	   p0_oldx    =	f
     35  5000 ????
     36  5000 ????	       00 d8	   p1_room    =	e
     37  5000 ????
     38  5000 ????	       00 d7	   p0_room    =	d
     39  5000 ????
     40  5000 ????	       00 d6	   p2_colupf  =	c
     41  5000 ????
     42  5000 ????	       00 d5	   p2_player0x =	b
     43  5000 ????
     44  5000 ????	       00 d4	   p2_player0y =	a
     45  5000 ????
     46  5000 ????	       00 44	   split_position =	68
     47  5000 ????
     48  5000 ????	       00 20	   pfres      =	32
     49  5000 ????
     50  5000 ????	       00 01	   superchip  =	1
     51  5000 ????	       00 03	   bs_mask    =	3
     52  5000 ????	       00 10	   bankswitch =	16
     53  5000 ????	       1f f6	   bankswitch_hotspot =	$1FF6
     54  5000 ????	       00 01	   split_kernel =	1
------- FILE split_adv2.bas.asm
      8  5000 ????				      ifconst	bankswitch
      9  5000 ????			  -	      if	bankswitch == 8
     10  5000 ????			  -	      ORG	$1000
     11  5000 ????			  -	      RORG	$D000
     12  5000 ????				      endif
     13  5000 ????				      if	bankswitch == 16
     14  1000					      ORG	$1000
     15  1000					      RORG	$9000
     16  1000					      endif
     17  1000				  -	      if	bankswitch == 32
     18  1000				  -	      ORG	$1000
     19  1000				  -	      RORG	$1000
     20  1000					      endif
     21  1000				  -	      if	bankswitch == 64
     22  1000				  -	      ORG	$1000
     23  1000				  -	      RORG	$1000
     24  1000					      endif
     25  1000				  -	      else
     26  1000				  -	      ORG	$F000
     27  1000					      endif
     28  1000					      repeat	256
     29  1000		       ff		      .byte.b	$ff
     28  1000					      repend
     29  1001		       ff		      .byte.b	$ff
     28  1001					      repend
     29  1002		       ff		      .byte.b	$ff
     28  1002					      repend
     29  1003		       ff		      .byte.b	$ff
     28  1003					      repend
     29  1004		       ff		      .byte.b	$ff
     28  1004					      repend
     29  1005		       ff		      .byte.b	$ff
     28  1005					      repend
     29  1006		       ff		      .byte.b	$ff
     28  1006					      repend
     29  1007		       ff		      .byte.b	$ff
     28  1007					      repend
     29  1008		       ff		      .byte.b	$ff
     28  1008					      repend
     29  1009		       ff		      .byte.b	$ff
     28  1009					      repend
     29  100a		       ff		      .byte.b	$ff
     28  100a					      repend
     29  100b		       ff		      .byte.b	$ff
     28  100b					      repend
     29  100c		       ff		      .byte.b	$ff
     28  100c					      repend
     29  100d		       ff		      .byte.b	$ff
     28  100d					      repend
     29  100e		       ff		      .byte.b	$ff
     28  100e					      repend
     29  100f		       ff		      .byte.b	$ff
     28  100f					      repend
     29  1010		       ff		      .byte.b	$ff
     28  1010					      repend
     29  1011		       ff		      .byte.b	$ff
     28  1011					      repend
     29  1012		       ff		      .byte.b	$ff
     28  1012					      repend
     29  1013		       ff		      .byte.b	$ff
     28  1013					      repend
     29  1014		       ff		      .byte.b	$ff
     28  1014					      repend
     29  1015		       ff		      .byte.b	$ff
     28  1015					      repend
     29  1016		       ff		      .byte.b	$ff
     28  1016					      repend
     29  1017		       ff		      .byte.b	$ff
     28  1017					      repend
     29  1018		       ff		      .byte.b	$ff
     28  1018					      repend
     29  1019		       ff		      .byte.b	$ff
     28  1019					      repend
     29  101a		       ff		      .byte.b	$ff
     28  101a					      repend
     29  101b		       ff		      .byte.b	$ff
     28  101b					      repend
     29  101c		       ff		      .byte.b	$ff
     28  101c					      repend
     29  101d		       ff		      .byte.b	$ff
     28  101d					      repend
     29  101e		       ff		      .byte.b	$ff
     28  101e					      repend
     29  101f		       ff		      .byte.b	$ff
     28  101f					      repend
     29  1020		       ff		      .byte.b	$ff
     28  1020					      repend
     29  1021		       ff		      .byte.b	$ff
     28  1021					      repend
     29  1022		       ff		      .byte.b	$ff
     28  1022					      repend
     29  1023		       ff		      .byte.b	$ff
     28  1023					      repend
     29  1024		       ff		      .byte.b	$ff
     28  1024					      repend
     29  1025		       ff		      .byte.b	$ff
     28  1025					      repend
     29  1026		       ff		      .byte.b	$ff
     28  1026					      repend
     29  1027		       ff		      .byte.b	$ff
     28  1027					      repend
     29  1028		       ff		      .byte.b	$ff
     28  1028					      repend
     29  1029		       ff		      .byte.b	$ff
     28  1029					      repend
     29  102a		       ff		      .byte.b	$ff
     28  102a					      repend
     29  102b		       ff		      .byte.b	$ff
     28  102b					      repend
     29  102c		       ff		      .byte.b	$ff
     28  102c					      repend
     29  102d		       ff		      .byte.b	$ff
     28  102d					      repend
     29  102e		       ff		      .byte.b	$ff
     28  102e					      repend
     29  102f		       ff		      .byte.b	$ff
     28  102f					      repend
     29  1030		       ff		      .byte.b	$ff
     28  1030					      repend
     29  1031		       ff		      .byte.b	$ff
     28  1031					      repend
     29  1032		       ff		      .byte.b	$ff
     28  1032					      repend
     29  1033		       ff		      .byte.b	$ff
     28  1033					      repend
     29  1034		       ff		      .byte.b	$ff
     28  1034					      repend
     29  1035		       ff		      .byte.b	$ff
     28  1035					      repend
     29  1036		       ff		      .byte.b	$ff
     28  1036					      repend
     29  1037		       ff		      .byte.b	$ff
     28  1037					      repend
     29  1038		       ff		      .byte.b	$ff
     28  1038					      repend
     29  1039		       ff		      .byte.b	$ff
     28  1039					      repend
     29  103a		       ff		      .byte.b	$ff
     28  103a					      repend
     29  103b		       ff		      .byte.b	$ff
     28  103b					      repend
     29  103c		       ff		      .byte.b	$ff
     28  103c					      repend
     29  103d		       ff		      .byte.b	$ff
     28  103d					      repend
     29  103e		       ff		      .byte.b	$ff
     28  103e					      repend
     29  103f		       ff		      .byte.b	$ff
     28  103f					      repend
     29  1040		       ff		      .byte.b	$ff
     28  1040					      repend
     29  1041		       ff		      .byte.b	$ff
     28  1041					      repend
     29  1042		       ff		      .byte.b	$ff
     28  1042					      repend
     29  1043		       ff		      .byte.b	$ff
     28  1043					      repend
     29  1044		       ff		      .byte.b	$ff
     28  1044					      repend
     29  1045		       ff		      .byte.b	$ff
     28  1045					      repend
     29  1046		       ff		      .byte.b	$ff
     28  1046					      repend
     29  1047		       ff		      .byte.b	$ff
     28  1047					      repend
     29  1048		       ff		      .byte.b	$ff
     28  1048					      repend
     29  1049		       ff		      .byte.b	$ff
     28  1049					      repend
     29  104a		       ff		      .byte.b	$ff
     28  104a					      repend
     29  104b		       ff		      .byte.b	$ff
     28  104b					      repend
     29  104c		       ff		      .byte.b	$ff
     28  104c					      repend
     29  104d		       ff		      .byte.b	$ff
     28  104d					      repend
     29  104e		       ff		      .byte.b	$ff
     28  104e					      repend
     29  104f		       ff		      .byte.b	$ff
     28  104f					      repend
     29  1050		       ff		      .byte.b	$ff
     28  1050					      repend
     29  1051		       ff		      .byte.b	$ff
     28  1051					      repend
     29  1052		       ff		      .byte.b	$ff
     28  1052					      repend
     29  1053		       ff		      .byte.b	$ff
     28  1053					      repend
     29  1054		       ff		      .byte.b	$ff
     28  1054					      repend
     29  1055		       ff		      .byte.b	$ff
     28  1055					      repend
     29  1056		       ff		      .byte.b	$ff
     28  1056					      repend
     29  1057		       ff		      .byte.b	$ff
     28  1057					      repend
     29  1058		       ff		      .byte.b	$ff
     28  1058					      repend
     29  1059		       ff		      .byte.b	$ff
     28  1059					      repend
     29  105a		       ff		      .byte.b	$ff
     28  105a					      repend
     29  105b		       ff		      .byte.b	$ff
     28  105b					      repend
     29  105c		       ff		      .byte.b	$ff
     28  105c					      repend
     29  105d		       ff		      .byte.b	$ff
     28  105d					      repend
     29  105e		       ff		      .byte.b	$ff
     28  105e					      repend
     29  105f		       ff		      .byte.b	$ff
     28  105f					      repend
     29  1060		       ff		      .byte.b	$ff
     28  1060					      repend
     29  1061		       ff		      .byte.b	$ff
     28  1061					      repend
     29  1062		       ff		      .byte.b	$ff
     28  1062					      repend
     29  1063		       ff		      .byte.b	$ff
     28  1063					      repend
     29  1064		       ff		      .byte.b	$ff
     28  1064					      repend
     29  1065		       ff		      .byte.b	$ff
     28  1065					      repend
     29  1066		       ff		      .byte.b	$ff
     28  1066					      repend
     29  1067		       ff		      .byte.b	$ff
     28  1067					      repend
     29  1068		       ff		      .byte.b	$ff
     28  1068					      repend
     29  1069		       ff		      .byte.b	$ff
     28  1069					      repend
     29  106a		       ff		      .byte.b	$ff
     28  106a					      repend
     29  106b		       ff		      .byte.b	$ff
     28  106b					      repend
     29  106c		       ff		      .byte.b	$ff
     28  106c					      repend
     29  106d		       ff		      .byte.b	$ff
     28  106d					      repend
     29  106e		       ff		      .byte.b	$ff
     28  106e					      repend
     29  106f		       ff		      .byte.b	$ff
     28  106f					      repend
     29  1070		       ff		      .byte.b	$ff
     28  1070					      repend
     29  1071		       ff		      .byte.b	$ff
     28  1071					      repend
     29  1072		       ff		      .byte.b	$ff
     28  1072					      repend
     29  1073		       ff		      .byte.b	$ff
     28  1073					      repend
     29  1074		       ff		      .byte.b	$ff
     28  1074					      repend
     29  1075		       ff		      .byte.b	$ff
     28  1075					      repend
     29  1076		       ff		      .byte.b	$ff
     28  1076					      repend
     29  1077		       ff		      .byte.b	$ff
     28  1077					      repend
     29  1078		       ff		      .byte.b	$ff
     28  1078					      repend
     29  1079		       ff		      .byte.b	$ff
     28  1079					      repend
     29  107a		       ff		      .byte.b	$ff
     28  107a					      repend
     29  107b		       ff		      .byte.b	$ff
     28  107b					      repend
     29  107c		       ff		      .byte.b	$ff
     28  107c					      repend
     29  107d		       ff		      .byte.b	$ff
     28  107d					      repend
     29  107e		       ff		      .byte.b	$ff
     28  107e					      repend
     29  107f		       ff		      .byte.b	$ff
     28  107f					      repend
     29  1080		       ff		      .byte.b	$ff
     28  1080					      repend
     29  1081		       ff		      .byte.b	$ff
     28  1081					      repend
     29  1082		       ff		      .byte.b	$ff
     28  1082					      repend
     29  1083		       ff		      .byte.b	$ff
     28  1083					      repend
     29  1084		       ff		      .byte.b	$ff
     28  1084					      repend
     29  1085		       ff		      .byte.b	$ff
     28  1085					      repend
     29  1086		       ff		      .byte.b	$ff
     28  1086					      repend
     29  1087		       ff		      .byte.b	$ff
     28  1087					      repend
     29  1088		       ff		      .byte.b	$ff
     28  1088					      repend
     29  1089		       ff		      .byte.b	$ff
     28  1089					      repend
     29  108a		       ff		      .byte.b	$ff
     28  108a					      repend
     29  108b		       ff		      .byte.b	$ff
     28  108b					      repend
     29  108c		       ff		      .byte.b	$ff
     28  108c					      repend
     29  108d		       ff		      .byte.b	$ff
     28  108d					      repend
     29  108e		       ff		      .byte.b	$ff
     28  108e					      repend
     29  108f		       ff		      .byte.b	$ff
     28  108f					      repend
     29  1090		       ff		      .byte.b	$ff
     28  1090					      repend
     29  1091		       ff		      .byte.b	$ff
     28  1091					      repend
     29  1092		       ff		      .byte.b	$ff
     28  1092					      repend
     29  1093		       ff		      .byte.b	$ff
     28  1093					      repend
     29  1094		       ff		      .byte.b	$ff
     28  1094					      repend
     29  1095		       ff		      .byte.b	$ff
     28  1095					      repend
     29  1096		       ff		      .byte.b	$ff
     28  1096					      repend
     29  1097		       ff		      .byte.b	$ff
     28  1097					      repend
     29  1098		       ff		      .byte.b	$ff
     28  1098					      repend
     29  1099		       ff		      .byte.b	$ff
     28  1099					      repend
     29  109a		       ff		      .byte.b	$ff
     28  109a					      repend
     29  109b		       ff		      .byte.b	$ff
     28  109b					      repend
     29  109c		       ff		      .byte.b	$ff
     28  109c					      repend
     29  109d		       ff		      .byte.b	$ff
     28  109d					      repend
     29  109e		       ff		      .byte.b	$ff
     28  109e					      repend
     29  109f		       ff		      .byte.b	$ff
     28  109f					      repend
     29  10a0		       ff		      .byte.b	$ff
     28  10a0					      repend
     29  10a1		       ff		      .byte.b	$ff
     28  10a1					      repend
     29  10a2		       ff		      .byte.b	$ff
     28  10a2					      repend
     29  10a3		       ff		      .byte.b	$ff
     28  10a3					      repend
     29  10a4		       ff		      .byte.b	$ff
     28  10a4					      repend
     29  10a5		       ff		      .byte.b	$ff
     28  10a5					      repend
     29  10a6		       ff		      .byte.b	$ff
     28  10a6					      repend
     29  10a7		       ff		      .byte.b	$ff
     28  10a7					      repend
     29  10a8		       ff		      .byte.b	$ff
     28  10a8					      repend
     29  10a9		       ff		      .byte.b	$ff
     28  10a9					      repend
     29  10aa		       ff		      .byte.b	$ff
     28  10aa					      repend
     29  10ab		       ff		      .byte.b	$ff
     28  10ab					      repend
     29  10ac		       ff		      .byte.b	$ff
     28  10ac					      repend
     29  10ad		       ff		      .byte.b	$ff
     28  10ad					      repend
     29  10ae		       ff		      .byte.b	$ff
     28  10ae					      repend
     29  10af		       ff		      .byte.b	$ff
     28  10af					      repend
     29  10b0		       ff		      .byte.b	$ff
     28  10b0					      repend
     29  10b1		       ff		      .byte.b	$ff
     28  10b1					      repend
     29  10b2		       ff		      .byte.b	$ff
     28  10b2					      repend
     29  10b3		       ff		      .byte.b	$ff
     28  10b3					      repend
     29  10b4		       ff		      .byte.b	$ff
     28  10b4					      repend
     29  10b5		       ff		      .byte.b	$ff
     28  10b5					      repend
     29  10b6		       ff		      .byte.b	$ff
     28  10b6					      repend
     29  10b7		       ff		      .byte.b	$ff
     28  10b7					      repend
     29  10b8		       ff		      .byte.b	$ff
     28  10b8					      repend
     29  10b9		       ff		      .byte.b	$ff
     28  10b9					      repend
     29  10ba		       ff		      .byte.b	$ff
     28  10ba					      repend
     29  10bb		       ff		      .byte.b	$ff
     28  10bb					      repend
     29  10bc		       ff		      .byte.b	$ff
     28  10bc					      repend
     29  10bd		       ff		      .byte.b	$ff
     28  10bd					      repend
     29  10be		       ff		      .byte.b	$ff
     28  10be					      repend
     29  10bf		       ff		      .byte.b	$ff
     28  10bf					      repend
     29  10c0		       ff		      .byte.b	$ff
     28  10c0					      repend
     29  10c1		       ff		      .byte.b	$ff
     28  10c1					      repend
     29  10c2		       ff		      .byte.b	$ff
     28  10c2					      repend
     29  10c3		       ff		      .byte.b	$ff
     28  10c3					      repend
     29  10c4		       ff		      .byte.b	$ff
     28  10c4					      repend
     29  10c5		       ff		      .byte.b	$ff
     28  10c5					      repend
     29  10c6		       ff		      .byte.b	$ff
     28  10c6					      repend
     29  10c7		       ff		      .byte.b	$ff
     28  10c7					      repend
     29  10c8		       ff		      .byte.b	$ff
     28  10c8					      repend
     29  10c9		       ff		      .byte.b	$ff
     28  10c9					      repend
     29  10ca		       ff		      .byte.b	$ff
     28  10ca					      repend
     29  10cb		       ff		      .byte.b	$ff
     28  10cb					      repend
     29  10cc		       ff		      .byte.b	$ff
     28  10cc					      repend
     29  10cd		       ff		      .byte.b	$ff
     28  10cd					      repend
     29  10ce		       ff		      .byte.b	$ff
     28  10ce					      repend
     29  10cf		       ff		      .byte.b	$ff
     28  10cf					      repend
     29  10d0		       ff		      .byte.b	$ff
     28  10d0					      repend
     29  10d1		       ff		      .byte.b	$ff
     28  10d1					      repend
     29  10d2		       ff		      .byte.b	$ff
     28  10d2					      repend
     29  10d3		       ff		      .byte.b	$ff
     28  10d3					      repend
     29  10d4		       ff		      .byte.b	$ff
     28  10d4					      repend
     29  10d5		       ff		      .byte.b	$ff
     28  10d5					      repend
     29  10d6		       ff		      .byte.b	$ff
     28  10d6					      repend
     29  10d7		       ff		      .byte.b	$ff
     28  10d7					      repend
     29  10d8		       ff		      .byte.b	$ff
     28  10d8					      repend
     29  10d9		       ff		      .byte.b	$ff
     28  10d9					      repend
     29  10da		       ff		      .byte.b	$ff
     28  10da					      repend
     29  10db		       ff		      .byte.b	$ff
     28  10db					      repend
     29  10dc		       ff		      .byte.b	$ff
     28  10dc					      repend
     29  10dd		       ff		      .byte.b	$ff
     28  10dd					      repend
     29  10de		       ff		      .byte.b	$ff
     28  10de					      repend
     29  10df		       ff		      .byte.b	$ff
     28  10df					      repend
     29  10e0		       ff		      .byte.b	$ff
     28  10e0					      repend
     29  10e1		       ff		      .byte.b	$ff
     28  10e1					      repend
     29  10e2		       ff		      .byte.b	$ff
     28  10e2					      repend
     29  10e3		       ff		      .byte.b	$ff
     28  10e3					      repend
     29  10e4		       ff		      .byte.b	$ff
     28  10e4					      repend
     29  10e5		       ff		      .byte.b	$ff
     28  10e5					      repend
     29  10e6		       ff		      .byte.b	$ff
     28  10e6					      repend
     29  10e7		       ff		      .byte.b	$ff
     28  10e7					      repend
     29  10e8		       ff		      .byte.b	$ff
     28  10e8					      repend
     29  10e9		       ff		      .byte.b	$ff
     28  10e9					      repend
     29  10ea		       ff		      .byte.b	$ff
     28  10ea					      repend
     29  10eb		       ff		      .byte.b	$ff
     28  10eb					      repend
     29  10ec		       ff		      .byte.b	$ff
     28  10ec					      repend
     29  10ed		       ff		      .byte.b	$ff
     28  10ed					      repend
     29  10ee		       ff		      .byte.b	$ff
     28  10ee					      repend
     29  10ef		       ff		      .byte.b	$ff
     28  10ef					      repend
     29  10f0		       ff		      .byte.b	$ff
     28  10f0					      repend
     29  10f1		       ff		      .byte.b	$ff
     28  10f1					      repend
     29  10f2		       ff		      .byte.b	$ff
     28  10f2					      repend
     29  10f3		       ff		      .byte.b	$ff
     28  10f3					      repend
     29  10f4		       ff		      .byte.b	$ff
     28  10f4					      repend
     29  10f5		       ff		      .byte.b	$ff
     28  10f5					      repend
     29  10f6		       ff		      .byte.b	$ff
     28  10f6					      repend
     29  10f7		       ff		      .byte.b	$ff
     28  10f7					      repend
     29  10f8		       ff		      .byte.b	$ff
     28  10f8					      repend
     29  10f9		       ff		      .byte.b	$ff
     28  10f9					      repend
     29  10fa		       ff		      .byte.b	$ff
     28  10fa					      repend
     29  10fb		       ff		      .byte.b	$ff
     28  10fb					      repend
     29  10fc		       ff		      .byte.b	$ff
     28  10fc					      repend
     29  10fd		       ff		      .byte.b	$ff
     28  10fd					      repend
     29  10fe		       ff		      .byte.b	$ff
     28  10fe					      repend
     29  10ff		       ff		      .byte.b	$ff
     30  1100					      repend
     31  1100				   game
     32  1100				   .L00 		;;line 1;;  set kernel split
     33  1100
     34  1100				   .L01 		;;line 2;;  set romsize 16kSC
     35  1100
     36  1100				   .L02 		;;line 3;;  const pfres = 32
     37  1100
     38  1100				   .L03 		;;line 4;;  const split_position = 68
     39  1100
     40  1100				   .
     41  1100							;;line 5;;
     42  1100
     43  1100				   .L04 		;;line 6;;  dim p2_player0y = a
     44  1100
     45  1100				   .L05 		;;line 7;;  dim p2_player0x = b
     46  1100
     47  1100				   .L06 		;;line 8;;  dim p2_colupf = c
     48  1100
     49  1100				   .
     50  1100							;;line 9;;
     51  1100
     52  1100				   .L07 		;;line 10;;  dim p0_room = d
     53  1100
     54  1100				   .L08 		;;line 11;;  dim p1_room = e
     55  1100
     56  1100				   .
     57  1100							;;line 12;;
     58  1100
     59  1100				   .L09 		;;line 13;;  dim p0_oldx = f
     60  1100
     61  1100				   .L010		;;line 14;;  dim p0_oldy = g
     62  1100
     63  1100				   .
     64  1100							;;line 15;;
     65  1100
     66  1100				   .L011		;;line 16;;  dim p1_oldx = h
     67  1100
     68  1100				   .L012		;;line 17;;  dim p1_oldy = i
     69  1100
     70  1100				   .
     71  1100							;;line 18;;
     72  1100
     73  1100				   .L013		;;line 19;;  dim p2_player1y = j
     74  1100
     75  1100				   .L014		;;line 20;;  dim p2_player1x = k
     76  1100
     77  1100				   .
     78  1100							;;line 21;;
     79  1100
     80  1100				   .L015		;;line 22;;  dim p2_player0pointerlo = l
     81  1100
     82  1100				   .L016		;;line 23;;  dim p2_player0pointerhi = m
     83  1100
     84  1100				   .
     85  1100							;;line 24;;
     86  1100
     87  1100				   .L017		;;line 25;;  dim p2_player1pointerlo = n
     88  1100
     89  1100				   .L018		;;line 26;;  dim p2_player1pointerhi = o
     90  1100
     91  1100				   .
     92  1100							;;line 27;;
     93  1100
     94  1100				   .
     95  1100							;;line 28;;
     96  1100
     97  1100				   .L019		;;line 29;;  player0x = 92  :	player0y = 25
     98  1100
     99  1100		       a9 5c		      LDA	#92
    100  1102		       85 80		      STA	player0x
    101  1104		       a9 19		      LDA	#25
    102  1106		       85 85		      STA	player0y
    103  1108				   .L020		;;line 30;;  p2_player0x = 92	:  p2_player0y = 25
    104  1108
    105  1108		       a9 5c		      LDA	#92
    106  110a		       85 d5		      STA	p2_player0x
    107  110c		       a9 19		      LDA	#25
    108  110e		       85 d4		      STA	p2_player0y
    109  1110				   .L021		;;line 31;;  p0_room = 19  :  p1_room = 18
    110  1110
    111  1110		       a9 13		      LDA	#19
    112  1112		       85 d7		      STA	p0_room
    113  1114		       a9 12		      LDA	#18
    114  1116		       85 d8		      STA	p1_room
    115  1118				   .
    116  1118							;;line 32;;
    117  1118
    118  1118				   .
    119  1118							;;line 33;;
    120  1118
    121  1118				   .L022		;;line 34;;  gosub load_p0_room
    122  1118
    123  1118		       20 8b 92 	      jsr	.load_p0_room
    124  111b				   .L023		;;line 35;;  gosub load_p1_room
    125  111b
    126  111b		       20 bc 92 	      jsr	.load_p1_room
    127  111e				   .
    128  111e							;;line 36;;
    129  111e
    130  111e				   .main_loop
    131  111e							;;line 37;; main_loop
    132  111e
    133  111e				   .
    134  111e							;;line 38;;
    135  111e
    136  111e				   .L024		;;line 39;;  player0:
    137  111e
    138  111e		       a2 a6		      LDX	#<playerL024_0
    139  1120		       86 8a		      STX	player0pointerlo
    140  1122		       a9 f6		      LDA	#>playerL024_0
    141  1124		       85 8b		      STA	player0pointerhi
    142  1126		       a9 06		      LDA	#6
    143  1128		       85 8e		      STA	player0height
    144  112a				   .
    145  112a							;;line 48;;
    146  112a
    147  112a				   .
    148  112a							;;line 49;;
    149  112a
    150  112a				   .L025		;;line 50;;  p2_player0pointerlo = player0pointerlo
    151  112a
    152  112a		       a5 8a		      LDA	player0pointerlo
    153  112c		       85 df		      STA	p2_player0pointerlo
    154  112e				   .L026		;;line 51;;  p2_player0pointerhi = player0pointerhi
    155  112e
    156  112e		       a5 8b		      LDA	player0pointerhi
    157  1130		       85 e0		      STA	p2_player0pointerhi
    158  1132				   .L027		;;line 52;;  p2_player1pointerlo = player1pointerlo
    159  1132
    160  1132		       a5 8c		      LDA	player1pointerlo
    161  1134		       85 e1		      STA	p2_player1pointerlo
    162  1136				   .L028		;;line 53;;  p2_player1pointerhi = player1pointerhi
    163  1136
    164  1136		       a5 8d		      LDA	player1pointerhi
    165  1138		       85 e2		      STA	p2_player1pointerhi
    166  113a				   .
    167  113a							;;line 54;;
    168  113a
    169  113a				   .L029		;;line 55;;  COLUBK = $00
    170  113a
    171  113a		       a9 00		      LDA	#$00
    172  113c		       85 09		      STA	COLUBK
    173  113e				   .L030		;;line 56;;  CTRLPF = $21
    174  113e
    175  113e		       a9 21		      LDA	#$21
    176  1140		       85 0a		      STA	CTRLPF
    177  1142				   .L031		;;line 57;;  COLUP0 = $1E
    178  1142
    179  1142		       a9 1e		      LDA	#$1E
    180  1144		       85 06		      STA	COLUP0
    181  1146				   .L032		;;line 58;;  COLUP1 = $2F
    182  1146
    183  1146		       a9 2f		      LDA	#$2F
    184  1148		       85 07		      STA	COLUP1
    185  114a				   .
    186  114a							;;line 59;;
    187  114a
    188  114a				   .
    189  114a							;;line 60;;
    190  114a
    191  114a				   .L033		;;line 61;;  p0_oldx = player0x  :  p0_oldy = player0y
    192  114a
    193  114a		       a5 80		      LDA	player0x
    194  114c		       85 d9		      STA	p0_oldx
    195  114e		       a5 85		      LDA	player0y
    196  1150		       85 da		      STA	p0_oldy
    197  1152				   .L034		;;line 62;;  p1_oldx = p2_player0x  :	p1_oldy = p2_player0y
    198  1152
    199  1152		       a5 d5		      LDA	p2_player0x
    200  1154		       85 db		      STA	p1_oldx
    201  1156		       a5 d4		      LDA	p2_player0y
    202  1158		       85 dc		      STA	p1_oldy
    203  115a				   .
    204  115a							;;line 63;;
    205  115a
    206  115a				   .
    207  115a							;;line 64;;
    208  115a
    209  115a				   .L035		;;line 65;;  if joy0up then player0y = player0y  -  1
    210  115a
    211  115a		       a9 10		      lda	#$10
    212  115c		       2c 80 02 	      bit	SWCHA
    213  115f		       d0 02		      BNE	.skipL035
    214  1161				   .condpart0
    215  1161		       c6 85		      DEC	player0y
    216  1163				   .skipL035
    217  1163				   .L036		;;line 66;;  if joy0down then player0y = player0y  +  1
    218  1163
    219  1163		       a9 20		      lda	#$20
    220  1165		       2c 80 02 	      bit	SWCHA
    221  1168		       d0 02		      BNE	.skipL036
    222  116a				   .condpart1
    223  116a		       e6 85		      INC	player0y
    224  116c				   .skipL036
    225  116c				   .L037		;;line 67;;  if joy0left then player0x = player0x  -  1
    226  116c
    227  116c		       2c 80 02 	      bit	SWCHA
    228  116f		       70 02		      BVS	.skipL037
    229  1171				   .condpart2
    230  1171		       c6 80		      DEC	player0x
    231  1173				   .skipL037
    232  1173				   .L038		;;line 68;;  if joy0right then player0x = player0x  +	1
    233  1173
    234  1173		       2c 80 02 	      bit	SWCHA
    235  1176		       30 02		      BMI	.skipL038
    236  1178				   .condpart3
    237  1178		       e6 80		      INC	player0x
    238  117a				   .skipL038
    239  117a				   .
    240  117a							;;line 69;;
    241  117a
    242  117a				   .
    243  117a							;;line 70;;
    244  117a
    245  117a				   .L039		;;line 71;;  if joy1up then p2_player0y = p2_player0y	-  1
    246  117a
    247  117a		       a9 01		      lda	#1
    248  117c		       2c 80 02 	      bit	SWCHA
    249  117f		       d0 02		      BNE	.skipL039
    250  1181				   .condpart4
    251  1181		       c6 d4		      DEC	p2_player0y
    252  1183				   .skipL039
    253  1183				   .L040		;;line 72;;  if joy1down then p2_player0y = p2_player0y  +  1
    254  1183
    255  1183		       a9 02		      lda	#2
    256  1185		       2c 80 02 	      bit	SWCHA
    257  1188		       d0 02		      BNE	.skipL040
    258  118a				   .condpart5
    259  118a		       e6 d4		      INC	p2_player0y
    260  118c				   .skipL040
    261  118c				   .L041		;;line 73;;  if joy1left then p2_player0x = p2_player0x  -  1
    262  118c
    263  118c		       a9 04		      lda	#4
    264  118e		       2c 80 02 	      bit	SWCHA
    265  1191		       d0 02		      BNE	.skipL041
    266  1193				   .condpart6
    267  1193		       c6 d5		      DEC	p2_player0x
    268  1195				   .skipL041
    269  1195				   .L042		;;line 74;;  if joy1right then p2_player0x = p2_player0x  +  1
    270  1195
    271  1195		       a9 08		      lda	#8
    272  1197		       2c 80 02 	      bit	SWCHA
    273  119a		       d0 02		      BNE	.skipL042
    274  119c				   .condpart7
    275  119c		       e6 d5		      INC	p2_player0x
    276  119e				   .skipL042
    277  119e				   .
    278  119e							;;line 75;;
    279  119e
    280  119e				   .
    281  119e							;;line 76;;
    282  119e
    283  119e				   .L043		;;line 77;;  if player0y  <  8 then player0y = 42  :  p0_room = move_north[p0_room]  :  gosub load_p0_room
    284  119e
    285  119e		       a5 85		      LDA	player0y
    286  11a0		       c9 08		      CMP	#8
    287  11a2		       b0 0e		      BCS	.skipL043
    288  11a4				   .condpart8
    289  11a4		       a9 2a		      LDA	#42
    290  11a6		       85 85		      STA	player0y
    291  11a8		       a6 d7		      LDX	p0_room
    292  11aa		       bd 15 93 	      LDA	move_north,x
    293  11ad		       85 d7		      STA	p0_room
    294  11af		       20 8b 92 	      jsr	.load_p0_room
    295  11b2				   .skipL043
    296  11b2				   .L044		;;line 78;;  if player0y  >  44 then player0y = 8  :  p0_room = move_south[p0_room]  :  gosub load_p0_room
    297  11b2
    298  11b2		       a9 2c		      LDA	#44
    299  11b4		       c5 85		      CMP	player0y
    300  11b6		       b0 0e		      BCS	.skipL044
    301  11b8				   .condpart9
    302  11b8		       a9 08		      LDA	#8
    303  11ba		       85 85		      STA	player0y
    304  11bc		       a6 d7		      LDX	p0_room
    305  11be		       bd 5f 93 	      LDA	move_south,x
    306  11c1		       85 d7		      STA	p0_room
    307  11c3		       20 8b 92 	      jsr	.load_p0_room
    308  11c6				   .skipL044
    309  11c6				   .L045		;;line 79;;  if player0x  <  16 then player0x = 136  :  p0_room = move_west[p0_room]  :  gosub load_p0_room
    310  11c6
    311  11c6		       a5 80		      LDA	player0x
    312  11c8		       c9 10		      CMP	#16
    313  11ca		       b0 0e		      BCS	.skipL045
    314  11cc				   .condpart10
    315  11cc		       a9 88		      LDA	#136
    316  11ce		       85 80		      STA	player0x
    317  11d0		       a6 d7		      LDX	p0_room
    318  11d2		       bd 84 93 	      LDA	move_west,x
    319  11d5		       85 d7		      STA	p0_room
    320  11d7		       20 8b 92 	      jsr	.load_p0_room
    321  11da				   .skipL045
    322  11da				   .L046		;;line 80;;  if player0x  >  138 then player0x = 24  :  p0_room = move_east[p0_room]  :  gosub load_p0_room
    323  11da
    324  11da		       a9 8a		      LDA	#138
    325  11dc		       c5 80		      CMP	player0x
    326  11de		       b0 0e		      BCS	.skipL046
    327  11e0				   .condpart11
    328  11e0		       a9 18		      LDA	#24
    329  11e2		       85 80		      STA	player0x
    330  11e4		       a6 d7		      LDX	p0_room
    331  11e6		       bd 3a 93 	      LDA	move_east,x
    332  11e9		       85 d7		      STA	p0_room
    333  11eb		       20 8b 92 	      jsr	.load_p0_room
    334  11ee				   .skipL046
    335  11ee				   .
    336  11ee							;;line 81;;
    337  11ee
    338  11ee				   .
    339  11ee							;;line 82;;
    340  11ee
    341  11ee				   .L047		;;line 83;;  if p2_player0y  <  8 then p2_player0y = 42  :  p1_room = move_north[p1_room]  :  gosub load_p1_room
    342  11ee
    343  11ee		       a5 d4		      LDA	p2_player0y
    344  11f0		       c9 08		      CMP	#8
    345  11f2		       b0 0e		      BCS	.skipL047
    346  11f4				   .condpart12
    347  11f4		       a9 2a		      LDA	#42
    348  11f6		       85 d4		      STA	p2_player0y
    349  11f8		       a6 d8		      LDX	p1_room
    350  11fa		       bd 15 93 	      LDA	move_north,x
    351  11fd		       85 d8		      STA	p1_room
    352  11ff		       20 bc 92 	      jsr	.load_p1_room
    353  1202				   .skipL047
    354  1202				   .L048		;;line 84;;  if p2_player0y  >  44 then p2_player0y = 8  :  p1_room = move_south[p1_room]  :  gosub load_p1_room
    355  1202
    356  1202		       a9 2c		      LDA	#44
    357  1204		       c5 d4		      CMP	p2_player0y
    358  1206		       b0 0e		      BCS	.skipL048
    359  1208				   .condpart13
    360  1208		       a9 08		      LDA	#8
    361  120a		       85 d4		      STA	p2_player0y
    362  120c		       a6 d8		      LDX	p1_room
    363  120e		       bd 5f 93 	      LDA	move_south,x
    364  1211		       85 d8		      STA	p1_room
    365  1213		       20 bc 92 	      jsr	.load_p1_room
    366  1216				   .skipL048
    367  1216				   .L049		;;line 85;;  if p2_player0x  <  16 then p2_player0x = 138  :  p1_room = move_west[p1_room]  :	gosub load_p1_room
    368  1216
    369  1216		       a5 d5		      LDA	p2_player0x
    370  1218		       c9 10		      CMP	#16
    371  121a		       b0 0e		      BCS	.skipL049
    372  121c				   .condpart14
    373  121c		       a9 8a		      LDA	#138
    374  121e		       85 d5		      STA	p2_player0x
    375  1220		       a6 d8		      LDX	p1_room
    376  1222		       bd 84 93 	      LDA	move_west,x
    377  1225		       85 d8		      STA	p1_room
    378  1227		       20 bc 92 	      jsr	.load_p1_room
    379  122a				   .skipL049
    380  122a				   .L050		;;line 86;;  if p2_player0x  >  138 then p2_player0x = 24  :  p1_room = move_east[p1_room]  :	gosub load_p1_room
    381  122a
    382  122a		       a9 8a		      LDA	#138
    383  122c		       c5 d5		      CMP	p2_player0x
    384  122e		       b0 0e		      BCS	.skipL050
    385  1230				   .condpart15
    386  1230		       a9 18		      LDA	#24
    387  1232		       85 d5		      STA	p2_player0x
    388  1234		       a6 d8		      LDX	p1_room
    389  1236		       bd 3a 93 	      LDA	move_east,x
    390  1239		       85 d8		      STA	p1_room
    391  123b		       20 bc 92 	      jsr	.load_p1_room
    392  123e				   .skipL050
    393  123e				   .
    394  123e							;;line 87;;
    395  123e
    396  123e				   .L051		;;line 88;;  COLUPF = room_color[p0_room]
    397  123e
    398  123e		       a6 d7		      LDX	p0_room
    399  1240		       bd a9 93 	      LDA	room_color,x
    400  1243		       85 08		      STA	COLUPF
    401  1245				   .L052		;;line 89;;  p2_colupf = room_color[p1_room]
    402  1245
    403  1245		       a6 d8		      LDX	p1_room
    404  1247		       bd a9 93 	      LDA	room_color,x
    405  124a		       85 d6		      STA	p2_colupf
    406  124c				   .
    407  124c							;;line 90;;
    408  124c
    409  124c				   .L053		;;line 91;;  drawscreen
    410  124c
    411  124c		       85 ee		      sta	temp7
    412  124e		       a9 92		      lda	#>(ret_point1-1)
    413  1250		       48		      pha
    414  1251		       a9 63		      lda	#<(ret_point1-1)
    415  1253		       48		      pha
    416  1254		       a9 f6		      lda	#>(drawscreen-1)
    417  1256		       48		      pha
    418  1257		       a9 05		      lda	#<(drawscreen-1)
    419  1259		       48		      pha
    420  125a		       a5 ee		      lda	temp7
    421  125c		       48		      pha
    422  125d		       8a		      txa
    423  125e		       48		      pha
    424  125f		       a2 04		      ldx	#4
    425  1261		       4c eb ff 	      jmp	BS_jsr
    426  1264				   ret_point1
    427  1264				   .
    428  1264							;;line 92;;
    429  1264
    430  1264				   .L054		;;line 93;;  if collision(player0,playfield) then gosub knock_back
    431  1264
    432  1264		       24 02		      bit	CXP0FB
    433  1266		       10 03		      BPL	.skipL054
    434  1268				   .condpart16
    435  1268		       20 6e 92 	      jsr	.knock_back
    436  126b				   .skipL054
    437  126b				   .
    438  126b							;;line 94;;
    439  126b
    440  126b				   .L055		;;line 95;;  goto main_loop
    441  126b
    442  126b		       4c 1e 91 	      jmp	.main_loop
    443  126e				   .
    444  126e							;;line 96;;
    445  126e
    446  126e				   .knock_back
    447  126e							;;line 97;; knock_back
    448  126e
    449  126e				   .L056		;;line 98;;  player0x = p0_oldx
    450  126e
    451  126e		       a5 d9		      LDA	p0_oldx
    452  1270		       85 80		      STA	player0x
    453  1272				   .L057		;;line 99;;  player0y = p0_oldy
    454  1272
    455  1272		       a5 da		      LDA	p0_oldy
    456  1274		       85 85		      STA	player0y
    457  1276				   .L058		;;line 100;;  p2_player0x = p1_oldx
    458  1276
    459  1276		       a5 db		      LDA	p1_oldx
    460  1278		       85 d5		      STA	p2_player0x
    461  127a				   .L059		;;line 101;;  p2_player0y = p1_oldy
    462  127a
    463  127a		       a5 dc		      LDA	p1_oldy
    464  127c		       85 d4		      STA	p2_player0y
    465  127e				   .L060		;;line 102;;  return
    466  127e
    467  127e		       ba		      tsx
    468  127f		       b5 02		      lda	2,x	; check return address
    469  1281		       49 92		      eor	#(>*)	; vs. current PCH
    470  1283		       29 e0		      and	#$E0	;  mask off all but top 3 bits
    471  1285		       f0 03		      beq	*+5	; if equal, do normal return
    472  1287		       4c dd ff 	      JMP	BS_return
    473  128a		       60		      RTS
    474  128b				   .
    475  128b							;;line 103;;
    476  128b
    477  128b				   .
    478  128b							;;line 104;;
    479  128b
    480  128b				   .
    481  128b							;;line 105;;
    482  128b
    483  128b				   .
    484  128b							;;line 106;;
    485  128b
    486  128b				   .load_p0_room
    487  128b							;;line 107;; load_p0_room
    488  128b
    489  128b				   .L061		;;line 108;;  temp1 = room_shape[p0_room]
    490  128b
    491  128b		       a6 d7		      LDX	p0_room
    492  128d		       bd f0 92 	      LDA	room_shape,x
    493  1290		       85 9c		      STA	temp1
    494  1292				   .L062		;;line 109;;  COLUPF = room_color[p0_room]
    495  1292
    496  1292		       a6 d7		      LDX	p0_room
    497  1294		       bd a9 93 	      LDA	room_color,x
    498  1297		       85 08		      STA	COLUPF
    499  1299				   .L063		;;line 110;;  asm
    500  1299
    501  1299		       a6 9c		      ldx	temp1
    502  129b
    503  129b		       bd cb 93 	      lda	room_pointers_lo,x
    504  129e
    505  129e		       85 a0		      sta	temp5
    506  12a0
    507  12a0		       bd db 93 	      lda	room_pointers_hi,x
    508  12a3
    509  12a3		       85 a1		      sta	temp6
    510  12a5
    511  12a5		       a0 3f		      ldy	#63
    512  12a7
    513  12a7				   .loopTop
    514  12a7
    515  12a7		       b1 a0		      lda	(temp5),y
    516  12a9
    517  12a9		       99 00 10 	      sta	playfield-128,y
    518  12ac
    519  12ac		       88		      dey
    520  12ad
    521  12ad		       10 f8		      bpl	.loopTop
    522  12af
    523  12af				   .L064		;;line 123;;  return
    524  12af
    525  12af		       ba		      tsx
    526  12b0		       b5 02		      lda	2,x	; check return address
    527  12b2		       49 92		      eor	#(>*)	; vs. current PCH
    528  12b4		       29 e0		      and	#$E0	;  mask off all but top 3 bits
    529  12b6		       f0 03		      beq	*+5	; if equal, do normal return
    530  12b8		       4c dd ff 	      JMP	BS_return
    531  12bb		       60		      RTS
    532  12bc				   .
    533  12bc							;;line 124;;
    534  12bc
    535  12bc				   .load_p1_room
    536  12bc							;;line 125;; load_p1_room
    537  12bc
    538  12bc				   .L065		;;line 126;;  temp1 = room_shape[p1_room]
    539  12bc
    540  12bc		       a6 d8		      LDX	p1_room
    541  12be		       bd f0 92 	      LDA	room_shape,x
    542  12c1		       85 9c		      STA	temp1
    543  12c3				   .L066		;;line 127;;  p2_colupf = room_color[p1_room]
    544  12c3
    545  12c3		       a6 d8		      LDX	p1_room
    546  12c5		       bd a9 93 	      LDA	room_color,x
    547  12c8		       85 d6		      STA	p2_colupf
    548  12ca				   .L067		;;line 128;;  asm
    549  12ca
    550  12ca		       a6 9c		      ldx	temp1
    551  12cc
    552  12cc		       bd cb 93 	      lda	room_pointers_lo,x
    553  12cf
    554  12cf		       85 a0		      sta	temp5
    555  12d1
    556  12d1		       bd db 93 	      lda	room_pointers_hi,x
    557  12d4
    558  12d4		       85 a1		      sta	temp6
    559  12d6
    560  12d6		       a0 3f		      ldy	#63
    561  12d8
    562  12d8				   .loopBot
    563  12d8
    564  12d8		       b1 a0		      lda	(temp5),y
    565  12da
    566  12da		       99 40 10 	      sta	playfield-128+64,y
    567  12dd
    568  12dd		       88		      dey
    569  12de
    570  12de		       10 f8		      bpl	.loopBot
    571  12e0
    572  12e0				   .L068		;;line 141;;  return
    573  12e0
    574  12e0		       ba		      tsx
    575  12e1		       b5 02		      lda	2,x	; check return address
    576  12e3		       49 92		      eor	#(>*)	; vs. current PCH
    577  12e5		       29 e0		      and	#$E0	;  mask off all but top 3 bits
    578  12e7		       f0 03		      beq	*+5	; if equal, do normal return
    579  12e9		       4c dd ff 	      JMP	BS_return
    580  12ec		       60		      RTS
    581  12ed				   .
    582  12ed							;;line 142;;
    583  12ed
    584  12ed				   .
    585  12ed							;;line 143;;
    586  12ed
    587  12ed				   .
    588  12ed							;;line 144;;
    589  12ed
    590  12ed				   .
    591  12ed							;;line 145;;
    592  12ed
    593  12ed				   .L069		;;line 146;;  data room_shape
    594  12ed
    595  12ed		       4c 12 93 	      JMP	.skipL069
    596  12f0				   room_shape
    597  12f0		       07 0b 04 01*	      .byte.b	7,11,4,1,2,9,10,3,9,12,8,4,15,6,5,3,13
    598  1301
    599  1301		       0b 0a 03 05*	      .byte.b	11,10,3,5,15,0,1,1,14,8,4,15,14,10,2,12,14
    600  1312
    601  1312				   .skipL069
    602  1312				   .
    603  1312							;;line 150;;
    604  1312
    605  1312				   .L070		;;line 151;;  data move_north
    606  1312
    607  1312		       4c 37 93 	      JMP	.skipL070
    608  1315				   move_north
    609  1315		       00 00 00 00*	      .byte.b	0,0,0,0,5,2,4,8,9,0,11,12,0,0,0,14,0,0
    610  1327
    611  1327		       03 15 00 00*	      .byte.b	3,21,0,0,20,0,0,22,23,28,0,27,24,32,0,31
    612  1337
    613  1337				   .skipL070
    614  1337				   .
    615  1337							;;line 155;;
    616  1337
    617  1337				   .L071		;;line 156;;  data move_east
    618  1337
    619  1337		       4c 5c 93 	      JMP	.skipL071
    620  133a				   move_east
    621  133a		       01 00 03 04*	      .byte.b	1,0,3,4,0,0,7,10,0,0,0,13,0,14,0,17,15,0
    622  134c
    623  134c		       13 14 00 00*	      .byte.b	19,20,0,0,24,22,23,0,0,26,0,0,31,0,0,0
    624  135c
    625  135c				   .skipL071
    626  135c				   .
    627  135c							;;line 160;;
    628  135c
    629  135c				   .L072		;;line 161;;  data move_south
    630  135c
    631  135c		       4c 81 93 	      JMP	.skipL072
    632  135f				   move_south
    633  135f		       02 00 05 12*	      .byte.b	2,0,5,18,6,4,0,0,7,8,0,10,11,0,15,0,0,0
    634  1371
    635  1371		       00 00 16 13*	      .byte.b	0,0,22,19,25,26,30,0,0,29,27,0,0,33,31,0
    636  1381
    637  1381				   .skipL072
    638  1381				   .
    639  1381							;;line 165;;
    640  1381
    641  1381				   .L073		;;line 166;;  data move_west
    642  1381
    643  1381		       4c a6 93 	      JMP	.skipL073
    644  1384				   move_west
    645  1384		       00 00 00 02*	      .byte.b	0,0,0,2,3,0,0,6,0,0,7,0,0,11,13,16,0,15
    646  1396
    647  1396		       00 12 13 00*	      .byte.b	0,18,19,0,23,24,22,0,27,0,0,0,0,30,0,0
    648  13a6
    649  13a6				   .skipL073
    650  13a6				   .
    651  13a6							;;line 170;;
    652  13a6
    653  13a6				   .L074		;;line 171;;  data room_color
    654  13a6
    655  13a6		       4c cb 93 	      JMP	.skipL074
    656  13a9				   room_color
    657  13a9		       80 82 84 86*	      .byte.b	$80,$82,$84,$86,$C2,$C4,$62,$66,$68
    658  13b2
    659  13b2		       76 08 06 04*	      .byte.b	$76,$08,$06,$04,$02,$44,$46,$48
    660  13ba
    661  13ba		       aa bc cc 3c*	      .byte.b	$AA,$BC,$CC,$3C,$34,$38,$54,$56,$24
    662  13c3
    663  13c3		       2e 26 28 f4*	      .byte.b	$2E,$26,$28,$F4,$F6,$F8,$E4,$A8
    664  13cb
    665  13cb				   .skipL074
    666  13cb				   .
    667  13cb							;;line 177;;
    668  13cb
    669  13cb				   .L075		;;line 178;;  asm
    670  13cb
    671  13cb				   room_pointers_lo
    672  13cb
    673  13cb		       f0 4b a6 01*	      .byte.b	<PF_data0, <PF_data1, <PF_data2, <PF_data3, <PF_data4, <PF_data5, <PF_data6, <PF_data7
    674  13d3
    675  13d3		       c8 23 7e d9*	      .byte.b	<PF_data8, <PF_data9, <PF_data10, <PF_data11, <PF_data12, <PF_data13, <PF_data14, <PF_data15
    676  13db
    677  13db				   room_pointers_hi
    678  13db
    679  13db		       93 94 94 95*	      .byte.b	>PF_data0, >PF_data1, >PF_data2, >PF_data3, >PF_data4, >PF_data5, >PF_data6, >PF_data7
    680  13e3
    681  13e3		       96 97 97 97*	      .byte.b	>PF_data8, >PF_data9, >PF_data10, >PF_data11, >PF_data12, >PF_data13, >PF_data14, >PF_data15
    682  13eb
    683  13eb				   .
    684  13eb							;;line 186;;
    685  13eb
    686  13eb				   .
    687  13eb							;;line 187;;
    688  13eb
    689  13eb				   .
    690  13eb							;;line 188;;
    691  13eb
    692  13eb				   .
    693  13eb							;;line 189;;
    694  13eb
    695  13eb				   .draw_room_shape_0
    696  13eb							;;line 190;; draw_room_shape_0
    697  13eb
    698  13eb				   .L076		;;line 191;;  playfield:
    699  13eb
    700  13eb					      ifconst	pfres
    701  13eb		       a2 3f		      ldx	#(16>pfres)*(pfres*pfwidth-1)+(16<=pfres)*63
    702  13ed				  -	      else
    703  13ed				  -	      ldx	#((16*pfwidth-1)*((16*pfwidth-1)<47))+(47*((16*pfwidth-1)>=47))
    704  13ed					      endif
    705  13ed		       4c 30 94 	      jmp	pflabel0
    706  13f0				   PF_data0
    707  13f0		       ff 0f		      .byte.b	%11111111, %00001111
    708  13f2					      if	(pfwidth>2)
    709  13f2		       ff 0f		      .byte.b	%11111111, %00001111
    710  13f4					      endif
    711  13f4		       c0 00		      .byte.b	%11000000, %00000000
    712  13f6					      if	(pfwidth>2)
    713  13f6		       c0 00		      .byte.b	%11000000, %00000000
    714  13f8					      endif
    715  13f8		       c0 00		      .byte.b	%11000000, %00000000
    716  13fa					      if	(pfwidth>2)
    717  13fa		       c0 00		      .byte.b	%11000000, %00000000
    718  13fc					      endif
    719  13fc		       c0 00		      .byte.b	%11000000, %00000000
    720  13fe					      if	(pfwidth>2)
    721  13fe		       c0 00		      .byte.b	%11000000, %00000000
    722  1400					      endif
    723  1400		       c0 00		      .byte.b	%11000000, %00000000
    724  1402					      if	(pfwidth>2)
    725  1402		       c0 00		      .byte.b	%11000000, %00000000
    726  1404					      endif
    727  1404		       c0 00		      .byte.b	%11000000, %00000000
    728  1406					      if	(pfwidth>2)
    729  1406		       c0 00		      .byte.b	%11000000, %00000000
    730  1408					      endif
    731  1408		       00 00		      .byte.b	%00000000, %00000000
    732  140a					      if	(pfwidth>2)
    733  140a		       00 00		      .byte.b	%00000000, %00000000
    734  140c					      endif
    735  140c		       00 00		      .byte.b	%00000000, %00000000
    736  140e					      if	(pfwidth>2)
    737  140e		       00 00		      .byte.b	%00000000, %00000000
    738  1410					      endif
    739  1410		       00 00		      .byte.b	%00000000, %00000000
    740  1412					      if	(pfwidth>2)
    741  1412		       00 00		      .byte.b	%00000000, %00000000
    742  1414					      endif
    743  1414		       c0 00		      .byte.b	%11000000, %00000000
    744  1416					      if	(pfwidth>2)
    745  1416		       c0 00		      .byte.b	%11000000, %00000000
    746  1418					      endif
    747  1418		       c0 00		      .byte.b	%11000000, %00000000
    748  141a					      if	(pfwidth>2)
    749  141a		       c0 00		      .byte.b	%11000000, %00000000
    750  141c					      endif
    751  141c		       c0 00		      .byte.b	%11000000, %00000000
    752  141e					      if	(pfwidth>2)
    753  141e		       c0 00		      .byte.b	%11000000, %00000000
    754  1420					      endif
    755  1420		       c0 00		      .byte.b	%11000000, %00000000
    756  1422					      if	(pfwidth>2)
    757  1422		       c0 00		      .byte.b	%11000000, %00000000
    758  1424					      endif
    759  1424		       c0 00		      .byte.b	%11000000, %00000000
    760  1426					      if	(pfwidth>2)
    761  1426		       c0 00		      .byte.b	%11000000, %00000000
    762  1428					      endif
    763  1428		       ff 0f		      .byte.b	%11111111, %00001111
    764  142a					      if	(pfwidth>2)
    765  142a		       ff 0f		      .byte.b	%11111111, %00001111
    766  142c					      endif
    767  142c		       00 00		      .byte.b	%00000000, %00000000
    768  142e					      if	(pfwidth>2)
    769  142e		       00 00		      .byte.b	%00000000, %00000000
    770  1430					      endif
    771  1430				   pflabel0
    772  1430		       bd f0 93 	      lda	PF_data0,x
    773  1433		       9d 00 10 	      sta	playfield-128,x
    774  1436		       ca		      dex
    775  1437		       10 f7		      bpl	pflabel0
    776  1439				   .L077		;;line 209;;  return
    777  1439
    778  1439		       ba		      tsx
    779  143a		       b5 02		      lda	2,x	; check return address
    780  143c		       49 94		      eor	#(>*)	; vs. current PCH
    781  143e		       29 e0		      and	#$E0	;  mask off all but top 3 bits
    782  1440		       f0 03		      beq	*+5	; if equal, do normal return
    783  1442		       4c dd ff 	      JMP	BS_return
    784  1445		       60		      RTS
    785  1446				   .
    786  1446							;;line 210;;
    787  1446
    788  1446				   .draw_room_shape_1
    789  1446							;;line 211;; draw_room_shape_1
    790  1446
    791  1446				   .L078		;;line 212;;  playfield:
    792  1446
    793  1446					      ifconst	pfres
    794  1446		       a2 3f		      ldx	#(16>pfres)*(pfres*pfwidth-1)+(16<=pfres)*63
    795  1448				  -	      else
    796  1448				  -	      ldx	#((16*pfwidth-1)*((16*pfwidth-1)<47))+(47*((16*pfwidth-1)>=47))
    797  1448					      endif
    798  1448		       4c 8b 94 	      jmp	pflabel1
    799  144b				   PF_data1
    800  144b		       ff ff		      .byte.b	%11111111, %11111111
    801  144d					      if	(pfwidth>2)
    802  144d		       ff ff		      .byte.b	%11111111, %11111111
    803  144f					      endif
    804  144f		       c0 00		      .byte.b	%11000000, %00000000
    805  1451					      if	(pfwidth>2)
    806  1451		       c0 00		      .byte.b	%11000000, %00000000
    807  1453					      endif
    808  1453		       c0 00		      .byte.b	%11000000, %00000000
    809  1455					      if	(pfwidth>2)
    810  1455		       c0 00		      .byte.b	%11000000, %00000000
    811  1457					      endif
    812  1457		       c0 00		      .byte.b	%11000000, %00000000
    813  1459					      if	(pfwidth>2)
    814  1459		       c0 00		      .byte.b	%11000000, %00000000
    815  145b					      endif
    816  145b		       c0 00		      .byte.b	%11000000, %00000000
    817  145d					      if	(pfwidth>2)
    818  145d		       c0 00		      .byte.b	%11000000, %00000000
    819  145f					      endif
    820  145f		       c0 00		      .byte.b	%11000000, %00000000
    821  1461					      if	(pfwidth>2)
    822  1461		       c0 00		      .byte.b	%11000000, %00000000
    823  1463					      endif
    824  1463		       00 00		      .byte.b	%00000000, %00000000
    825  1465					      if	(pfwidth>2)
    826  1465		       00 00		      .byte.b	%00000000, %00000000
    827  1467					      endif
    828  1467		       00 00		      .byte.b	%00000000, %00000000
    829  1469					      if	(pfwidth>2)
    830  1469		       00 00		      .byte.b	%00000000, %00000000
    831  146b					      endif
    832  146b		       00 00		      .byte.b	%00000000, %00000000
    833  146d					      if	(pfwidth>2)
    834  146d		       00 00		      .byte.b	%00000000, %00000000
    835  146f					      endif
    836  146f		       c0 00		      .byte.b	%11000000, %00000000
    837  1471					      if	(pfwidth>2)
    838  1471		       c0 00		      .byte.b	%11000000, %00000000
    839  1473					      endif
    840  1473		       c0 00		      .byte.b	%11000000, %00000000
    841  1475					      if	(pfwidth>2)
    842  1475		       c0 00		      .byte.b	%11000000, %00000000
    843  1477					      endif
    844  1477		       c0 00		      .byte.b	%11000000, %00000000
    845  1479					      if	(pfwidth>2)
    846  1479		       c0 00		      .byte.b	%11000000, %00000000
    847  147b					      endif
    848  147b		       c0 00		      .byte.b	%11000000, %00000000
    849  147d					      if	(pfwidth>2)
    850  147d		       c0 00		      .byte.b	%11000000, %00000000
    851  147f					      endif
    852  147f		       c0 00		      .byte.b	%11000000, %00000000
    853  1481					      if	(pfwidth>2)
    854  1481		       c0 00		      .byte.b	%11000000, %00000000
    855  1483					      endif
    856  1483		       ff 0f		      .byte.b	%11111111, %00001111
    857  1485					      if	(pfwidth>2)
    858  1485		       ff 0f		      .byte.b	%11111111, %00001111
    859  1487					      endif
    860  1487		       00 00		      .byte.b	%00000000, %00000000
    861  1489					      if	(pfwidth>2)
    862  1489		       00 00		      .byte.b	%00000000, %00000000
    863  148b					      endif
    864  148b				   pflabel1
    865  148b		       bd 4b 94 	      lda	PF_data1,x
    866  148e		       9d 00 10 	      sta	playfield-128,x
    867  1491		       ca		      dex
    868  1492		       10 f7		      bpl	pflabel1
    869  1494				   .L079		;;line 230;;  return
    870  1494
    871  1494		       ba		      tsx
    872  1495		       b5 02		      lda	2,x	; check return address
    873  1497		       49 94		      eor	#(>*)	; vs. current PCH
    874  1499		       29 e0		      and	#$E0	;  mask off all but top 3 bits
    875  149b		       f0 03		      beq	*+5	; if equal, do normal return
    876  149d		       4c dd ff 	      JMP	BS_return
    877  14a0		       60		      RTS
    878  14a1				   .
    879  14a1							;;line 231;;
    880  14a1
    881  14a1				   .draw_room_shape_2
    882  14a1							;;line 232;; draw_room_shape_2
    883  14a1
    884  14a1				   .L080		;;line 233;;  playfield:
    885  14a1
    886  14a1					      ifconst	pfres
    887  14a1		       a2 3f		      ldx	#(16>pfres)*(pfres*pfwidth-1)+(16<=pfres)*63
    888  14a3				  -	      else
    889  14a3				  -	      ldx	#((16*pfwidth-1)*((16*pfwidth-1)<47))+(47*((16*pfwidth-1)>=47))
    890  14a3					      endif
    891  14a3		       4c e6 94 	      jmp	pflabel2
    892  14a6				   PF_data2
    893  14a6		       ff 0f		      .byte.b	%11111111, %00001111
    894  14a8					      if	(pfwidth>2)
    895  14a8		       ff 0f		      .byte.b	%11111111, %00001111
    896  14aa					      endif
    897  14aa		       c0 00		      .byte.b	%11000000, %00000000
    898  14ac					      if	(pfwidth>2)
    899  14ac		       c0 00		      .byte.b	%11000000, %00000000
    900  14ae					      endif
    901  14ae		       c0 00		      .byte.b	%11000000, %00000000
    902  14b0					      if	(pfwidth>2)
    903  14b0		       c0 00		      .byte.b	%11000000, %00000000
    904  14b2					      endif
    905  14b2		       c0 00		      .byte.b	%11000000, %00000000
    906  14b4					      if	(pfwidth>2)
    907  14b4		       c0 00		      .byte.b	%11000000, %00000000
    908  14b6					      endif
    909  14b6		       c0 00		      .byte.b	%11000000, %00000000
    910  14b8					      if	(pfwidth>2)
    911  14b8		       c0 00		      .byte.b	%11000000, %00000000
    912  14ba					      endif
    913  14ba		       c0 00		      .byte.b	%11000000, %00000000
    914  14bc					      if	(pfwidth>2)
    915  14bc		       c0 00		      .byte.b	%11000000, %00000000
    916  14be					      endif
    917  14be		       00 00		      .byte.b	%00000000, %00000000
    918  14c0					      if	(pfwidth>2)
    919  14c0		       c0 00		      .byte.b	%11000000, %00000000
    920  14c2					      endif
    921  14c2		       00 00		      .byte.b	%00000000, %00000000
    922  14c4					      if	(pfwidth>2)
    923  14c4		       c0 00		      .byte.b	%11000000, %00000000
    924  14c6					      endif
    925  14c6		       00 00		      .byte.b	%00000000, %00000000
    926  14c8					      if	(pfwidth>2)
    927  14c8		       c0 00		      .byte.b	%11000000, %00000000
    928  14ca					      endif
    929  14ca		       c0 00		      .byte.b	%11000000, %00000000
    930  14cc					      if	(pfwidth>2)
    931  14cc		       c0 00		      .byte.b	%11000000, %00000000
    932  14ce					      endif
    933  14ce		       c0 00		      .byte.b	%11000000, %00000000
    934  14d0					      if	(pfwidth>2)
    935  14d0		       c0 00		      .byte.b	%11000000, %00000000
    936  14d2					      endif
    937  14d2		       c0 00		      .byte.b	%11000000, %00000000
    938  14d4					      if	(pfwidth>2)
    939  14d4		       c0 00		      .byte.b	%11000000, %00000000
    940  14d6					      endif
    941  14d6		       c0 00		      .byte.b	%11000000, %00000000
    942  14d8					      if	(pfwidth>2)
    943  14d8		       c0 00		      .byte.b	%11000000, %00000000
    944  14da					      endif
    945  14da		       c0 00		      .byte.b	%11000000, %00000000
    946  14dc					      if	(pfwidth>2)
    947  14dc		       c0 00		      .byte.b	%11000000, %00000000
    948  14de					      endif
    949  14de		       ff 0f		      .byte.b	%11111111, %00001111
    950  14e0					      if	(pfwidth>2)
    951  14e0		       ff 0f		      .byte.b	%11111111, %00001111
    952  14e2					      endif
    953  14e2		       00 00		      .byte.b	%00000000, %00000000
    954  14e4					      if	(pfwidth>2)
    955  14e4		       00 00		      .byte.b	%00000000, %00000000
    956  14e6					      endif
    957  14e6				   pflabel2
    958  14e6		       bd a6 94 	      lda	PF_data2,x
    959  14e9		       9d 00 10 	      sta	playfield-128,x
    960  14ec		       ca		      dex
    961  14ed		       10 f7		      bpl	pflabel2
    962  14ef				   .L081		;;line 251;;  return
    963  14ef
    964  14ef		       ba		      tsx
    965  14f0		       b5 02		      lda	2,x	; check return address
    966  14f2		       49 94		      eor	#(>*)	; vs. current PCH
    967  14f4		       29 e0		      and	#$E0	;  mask off all but top 3 bits
    968  14f6		       f0 03		      beq	*+5	; if equal, do normal return
    969  14f8		       4c dd ff 	      JMP	BS_return
    970  14fb		       60		      RTS
    971  14fc				   .
    972  14fc							;;line 252;;
    973  14fc
    974  14fc				   .draw_room_shape_3
    975  14fc							;;line 253;; draw_room_shape_3
    976  14fc
    977  14fc				   .L082		;;line 254;;  playfield:
    978  14fc
    979  14fc					      ifconst	pfres
    980  14fc		       a2 3f		      ldx	#(16>pfres)*(pfres*pfwidth-1)+(16<=pfres)*63
    981  14fe				  -	      else
    982  14fe				  -	      ldx	#((16*pfwidth-1)*((16*pfwidth-1)<47))+(47*((16*pfwidth-1)>=47))
    983  14fe					      endif
    984  14fe		       4c 41 95 	      jmp	pflabel3
    985  1501				   PF_data3
    986  1501		       ff 0f		      .byte.b	%11111111, %00001111
    987  1503					      if	(pfwidth>2)
    988  1503		       ff 0f		      .byte.b	%11111111, %00001111
    989  1505					      endif
    990  1505		       c0 00		      .byte.b	%11000000, %00000000
    991  1507					      if	(pfwidth>2)
    992  1507		       c0 00		      .byte.b	%11000000, %00000000
    993  1509					      endif
    994  1509		       c0 00		      .byte.b	%11000000, %00000000
    995  150b					      if	(pfwidth>2)
    996  150b		       c0 00		      .byte.b	%11000000, %00000000
    997  150d					      endif
    998  150d		       c0 00		      .byte.b	%11000000, %00000000
    999  150f					      if	(pfwidth>2)
   1000  150f		       c0 00		      .byte.b	%11000000, %00000000
   1001  1511					      endif
   1002  1511		       c0 00		      .byte.b	%11000000, %00000000
   1003  1513					      if	(pfwidth>2)
   1004  1513		       c0 00		      .byte.b	%11000000, %00000000
   1005  1515					      endif
   1006  1515		       c0 00		      .byte.b	%11000000, %00000000
   1007  1517					      if	(pfwidth>2)
   1008  1517		       c0 00		      .byte.b	%11000000, %00000000
   1009  1519					      endif
   1010  1519		       00 00		      .byte.b	%00000000, %00000000
   1011  151b					      if	(pfwidth>2)
   1012  151b		       00 00		      .byte.b	%00000000, %00000000
   1013  151d					      endif
   1014  151d		       00 00		      .byte.b	%00000000, %00000000
   1015  151f					      if	(pfwidth>2)
   1016  151f		       00 00		      .byte.b	%00000000, %00000000
   1017  1521					      endif
   1018  1521		       00 00		      .byte.b	%00000000, %00000000
   1019  1523					      if	(pfwidth>2)
   1020  1523		       00 00		      .byte.b	%00000000, %00000000
   1021  1525					      endif
   1022  1525		       c0 00		      .byte.b	%11000000, %00000000
   1023  1527					      if	(pfwidth>2)
   1024  1527		       c0 00		      .byte.b	%11000000, %00000000
   1025  1529					      endif
   1026  1529		       c0 00		      .byte.b	%11000000, %00000000
   1027  152b					      if	(pfwidth>2)
   1028  152b		       c0 00		      .byte.b	%11000000, %00000000
   1029  152d					      endif
   1030  152d		       c0 00		      .byte.b	%11000000, %00000000
   1031  152f					      if	(pfwidth>2)
   1032  152f		       c0 00		      .byte.b	%11000000, %00000000
   1033  1531					      endif
   1034  1531		       c0 00		      .byte.b	%11000000, %00000000
   1035  1533					      if	(pfwidth>2)
   1036  1533		       c0 00		      .byte.b	%11000000, %00000000
   1037  1535					      endif
   1038  1535		       c0 00		      .byte.b	%11000000, %00000000
   1039  1537					      if	(pfwidth>2)
   1040  1537		       c0 00		      .byte.b	%11000000, %00000000
   1041  1539					      endif
   1042  1539		       ff ff		      .byte.b	%11111111, %11111111
   1043  153b					      if	(pfwidth>2)
   1044  153b		       ff ff		      .byte.b	%11111111, %11111111
   1045  153d					      endif
   1046  153d		       00 00		      .byte.b	%00000000, %00000000
   1047  153f					      if	(pfwidth>2)
   1048  153f		       00 00		      .byte.b	%00000000, %00000000
   1049  1541					      endif
   1050  1541				   pflabel3
   1051  1541		       bd 01 95 	      lda	PF_data3,x
   1052  1544		       9d 00 10 	      sta	playfield-128,x
   1053  1547		       ca		      dex
   1054  1548		       10 f7		      bpl	pflabel3
   1055  154a				   .L083		;;line 272;;  return
   1056  154a
   1057  154a		       ba		      tsx
   1058  154b		       b5 02		      lda	2,x	; check return address
   1059  154d		       49 95		      eor	#(>*)	; vs. current PCH
   1060  154f		       29 e0		      and	#$E0	;  mask off all but top 3 bits
   1061  1551		       f0 03		      beq	*+5	; if equal, do normal return
   1062  1553		       4c dd ff 	      JMP	BS_return
   1063  1556		       60		      RTS
   1064  1557				   .
   1065  1557							;;line 273;;
   1066  1557
   1067  1557				   .draw_room_shape_4
   1068  1557							;;line 274;; draw_room_shape_4
   1069  1557
   1070  1557				   .L084		;;line 275;;  playfield:
   1071  1557
   1072  1557					      ifconst	pfres
   1073  1557		       a2 3f		      ldx	#(16>pfres)*(pfres*pfwidth-1)+(16<=pfres)*63
   1074  1559				  -	      else
   1075  1559				  -	      ldx	#((16*pfwidth-1)*((16*pfwidth-1)<47))+(47*((16*pfwidth-1)>=47))
   1076  1559					      endif
   1077  1559		       4c 9c 95 	      jmp	pflabel4
   1078  155c				   PF_data4
   1079  155c		       ff 0f		      .byte.b	%11111111, %00001111
   1080  155e					      if	(pfwidth>2)
   1081  155e		       ff 0f		      .byte.b	%11111111, %00001111
   1082  1560					      endif
   1083  1560		       c0 00		      .byte.b	%11000000, %00000000
   1084  1562					      if	(pfwidth>2)
   1085  1562		       c0 00		      .byte.b	%11000000, %00000000
   1086  1564					      endif
   1087  1564		       c0 00		      .byte.b	%11000000, %00000000
   1088  1566					      if	(pfwidth>2)
   1089  1566		       c0 00		      .byte.b	%11000000, %00000000
   1090  1568					      endif
   1091  1568		       c0 00		      .byte.b	%11000000, %00000000
   1092  156a					      if	(pfwidth>2)
   1093  156a		       c0 00		      .byte.b	%11000000, %00000000
   1094  156c					      endif
   1095  156c		       c0 00		      .byte.b	%11000000, %00000000
   1096  156e					      if	(pfwidth>2)
   1097  156e		       c0 00		      .byte.b	%11000000, %00000000
   1098  1570					      endif
   1099  1570		       c0 00		      .byte.b	%11000000, %00000000
   1100  1572					      if	(pfwidth>2)
   1101  1572		       c0 00		      .byte.b	%11000000, %00000000
   1102  1574					      endif
   1103  1574		       c0 00		      .byte.b	%11000000, %00000000
   1104  1576					      if	(pfwidth>2)
   1105  1576		       00 00		      .byte.b	%00000000, %00000000
   1106  1578					      endif
   1107  1578		       c0 00		      .byte.b	%11000000, %00000000
   1108  157a					      if	(pfwidth>2)
   1109  157a		       00 00		      .byte.b	%00000000, %00000000
   1110  157c					      endif
   1111  157c		       c0 00		      .byte.b	%11000000, %00000000
   1112  157e					      if	(pfwidth>2)
   1113  157e		       00 00		      .byte.b	%00000000, %00000000
   1114  1580					      endif
   1115  1580		       c0 00		      .byte.b	%11000000, %00000000
   1116  1582					      if	(pfwidth>2)
   1117  1582		       c0 00		      .byte.b	%11000000, %00000000
   1118  1584					      endif
   1119  1584		       c0 00		      .byte.b	%11000000, %00000000
   1120  1586					      if	(pfwidth>2)
   1121  1586		       c0 00		      .byte.b	%11000000, %00000000
   1122  1588					      endif
   1123  1588		       c0 00		      .byte.b	%11000000, %00000000
   1124  158a					      if	(pfwidth>2)
   1125  158a		       c0 00		      .byte.b	%11000000, %00000000
   1126  158c					      endif
   1127  158c		       c0 00		      .byte.b	%11000000, %00000000
   1128  158e					      if	(pfwidth>2)
   1129  158e		       c0 00		      .byte.b	%11000000, %00000000
   1130  1590					      endif
   1131  1590		       c0 00		      .byte.b	%11000000, %00000000
   1132  1592					      if	(pfwidth>2)
   1133  1592		       c0 00		      .byte.b	%11000000, %00000000
   1134  1594					      endif
   1135  1594		       ff 0f		      .byte.b	%11111111, %00001111
   1136  1596					      if	(pfwidth>2)
   1137  1596		       ff 0f		      .byte.b	%11111111, %00001111
   1138  1598					      endif
   1139  1598		       00 00		      .byte.b	%00000000, %00000000
   1140  159a					      if	(pfwidth>2)
   1141  159a		       00 00		      .byte.b	%00000000, %00000000
   1142  159c					      endif
   1143  159c				   pflabel4
   1144  159c		       bd 5c 95 	      lda	PF_data4,x
   1145  159f		       9d 00 10 	      sta	playfield-128,x
   1146  15a2		       ca		      dex
   1147  15a3		       10 f7		      bpl	pflabel4
   1148  15a5				   .L085		;;line 293;;  return
   1149  15a5
   1150  15a5		       ba		      tsx
   1151  15a6		       b5 02		      lda	2,x	; check return address
   1152  15a8		       49 95		      eor	#(>*)	; vs. current PCH
   1153  15aa		       29 e0		      and	#$E0	;  mask off all but top 3 bits
   1154  15ac		       f0 03		      beq	*+5	; if equal, do normal return
   1155  15ae		       4c dd ff 	      JMP	BS_return
   1156  15b1		       60		      RTS
   1157  15b2				   .
   1158  15b2							;;line 294;;
   1159  15b2
   1160  15b2				   .draw_room_shape_5
   1161  15b2							;;line 295;; draw_room_shape_5
   1162  15b2
   1163  15b2				   .L086		;;line 296;;  playfield:
   1164  15b2
   1165  15b2					      ifconst	pfres
   1166  15b2		       a2 3f		      ldx	#(16>pfres)*(pfres*pfwidth-1)+(16<=pfres)*63
   1167  15b4				  -	      else
   1168  15b4				  -	      ldx	#((16*pfwidth-1)*((16*pfwidth-1)<47))+(47*((16*pfwidth-1)>=47))
   1169  15b4					      endif
   1170  15b4		       4c f7 95 	      jmp	pflabel5
   1171  15b7				   PF_data5
   1172  15b7		       ff ff		      .byte.b	%11111111, %11111111
   1173  15b9					      if	(pfwidth>2)
   1174  15b9		       ff ff		      .byte.b	%11111111, %11111111
   1175  15bb					      endif
   1176  15bb		       c0 00		      .byte.b	%11000000, %00000000
   1177  15bd					      if	(pfwidth>2)
   1178  15bd		       c0 00		      .byte.b	%11000000, %00000000
   1179  15bf					      endif
   1180  15bf		       c0 00		      .byte.b	%11000000, %00000000
   1181  15c1					      if	(pfwidth>2)
   1182  15c1		       c0 00		      .byte.b	%11000000, %00000000
   1183  15c3					      endif
   1184  15c3		       c0 00		      .byte.b	%11000000, %00000000
   1185  15c5					      if	(pfwidth>2)
   1186  15c5		       c0 00		      .byte.b	%11000000, %00000000
   1187  15c7					      endif
   1188  15c7		       c0 00		      .byte.b	%11000000, %00000000
   1189  15c9					      if	(pfwidth>2)
   1190  15c9		       c0 00		      .byte.b	%11000000, %00000000
   1191  15cb					      endif
   1192  15cb		       c0 00		      .byte.b	%11000000, %00000000
   1193  15cd					      if	(pfwidth>2)
   1194  15cd		       c0 00		      .byte.b	%11000000, %00000000
   1195  15cf					      endif
   1196  15cf		       00 00		      .byte.b	%00000000, %00000000
   1197  15d1					      if	(pfwidth>2)
   1198  15d1		       c0 00		      .byte.b	%11000000, %00000000
   1199  15d3					      endif
   1200  15d3		       00 00		      .byte.b	%00000000, %00000000
   1201  15d5					      if	(pfwidth>2)
   1202  15d5		       c0 00		      .byte.b	%11000000, %00000000
   1203  15d7					      endif
   1204  15d7		       00 00		      .byte.b	%00000000, %00000000
   1205  15d9					      if	(pfwidth>2)
   1206  15d9		       c0 00		      .byte.b	%11000000, %00000000
   1207  15db					      endif
   1208  15db		       c0 00		      .byte.b	%11000000, %00000000
   1209  15dd					      if	(pfwidth>2)
   1210  15dd		       c0 00		      .byte.b	%11000000, %00000000
   1211  15df					      endif
   1212  15df		       c0 00		      .byte.b	%11000000, %00000000
   1213  15e1					      if	(pfwidth>2)
   1214  15e1		       c0 00		      .byte.b	%11000000, %00000000
   1215  15e3					      endif
   1216  15e3		       c0 00		      .byte.b	%11000000, %00000000
   1217  15e5					      if	(pfwidth>2)
   1218  15e5		       c0 00		      .byte.b	%11000000, %00000000
   1219  15e7					      endif
   1220  15e7		       c0 00		      .byte.b	%11000000, %00000000
   1221  15e9					      if	(pfwidth>2)
   1222  15e9		       c0 00		      .byte.b	%11000000, %00000000
   1223  15eb					      endif
   1224  15eb		       c0 00		      .byte.b	%11000000, %00000000
   1225  15ed					      if	(pfwidth>2)
   1226  15ed		       c0 00		      .byte.b	%11000000, %00000000
   1227  15ef					      endif
   1228  15ef		       ff 0f		      .byte.b	%11111111, %00001111
   1229  15f1					      if	(pfwidth>2)
   1230  15f1		       ff 0f		      .byte.b	%11111111, %00001111
   1231  15f3					      endif
   1232  15f3		       00 00		      .byte.b	%00000000, %00000000
   1233  15f5					      if	(pfwidth>2)
   1234  15f5		       00 00		      .byte.b	%00000000, %00000000
   1235  15f7					      endif
   1236  15f7				   pflabel5
   1237  15f7		       bd b7 95 	      lda	PF_data5,x
   1238  15fa		       9d 00 10 	      sta	playfield-128,x
   1239  15fd		       ca		      dex
   1240  15fe		       10 f7		      bpl	pflabel5
   1241  1600				   .L087		;;line 314;;  return
   1242  1600
   1243  1600		       ba		      tsx
   1244  1601		       b5 02		      lda	2,x	; check return address
   1245  1603		       49 96		      eor	#(>*)	; vs. current PCH
   1246  1605		       29 e0		      and	#$E0	;  mask off all but top 3 bits
   1247  1607		       f0 03		      beq	*+5	; if equal, do normal return
   1248  1609		       4c dd ff 	      JMP	BS_return
   1249  160c		       60		      RTS
   1250  160d				   .
   1251  160d							;;line 315;;
   1252  160d
   1253  160d				   .draw_room_shape_6
   1254  160d							;;line 316;; draw_room_shape_6
   1255  160d
   1256  160d				   .L088		;;line 317;;  playfield:
   1257  160d
   1258  160d					      ifconst	pfres
   1259  160d		       a2 3f		      ldx	#(16>pfres)*(pfres*pfwidth-1)+(16<=pfres)*63
   1260  160f				  -	      else
   1261  160f				  -	      ldx	#((16*pfwidth-1)*((16*pfwidth-1)<47))+(47*((16*pfwidth-1)>=47))
   1262  160f					      endif
   1263  160f		       4c 52 96 	      jmp	pflabel6
   1264  1612				   PF_data6
   1265  1612		       ff ff		      .byte.b	%11111111, %11111111
   1266  1614					      if	(pfwidth>2)
   1267  1614		       ff ff		      .byte.b	%11111111, %11111111
   1268  1616					      endif
   1269  1616		       c0 00		      .byte.b	%11000000, %00000000
   1270  1618					      if	(pfwidth>2)
   1271  1618		       c0 00		      .byte.b	%11000000, %00000000
   1272  161a					      endif
   1273  161a		       c0 00		      .byte.b	%11000000, %00000000
   1274  161c					      if	(pfwidth>2)
   1275  161c		       c0 00		      .byte.b	%11000000, %00000000
   1276  161e					      endif
   1277  161e		       c0 00		      .byte.b	%11000000, %00000000
   1278  1620					      if	(pfwidth>2)
   1279  1620		       c0 00		      .byte.b	%11000000, %00000000
   1280  1622					      endif
   1281  1622		       c0 00		      .byte.b	%11000000, %00000000
   1282  1624					      if	(pfwidth>2)
   1283  1624		       c0 00		      .byte.b	%11000000, %00000000
   1284  1626					      endif
   1285  1626		       c0 00		      .byte.b	%11000000, %00000000
   1286  1628					      if	(pfwidth>2)
   1287  1628		       c0 00		      .byte.b	%11000000, %00000000
   1288  162a					      endif
   1289  162a		       00 00		      .byte.b	%00000000, %00000000
   1290  162c					      if	(pfwidth>2)
   1291  162c		       00 00		      .byte.b	%00000000, %00000000
   1292  162e					      endif
   1293  162e		       00 00		      .byte.b	%00000000, %00000000
   1294  1630					      if	(pfwidth>2)
   1295  1630		       00 00		      .byte.b	%00000000, %00000000
   1296  1632					      endif
   1297  1632		       00 00		      .byte.b	%00000000, %00000000
   1298  1634					      if	(pfwidth>2)
   1299  1634		       00 00		      .byte.b	%00000000, %00000000
   1300  1636					      endif
   1301  1636		       c0 00		      .byte.b	%11000000, %00000000
   1302  1638					      if	(pfwidth>2)
   1303  1638		       c0 00		      .byte.b	%11000000, %00000000
   1304  163a					      endif
   1305  163a		       c0 00		      .byte.b	%11000000, %00000000
   1306  163c					      if	(pfwidth>2)
   1307  163c		       c0 00		      .byte.b	%11000000, %00000000
   1308  163e					      endif
   1309  163e		       c0 00		      .byte.b	%11000000, %00000000
   1310  1640					      if	(pfwidth>2)
   1311  1640		       c0 00		      .byte.b	%11000000, %00000000
   1312  1642					      endif
   1313  1642		       c0 00		      .byte.b	%11000000, %00000000
   1314  1644					      if	(pfwidth>2)
   1315  1644		       c0 00		      .byte.b	%11000000, %00000000
   1316  1646					      endif
   1317  1646		       c0 00		      .byte.b	%11000000, %00000000
   1318  1648					      if	(pfwidth>2)
   1319  1648		       c0 00		      .byte.b	%11000000, %00000000
   1320  164a					      endif
   1321  164a		       ff ff		      .byte.b	%11111111, %11111111
   1322  164c					      if	(pfwidth>2)
   1323  164c		       ff ff		      .byte.b	%11111111, %11111111
   1324  164e					      endif
   1325  164e		       00 00		      .byte.b	%00000000, %00000000
   1326  1650					      if	(pfwidth>2)
   1327  1650		       00 00		      .byte.b	%00000000, %00000000
   1328  1652					      endif
   1329  1652				   pflabel6
   1330  1652		       bd 12 96 	      lda	PF_data6,x
   1331  1655		       9d 00 10 	      sta	playfield-128,x
   1332  1658		       ca		      dex
   1333  1659		       10 f7		      bpl	pflabel6
   1334  165b				   .L089		;;line 335;;  return
   1335  165b
   1336  165b		       ba		      tsx
   1337  165c		       b5 02		      lda	2,x	; check return address
   1338  165e		       49 96		      eor	#(>*)	; vs. current PCH
   1339  1660		       29 e0		      and	#$E0	;  mask off all but top 3 bits
   1340  1662		       f0 03		      beq	*+5	; if equal, do normal return
   1341  1664		       4c dd ff 	      JMP	BS_return
   1342  1667		       60		      RTS
   1343  1668				   .
   1344  1668							;;line 336;;
   1345  1668
   1346  1668				   .draw_room_shape_7
   1347  1668							;;line 337;; draw_room_shape_7
   1348  1668
   1349  1668				   .L090		;;line 338;;  playfield:
   1350  1668
   1351  1668					      ifconst	pfres
   1352  1668		       a2 3f		      ldx	#(16>pfres)*(pfres*pfwidth-1)+(16<=pfres)*63
   1353  166a				  -	      else
   1354  166a				  -	      ldx	#((16*pfwidth-1)*((16*pfwidth-1)<47))+(47*((16*pfwidth-1)>=47))
   1355  166a					      endif
   1356  166a		       4c ad 96 	      jmp	pflabel7
   1357  166d				   PF_data7
   1358  166d		       ff ff		      .byte.b	%11111111, %11111111
   1359  166f					      if	(pfwidth>2)
   1360  166f		       ff ff		      .byte.b	%11111111, %11111111
   1361  1671					      endif
   1362  1671		       c0 00		      .byte.b	%11000000, %00000000
   1363  1673					      if	(pfwidth>2)
   1364  1673		       c0 00		      .byte.b	%11000000, %00000000
   1365  1675					      endif
   1366  1675		       c0 00		      .byte.b	%11000000, %00000000
   1367  1677					      if	(pfwidth>2)
   1368  1677		       c0 00		      .byte.b	%11000000, %00000000
   1369  1679					      endif
   1370  1679		       c0 00		      .byte.b	%11000000, %00000000
   1371  167b					      if	(pfwidth>2)
   1372  167b		       c0 00		      .byte.b	%11000000, %00000000
   1373  167d					      endif
   1374  167d		       c0 00		      .byte.b	%11000000, %00000000
   1375  167f					      if	(pfwidth>2)
   1376  167f		       c0 00		      .byte.b	%11000000, %00000000
   1377  1681					      endif
   1378  1681		       c0 00		      .byte.b	%11000000, %00000000
   1379  1683					      if	(pfwidth>2)
   1380  1683		       c0 00		      .byte.b	%11000000, %00000000
   1381  1685					      endif
   1382  1685		       c0 00		      .byte.b	%11000000, %00000000
   1383  1687					      if	(pfwidth>2)
   1384  1687		       00 00		      .byte.b	%00000000, %00000000
   1385  1689					      endif
   1386  1689		       c0 00		      .byte.b	%11000000, %00000000
   1387  168b					      if	(pfwidth>2)
   1388  168b		       00 00		      .byte.b	%00000000, %00000000
   1389  168d					      endif
   1390  168d		       c0 00		      .byte.b	%11000000, %00000000
   1391  168f					      if	(pfwidth>2)
   1392  168f		       00 00		      .byte.b	%00000000, %00000000
   1393  1691					      endif
   1394  1691		       c0 00		      .byte.b	%11000000, %00000000
   1395  1693					      if	(pfwidth>2)
   1396  1693		       c0 00		      .byte.b	%11000000, %00000000
   1397  1695					      endif
   1398  1695		       c0 00		      .byte.b	%11000000, %00000000
   1399  1697					      if	(pfwidth>2)
   1400  1697		       c0 00		      .byte.b	%11000000, %00000000
   1401  1699					      endif
   1402  1699		       c0 00		      .byte.b	%11000000, %00000000
   1403  169b					      if	(pfwidth>2)
   1404  169b		       c0 00		      .byte.b	%11000000, %00000000
   1405  169d					      endif
   1406  169d		       c0 00		      .byte.b	%11000000, %00000000
   1407  169f					      if	(pfwidth>2)
   1408  169f		       c0 00		      .byte.b	%11000000, %00000000
   1409  16a1					      endif
   1410  16a1		       c0 00		      .byte.b	%11000000, %00000000
   1411  16a3					      if	(pfwidth>2)
   1412  16a3		       c0 00		      .byte.b	%11000000, %00000000
   1413  16a5					      endif
   1414  16a5		       ff 0f		      .byte.b	%11111111, %00001111
   1415  16a7					      if	(pfwidth>2)
   1416  16a7		       ff 0f		      .byte.b	%11111111, %00001111
   1417  16a9					      endif
   1418  16a9		       00 00		      .byte.b	%00000000, %00000000
   1419  16ab					      if	(pfwidth>2)
   1420  16ab		       00 00		      .byte.b	%00000000, %00000000
   1421  16ad					      endif
   1422  16ad				   pflabel7
   1423  16ad		       bd 6d 96 	      lda	PF_data7,x
   1424  16b0		       9d 00 10 	      sta	playfield-128,x
   1425  16b3		       ca		      dex
   1426  16b4		       10 f7		      bpl	pflabel7
   1427  16b6				   .L091		;;line 356;;  return
   1428  16b6
   1429  16b6		       ba		      tsx
   1430  16b7		       b5 02		      lda	2,x	; check return address
   1431  16b9		       49 96		      eor	#(>*)	; vs. current PCH
   1432  16bb		       29 e0		      and	#$E0	;  mask off all but top 3 bits
   1433  16bd		       f0 03		      beq	*+5	; if equal, do normal return
   1434  16bf		       4c dd ff 	      JMP	BS_return
   1435  16c2		       60		      RTS
   1436  16c3				   .
   1437  16c3							;;line 357;;
   1438  16c3
   1439  16c3				   .draw_room_shape_8
   1440  16c3							;;line 358;; draw_room_shape_8
   1441  16c3
   1442  16c3				   .L092		;;line 359;;  playfield:
   1443  16c3
   1444  16c3					      ifconst	pfres
   1445  16c3		       a2 3f		      ldx	#(16>pfres)*(pfres*pfwidth-1)+(16<=pfres)*63
   1446  16c5				  -	      else
   1447  16c5				  -	      ldx	#((16*pfwidth-1)*((16*pfwidth-1)<47))+(47*((16*pfwidth-1)>=47))
   1448  16c5					      endif
   1449  16c5		       4c 08 97 	      jmp	pflabel8
   1450  16c8				   PF_data8
   1451  16c8		       ff 0f		      .byte.b	%11111111, %00001111
   1452  16ca					      if	(pfwidth>2)
   1453  16ca		       ff 0f		      .byte.b	%11111111, %00001111
   1454  16cc					      endif
   1455  16cc		       c0 00		      .byte.b	%11000000, %00000000
   1456  16ce					      if	(pfwidth>2)
   1457  16ce		       c0 00		      .byte.b	%11000000, %00000000
   1458  16d0					      endif
   1459  16d0		       c0 00		      .byte.b	%11000000, %00000000
   1460  16d2					      if	(pfwidth>2)
   1461  16d2		       c0 00		      .byte.b	%11000000, %00000000
   1462  16d4					      endif
   1463  16d4		       c0 00		      .byte.b	%11000000, %00000000
   1464  16d6					      if	(pfwidth>2)
   1465  16d6		       c0 00		      .byte.b	%11000000, %00000000
   1466  16d8					      endif
   1467  16d8		       c0 00		      .byte.b	%11000000, %00000000
   1468  16da					      if	(pfwidth>2)
   1469  16da		       c0 00		      .byte.b	%11000000, %00000000
   1470  16dc					      endif
   1471  16dc		       c0 00		      .byte.b	%11000000, %00000000
   1472  16de					      if	(pfwidth>2)
   1473  16de		       c0 00		      .byte.b	%11000000, %00000000
   1474  16e0					      endif
   1475  16e0		       00 00		      .byte.b	%00000000, %00000000
   1476  16e2					      if	(pfwidth>2)
   1477  16e2		       c0 00		      .byte.b	%11000000, %00000000
   1478  16e4					      endif
   1479  16e4		       00 00		      .byte.b	%00000000, %00000000
   1480  16e6					      if	(pfwidth>2)
   1481  16e6		       c0 00		      .byte.b	%11000000, %00000000
   1482  16e8					      endif
   1483  16e8		       00 00		      .byte.b	%00000000, %00000000
   1484  16ea					      if	(pfwidth>2)
   1485  16ea		       c0 00		      .byte.b	%11000000, %00000000
   1486  16ec					      endif
   1487  16ec		       c0 00		      .byte.b	%11000000, %00000000
   1488  16ee					      if	(pfwidth>2)
   1489  16ee		       c0 00		      .byte.b	%11000000, %00000000
   1490  16f0					      endif
   1491  16f0		       c0 00		      .byte.b	%11000000, %00000000
   1492  16f2					      if	(pfwidth>2)
   1493  16f2		       c0 00		      .byte.b	%11000000, %00000000
   1494  16f4					      endif
   1495  16f4		       c0 00		      .byte.b	%11000000, %00000000
   1496  16f6					      if	(pfwidth>2)
   1497  16f6		       c0 00		      .byte.b	%11000000, %00000000
   1498  16f8					      endif
   1499  16f8		       c0 00		      .byte.b	%11000000, %00000000
   1500  16fa					      if	(pfwidth>2)
   1501  16fa		       c0 00		      .byte.b	%11000000, %00000000
   1502  16fc					      endif
   1503  16fc		       c0 00		      .byte.b	%11000000, %00000000
   1504  16fe					      if	(pfwidth>2)
   1505  16fe		       c0 00		      .byte.b	%11000000, %00000000
   1506  1700					      endif
   1507  1700		       ff ff		      .byte.b	%11111111, %11111111
   1508  1702					      if	(pfwidth>2)
   1509  1702		       ff ff		      .byte.b	%11111111, %11111111
   1510  1704					      endif
   1511  1704		       00 00		      .byte.b	%00000000, %00000000
   1512  1706					      if	(pfwidth>2)
   1513  1706		       00 00		      .byte.b	%00000000, %00000000
   1514  1708					      endif
   1515  1708				   pflabel8
   1516  1708		       bd c8 96 	      lda	PF_data8,x
   1517  170b		       9d 00 10 	      sta	playfield-128,x
   1518  170e		       ca		      dex
   1519  170f		       10 f7		      bpl	pflabel8
   1520  1711				   .L093		;;line 377;;  return
   1521  1711
   1522  1711		       ba		      tsx
   1523  1712		       b5 02		      lda	2,x	; check return address
   1524  1714		       49 97		      eor	#(>*)	; vs. current PCH
   1525  1716		       29 e0		      and	#$E0	;  mask off all but top 3 bits
   1526  1718		       f0 03		      beq	*+5	; if equal, do normal return
   1527  171a		       4c dd ff 	      JMP	BS_return
   1528  171d		       60		      RTS
   1529  171e				   .
   1530  171e							;;line 378;;
   1531  171e
   1532  171e				   .draw_room_shape_9
   1533  171e							;;line 379;; draw_room_shape_9
   1534  171e
   1535  171e				   .L094		;;line 380;;  playfield:
   1536  171e
   1537  171e					      ifconst	pfres
   1538  171e		       a2 3f		      ldx	#(16>pfres)*(pfres*pfwidth-1)+(16<=pfres)*63
   1539  1720				  -	      else
   1540  1720				  -	      ldx	#((16*pfwidth-1)*((16*pfwidth-1)<47))+(47*((16*pfwidth-1)>=47))
   1541  1720					      endif
   1542  1720		       4c 63 97 	      jmp	pflabel9
   1543  1723				   PF_data9
   1544  1723		       ff 0f		      .byte.b	%11111111, %00001111
   1545  1725					      if	(pfwidth>2)
   1546  1725		       ff 0f		      .byte.b	%11111111, %00001111
   1547  1727					      endif
   1548  1727		       c0 00		      .byte.b	%11000000, %00000000
   1549  1729					      if	(pfwidth>2)
   1550  1729		       c0 00		      .byte.b	%11000000, %00000000
   1551  172b					      endif
   1552  172b		       c0 00		      .byte.b	%11000000, %00000000
   1553  172d					      if	(pfwidth>2)
   1554  172d		       c0 00		      .byte.b	%11000000, %00000000
   1555  172f					      endif
   1556  172f		       c0 00		      .byte.b	%11000000, %00000000
   1557  1731					      if	(pfwidth>2)
   1558  1731		       c0 00		      .byte.b	%11000000, %00000000
   1559  1733					      endif
   1560  1733		       c0 00		      .byte.b	%11000000, %00000000
   1561  1735					      if	(pfwidth>2)
   1562  1735		       c0 00		      .byte.b	%11000000, %00000000
   1563  1737					      endif
   1564  1737		       c0 00		      .byte.b	%11000000, %00000000
   1565  1739					      if	(pfwidth>2)
   1566  1739		       c0 00		      .byte.b	%11000000, %00000000
   1567  173b					      endif
   1568  173b		       c0 00		      .byte.b	%11000000, %00000000
   1569  173d					      if	(pfwidth>2)
   1570  173d		       c0 00		      .byte.b	%11000000, %00000000
   1571  173f					      endif
   1572  173f		       c0 00		      .byte.b	%11000000, %00000000
   1573  1741					      if	(pfwidth>2)
   1574  1741		       c0 00		      .byte.b	%11000000, %00000000
   1575  1743					      endif
   1576  1743		       c0 00		      .byte.b	%11000000, %00000000
   1577  1745					      if	(pfwidth>2)
   1578  1745		       c0 00		      .byte.b	%11000000, %00000000
   1579  1747					      endif
   1580  1747		       c0 00		      .byte.b	%11000000, %00000000
   1581  1749					      if	(pfwidth>2)
   1582  1749		       c0 00		      .byte.b	%11000000, %00000000
   1583  174b					      endif
   1584  174b		       c0 00		      .byte.b	%11000000, %00000000
   1585  174d					      if	(pfwidth>2)
   1586  174d		       c0 00		      .byte.b	%11000000, %00000000
   1587  174f					      endif
   1588  174f		       c0 00		      .byte.b	%11000000, %00000000
   1589  1751					      if	(pfwidth>2)
   1590  1751		       c0 00		      .byte.b	%11000000, %00000000
   1591  1753					      endif
   1592  1753		       c0 00		      .byte.b	%11000000, %00000000
   1593  1755					      if	(pfwidth>2)
   1594  1755		       c0 00		      .byte.b	%11000000, %00000000
   1595  1757					      endif
   1596  1757		       c0 00		      .byte.b	%11000000, %00000000
   1597  1759					      if	(pfwidth>2)
   1598  1759		       c0 00		      .byte.b	%11000000, %00000000
   1599  175b					      endif
   1600  175b		       ff 0f		      .byte.b	%11111111, %00001111
   1601  175d					      if	(pfwidth>2)
   1602  175d		       ff 0f		      .byte.b	%11111111, %00001111
   1603  175f					      endif
   1604  175f		       00 00		      .byte.b	%00000000, %00000000
   1605  1761					      if	(pfwidth>2)
   1606  1761		       00 00		      .byte.b	%00000000, %00000000
   1607  1763					      endif
   1608  1763				   pflabel9
   1609  1763		       bd 23 97 	      lda	PF_data9,x
   1610  1766		       9d 00 10 	      sta	playfield-128,x
   1611  1769		       ca		      dex
   1612  176a		       10 f7		      bpl	pflabel9
   1613  176c				   .L095		;;line 398;;  return
   1614  176c
   1615  176c		       ba		      tsx
   1616  176d		       b5 02		      lda	2,x	; check return address
   1617  176f		       49 97		      eor	#(>*)	; vs. current PCH
   1618  1771		       29 e0		      and	#$E0	;  mask off all but top 3 bits
   1619  1773		       f0 03		      beq	*+5	; if equal, do normal return
   1620  1775		       4c dd ff 	      JMP	BS_return
   1621  1778		       60		      RTS
   1622  1779				   .
   1623  1779							;;line 399;;
   1624  1779
   1625  1779				   .draw_room_shape_10
   1626  1779							;;line 400;; draw_room_shape_10
   1627  1779
   1628  1779				   .L096		;;line 401;;  playfield:
   1629  1779
   1630  1779					      ifconst	pfres
   1631  1779		       a2 3f		      ldx	#(16>pfres)*(pfres*pfwidth-1)+(16<=pfres)*63
   1632  177b				  -	      else
   1633  177b				  -	      ldx	#((16*pfwidth-1)*((16*pfwidth-1)<47))+(47*((16*pfwidth-1)>=47))
   1634  177b					      endif
   1635  177b		       4c be 97 	      jmp	pflabel10
   1636  177e				   PF_data10
   1637  177e		       ff 0f		      .byte.b	%11111111, %00001111
   1638  1780					      if	(pfwidth>2)
   1639  1780		       ff 0f		      .byte.b	%11111111, %00001111
   1640  1782					      endif
   1641  1782		       c0 00		      .byte.b	%11000000, %00000000
   1642  1784					      if	(pfwidth>2)
   1643  1784		       c0 00		      .byte.b	%11000000, %00000000
   1644  1786					      endif
   1645  1786		       c0 00		      .byte.b	%11000000, %00000000
   1646  1788					      if	(pfwidth>2)
   1647  1788		       c0 00		      .byte.b	%11000000, %00000000
   1648  178a					      endif
   1649  178a		       c0 00		      .byte.b	%11000000, %00000000
   1650  178c					      if	(pfwidth>2)
   1651  178c		       c0 00		      .byte.b	%11000000, %00000000
   1652  178e					      endif
   1653  178e		       c0 00		      .byte.b	%11000000, %00000000
   1654  1790					      if	(pfwidth>2)
   1655  1790		       c0 00		      .byte.b	%11000000, %00000000
   1656  1792					      endif
   1657  1792		       c0 00		      .byte.b	%11000000, %00000000
   1658  1794					      if	(pfwidth>2)
   1659  1794		       c0 00		      .byte.b	%11000000, %00000000
   1660  1796					      endif
   1661  1796		       c0 00		      .byte.b	%11000000, %00000000
   1662  1798					      if	(pfwidth>2)
   1663  1798		       00 00		      .byte.b	%00000000, %00000000
   1664  179a					      endif
   1665  179a		       c0 00		      .byte.b	%11000000, %00000000
   1666  179c					      if	(pfwidth>2)
   1667  179c		       00 00		      .byte.b	%00000000, %00000000
   1668  179e					      endif
   1669  179e		       c0 00		      .byte.b	%11000000, %00000000
   1670  17a0					      if	(pfwidth>2)
   1671  17a0		       00 00		      .byte.b	%00000000, %00000000
   1672  17a2					      endif
   1673  17a2		       c0 00		      .byte.b	%11000000, %00000000
   1674  17a4					      if	(pfwidth>2)
   1675  17a4		       c0 00		      .byte.b	%11000000, %00000000
   1676  17a6					      endif
   1677  17a6		       c0 00		      .byte.b	%11000000, %00000000
   1678  17a8					      if	(pfwidth>2)
   1679  17a8		       c0 00		      .byte.b	%11000000, %00000000
   1680  17aa					      endif
   1681  17aa		       c0 00		      .byte.b	%11000000, %00000000
   1682  17ac					      if	(pfwidth>2)
   1683  17ac		       c0 00		      .byte.b	%11000000, %00000000
   1684  17ae					      endif
   1685  17ae		       c0 00		      .byte.b	%11000000, %00000000
   1686  17b0					      if	(pfwidth>2)
   1687  17b0		       c0 00		      .byte.b	%11000000, %00000000
   1688  17b2					      endif
   1689  17b2		       c0 00		      .byte.b	%11000000, %00000000
   1690  17b4					      if	(pfwidth>2)
   1691  17b4		       c0 00		      .byte.b	%11000000, %00000000
   1692  17b6					      endif
   1693  17b6		       ff ff		      .byte.b	%11111111, %11111111
   1694  17b8					      if	(pfwidth>2)
   1695  17b8		       ff ff		      .byte.b	%11111111, %11111111
   1696  17ba					      endif
   1697  17ba		       00 00		      .byte.b	%00000000, %00000000
   1698  17bc					      if	(pfwidth>2)
   1699  17bc		       00 00		      .byte.b	%00000000, %00000000
   1700  17be					      endif
   1701  17be				   pflabel10
   1702  17be		       bd 7e 97 	      lda	PF_data10,x
   1703  17c1		       9d 00 10 	      sta	playfield-128,x
   1704  17c4		       ca		      dex
   1705  17c5		       10 f7		      bpl	pflabel10
   1706  17c7				   .L097		;;line 419;;  return
   1707  17c7
   1708  17c7		       ba		      tsx
   1709  17c8		       b5 02		      lda	2,x	; check return address
   1710  17ca		       49 97		      eor	#(>*)	; vs. current PCH
   1711  17cc		       29 e0		      and	#$E0	;  mask off all but top 3 bits
   1712  17ce		       f0 03		      beq	*+5	; if equal, do normal return
   1713  17d0		       4c dd ff 	      JMP	BS_return
   1714  17d3		       60		      RTS
   1715  17d4				   .
   1716  17d4							;;line 420;;
   1717  17d4
   1718  17d4				   .draw_room_shape_11
   1719  17d4							;;line 421;; draw_room_shape_11
   1720  17d4
   1721  17d4				   .L098		;;line 422;;  playfield:
   1722  17d4
   1723  17d4					      ifconst	pfres
   1724  17d4		       a2 3f		      ldx	#(16>pfres)*(pfres*pfwidth-1)+(16<=pfres)*63
   1725  17d6				  -	      else
   1726  17d6				  -	      ldx	#((16*pfwidth-1)*((16*pfwidth-1)<47))+(47*((16*pfwidth-1)>=47))
   1727  17d6					      endif
   1728  17d6		       4c 19 98 	      jmp	pflabel11
   1729  17d9				   PF_data11
   1730  17d9		       ff ff		      .byte.b	%11111111, %11111111
   1731  17db					      if	(pfwidth>2)
   1732  17db		       ff ff		      .byte.b	%11111111, %11111111
   1733  17dd					      endif
   1734  17dd		       c0 00		      .byte.b	%11000000, %00000000
   1735  17df					      if	(pfwidth>2)
   1736  17df		       c0 00		      .byte.b	%11000000, %00000000
   1737  17e1					      endif
   1738  17e1		       c0 00		      .byte.b	%11000000, %00000000
   1739  17e3					      if	(pfwidth>2)
   1740  17e3		       c0 00		      .byte.b	%11000000, %00000000
   1741  17e5					      endif
   1742  17e5		       c0 00		      .byte.b	%11000000, %00000000
   1743  17e7					      if	(pfwidth>2)
   1744  17e7		       c0 00		      .byte.b	%11000000, %00000000
   1745  17e9					      endif
   1746  17e9		       c0 00		      .byte.b	%11000000, %00000000
   1747  17eb					      if	(pfwidth>2)
   1748  17eb		       c0 00		      .byte.b	%11000000, %00000000
   1749  17ed					      endif
   1750  17ed		       c0 00		      .byte.b	%11000000, %00000000
   1751  17ef					      if	(pfwidth>2)
   1752  17ef		       c0 00		      .byte.b	%11000000, %00000000
   1753  17f1					      endif
   1754  17f1		       00 00		      .byte.b	%00000000, %00000000
   1755  17f3					      if	(pfwidth>2)
   1756  17f3		       c0 00		      .byte.b	%11000000, %00000000
   1757  17f5					      endif
   1758  17f5		       00 00		      .byte.b	%00000000, %00000000
   1759  17f7					      if	(pfwidth>2)
   1760  17f7		       c0 00		      .byte.b	%11000000, %00000000
   1761  17f9					      endif
   1762  17f9		       00 00		      .byte.b	%00000000, %00000000
   1763  17fb					      if	(pfwidth>2)
   1764  17fb		       c0 00		      .byte.b	%11000000, %00000000
   1765  17fd					      endif
   1766  17fd		       c0 00		      .byte.b	%11000000, %00000000
   1767  17ff					      if	(pfwidth>2)
   1768  17ff		       c0 00		      .byte.b	%11000000, %00000000
   1769  1801					      endif
   1770  1801		       c0 00		      .byte.b	%11000000, %00000000
   1771  1803					      if	(pfwidth>2)
   1772  1803		       c0 00		      .byte.b	%11000000, %00000000
   1773  1805					      endif
   1774  1805		       c0 00		      .byte.b	%11000000, %00000000
   1775  1807					      if	(pfwidth>2)
   1776  1807		       c0 00		      .byte.b	%11000000, %00000000
   1777  1809					      endif
   1778  1809		       c0 00		      .byte.b	%11000000, %00000000
   1779  180b					      if	(pfwidth>2)
   1780  180b		       c0 00		      .byte.b	%11000000, %00000000
   1781  180d					      endif
   1782  180d		       c0 00		      .byte.b	%11000000, %00000000
   1783  180f					      if	(pfwidth>2)
   1784  180f		       c0 00		      .byte.b	%11000000, %00000000
   1785  1811					      endif
   1786  1811		       ff ff		      .byte.b	%11111111, %11111111
   1787  1813					      if	(pfwidth>2)
   1788  1813		       ff ff		      .byte.b	%11111111, %11111111
   1789  1815					      endif
   1790  1815		       00 00		      .byte.b	%00000000, %00000000
   1791  1817					      if	(pfwidth>2)
   1792  1817		       00 00		      .byte.b	%00000000, %00000000
   1793  1819					      endif
   1794  1819				   pflabel11
   1795  1819		       bd d9 97 	      lda	PF_data11,x
   1796  181c		       9d 00 10 	      sta	playfield-128,x
   1797  181f		       ca		      dex
   1798  1820		       10 f7		      bpl	pflabel11
   1799  1822				   .L099		;;line 440;;  return
   1800  1822
   1801  1822		       ba		      tsx
   1802  1823		       b5 02		      lda	2,x	; check return address
   1803  1825		       49 98		      eor	#(>*)	; vs. current PCH
   1804  1827		       29 e0		      and	#$E0	;  mask off all but top 3 bits
   1805  1829		       f0 03		      beq	*+5	; if equal, do normal return
   1806  182b		       4c dd ff 	      JMP	BS_return
   1807  182e		       60		      RTS
   1808  182f				   .
   1809  182f							;;line 441;;
   1810  182f
   1811  182f				   .draw_room_shape_12
   1812  182f							;;line 442;; draw_room_shape_12
   1813  182f
   1814  182f				   .L0100		;;line 443;;  playfield:
   1815  182f
   1816  182f					      ifconst	pfres
   1817  182f		       a2 3f		      ldx	#(16>pfres)*(pfres*pfwidth-1)+(16<=pfres)*63
   1818  1831				  -	      else
   1819  1831				  -	      ldx	#((16*pfwidth-1)*((16*pfwidth-1)<47))+(47*((16*pfwidth-1)>=47))
   1820  1831					      endif
   1821  1831		       4c 74 98 	      jmp	pflabel12
   1822  1834				   PF_data12
   1823  1834		       ff ff		      .byte.b	%11111111, %11111111
   1824  1836					      if	(pfwidth>2)
   1825  1836		       ff ff		      .byte.b	%11111111, %11111111
   1826  1838					      endif
   1827  1838		       c0 00		      .byte.b	%11000000, %00000000
   1828  183a					      if	(pfwidth>2)
   1829  183a		       c0 00		      .byte.b	%11000000, %00000000
   1830  183c					      endif
   1831  183c		       c0 00		      .byte.b	%11000000, %00000000
   1832  183e					      if	(pfwidth>2)
   1833  183e		       c0 00		      .byte.b	%11000000, %00000000
   1834  1840					      endif
   1835  1840		       c0 00		      .byte.b	%11000000, %00000000
   1836  1842					      if	(pfwidth>2)
   1837  1842		       c0 00		      .byte.b	%11000000, %00000000
   1838  1844					      endif
   1839  1844		       c0 00		      .byte.b	%11000000, %00000000
   1840  1846					      if	(pfwidth>2)
   1841  1846		       c0 00		      .byte.b	%11000000, %00000000
   1842  1848					      endif
   1843  1848		       c0 00		      .byte.b	%11000000, %00000000
   1844  184a					      if	(pfwidth>2)
   1845  184a		       c0 00		      .byte.b	%11000000, %00000000
   1846  184c					      endif
   1847  184c		       c0 00		      .byte.b	%11000000, %00000000
   1848  184e					      if	(pfwidth>2)
   1849  184e		       c0 00		      .byte.b	%11000000, %00000000
   1850  1850					      endif
   1851  1850		       c0 00		      .byte.b	%11000000, %00000000
   1852  1852					      if	(pfwidth>2)
   1853  1852		       c0 00		      .byte.b	%11000000, %00000000
   1854  1854					      endif
   1855  1854		       c0 00		      .byte.b	%11000000, %00000000
   1856  1856					      if	(pfwidth>2)
   1857  1856		       c0 00		      .byte.b	%11000000, %00000000
   1858  1858					      endif
   1859  1858		       c0 00		      .byte.b	%11000000, %00000000
   1860  185a					      if	(pfwidth>2)
   1861  185a		       c0 00		      .byte.b	%11000000, %00000000
   1862  185c					      endif
   1863  185c		       c0 00		      .byte.b	%11000000, %00000000
   1864  185e					      if	(pfwidth>2)
   1865  185e		       c0 00		      .byte.b	%11000000, %00000000
   1866  1860					      endif
   1867  1860		       c0 00		      .byte.b	%11000000, %00000000
   1868  1862					      if	(pfwidth>2)
   1869  1862		       c0 00		      .byte.b	%11000000, %00000000
   1870  1864					      endif
   1871  1864		       c0 00		      .byte.b	%11000000, %00000000
   1872  1866					      if	(pfwidth>2)
   1873  1866		       c0 00		      .byte.b	%11000000, %00000000
   1874  1868					      endif
   1875  1868		       c0 00		      .byte.b	%11000000, %00000000
   1876  186a					      if	(pfwidth>2)
   1877  186a		       c0 00		      .byte.b	%11000000, %00000000
   1878  186c					      endif
   1879  186c		       ff 0f		      .byte.b	%11111111, %00001111
   1880  186e					      if	(pfwidth>2)
   1881  186e		       ff 0f		      .byte.b	%11111111, %00001111
   1882  1870					      endif
   1883  1870		       00 00		      .byte.b	%00000000, %00000000
   1884  1872					      if	(pfwidth>2)
   1885  1872		       00 00		      .byte.b	%00000000, %00000000
   1886  1874					      endif
   1887  1874				   pflabel12
   1888  1874		       bd 34 98 	      lda	PF_data12,x
   1889  1877		       9d 00 10 	      sta	playfield-128,x
   1890  187a		       ca		      dex
   1891  187b		       10 f7		      bpl	pflabel12
   1892  187d				   .L0101		;;line 461;;  return
   1893  187d
   1894  187d		       ba		      tsx
   1895  187e		       b5 02		      lda	2,x	; check return address
   1896  1880		       49 98		      eor	#(>*)	; vs. current PCH
   1897  1882		       29 e0		      and	#$E0	;  mask off all but top 3 bits
   1898  1884		       f0 03		      beq	*+5	; if equal, do normal return
   1899  1886		       4c dd ff 	      JMP	BS_return
   1900  1889		       60		      RTS
   1901  188a				   .
   1902  188a							;;line 462;;
   1903  188a
   1904  188a				   .draw_room_shape_13
   1905  188a							;;line 463;; draw_room_shape_13
   1906  188a
   1907  188a				   .L0102		;;line 464;;  playfield:
   1908  188a
   1909  188a					      ifconst	pfres
   1910  188a		       a2 3f		      ldx	#(16>pfres)*(pfres*pfwidth-1)+(16<=pfres)*63
   1911  188c				  -	      else
   1912  188c				  -	      ldx	#((16*pfwidth-1)*((16*pfwidth-1)<47))+(47*((16*pfwidth-1)>=47))
   1913  188c					      endif
   1914  188c		       4c cf 98 	      jmp	pflabel13
   1915  188f				   PF_data13
   1916  188f		       ff ff		      .byte.b	%11111111, %11111111
   1917  1891					      if	(pfwidth>2)
   1918  1891		       ff ff		      .byte.b	%11111111, %11111111
   1919  1893					      endif
   1920  1893		       c0 00		      .byte.b	%11000000, %00000000
   1921  1895					      if	(pfwidth>2)
   1922  1895		       c0 00		      .byte.b	%11000000, %00000000
   1923  1897					      endif
   1924  1897		       c0 00		      .byte.b	%11000000, %00000000
   1925  1899					      if	(pfwidth>2)
   1926  1899		       c0 00		      .byte.b	%11000000, %00000000
   1927  189b					      endif
   1928  189b		       c0 00		      .byte.b	%11000000, %00000000
   1929  189d					      if	(pfwidth>2)
   1930  189d		       c0 00		      .byte.b	%11000000, %00000000
   1931  189f					      endif
   1932  189f		       c0 00		      .byte.b	%11000000, %00000000
   1933  18a1					      if	(pfwidth>2)
   1934  18a1		       c0 00		      .byte.b	%11000000, %00000000
   1935  18a3					      endif
   1936  18a3		       c0 00		      .byte.b	%11000000, %00000000
   1937  18a5					      if	(pfwidth>2)
   1938  18a5		       c0 00		      .byte.b	%11000000, %00000000
   1939  18a7					      endif
   1940  18a7		       c0 00		      .byte.b	%11000000, %00000000
   1941  18a9					      if	(pfwidth>2)
   1942  18a9		       00 00		      .byte.b	%00000000, %00000000
   1943  18ab					      endif
   1944  18ab		       c0 00		      .byte.b	%11000000, %00000000
   1945  18ad					      if	(pfwidth>2)
   1946  18ad		       00 00		      .byte.b	%00000000, %00000000
   1947  18af					      endif
   1948  18af		       c0 00		      .byte.b	%11000000, %00000000
   1949  18b1					      if	(pfwidth>2)
   1950  18b1		       00 00		      .byte.b	%00000000, %00000000
   1951  18b3					      endif
   1952  18b3		       c0 00		      .byte.b	%11000000, %00000000
   1953  18b5					      if	(pfwidth>2)
   1954  18b5		       c0 00		      .byte.b	%11000000, %00000000
   1955  18b7					      endif
   1956  18b7		       c0 00		      .byte.b	%11000000, %00000000
   1957  18b9					      if	(pfwidth>2)
   1958  18b9		       c0 00		      .byte.b	%11000000, %00000000
   1959  18bb					      endif
   1960  18bb		       c0 00		      .byte.b	%11000000, %00000000
   1961  18bd					      if	(pfwidth>2)
   1962  18bd		       c0 00		      .byte.b	%11000000, %00000000
   1963  18bf					      endif
   1964  18bf		       c0 00		      .byte.b	%11000000, %00000000
   1965  18c1					      if	(pfwidth>2)
   1966  18c1		       c0 00		      .byte.b	%11000000, %00000000
   1967  18c3					      endif
   1968  18c3		       c0 00		      .byte.b	%11000000, %00000000
   1969  18c5					      if	(pfwidth>2)
   1970  18c5		       c0 00		      .byte.b	%11000000, %00000000
   1971  18c7					      endif
   1972  18c7		       ff ff		      .byte.b	%11111111, %11111111
   1973  18c9					      if	(pfwidth>2)
   1974  18c9		       ff ff		      .byte.b	%11111111, %11111111
   1975  18cb					      endif
   1976  18cb		       00 00		      .byte.b	%00000000, %00000000
   1977  18cd					      if	(pfwidth>2)
   1978  18cd		       00 00		      .byte.b	%00000000, %00000000
   1979  18cf					      endif
   1980  18cf				   pflabel13
   1981  18cf		       bd 8f 98 	      lda	PF_data13,x
   1982  18d2		       9d 00 10 	      sta	playfield-128,x
   1983  18d5		       ca		      dex
   1984  18d6		       10 f7		      bpl	pflabel13
   1985  18d8				   .L0103		;;line 482;;  return
   1986  18d8
   1987  18d8		       ba		      tsx
   1988  18d9		       b5 02		      lda	2,x	; check return address
   1989  18db		       49 98		      eor	#(>*)	; vs. current PCH
   1990  18dd		       29 e0		      and	#$E0	;  mask off all but top 3 bits
   1991  18df		       f0 03		      beq	*+5	; if equal, do normal return
   1992  18e1		       4c dd ff 	      JMP	BS_return
   1993  18e4		       60		      RTS
   1994  18e5				   .
   1995  18e5							;;line 483;;
   1996  18e5
   1997  18e5				   .draw_room_shape_14
   1998  18e5							;;line 484;; draw_room_shape_14
   1999  18e5
   2000  18e5				   .L0104		;;line 485;;  playfield:
   2001  18e5
   2002  18e5					      ifconst	pfres
   2003  18e5		       a2 3f		      ldx	#(16>pfres)*(pfres*pfwidth-1)+(16<=pfres)*63
   2004  18e7				  -	      else
   2005  18e7				  -	      ldx	#((16*pfwidth-1)*((16*pfwidth-1)<47))+(47*((16*pfwidth-1)>=47))
   2006  18e7					      endif
   2007  18e7		       4c 2a 99 	      jmp	pflabel14
   2008  18ea				   PF_data14
   2009  18ea		       ff 0f		      .byte.b	%11111111, %00001111
   2010  18ec					      if	(pfwidth>2)
   2011  18ec		       ff 0f		      .byte.b	%11111111, %00001111
   2012  18ee					      endif
   2013  18ee		       c0 00		      .byte.b	%11000000, %00000000
   2014  18f0					      if	(pfwidth>2)
   2015  18f0		       c0 00		      .byte.b	%11000000, %00000000
   2016  18f2					      endif
   2017  18f2		       c0 00		      .byte.b	%11000000, %00000000
   2018  18f4					      if	(pfwidth>2)
   2019  18f4		       c0 00		      .byte.b	%11000000, %00000000
   2020  18f6					      endif
   2021  18f6		       c0 00		      .byte.b	%11000000, %00000000
   2022  18f8					      if	(pfwidth>2)
   2023  18f8		       c0 00		      .byte.b	%11000000, %00000000
   2024  18fa					      endif
   2025  18fa		       c0 00		      .byte.b	%11000000, %00000000
   2026  18fc					      if	(pfwidth>2)
   2027  18fc		       c0 00		      .byte.b	%11000000, %00000000
   2028  18fe					      endif
   2029  18fe		       c0 00		      .byte.b	%11000000, %00000000
   2030  1900					      if	(pfwidth>2)
   2031  1900		       c0 00		      .byte.b	%11000000, %00000000
   2032  1902					      endif
   2033  1902		       c0 00		      .byte.b	%11000000, %00000000
   2034  1904					      if	(pfwidth>2)
   2035  1904		       c0 00		      .byte.b	%11000000, %00000000
   2036  1906					      endif
   2037  1906		       c0 00		      .byte.b	%11000000, %00000000
   2038  1908					      if	(pfwidth>2)
   2039  1908		       c0 00		      .byte.b	%11000000, %00000000
   2040  190a					      endif
   2041  190a		       c0 00		      .byte.b	%11000000, %00000000
   2042  190c					      if	(pfwidth>2)
   2043  190c		       c0 00		      .byte.b	%11000000, %00000000
   2044  190e					      endif
   2045  190e		       c0 00		      .byte.b	%11000000, %00000000
   2046  1910					      if	(pfwidth>2)
   2047  1910		       c0 00		      .byte.b	%11000000, %00000000
   2048  1912					      endif
   2049  1912		       c0 00		      .byte.b	%11000000, %00000000
   2050  1914					      if	(pfwidth>2)
   2051  1914		       c0 00		      .byte.b	%11000000, %00000000
   2052  1916					      endif
   2053  1916		       c0 00		      .byte.b	%11000000, %00000000
   2054  1918					      if	(pfwidth>2)
   2055  1918		       c0 00		      .byte.b	%11000000, %00000000
   2056  191a					      endif
   2057  191a		       c0 00		      .byte.b	%11000000, %00000000
   2058  191c					      if	(pfwidth>2)
   2059  191c		       c0 00		      .byte.b	%11000000, %00000000
   2060  191e					      endif
   2061  191e		       c0 00		      .byte.b	%11000000, %00000000
   2062  1920					      if	(pfwidth>2)
   2063  1920		       c0 00		      .byte.b	%11000000, %00000000
   2064  1922					      endif
   2065  1922		       ff ff		      .byte.b	%11111111, %11111111
   2066  1924					      if	(pfwidth>2)
   2067  1924		       ff ff		      .byte.b	%11111111, %11111111
   2068  1926					      endif
   2069  1926		       00 00		      .byte.b	%00000000, %00000000
   2070  1928					      if	(pfwidth>2)
   2071  1928		       00 00		      .byte.b	%00000000, %00000000
   2072  192a					      endif
   2073  192a				   pflabel14
   2074  192a		       bd ea 98 	      lda	PF_data14,x
   2075  192d		       9d 00 10 	      sta	playfield-128,x
   2076  1930		       ca		      dex
   2077  1931		       10 f7		      bpl	pflabel14
   2078  1933				   .L0105		;;line 503;;  return
   2079  1933
   2080  1933		       ba		      tsx
   2081  1934		       b5 02		      lda	2,x	; check return address
   2082  1936		       49 99		      eor	#(>*)	; vs. current PCH
   2083  1938		       29 e0		      and	#$E0	;  mask off all but top 3 bits
   2084  193a		       f0 03		      beq	*+5	; if equal, do normal return
   2085  193c		       4c dd ff 	      JMP	BS_return
   2086  193f		       60		      RTS
   2087  1940				   .
   2088  1940							;;line 504;;
   2089  1940
   2090  1940				   .draw_room_shape_15
   2091  1940							;;line 505;; draw_room_shape_15
   2092  1940
   2093  1940				   .L0106		;;line 506;;  playfield:
   2094  1940
   2095  1940					      ifconst	pfres
   2096  1940		       a2 3f		      ldx	#(16>pfres)*(pfres*pfwidth-1)+(16<=pfres)*63
   2097  1942				  -	      else
   2098  1942				  -	      ldx	#((16*pfwidth-1)*((16*pfwidth-1)<47))+(47*((16*pfwidth-1)>=47))
   2099  1942					      endif
   2100  1942		       4c 85 99 	      jmp	pflabel15
   2101  1945				   PF_data15
   2102  1945		       ff ff		      .byte.b	%11111111, %11111111
   2103  1947					      if	(pfwidth>2)
   2104  1947		       ff ff		      .byte.b	%11111111, %11111111
   2105  1949					      endif
   2106  1949		       c2 05		      .byte.b	%11000010, %00000101
   2107  194b					      if	(pfwidth>2)
   2108  194b		       c2 05		      .byte.b	%11000010, %00000101
   2109  194d					      endif
   2110  194d		       c2 05		      .byte.b	%11000010, %00000101
   2111  194f					      if	(pfwidth>2)
   2112  194f		       c2 05		      .byte.b	%11000010, %00000101
   2113  1951					      endif
   2114  1951		       c3 07		      .byte.b	%11000011, %00000111
   2115  1953					      if	(pfwidth>2)
   2116  1953		       c3 07		      .byte.b	%11000011, %00000111
   2117  1955					      endif
   2118  1955		       c3 07		      .byte.b	%11000011, %00000111
   2119  1957					      if	(pfwidth>2)
   2120  1957		       c3 07		      .byte.b	%11000011, %00000111
   2121  1959					      endif
   2122  1959		       c3 67		      .byte.b	%11000011, %01100111
   2123  195b					      if	(pfwidth>2)
   2124  195b		       c3 67		      .byte.b	%11000011, %01100111
   2125  195d					      endif
   2126  195d		       c3 ff		      .byte.b	%11000011, %11111111
   2127  195f					      if	(pfwidth>2)
   2128  195f		       c3 ff		      .byte.b	%11000011, %11111111
   2129  1961					      endif
   2130  1961		       c3 ff		      .byte.b	%11000011, %11111111
   2131  1963					      if	(pfwidth>2)
   2132  1963		       c3 ff		      .byte.b	%11000011, %11111111
   2133  1965					      endif
   2134  1965		       c3 ff		      .byte.b	%11000011, %11111111
   2135  1967					      if	(pfwidth>2)
   2136  1967		       c3 ff		      .byte.b	%11000011, %11111111
   2137  1969					      endif
   2138  1969		       c3 ff		      .byte.b	%11000011, %11111111
   2139  196b					      if	(pfwidth>2)
   2140  196b		       c3 ff		      .byte.b	%11000011, %11111111
   2141  196d					      endif
   2142  196d		       c3 7f		      .byte.b	%11000011, %01111111
   2143  196f					      if	(pfwidth>2)
   2144  196f		       c3 7f		      .byte.b	%11000011, %01111111
   2145  1971					      endif
   2146  1971		       c3 3f		      .byte.b	%11000011, %00111111
   2147  1973					      if	(pfwidth>2)
   2148  1973		       c3 3f		      .byte.b	%11000011, %00111111
   2149  1975					      endif
   2150  1975		       c0 00		      .byte.b	%11000000, %00000000
   2151  1977					      if	(pfwidth>2)
   2152  1977		       c0 00		      .byte.b	%11000000, %00000000
   2153  1979					      endif
   2154  1979		       c0 00		      .byte.b	%11000000, %00000000
   2155  197b					      if	(pfwidth>2)
   2156  197b		       c0 00		      .byte.b	%11000000, %00000000
   2157  197d					      endif
   2158  197d		       ff 0f		      .byte.b	%11111111, %00001111
   2159  197f					      if	(pfwidth>2)
   2160  197f		       ff 0f		      .byte.b	%11111111, %00001111
   2161  1981					      endif
   2162  1981		       00 00		      .byte.b	%00000000, %00000000
   2163  1983					      if	(pfwidth>2)
   2164  1983		       00 00		      .byte.b	%00000000, %00000000
   2165  1985					      endif
   2166  1985				   pflabel15
   2167  1985		       bd 45 99 	      lda	PF_data15,x
   2168  1988		       9d 00 10 	      sta	playfield-128,x
   2169  198b		       ca		      dex
   2170  198c		       10 f7		      bpl	pflabel15
   2171  198e				   .L0107		;;line 524;;  return
   2172  198e		       ba		      tsx
   2173  198f		       b5 02		      lda	2,x	; check return address
   2174  1991		       49 99		      eor	#(>*)	; vs. current PCH
   2175  1993		       29 e0		      and	#$E0	;  mask off all but top 3 bits
   2176  1995		       f0 03		      beq	*+5	; if equal, do normal return
   2177  1997		       4c dd ff 	      JMP	BS_return
   2178  199a		       60		      RTS
   2179  199b					      if	ECHO1
      1593 bytes of ROM space left in bank 1
   2180  199b					      echo	"    ",[(start_bank1 - *)]d , "bytes of ROM space left in bank 1")
   2181  199b					      endif
   2182  199b		       00 01	   ECHO1      =	1
   2183  1fd4					      ORG	$1FF4-bscode_length
   2184  1fd4					      RORG	$9FF4-bscode_length
   2185  1fd4		       a2 ff	   start_bank1 ldx	#$ff
   2186  1fd6				  -	      ifconst	FASTFETCH	; using DPC+
   2187  1fd6				  -	      stx	FASTFETCH
   2188  1fd6					      endif
   2189  1fd6		       9a		      txs
   2190  1fd7				  -	      if	bankswitch == 64
   2191  1fd7				  -	      lda	#(((>(start-1)) & $0F) | $F0)
   2192  1fd7					      else
   2193  1fd7		       a9 f3		      lda	#>(start-1)
   2194  1fd9					      endif
   2195  1fd9		       48		      pha
   2196  1fda		       a9 d4		      lda	#<(start-1)
   2197  1fdc		       48		      pha
   2198  1fdd		       48		      pha
   2199  1fde		       8a		      txa
   2200  1fdf		       48		      pha
   2201  1fe0		       ba		      tsx
   2202  1fe1					      if	bankswitch != 64
   2203  1fe1		       b5 04		      lda	4,x	; get high byte of return address
   2204  1fe3		       2a		      rol
   2205  1fe4		       2a		      rol
   2206  1fe5		       2a		      rol
   2207  1fe6		       2a		      rol
   2208  1fe7		       29 03		      and	#bs_mask	;1 3 or 7 for F8/F6/F4
   2209  1fe9		       aa		      tax
   2210  1fea		       e8		      inx
   2211  1feb				  -	      else
   2212  1feb				  -	      lda	4,x	; get high byte of return address
   2213  1feb				  -	      tay
   2214  1feb				  -	      ora	#$10	; change our bank nibble into a valid rom mirror
   2215  1feb				  -	      sta	4,x
   2216  1feb				  -	      tya
   2217  1feb				  -	      lsr
   2218  1feb				  -	      lsr
   2219  1feb				  -	      lsr
   2220  1feb				  -	      lsr
   2221  1feb				  -	      tax
   2222  1feb				  -	      inx
   2223  1feb					      endif
   2224  1feb		       bd f5 1f 	      lda	bankswitch_hotspot-1,x
   2225  1fee		       68		      pla
   2226  1fef		       aa		      tax
   2227  1ff0		       68		      pla
   2228  1ff1		       60		      rts
   2229  1ff2				  -	      if	((* & $1FFF) > ((bankswitch_hotspot & $1FFF) - 1))
   2230  1ff2				  -	      echo	"WARNING: size parameter in banksw.asm too small - the program probably will not work."
   2231  1ff2				  -	      echo	"Change to",[(*-begin_bscode+1)&$FF]d,"and try again."
   2232  1ff2					      endif
   2233  1ffc					      ORG	$1FFC
   2234  1ffc					      RORG	$9FFC
   2235  1ffc		       d4 9f		      .word.w	(start_bank1 & $ffff)
   2236  1ffe		       d4 9f		      .word.w	(start_bank1 & $ffff)
   2237  2000					      ORG	$2000
   2238  2000					      RORG	$B000
   2239  2000					      repeat	256
   2240  2000		       ff		      .byte.b	$ff
   2239  2000					      repend
   2240  2001		       ff		      .byte.b	$ff
   2239  2001					      repend
   2240  2002		       ff		      .byte.b	$ff
   2239  2002					      repend
   2240  2003		       ff		      .byte.b	$ff
   2239  2003					      repend
   2240  2004		       ff		      .byte.b	$ff
   2239  2004					      repend
   2240  2005		       ff		      .byte.b	$ff
   2239  2005					      repend
   2240  2006		       ff		      .byte.b	$ff
   2239  2006					      repend
   2240  2007		       ff		      .byte.b	$ff
   2239  2007					      repend
   2240  2008		       ff		      .byte.b	$ff
   2239  2008					      repend
   2240  2009		       ff		      .byte.b	$ff
   2239  2009					      repend
   2240  200a		       ff		      .byte.b	$ff
   2239  200a					      repend
   2240  200b		       ff		      .byte.b	$ff
   2239  200b					      repend
   2240  200c		       ff		      .byte.b	$ff
   2239  200c					      repend
   2240  200d		       ff		      .byte.b	$ff
   2239  200d					      repend
   2240  200e		       ff		      .byte.b	$ff
   2239  200e					      repend
   2240  200f		       ff		      .byte.b	$ff
   2239  200f					      repend
   2240  2010		       ff		      .byte.b	$ff
   2239  2010					      repend
   2240  2011		       ff		      .byte.b	$ff
   2239  2011					      repend
   2240  2012		       ff		      .byte.b	$ff
   2239  2012					      repend
   2240  2013		       ff		      .byte.b	$ff
   2239  2013					      repend
   2240  2014		       ff		      .byte.b	$ff
   2239  2014					      repend
   2240  2015		       ff		      .byte.b	$ff
   2239  2015					      repend
   2240  2016		       ff		      .byte.b	$ff
   2239  2016					      repend
   2240  2017		       ff		      .byte.b	$ff
   2239  2017					      repend
   2240  2018		       ff		      .byte.b	$ff
   2239  2018					      repend
   2240  2019		       ff		      .byte.b	$ff
   2239  2019					      repend
   2240  201a		       ff		      .byte.b	$ff
   2239  201a					      repend
   2240  201b		       ff		      .byte.b	$ff
   2239  201b					      repend
   2240  201c		       ff		      .byte.b	$ff
   2239  201c					      repend
   2240  201d		       ff		      .byte.b	$ff
   2239  201d					      repend
   2240  201e		       ff		      .byte.b	$ff
   2239  201e					      repend
   2240  201f		       ff		      .byte.b	$ff
   2239  201f					      repend
   2240  2020		       ff		      .byte.b	$ff
   2239  2020					      repend
   2240  2021		       ff		      .byte.b	$ff
   2239  2021					      repend
   2240  2022		       ff		      .byte.b	$ff
   2239  2022					      repend
   2240  2023		       ff		      .byte.b	$ff
   2239  2023					      repend
   2240  2024		       ff		      .byte.b	$ff
   2239  2024					      repend
   2240  2025		       ff		      .byte.b	$ff
   2239  2025					      repend
   2240  2026		       ff		      .byte.b	$ff
   2239  2026					      repend
   2240  2027		       ff		      .byte.b	$ff
   2239  2027					      repend
   2240  2028		       ff		      .byte.b	$ff
   2239  2028					      repend
   2240  2029		       ff		      .byte.b	$ff
   2239  2029					      repend
   2240  202a		       ff		      .byte.b	$ff
   2239  202a					      repend
   2240  202b		       ff		      .byte.b	$ff
   2239  202b					      repend
   2240  202c		       ff		      .byte.b	$ff
   2239  202c					      repend
   2240  202d		       ff		      .byte.b	$ff
   2239  202d					      repend
   2240  202e		       ff		      .byte.b	$ff
   2239  202e					      repend
   2240  202f		       ff		      .byte.b	$ff
   2239  202f					      repend
   2240  2030		       ff		      .byte.b	$ff
   2239  2030					      repend
   2240  2031		       ff		      .byte.b	$ff
   2239  2031					      repend
   2240  2032		       ff		      .byte.b	$ff
   2239  2032					      repend
   2240  2033		       ff		      .byte.b	$ff
   2239  2033					      repend
   2240  2034		       ff		      .byte.b	$ff
   2239  2034					      repend
   2240  2035		       ff		      .byte.b	$ff
   2239  2035					      repend
   2240  2036		       ff		      .byte.b	$ff
   2239  2036					      repend
   2240  2037		       ff		      .byte.b	$ff
   2239  2037					      repend
   2240  2038		       ff		      .byte.b	$ff
   2239  2038					      repend
   2240  2039		       ff		      .byte.b	$ff
   2239  2039					      repend
   2240  203a		       ff		      .byte.b	$ff
   2239  203a					      repend
   2240  203b		       ff		      .byte.b	$ff
   2239  203b					      repend
   2240  203c		       ff		      .byte.b	$ff
   2239  203c					      repend
   2240  203d		       ff		      .byte.b	$ff
   2239  203d					      repend
   2240  203e		       ff		      .byte.b	$ff
   2239  203e					      repend
   2240  203f		       ff		      .byte.b	$ff
   2239  203f					      repend
   2240  2040		       ff		      .byte.b	$ff
   2239  2040					      repend
   2240  2041		       ff		      .byte.b	$ff
   2239  2041					      repend
   2240  2042		       ff		      .byte.b	$ff
   2239  2042					      repend
   2240  2043		       ff		      .byte.b	$ff
   2239  2043					      repend
   2240  2044		       ff		      .byte.b	$ff
   2239  2044					      repend
   2240  2045		       ff		      .byte.b	$ff
   2239  2045					      repend
   2240  2046		       ff		      .byte.b	$ff
   2239  2046					      repend
   2240  2047		       ff		      .byte.b	$ff
   2239  2047					      repend
   2240  2048		       ff		      .byte.b	$ff
   2239  2048					      repend
   2240  2049		       ff		      .byte.b	$ff
   2239  2049					      repend
   2240  204a		       ff		      .byte.b	$ff
   2239  204a					      repend
   2240  204b		       ff		      .byte.b	$ff
   2239  204b					      repend
   2240  204c		       ff		      .byte.b	$ff
   2239  204c					      repend
   2240  204d		       ff		      .byte.b	$ff
   2239  204d					      repend
   2240  204e		       ff		      .byte.b	$ff
   2239  204e					      repend
   2240  204f		       ff		      .byte.b	$ff
   2239  204f					      repend
   2240  2050		       ff		      .byte.b	$ff
   2239  2050					      repend
   2240  2051		       ff		      .byte.b	$ff
   2239  2051					      repend
   2240  2052		       ff		      .byte.b	$ff
   2239  2052					      repend
   2240  2053		       ff		      .byte.b	$ff
   2239  2053					      repend
   2240  2054		       ff		      .byte.b	$ff
   2239  2054					      repend
   2240  2055		       ff		      .byte.b	$ff
   2239  2055					      repend
   2240  2056		       ff		      .byte.b	$ff
   2239  2056					      repend
   2240  2057		       ff		      .byte.b	$ff
   2239  2057					      repend
   2240  2058		       ff		      .byte.b	$ff
   2239  2058					      repend
   2240  2059		       ff		      .byte.b	$ff
   2239  2059					      repend
   2240  205a		       ff		      .byte.b	$ff
   2239  205a					      repend
   2240  205b		       ff		      .byte.b	$ff
   2239  205b					      repend
   2240  205c		       ff		      .byte.b	$ff
   2239  205c					      repend
   2240  205d		       ff		      .byte.b	$ff
   2239  205d					      repend
   2240  205e		       ff		      .byte.b	$ff
   2239  205e					      repend
   2240  205f		       ff		      .byte.b	$ff
   2239  205f					      repend
   2240  2060		       ff		      .byte.b	$ff
   2239  2060					      repend
   2240  2061		       ff		      .byte.b	$ff
   2239  2061					      repend
   2240  2062		       ff		      .byte.b	$ff
   2239  2062					      repend
   2240  2063		       ff		      .byte.b	$ff
   2239  2063					      repend
   2240  2064		       ff		      .byte.b	$ff
   2239  2064					      repend
   2240  2065		       ff		      .byte.b	$ff
   2239  2065					      repend
   2240  2066		       ff		      .byte.b	$ff
   2239  2066					      repend
   2240  2067		       ff		      .byte.b	$ff
   2239  2067					      repend
   2240  2068		       ff		      .byte.b	$ff
   2239  2068					      repend
   2240  2069		       ff		      .byte.b	$ff
   2239  2069					      repend
   2240  206a		       ff		      .byte.b	$ff
   2239  206a					      repend
   2240  206b		       ff		      .byte.b	$ff
   2239  206b					      repend
   2240  206c		       ff		      .byte.b	$ff
   2239  206c					      repend
   2240  206d		       ff		      .byte.b	$ff
   2239  206d					      repend
   2240  206e		       ff		      .byte.b	$ff
   2239  206e					      repend
   2240  206f		       ff		      .byte.b	$ff
   2239  206f					      repend
   2240  2070		       ff		      .byte.b	$ff
   2239  2070					      repend
   2240  2071		       ff		      .byte.b	$ff
   2239  2071					      repend
   2240  2072		       ff		      .byte.b	$ff
   2239  2072					      repend
   2240  2073		       ff		      .byte.b	$ff
   2239  2073					      repend
   2240  2074		       ff		      .byte.b	$ff
   2239  2074					      repend
   2240  2075		       ff		      .byte.b	$ff
   2239  2075					      repend
   2240  2076		       ff		      .byte.b	$ff
   2239  2076					      repend
   2240  2077		       ff		      .byte.b	$ff
   2239  2077					      repend
   2240  2078		       ff		      .byte.b	$ff
   2239  2078					      repend
   2240  2079		       ff		      .byte.b	$ff
   2239  2079					      repend
   2240  207a		       ff		      .byte.b	$ff
   2239  207a					      repend
   2240  207b		       ff		      .byte.b	$ff
   2239  207b					      repend
   2240  207c		       ff		      .byte.b	$ff
   2239  207c					      repend
   2240  207d		       ff		      .byte.b	$ff
   2239  207d					      repend
   2240  207e		       ff		      .byte.b	$ff
   2239  207e					      repend
   2240  207f		       ff		      .byte.b	$ff
   2239  207f					      repend
   2240  2080		       ff		      .byte.b	$ff
   2239  2080					      repend
   2240  2081		       ff		      .byte.b	$ff
   2239  2081					      repend
   2240  2082		       ff		      .byte.b	$ff
   2239  2082					      repend
   2240  2083		       ff		      .byte.b	$ff
   2239  2083					      repend
   2240  2084		       ff		      .byte.b	$ff
   2239  2084					      repend
   2240  2085		       ff		      .byte.b	$ff
   2239  2085					      repend
   2240  2086		       ff		      .byte.b	$ff
   2239  2086					      repend
   2240  2087		       ff		      .byte.b	$ff
   2239  2087					      repend
   2240  2088		       ff		      .byte.b	$ff
   2239  2088					      repend
   2240  2089		       ff		      .byte.b	$ff
   2239  2089					      repend
   2240  208a		       ff		      .byte.b	$ff
   2239  208a					      repend
   2240  208b		       ff		      .byte.b	$ff
   2239  208b					      repend
   2240  208c		       ff		      .byte.b	$ff
   2239  208c					      repend
   2240  208d		       ff		      .byte.b	$ff
   2239  208d					      repend
   2240  208e		       ff		      .byte.b	$ff
   2239  208e					      repend
   2240  208f		       ff		      .byte.b	$ff
   2239  208f					      repend
   2240  2090		       ff		      .byte.b	$ff
   2239  2090					      repend
   2240  2091		       ff		      .byte.b	$ff
   2239  2091					      repend
   2240  2092		       ff		      .byte.b	$ff
   2239  2092					      repend
   2240  2093		       ff		      .byte.b	$ff
   2239  2093					      repend
   2240  2094		       ff		      .byte.b	$ff
   2239  2094					      repend
   2240  2095		       ff		      .byte.b	$ff
   2239  2095					      repend
   2240  2096		       ff		      .byte.b	$ff
   2239  2096					      repend
   2240  2097		       ff		      .byte.b	$ff
   2239  2097					      repend
   2240  2098		       ff		      .byte.b	$ff
   2239  2098					      repend
   2240  2099		       ff		      .byte.b	$ff
   2239  2099					      repend
   2240  209a		       ff		      .byte.b	$ff
   2239  209a					      repend
   2240  209b		       ff		      .byte.b	$ff
   2239  209b					      repend
   2240  209c		       ff		      .byte.b	$ff
   2239  209c					      repend
   2240  209d		       ff		      .byte.b	$ff
   2239  209d					      repend
   2240  209e		       ff		      .byte.b	$ff
   2239  209e					      repend
   2240  209f		       ff		      .byte.b	$ff
   2239  209f					      repend
   2240  20a0		       ff		      .byte.b	$ff
   2239  20a0					      repend
   2240  20a1		       ff		      .byte.b	$ff
   2239  20a1					      repend
   2240  20a2		       ff		      .byte.b	$ff
   2239  20a2					      repend
   2240  20a3		       ff		      .byte.b	$ff
   2239  20a3					      repend
   2240  20a4		       ff		      .byte.b	$ff
   2239  20a4					      repend
   2240  20a5		       ff		      .byte.b	$ff
   2239  20a5					      repend
   2240  20a6		       ff		      .byte.b	$ff
   2239  20a6					      repend
   2240  20a7		       ff		      .byte.b	$ff
   2239  20a7					      repend
   2240  20a8		       ff		      .byte.b	$ff
   2239  20a8					      repend
   2240  20a9		       ff		      .byte.b	$ff
   2239  20a9					      repend
   2240  20aa		       ff		      .byte.b	$ff
   2239  20aa					      repend
   2240  20ab		       ff		      .byte.b	$ff
   2239  20ab					      repend
   2240  20ac		       ff		      .byte.b	$ff
   2239  20ac					      repend
   2240  20ad		       ff		      .byte.b	$ff
   2239  20ad					      repend
   2240  20ae		       ff		      .byte.b	$ff
   2239  20ae					      repend
   2240  20af		       ff		      .byte.b	$ff
   2239  20af					      repend
   2240  20b0		       ff		      .byte.b	$ff
   2239  20b0					      repend
   2240  20b1		       ff		      .byte.b	$ff
   2239  20b1					      repend
   2240  20b2		       ff		      .byte.b	$ff
   2239  20b2					      repend
   2240  20b3		       ff		      .byte.b	$ff
   2239  20b3					      repend
   2240  20b4		       ff		      .byte.b	$ff
   2239  20b4					      repend
   2240  20b5		       ff		      .byte.b	$ff
   2239  20b5					      repend
   2240  20b6		       ff		      .byte.b	$ff
   2239  20b6					      repend
   2240  20b7		       ff		      .byte.b	$ff
   2239  20b7					      repend
   2240  20b8		       ff		      .byte.b	$ff
   2239  20b8					      repend
   2240  20b9		       ff		      .byte.b	$ff
   2239  20b9					      repend
   2240  20ba		       ff		      .byte.b	$ff
   2239  20ba					      repend
   2240  20bb		       ff		      .byte.b	$ff
   2239  20bb					      repend
   2240  20bc		       ff		      .byte.b	$ff
   2239  20bc					      repend
   2240  20bd		       ff		      .byte.b	$ff
   2239  20bd					      repend
   2240  20be		       ff		      .byte.b	$ff
   2239  20be					      repend
   2240  20bf		       ff		      .byte.b	$ff
   2239  20bf					      repend
   2240  20c0		       ff		      .byte.b	$ff
   2239  20c0					      repend
   2240  20c1		       ff		      .byte.b	$ff
   2239  20c1					      repend
   2240  20c2		       ff		      .byte.b	$ff
   2239  20c2					      repend
   2240  20c3		       ff		      .byte.b	$ff
   2239  20c3					      repend
   2240  20c4		       ff		      .byte.b	$ff
   2239  20c4					      repend
   2240  20c5		       ff		      .byte.b	$ff
   2239  20c5					      repend
   2240  20c6		       ff		      .byte.b	$ff
   2239  20c6					      repend
   2240  20c7		       ff		      .byte.b	$ff
   2239  20c7					      repend
   2240  20c8		       ff		      .byte.b	$ff
   2239  20c8					      repend
   2240  20c9		       ff		      .byte.b	$ff
   2239  20c9					      repend
   2240  20ca		       ff		      .byte.b	$ff
   2239  20ca					      repend
   2240  20cb		       ff		      .byte.b	$ff
   2239  20cb					      repend
   2240  20cc		       ff		      .byte.b	$ff
   2239  20cc					      repend
   2240  20cd		       ff		      .byte.b	$ff
   2239  20cd					      repend
   2240  20ce		       ff		      .byte.b	$ff
   2239  20ce					      repend
   2240  20cf		       ff		      .byte.b	$ff
   2239  20cf					      repend
   2240  20d0		       ff		      .byte.b	$ff
   2239  20d0					      repend
   2240  20d1		       ff		      .byte.b	$ff
   2239  20d1					      repend
   2240  20d2		       ff		      .byte.b	$ff
   2239  20d2					      repend
   2240  20d3		       ff		      .byte.b	$ff
   2239  20d3					      repend
   2240  20d4		       ff		      .byte.b	$ff
   2239  20d4					      repend
   2240  20d5		       ff		      .byte.b	$ff
   2239  20d5					      repend
   2240  20d6		       ff		      .byte.b	$ff
   2239  20d6					      repend
   2240  20d7		       ff		      .byte.b	$ff
   2239  20d7					      repend
   2240  20d8		       ff		      .byte.b	$ff
   2239  20d8					      repend
   2240  20d9		       ff		      .byte.b	$ff
   2239  20d9					      repend
   2240  20da		       ff		      .byte.b	$ff
   2239  20da					      repend
   2240  20db		       ff		      .byte.b	$ff
   2239  20db					      repend
   2240  20dc		       ff		      .byte.b	$ff
   2239  20dc					      repend
   2240  20dd		       ff		      .byte.b	$ff
   2239  20dd					      repend
   2240  20de		       ff		      .byte.b	$ff
   2239  20de					      repend
   2240  20df		       ff		      .byte.b	$ff
   2239  20df					      repend
   2240  20e0		       ff		      .byte.b	$ff
   2239  20e0					      repend
   2240  20e1		       ff		      .byte.b	$ff
   2239  20e1					      repend
   2240  20e2		       ff		      .byte.b	$ff
   2239  20e2					      repend
   2240  20e3		       ff		      .byte.b	$ff
   2239  20e3					      repend
   2240  20e4		       ff		      .byte.b	$ff
   2239  20e4					      repend
   2240  20e5		       ff		      .byte.b	$ff
   2239  20e5					      repend
   2240  20e6		       ff		      .byte.b	$ff
   2239  20e6					      repend
   2240  20e7		       ff		      .byte.b	$ff
   2239  20e7					      repend
   2240  20e8		       ff		      .byte.b	$ff
   2239  20e8					      repend
   2240  20e9		       ff		      .byte.b	$ff
   2239  20e9					      repend
   2240  20ea		       ff		      .byte.b	$ff
   2239  20ea					      repend
   2240  20eb		       ff		      .byte.b	$ff
   2239  20eb					      repend
   2240  20ec		       ff		      .byte.b	$ff
   2239  20ec					      repend
   2240  20ed		       ff		      .byte.b	$ff
   2239  20ed					      repend
   2240  20ee		       ff		      .byte.b	$ff
   2239  20ee					      repend
   2240  20ef		       ff		      .byte.b	$ff
   2239  20ef					      repend
   2240  20f0		       ff		      .byte.b	$ff
   2239  20f0					      repend
   2240  20f1		       ff		      .byte.b	$ff
   2239  20f1					      repend
   2240  20f2		       ff		      .byte.b	$ff
   2239  20f2					      repend
   2240  20f3		       ff		      .byte.b	$ff
   2239  20f3					      repend
   2240  20f4		       ff		      .byte.b	$ff
   2239  20f4					      repend
   2240  20f5		       ff		      .byte.b	$ff
   2239  20f5					      repend
   2240  20f6		       ff		      .byte.b	$ff
   2239  20f6					      repend
   2240  20f7		       ff		      .byte.b	$ff
   2239  20f7					      repend
   2240  20f8		       ff		      .byte.b	$ff
   2239  20f8					      repend
   2240  20f9		       ff		      .byte.b	$ff
   2239  20f9					      repend
   2240  20fa		       ff		      .byte.b	$ff
   2239  20fa					      repend
   2240  20fb		       ff		      .byte.b	$ff
   2239  20fb					      repend
   2240  20fc		       ff		      .byte.b	$ff
   2239  20fc					      repend
   2240  20fd		       ff		      .byte.b	$ff
   2239  20fd					      repend
   2240  20fe		       ff		      .byte.b	$ff
   2239  20fe					      repend
   2240  20ff		       ff		      .byte.b	$ff
   2241  2100					      repend
   2242  2100					      if	ECHO2
      3796 bytes of ROM space left in bank 2
   2243  2100					      echo	"    ",[(start_bank2 - *)]d , "bytes of ROM space left in bank 2")
   2244  2100					      endif
   2245  2100		       00 01	   ECHO2      =	1
   2246  2fd4					      ORG	$2FF4-bscode_length
   2247  2fd4					      RORG	$BFF4-bscode_length
   2248  2fd4		       a2 ff	   start_bank2 ldx	#$ff
   2249  2fd6				  -	      ifconst	FASTFETCH	; using DPC+
   2250  2fd6				  -	      stx	FASTFETCH
   2251  2fd6					      endif
   2252  2fd6		       9a		      txs
   2253  2fd7				  -	      if	bankswitch == 64
   2254  2fd7				  -	      lda	#(((>(start-1)) & $0F) | $F0)
   2255  2fd7					      else
   2256  2fd7		       a9 f3		      lda	#>(start-1)
   2257  2fd9					      endif
   2258  2fd9		       48		      pha
   2259  2fda		       a9 d4		      lda	#<(start-1)
   2260  2fdc		       48		      pha
   2261  2fdd		       48		      pha
   2262  2fde		       8a		      txa
   2263  2fdf		       48		      pha
   2264  2fe0		       ba		      tsx
   2265  2fe1					      if	bankswitch != 64
   2266  2fe1		       b5 04		      lda	4,x	; get high byte of return address
   2267  2fe3		       2a		      rol
   2268  2fe4		       2a		      rol
   2269  2fe5		       2a		      rol
   2270  2fe6		       2a		      rol
   2271  2fe7		       29 03		      and	#bs_mask	;1 3 or 7 for F8/F6/F4
   2272  2fe9		       aa		      tax
   2273  2fea		       e8		      inx
   2274  2feb				  -	      else
   2275  2feb				  -	      lda	4,x	; get high byte of return address
   2276  2feb				  -	      tay
   2277  2feb				  -	      ora	#$10	; change our bank nibble into a valid rom mirror
   2278  2feb				  -	      sta	4,x
   2279  2feb				  -	      tya
   2280  2feb				  -	      lsr
   2281  2feb				  -	      lsr
   2282  2feb				  -	      lsr
   2283  2feb				  -	      lsr
   2284  2feb				  -	      tax
   2285  2feb				  -	      inx
   2286  2feb					      endif
   2287  2feb		       bd f5 1f 	      lda	bankswitch_hotspot-1,x
   2288  2fee		       68		      pla
   2289  2fef		       aa		      tax
   2290  2ff0		       68		      pla
   2291  2ff1		       60		      rts
   2292  2ff2				  -	      if	((* & $1FFF) > ((bankswitch_hotspot & $1FFF) - 1))
   2293  2ff2				  -	      echo	"WARNING: size parameter in banksw.asm too small - the program probably will not work."
   2294  2ff2				  -	      echo	"Change to",[(*-begin_bscode+1)&$FF]d,"and try again."
   2295  2ff2					      endif
   2296  2ffc					      ORG	$2FFC
   2297  2ffc					      RORG	$BFFC
   2298  2ffc		       d4 bf		      .word.w	(start_bank2 & $ffff)
   2299  2ffe		       d4 bf		      .word.w	(start_bank2 & $ffff)
   2300  3000					      ORG	$3000
   2301  3000					      RORG	$D000
   2302  3000					      repeat	256
   2303  3000		       ff		      .byte.b	$ff
   2302  3000					      repend
   2303  3001		       ff		      .byte.b	$ff
   2302  3001					      repend
   2303  3002		       ff		      .byte.b	$ff
   2302  3002					      repend
   2303  3003		       ff		      .byte.b	$ff
   2302  3003					      repend
   2303  3004		       ff		      .byte.b	$ff
   2302  3004					      repend
   2303  3005		       ff		      .byte.b	$ff
   2302  3005					      repend
   2303  3006		       ff		      .byte.b	$ff
   2302  3006					      repend
   2303  3007		       ff		      .byte.b	$ff
   2302  3007					      repend
   2303  3008		       ff		      .byte.b	$ff
   2302  3008					      repend
   2303  3009		       ff		      .byte.b	$ff
   2302  3009					      repend
   2303  300a		       ff		      .byte.b	$ff
   2302  300a					      repend
   2303  300b		       ff		      .byte.b	$ff
   2302  300b					      repend
   2303  300c		       ff		      .byte.b	$ff
   2302  300c					      repend
   2303  300d		       ff		      .byte.b	$ff
   2302  300d					      repend
   2303  300e		       ff		      .byte.b	$ff
   2302  300e					      repend
   2303  300f		       ff		      .byte.b	$ff
   2302  300f					      repend
   2303  3010		       ff		      .byte.b	$ff
   2302  3010					      repend
   2303  3011		       ff		      .byte.b	$ff
   2302  3011					      repend
   2303  3012		       ff		      .byte.b	$ff
   2302  3012					      repend
   2303  3013		       ff		      .byte.b	$ff
   2302  3013					      repend
   2303  3014		       ff		      .byte.b	$ff
   2302  3014					      repend
   2303  3015		       ff		      .byte.b	$ff
   2302  3015					      repend
   2303  3016		       ff		      .byte.b	$ff
   2302  3016					      repend
   2303  3017		       ff		      .byte.b	$ff
   2302  3017					      repend
   2303  3018		       ff		      .byte.b	$ff
   2302  3018					      repend
   2303  3019		       ff		      .byte.b	$ff
   2302  3019					      repend
   2303  301a		       ff		      .byte.b	$ff
   2302  301a					      repend
   2303  301b		       ff		      .byte.b	$ff
   2302  301b					      repend
   2303  301c		       ff		      .byte.b	$ff
   2302  301c					      repend
   2303  301d		       ff		      .byte.b	$ff
   2302  301d					      repend
   2303  301e		       ff		      .byte.b	$ff
   2302  301e					      repend
   2303  301f		       ff		      .byte.b	$ff
   2302  301f					      repend
   2303  3020		       ff		      .byte.b	$ff
   2302  3020					      repend
   2303  3021		       ff		      .byte.b	$ff
   2302  3021					      repend
   2303  3022		       ff		      .byte.b	$ff
   2302  3022					      repend
   2303  3023		       ff		      .byte.b	$ff
   2302  3023					      repend
   2303  3024		       ff		      .byte.b	$ff
   2302  3024					      repend
   2303  3025		       ff		      .byte.b	$ff
   2302  3025					      repend
   2303  3026		       ff		      .byte.b	$ff
   2302  3026					      repend
   2303  3027		       ff		      .byte.b	$ff
   2302  3027					      repend
   2303  3028		       ff		      .byte.b	$ff
   2302  3028					      repend
   2303  3029		       ff		      .byte.b	$ff
   2302  3029					      repend
   2303  302a		       ff		      .byte.b	$ff
   2302  302a					      repend
   2303  302b		       ff		      .byte.b	$ff
   2302  302b					      repend
   2303  302c		       ff		      .byte.b	$ff
   2302  302c					      repend
   2303  302d		       ff		      .byte.b	$ff
   2302  302d					      repend
   2303  302e		       ff		      .byte.b	$ff
   2302  302e					      repend
   2303  302f		       ff		      .byte.b	$ff
   2302  302f					      repend
   2303  3030		       ff		      .byte.b	$ff
   2302  3030					      repend
   2303  3031		       ff		      .byte.b	$ff
   2302  3031					      repend
   2303  3032		       ff		      .byte.b	$ff
   2302  3032					      repend
   2303  3033		       ff		      .byte.b	$ff
   2302  3033					      repend
   2303  3034		       ff		      .byte.b	$ff
   2302  3034					      repend
   2303  3035		       ff		      .byte.b	$ff
   2302  3035					      repend
   2303  3036		       ff		      .byte.b	$ff
   2302  3036					      repend
   2303  3037		       ff		      .byte.b	$ff
   2302  3037					      repend
   2303  3038		       ff		      .byte.b	$ff
   2302  3038					      repend
   2303  3039		       ff		      .byte.b	$ff
   2302  3039					      repend
   2303  303a		       ff		      .byte.b	$ff
   2302  303a					      repend
   2303  303b		       ff		      .byte.b	$ff
   2302  303b					      repend
   2303  303c		       ff		      .byte.b	$ff
   2302  303c					      repend
   2303  303d		       ff		      .byte.b	$ff
   2302  303d					      repend
   2303  303e		       ff		      .byte.b	$ff
   2302  303e					      repend
   2303  303f		       ff		      .byte.b	$ff
   2302  303f					      repend
   2303  3040		       ff		      .byte.b	$ff
   2302  3040					      repend
   2303  3041		       ff		      .byte.b	$ff
   2302  3041					      repend
   2303  3042		       ff		      .byte.b	$ff
   2302  3042					      repend
   2303  3043		       ff		      .byte.b	$ff
   2302  3043					      repend
   2303  3044		       ff		      .byte.b	$ff
   2302  3044					      repend
   2303  3045		       ff		      .byte.b	$ff
   2302  3045					      repend
   2303  3046		       ff		      .byte.b	$ff
   2302  3046					      repend
   2303  3047		       ff		      .byte.b	$ff
   2302  3047					      repend
   2303  3048		       ff		      .byte.b	$ff
   2302  3048					      repend
   2303  3049		       ff		      .byte.b	$ff
   2302  3049					      repend
   2303  304a		       ff		      .byte.b	$ff
   2302  304a					      repend
   2303  304b		       ff		      .byte.b	$ff
   2302  304b					      repend
   2303  304c		       ff		      .byte.b	$ff
   2302  304c					      repend
   2303  304d		       ff		      .byte.b	$ff
   2302  304d					      repend
   2303  304e		       ff		      .byte.b	$ff
   2302  304e					      repend
   2303  304f		       ff		      .byte.b	$ff
   2302  304f					      repend
   2303  3050		       ff		      .byte.b	$ff
   2302  3050					      repend
   2303  3051		       ff		      .byte.b	$ff
   2302  3051					      repend
   2303  3052		       ff		      .byte.b	$ff
   2302  3052					      repend
   2303  3053		       ff		      .byte.b	$ff
   2302  3053					      repend
   2303  3054		       ff		      .byte.b	$ff
   2302  3054					      repend
   2303  3055		       ff		      .byte.b	$ff
   2302  3055					      repend
   2303  3056		       ff		      .byte.b	$ff
   2302  3056					      repend
   2303  3057		       ff		      .byte.b	$ff
   2302  3057					      repend
   2303  3058		       ff		      .byte.b	$ff
   2302  3058					      repend
   2303  3059		       ff		      .byte.b	$ff
   2302  3059					      repend
   2303  305a		       ff		      .byte.b	$ff
   2302  305a					      repend
   2303  305b		       ff		      .byte.b	$ff
   2302  305b					      repend
   2303  305c		       ff		      .byte.b	$ff
   2302  305c					      repend
   2303  305d		       ff		      .byte.b	$ff
   2302  305d					      repend
   2303  305e		       ff		      .byte.b	$ff
   2302  305e					      repend
   2303  305f		       ff		      .byte.b	$ff
   2302  305f					      repend
   2303  3060		       ff		      .byte.b	$ff
   2302  3060					      repend
   2303  3061		       ff		      .byte.b	$ff
   2302  3061					      repend
   2303  3062		       ff		      .byte.b	$ff
   2302  3062					      repend
   2303  3063		       ff		      .byte.b	$ff
   2302  3063					      repend
   2303  3064		       ff		      .byte.b	$ff
   2302  3064					      repend
   2303  3065		       ff		      .byte.b	$ff
   2302  3065					      repend
   2303  3066		       ff		      .byte.b	$ff
   2302  3066					      repend
   2303  3067		       ff		      .byte.b	$ff
   2302  3067					      repend
   2303  3068		       ff		      .byte.b	$ff
   2302  3068					      repend
   2303  3069		       ff		      .byte.b	$ff
   2302  3069					      repend
   2303  306a		       ff		      .byte.b	$ff
   2302  306a					      repend
   2303  306b		       ff		      .byte.b	$ff
   2302  306b					      repend
   2303  306c		       ff		      .byte.b	$ff
   2302  306c					      repend
   2303  306d		       ff		      .byte.b	$ff
   2302  306d					      repend
   2303  306e		       ff		      .byte.b	$ff
   2302  306e					      repend
   2303  306f		       ff		      .byte.b	$ff
   2302  306f					      repend
   2303  3070		       ff		      .byte.b	$ff
   2302  3070					      repend
   2303  3071		       ff		      .byte.b	$ff
   2302  3071					      repend
   2303  3072		       ff		      .byte.b	$ff
   2302  3072					      repend
   2303  3073		       ff		      .byte.b	$ff
   2302  3073					      repend
   2303  3074		       ff		      .byte.b	$ff
   2302  3074					      repend
   2303  3075		       ff		      .byte.b	$ff
   2302  3075					      repend
   2303  3076		       ff		      .byte.b	$ff
   2302  3076					      repend
   2303  3077		       ff		      .byte.b	$ff
   2302  3077					      repend
   2303  3078		       ff		      .byte.b	$ff
   2302  3078					      repend
   2303  3079		       ff		      .byte.b	$ff
   2302  3079					      repend
   2303  307a		       ff		      .byte.b	$ff
   2302  307a					      repend
   2303  307b		       ff		      .byte.b	$ff
   2302  307b					      repend
   2303  307c		       ff		      .byte.b	$ff
   2302  307c					      repend
   2303  307d		       ff		      .byte.b	$ff
   2302  307d					      repend
   2303  307e		       ff		      .byte.b	$ff
   2302  307e					      repend
   2303  307f		       ff		      .byte.b	$ff
   2302  307f					      repend
   2303  3080		       ff		      .byte.b	$ff
   2302  3080					      repend
   2303  3081		       ff		      .byte.b	$ff
   2302  3081					      repend
   2303  3082		       ff		      .byte.b	$ff
   2302  3082					      repend
   2303  3083		       ff		      .byte.b	$ff
   2302  3083					      repend
   2303  3084		       ff		      .byte.b	$ff
   2302  3084					      repend
   2303  3085		       ff		      .byte.b	$ff
   2302  3085					      repend
   2303  3086		       ff		      .byte.b	$ff
   2302  3086					      repend
   2303  3087		       ff		      .byte.b	$ff
   2302  3087					      repend
   2303  3088		       ff		      .byte.b	$ff
   2302  3088					      repend
   2303  3089		       ff		      .byte.b	$ff
   2302  3089					      repend
   2303  308a		       ff		      .byte.b	$ff
   2302  308a					      repend
   2303  308b		       ff		      .byte.b	$ff
   2302  308b					      repend
   2303  308c		       ff		      .byte.b	$ff
   2302  308c					      repend
   2303  308d		       ff		      .byte.b	$ff
   2302  308d					      repend
   2303  308e		       ff		      .byte.b	$ff
   2302  308e					      repend
   2303  308f		       ff		      .byte.b	$ff
   2302  308f					      repend
   2303  3090		       ff		      .byte.b	$ff
   2302  3090					      repend
   2303  3091		       ff		      .byte.b	$ff
   2302  3091					      repend
   2303  3092		       ff		      .byte.b	$ff
   2302  3092					      repend
   2303  3093		       ff		      .byte.b	$ff
   2302  3093					      repend
   2303  3094		       ff		      .byte.b	$ff
   2302  3094					      repend
   2303  3095		       ff		      .byte.b	$ff
   2302  3095					      repend
   2303  3096		       ff		      .byte.b	$ff
   2302  3096					      repend
   2303  3097		       ff		      .byte.b	$ff
   2302  3097					      repend
   2303  3098		       ff		      .byte.b	$ff
   2302  3098					      repend
   2303  3099		       ff		      .byte.b	$ff
   2302  3099					      repend
   2303  309a		       ff		      .byte.b	$ff
   2302  309a					      repend
   2303  309b		       ff		      .byte.b	$ff
   2302  309b					      repend
   2303  309c		       ff		      .byte.b	$ff
   2302  309c					      repend
   2303  309d		       ff		      .byte.b	$ff
   2302  309d					      repend
   2303  309e		       ff		      .byte.b	$ff
   2302  309e					      repend
   2303  309f		       ff		      .byte.b	$ff
   2302  309f					      repend
   2303  30a0		       ff		      .byte.b	$ff
   2302  30a0					      repend
   2303  30a1		       ff		      .byte.b	$ff
   2302  30a1					      repend
   2303  30a2		       ff		      .byte.b	$ff
   2302  30a2					      repend
   2303  30a3		       ff		      .byte.b	$ff
   2302  30a3					      repend
   2303  30a4		       ff		      .byte.b	$ff
   2302  30a4					      repend
   2303  30a5		       ff		      .byte.b	$ff
   2302  30a5					      repend
   2303  30a6		       ff		      .byte.b	$ff
   2302  30a6					      repend
   2303  30a7		       ff		      .byte.b	$ff
   2302  30a7					      repend
   2303  30a8		       ff		      .byte.b	$ff
   2302  30a8					      repend
   2303  30a9		       ff		      .byte.b	$ff
   2302  30a9					      repend
   2303  30aa		       ff		      .byte.b	$ff
   2302  30aa					      repend
   2303  30ab		       ff		      .byte.b	$ff
   2302  30ab					      repend
   2303  30ac		       ff		      .byte.b	$ff
   2302  30ac					      repend
   2303  30ad		       ff		      .byte.b	$ff
   2302  30ad					      repend
   2303  30ae		       ff		      .byte.b	$ff
   2302  30ae					      repend
   2303  30af		       ff		      .byte.b	$ff
   2302  30af					      repend
   2303  30b0		       ff		      .byte.b	$ff
   2302  30b0					      repend
   2303  30b1		       ff		      .byte.b	$ff
   2302  30b1					      repend
   2303  30b2		       ff		      .byte.b	$ff
   2302  30b2					      repend
   2303  30b3		       ff		      .byte.b	$ff
   2302  30b3					      repend
   2303  30b4		       ff		      .byte.b	$ff
   2302  30b4					      repend
   2303  30b5		       ff		      .byte.b	$ff
   2302  30b5					      repend
   2303  30b6		       ff		      .byte.b	$ff
   2302  30b6					      repend
   2303  30b7		       ff		      .byte.b	$ff
   2302  30b7					      repend
   2303  30b8		       ff		      .byte.b	$ff
   2302  30b8					      repend
   2303  30b9		       ff		      .byte.b	$ff
   2302  30b9					      repend
   2303  30ba		       ff		      .byte.b	$ff
   2302  30ba					      repend
   2303  30bb		       ff		      .byte.b	$ff
   2302  30bb					      repend
   2303  30bc		       ff		      .byte.b	$ff
   2302  30bc					      repend
   2303  30bd		       ff		      .byte.b	$ff
   2302  30bd					      repend
   2303  30be		       ff		      .byte.b	$ff
   2302  30be					      repend
   2303  30bf		       ff		      .byte.b	$ff
   2302  30bf					      repend
   2303  30c0		       ff		      .byte.b	$ff
   2302  30c0					      repend
   2303  30c1		       ff		      .byte.b	$ff
   2302  30c1					      repend
   2303  30c2		       ff		      .byte.b	$ff
   2302  30c2					      repend
   2303  30c3		       ff		      .byte.b	$ff
   2302  30c3					      repend
   2303  30c4		       ff		      .byte.b	$ff
   2302  30c4					      repend
   2303  30c5		       ff		      .byte.b	$ff
   2302  30c5					      repend
   2303  30c6		       ff		      .byte.b	$ff
   2302  30c6					      repend
   2303  30c7		       ff		      .byte.b	$ff
   2302  30c7					      repend
   2303  30c8		       ff		      .byte.b	$ff
   2302  30c8					      repend
   2303  30c9		       ff		      .byte.b	$ff
   2302  30c9					      repend
   2303  30ca		       ff		      .byte.b	$ff
   2302  30ca					      repend
   2303  30cb		       ff		      .byte.b	$ff
   2302  30cb					      repend
   2303  30cc		       ff		      .byte.b	$ff
   2302  30cc					      repend
   2303  30cd		       ff		      .byte.b	$ff
   2302  30cd					      repend
   2303  30ce		       ff		      .byte.b	$ff
   2302  30ce					      repend
   2303  30cf		       ff		      .byte.b	$ff
   2302  30cf					      repend
   2303  30d0		       ff		      .byte.b	$ff
   2302  30d0					      repend
   2303  30d1		       ff		      .byte.b	$ff
   2302  30d1					      repend
   2303  30d2		       ff		      .byte.b	$ff
   2302  30d2					      repend
   2303  30d3		       ff		      .byte.b	$ff
   2302  30d3					      repend
   2303  30d4		       ff		      .byte.b	$ff
   2302  30d4					      repend
   2303  30d5		       ff		      .byte.b	$ff
   2302  30d5					      repend
   2303  30d6		       ff		      .byte.b	$ff
   2302  30d6					      repend
   2303  30d7		       ff		      .byte.b	$ff
   2302  30d7					      repend
   2303  30d8		       ff		      .byte.b	$ff
   2302  30d8					      repend
   2303  30d9		       ff		      .byte.b	$ff
   2302  30d9					      repend
   2303  30da		       ff		      .byte.b	$ff
   2302  30da					      repend
   2303  30db		       ff		      .byte.b	$ff
   2302  30db					      repend
   2303  30dc		       ff		      .byte.b	$ff
   2302  30dc					      repend
   2303  30dd		       ff		      .byte.b	$ff
   2302  30dd					      repend
   2303  30de		       ff		      .byte.b	$ff
   2302  30de					      repend
   2303  30df		       ff		      .byte.b	$ff
   2302  30df					      repend
   2303  30e0		       ff		      .byte.b	$ff
   2302  30e0					      repend
   2303  30e1		       ff		      .byte.b	$ff
   2302  30e1					      repend
   2303  30e2		       ff		      .byte.b	$ff
   2302  30e2					      repend
   2303  30e3		       ff		      .byte.b	$ff
   2302  30e3					      repend
   2303  30e4		       ff		      .byte.b	$ff
   2302  30e4					      repend
   2303  30e5		       ff		      .byte.b	$ff
   2302  30e5					      repend
   2303  30e6		       ff		      .byte.b	$ff
   2302  30e6					      repend
   2303  30e7		       ff		      .byte.b	$ff
   2302  30e7					      repend
   2303  30e8		       ff		      .byte.b	$ff
   2302  30e8					      repend
   2303  30e9		       ff		      .byte.b	$ff
   2302  30e9					      repend
   2303  30ea		       ff		      .byte.b	$ff
   2302  30ea					      repend
   2303  30eb		       ff		      .byte.b	$ff
   2302  30eb					      repend
   2303  30ec		       ff		      .byte.b	$ff
   2302  30ec					      repend
   2303  30ed		       ff		      .byte.b	$ff
   2302  30ed					      repend
   2303  30ee		       ff		      .byte.b	$ff
   2302  30ee					      repend
   2303  30ef		       ff		      .byte.b	$ff
   2302  30ef					      repend
   2303  30f0		       ff		      .byte.b	$ff
   2302  30f0					      repend
   2303  30f1		       ff		      .byte.b	$ff
   2302  30f1					      repend
   2303  30f2		       ff		      .byte.b	$ff
   2302  30f2					      repend
   2303  30f3		       ff		      .byte.b	$ff
   2302  30f3					      repend
   2303  30f4		       ff		      .byte.b	$ff
   2302  30f4					      repend
   2303  30f5		       ff		      .byte.b	$ff
   2302  30f5					      repend
   2303  30f6		       ff		      .byte.b	$ff
   2302  30f6					      repend
   2303  30f7		       ff		      .byte.b	$ff
   2302  30f7					      repend
   2303  30f8		       ff		      .byte.b	$ff
   2302  30f8					      repend
   2303  30f9		       ff		      .byte.b	$ff
   2302  30f9					      repend
   2303  30fa		       ff		      .byte.b	$ff
   2302  30fa					      repend
   2303  30fb		       ff		      .byte.b	$ff
   2302  30fb					      repend
   2303  30fc		       ff		      .byte.b	$ff
   2302  30fc					      repend
   2303  30fd		       ff		      .byte.b	$ff
   2302  30fd					      repend
   2303  30fe		       ff		      .byte.b	$ff
   2302  30fe					      repend
   2303  30ff		       ff		      .byte.b	$ff
   2304  3100					      repend
   2305  3100					      if	ECHO3
      3796 bytes of ROM space left in bank 3
   2306  3100					      echo	"    ",[(start_bank3 - *)]d , "bytes of ROM space left in bank 3")
   2307  3100					      endif
   2308  3100		       00 01	   ECHO3      =	1
   2309  3fd4					      ORG	$3FF4-bscode_length
   2310  3fd4					      RORG	$DFF4-bscode_length
   2311  3fd4		       a2 ff	   start_bank3 ldx	#$ff
   2312  3fd6				  -	      ifconst	FASTFETCH	; using DPC+
   2313  3fd6				  -	      stx	FASTFETCH
   2314  3fd6					      endif
   2315  3fd6		       9a		      txs
   2316  3fd7				  -	      if	bankswitch == 64
   2317  3fd7				  -	      lda	#(((>(start-1)) & $0F) | $F0)
   2318  3fd7					      else
   2319  3fd7		       a9 f3		      lda	#>(start-1)
   2320  3fd9					      endif
   2321  3fd9		       48		      pha
   2322  3fda		       a9 d4		      lda	#<(start-1)
   2323  3fdc		       48		      pha
   2324  3fdd		       48		      pha
   2325  3fde		       8a		      txa
   2326  3fdf		       48		      pha
   2327  3fe0		       ba		      tsx
   2328  3fe1					      if	bankswitch != 64
   2329  3fe1		       b5 04		      lda	4,x	; get high byte of return address
   2330  3fe3		       2a		      rol
   2331  3fe4		       2a		      rol
   2332  3fe5		       2a		      rol
   2333  3fe6		       2a		      rol
   2334  3fe7		       29 03		      and	#bs_mask	;1 3 or 7 for F8/F6/F4
   2335  3fe9		       aa		      tax
   2336  3fea		       e8		      inx
   2337  3feb				  -	      else
   2338  3feb				  -	      lda	4,x	; get high byte of return address
   2339  3feb				  -	      tay
   2340  3feb				  -	      ora	#$10	; change our bank nibble into a valid rom mirror
   2341  3feb				  -	      sta	4,x
   2342  3feb				  -	      tya
   2343  3feb				  -	      lsr
   2344  3feb				  -	      lsr
   2345  3feb				  -	      lsr
   2346  3feb				  -	      lsr
   2347  3feb				  -	      tax
   2348  3feb				  -	      inx
   2349  3feb					      endif
   2350  3feb		       bd f5 1f 	      lda	bankswitch_hotspot-1,x
   2351  3fee		       68		      pla
   2352  3fef		       aa		      tax
   2353  3ff0		       68		      pla
   2354  3ff1		       60		      rts
   2355  3ff2				  -	      if	((* & $1FFF) > ((bankswitch_hotspot & $1FFF) - 1))
   2356  3ff2				  -	      echo	"WARNING: size parameter in banksw.asm too small - the program probably will not work."
   2357  3ff2				  -	      echo	"Change to",[(*-begin_bscode+1)&$FF]d,"and try again."
   2358  3ff2					      endif
   2359  3ffc					      ORG	$3FFC
   2360  3ffc					      RORG	$DFFC
   2361  3ffc		       d4 df		      .word.w	(start_bank3 & $ffff)
   2362  3ffe		       d4 df		      .word.w	(start_bank3 & $ffff)
   2363  4000					      ORG	$4000
   2364  4000					      RORG	$F000
   2365  4000					      repeat	256
   2366  4000		       ff		      .byte.b	$ff
   2365  4000					      repend
   2366  4001		       ff		      .byte.b	$ff
   2365  4001					      repend
   2366  4002		       ff		      .byte.b	$ff
   2365  4002					      repend
   2366  4003		       ff		      .byte.b	$ff
   2365  4003					      repend
   2366  4004		       ff		      .byte.b	$ff
   2365  4004					      repend
   2366  4005		       ff		      .byte.b	$ff
   2365  4005					      repend
   2366  4006		       ff		      .byte.b	$ff
   2365  4006					      repend
   2366  4007		       ff		      .byte.b	$ff
   2365  4007					      repend
   2366  4008		       ff		      .byte.b	$ff
   2365  4008					      repend
   2366  4009		       ff		      .byte.b	$ff
   2365  4009					      repend
   2366  400a		       ff		      .byte.b	$ff
   2365  400a					      repend
   2366  400b		       ff		      .byte.b	$ff
   2365  400b					      repend
   2366  400c		       ff		      .byte.b	$ff
   2365  400c					      repend
   2366  400d		       ff		      .byte.b	$ff
   2365  400d					      repend
   2366  400e		       ff		      .byte.b	$ff
   2365  400e					      repend
   2366  400f		       ff		      .byte.b	$ff
   2365  400f					      repend
   2366  4010		       ff		      .byte.b	$ff
   2365  4010					      repend
   2366  4011		       ff		      .byte.b	$ff
   2365  4011					      repend
   2366  4012		       ff		      .byte.b	$ff
   2365  4012					      repend
   2366  4013		       ff		      .byte.b	$ff
   2365  4013					      repend
   2366  4014		       ff		      .byte.b	$ff
   2365  4014					      repend
   2366  4015		       ff		      .byte.b	$ff
   2365  4015					      repend
   2366  4016		       ff		      .byte.b	$ff
   2365  4016					      repend
   2366  4017		       ff		      .byte.b	$ff
   2365  4017					      repend
   2366  4018		       ff		      .byte.b	$ff
   2365  4018					      repend
   2366  4019		       ff		      .byte.b	$ff
   2365  4019					      repend
   2366  401a		       ff		      .byte.b	$ff
   2365  401a					      repend
   2366  401b		       ff		      .byte.b	$ff
   2365  401b					      repend
   2366  401c		       ff		      .byte.b	$ff
   2365  401c					      repend
   2366  401d		       ff		      .byte.b	$ff
   2365  401d					      repend
   2366  401e		       ff		      .byte.b	$ff
   2365  401e					      repend
   2366  401f		       ff		      .byte.b	$ff
   2365  401f					      repend
   2366  4020		       ff		      .byte.b	$ff
   2365  4020					      repend
   2366  4021		       ff		      .byte.b	$ff
   2365  4021					      repend
   2366  4022		       ff		      .byte.b	$ff
   2365  4022					      repend
   2366  4023		       ff		      .byte.b	$ff
   2365  4023					      repend
   2366  4024		       ff		      .byte.b	$ff
   2365  4024					      repend
   2366  4025		       ff		      .byte.b	$ff
   2365  4025					      repend
   2366  4026		       ff		      .byte.b	$ff
   2365  4026					      repend
   2366  4027		       ff		      .byte.b	$ff
   2365  4027					      repend
   2366  4028		       ff		      .byte.b	$ff
   2365  4028					      repend
   2366  4029		       ff		      .byte.b	$ff
   2365  4029					      repend
   2366  402a		       ff		      .byte.b	$ff
   2365  402a					      repend
   2366  402b		       ff		      .byte.b	$ff
   2365  402b					      repend
   2366  402c		       ff		      .byte.b	$ff
   2365  402c					      repend
   2366  402d		       ff		      .byte.b	$ff
   2365  402d					      repend
   2366  402e		       ff		      .byte.b	$ff
   2365  402e					      repend
   2366  402f		       ff		      .byte.b	$ff
   2365  402f					      repend
   2366  4030		       ff		      .byte.b	$ff
   2365  4030					      repend
   2366  4031		       ff		      .byte.b	$ff
   2365  4031					      repend
   2366  4032		       ff		      .byte.b	$ff
   2365  4032					      repend
   2366  4033		       ff		      .byte.b	$ff
   2365  4033					      repend
   2366  4034		       ff		      .byte.b	$ff
   2365  4034					      repend
   2366  4035		       ff		      .byte.b	$ff
   2365  4035					      repend
   2366  4036		       ff		      .byte.b	$ff
   2365  4036					      repend
   2366  4037		       ff		      .byte.b	$ff
   2365  4037					      repend
   2366  4038		       ff		      .byte.b	$ff
   2365  4038					      repend
   2366  4039		       ff		      .byte.b	$ff
   2365  4039					      repend
   2366  403a		       ff		      .byte.b	$ff
   2365  403a					      repend
   2366  403b		       ff		      .byte.b	$ff
   2365  403b					      repend
   2366  403c		       ff		      .byte.b	$ff
   2365  403c					      repend
   2366  403d		       ff		      .byte.b	$ff
   2365  403d					      repend
   2366  403e		       ff		      .byte.b	$ff
   2365  403e					      repend
   2366  403f		       ff		      .byte.b	$ff
   2365  403f					      repend
   2366  4040		       ff		      .byte.b	$ff
   2365  4040					      repend
   2366  4041		       ff		      .byte.b	$ff
   2365  4041					      repend
   2366  4042		       ff		      .byte.b	$ff
   2365  4042					      repend
   2366  4043		       ff		      .byte.b	$ff
   2365  4043					      repend
   2366  4044		       ff		      .byte.b	$ff
   2365  4044					      repend
   2366  4045		       ff		      .byte.b	$ff
   2365  4045					      repend
   2366  4046		       ff		      .byte.b	$ff
   2365  4046					      repend
   2366  4047		       ff		      .byte.b	$ff
   2365  4047					      repend
   2366  4048		       ff		      .byte.b	$ff
   2365  4048					      repend
   2366  4049		       ff		      .byte.b	$ff
   2365  4049					      repend
   2366  404a		       ff		      .byte.b	$ff
   2365  404a					      repend
   2366  404b		       ff		      .byte.b	$ff
   2365  404b					      repend
   2366  404c		       ff		      .byte.b	$ff
   2365  404c					      repend
   2366  404d		       ff		      .byte.b	$ff
   2365  404d					      repend
   2366  404e		       ff		      .byte.b	$ff
   2365  404e					      repend
   2366  404f		       ff		      .byte.b	$ff
   2365  404f					      repend
   2366  4050		       ff		      .byte.b	$ff
   2365  4050					      repend
   2366  4051		       ff		      .byte.b	$ff
   2365  4051					      repend
   2366  4052		       ff		      .byte.b	$ff
   2365  4052					      repend
   2366  4053		       ff		      .byte.b	$ff
   2365  4053					      repend
   2366  4054		       ff		      .byte.b	$ff
   2365  4054					      repend
   2366  4055		       ff		      .byte.b	$ff
   2365  4055					      repend
   2366  4056		       ff		      .byte.b	$ff
   2365  4056					      repend
   2366  4057		       ff		      .byte.b	$ff
   2365  4057					      repend
   2366  4058		       ff		      .byte.b	$ff
   2365  4058					      repend
   2366  4059		       ff		      .byte.b	$ff
   2365  4059					      repend
   2366  405a		       ff		      .byte.b	$ff
   2365  405a					      repend
   2366  405b		       ff		      .byte.b	$ff
   2365  405b					      repend
   2366  405c		       ff		      .byte.b	$ff
   2365  405c					      repend
   2366  405d		       ff		      .byte.b	$ff
   2365  405d					      repend
   2366  405e		       ff		      .byte.b	$ff
   2365  405e					      repend
   2366  405f		       ff		      .byte.b	$ff
   2365  405f					      repend
   2366  4060		       ff		      .byte.b	$ff
   2365  4060					      repend
   2366  4061		       ff		      .byte.b	$ff
   2365  4061					      repend
   2366  4062		       ff		      .byte.b	$ff
   2365  4062					      repend
   2366  4063		       ff		      .byte.b	$ff
   2365  4063					      repend
   2366  4064		       ff		      .byte.b	$ff
   2365  4064					      repend
   2366  4065		       ff		      .byte.b	$ff
   2365  4065					      repend
   2366  4066		       ff		      .byte.b	$ff
   2365  4066					      repend
   2366  4067		       ff		      .byte.b	$ff
   2365  4067					      repend
   2366  4068		       ff		      .byte.b	$ff
   2365  4068					      repend
   2366  4069		       ff		      .byte.b	$ff
   2365  4069					      repend
   2366  406a		       ff		      .byte.b	$ff
   2365  406a					      repend
   2366  406b		       ff		      .byte.b	$ff
   2365  406b					      repend
   2366  406c		       ff		      .byte.b	$ff
   2365  406c					      repend
   2366  406d		       ff		      .byte.b	$ff
   2365  406d					      repend
   2366  406e		       ff		      .byte.b	$ff
   2365  406e					      repend
   2366  406f		       ff		      .byte.b	$ff
   2365  406f					      repend
   2366  4070		       ff		      .byte.b	$ff
   2365  4070					      repend
   2366  4071		       ff		      .byte.b	$ff
   2365  4071					      repend
   2366  4072		       ff		      .byte.b	$ff
   2365  4072					      repend
   2366  4073		       ff		      .byte.b	$ff
   2365  4073					      repend
   2366  4074		       ff		      .byte.b	$ff
   2365  4074					      repend
   2366  4075		       ff		      .byte.b	$ff
   2365  4075					      repend
   2366  4076		       ff		      .byte.b	$ff
   2365  4076					      repend
   2366  4077		       ff		      .byte.b	$ff
   2365  4077					      repend
   2366  4078		       ff		      .byte.b	$ff
   2365  4078					      repend
   2366  4079		       ff		      .byte.b	$ff
   2365  4079					      repend
   2366  407a		       ff		      .byte.b	$ff
   2365  407a					      repend
   2366  407b		       ff		      .byte.b	$ff
   2365  407b					      repend
   2366  407c		       ff		      .byte.b	$ff
   2365  407c					      repend
   2366  407d		       ff		      .byte.b	$ff
   2365  407d					      repend
   2366  407e		       ff		      .byte.b	$ff
   2365  407e					      repend
   2366  407f		       ff		      .byte.b	$ff
   2365  407f					      repend
   2366  4080		       ff		      .byte.b	$ff
   2365  4080					      repend
   2366  4081		       ff		      .byte.b	$ff
   2365  4081					      repend
   2366  4082		       ff		      .byte.b	$ff
   2365  4082					      repend
   2366  4083		       ff		      .byte.b	$ff
   2365  4083					      repend
   2366  4084		       ff		      .byte.b	$ff
   2365  4084					      repend
   2366  4085		       ff		      .byte.b	$ff
   2365  4085					      repend
   2366  4086		       ff		      .byte.b	$ff
   2365  4086					      repend
   2366  4087		       ff		      .byte.b	$ff
   2365  4087					      repend
   2366  4088		       ff		      .byte.b	$ff
   2365  4088					      repend
   2366  4089		       ff		      .byte.b	$ff
   2365  4089					      repend
   2366  408a		       ff		      .byte.b	$ff
   2365  408a					      repend
   2366  408b		       ff		      .byte.b	$ff
   2365  408b					      repend
   2366  408c		       ff		      .byte.b	$ff
   2365  408c					      repend
   2366  408d		       ff		      .byte.b	$ff
   2365  408d					      repend
   2366  408e		       ff		      .byte.b	$ff
   2365  408e					      repend
   2366  408f		       ff		      .byte.b	$ff
   2365  408f					      repend
   2366  4090		       ff		      .byte.b	$ff
   2365  4090					      repend
   2366  4091		       ff		      .byte.b	$ff
   2365  4091					      repend
   2366  4092		       ff		      .byte.b	$ff
   2365  4092					      repend
   2366  4093		       ff		      .byte.b	$ff
   2365  4093					      repend
   2366  4094		       ff		      .byte.b	$ff
   2365  4094					      repend
   2366  4095		       ff		      .byte.b	$ff
   2365  4095					      repend
   2366  4096		       ff		      .byte.b	$ff
   2365  4096					      repend
   2366  4097		       ff		      .byte.b	$ff
   2365  4097					      repend
   2366  4098		       ff		      .byte.b	$ff
   2365  4098					      repend
   2366  4099		       ff		      .byte.b	$ff
   2365  4099					      repend
   2366  409a		       ff		      .byte.b	$ff
   2365  409a					      repend
   2366  409b		       ff		      .byte.b	$ff
   2365  409b					      repend
   2366  409c		       ff		      .byte.b	$ff
   2365  409c					      repend
   2366  409d		       ff		      .byte.b	$ff
   2365  409d					      repend
   2366  409e		       ff		      .byte.b	$ff
   2365  409e					      repend
   2366  409f		       ff		      .byte.b	$ff
   2365  409f					      repend
   2366  40a0		       ff		      .byte.b	$ff
   2365  40a0					      repend
   2366  40a1		       ff		      .byte.b	$ff
   2365  40a1					      repend
   2366  40a2		       ff		      .byte.b	$ff
   2365  40a2					      repend
   2366  40a3		       ff		      .byte.b	$ff
   2365  40a3					      repend
   2366  40a4		       ff		      .byte.b	$ff
   2365  40a4					      repend
   2366  40a5		       ff		      .byte.b	$ff
   2365  40a5					      repend
   2366  40a6		       ff		      .byte.b	$ff
   2365  40a6					      repend
   2366  40a7		       ff		      .byte.b	$ff
   2365  40a7					      repend
   2366  40a8		       ff		      .byte.b	$ff
   2365  40a8					      repend
   2366  40a9		       ff		      .byte.b	$ff
   2365  40a9					      repend
   2366  40aa		       ff		      .byte.b	$ff
   2365  40aa					      repend
   2366  40ab		       ff		      .byte.b	$ff
   2365  40ab					      repend
   2366  40ac		       ff		      .byte.b	$ff
   2365  40ac					      repend
   2366  40ad		       ff		      .byte.b	$ff
   2365  40ad					      repend
   2366  40ae		       ff		      .byte.b	$ff
   2365  40ae					      repend
   2366  40af		       ff		      .byte.b	$ff
   2365  40af					      repend
   2366  40b0		       ff		      .byte.b	$ff
   2365  40b0					      repend
   2366  40b1		       ff		      .byte.b	$ff
   2365  40b1					      repend
   2366  40b2		       ff		      .byte.b	$ff
   2365  40b2					      repend
   2366  40b3		       ff		      .byte.b	$ff
   2365  40b3					      repend
   2366  40b4		       ff		      .byte.b	$ff
   2365  40b4					      repend
   2366  40b5		       ff		      .byte.b	$ff
   2365  40b5					      repend
   2366  40b6		       ff		      .byte.b	$ff
   2365  40b6					      repend
   2366  40b7		       ff		      .byte.b	$ff
   2365  40b7					      repend
   2366  40b8		       ff		      .byte.b	$ff
   2365  40b8					      repend
   2366  40b9		       ff		      .byte.b	$ff
   2365  40b9					      repend
   2366  40ba		       ff		      .byte.b	$ff
   2365  40ba					      repend
   2366  40bb		       ff		      .byte.b	$ff
   2365  40bb					      repend
   2366  40bc		       ff		      .byte.b	$ff
   2365  40bc					      repend
   2366  40bd		       ff		      .byte.b	$ff
   2365  40bd					      repend
   2366  40be		       ff		      .byte.b	$ff
   2365  40be					      repend
   2366  40bf		       ff		      .byte.b	$ff
   2365  40bf					      repend
   2366  40c0		       ff		      .byte.b	$ff
   2365  40c0					      repend
   2366  40c1		       ff		      .byte.b	$ff
   2365  40c1					      repend
   2366  40c2		       ff		      .byte.b	$ff
   2365  40c2					      repend
   2366  40c3		       ff		      .byte.b	$ff
   2365  40c3					      repend
   2366  40c4		       ff		      .byte.b	$ff
   2365  40c4					      repend
   2366  40c5		       ff		      .byte.b	$ff
   2365  40c5					      repend
   2366  40c6		       ff		      .byte.b	$ff
   2365  40c6					      repend
   2366  40c7		       ff		      .byte.b	$ff
   2365  40c7					      repend
   2366  40c8		       ff		      .byte.b	$ff
   2365  40c8					      repend
   2366  40c9		       ff		      .byte.b	$ff
   2365  40c9					      repend
   2366  40ca		       ff		      .byte.b	$ff
   2365  40ca					      repend
   2366  40cb		       ff		      .byte.b	$ff
   2365  40cb					      repend
   2366  40cc		       ff		      .byte.b	$ff
   2365  40cc					      repend
   2366  40cd		       ff		      .byte.b	$ff
   2365  40cd					      repend
   2366  40ce		       ff		      .byte.b	$ff
   2365  40ce					      repend
   2366  40cf		       ff		      .byte.b	$ff
   2365  40cf					      repend
   2366  40d0		       ff		      .byte.b	$ff
   2365  40d0					      repend
   2366  40d1		       ff		      .byte.b	$ff
   2365  40d1					      repend
   2366  40d2		       ff		      .byte.b	$ff
   2365  40d2					      repend
   2366  40d3		       ff		      .byte.b	$ff
   2365  40d3					      repend
   2366  40d4		       ff		      .byte.b	$ff
   2365  40d4					      repend
   2366  40d5		       ff		      .byte.b	$ff
   2365  40d5					      repend
   2366  40d6		       ff		      .byte.b	$ff
   2365  40d6					      repend
   2366  40d7		       ff		      .byte.b	$ff
   2365  40d7					      repend
   2366  40d8		       ff		      .byte.b	$ff
   2365  40d8					      repend
   2366  40d9		       ff		      .byte.b	$ff
   2365  40d9					      repend
   2366  40da		       ff		      .byte.b	$ff
   2365  40da					      repend
   2366  40db		       ff		      .byte.b	$ff
   2365  40db					      repend
   2366  40dc		       ff		      .byte.b	$ff
   2365  40dc					      repend
   2366  40dd		       ff		      .byte.b	$ff
   2365  40dd					      repend
   2366  40de		       ff		      .byte.b	$ff
   2365  40de					      repend
   2366  40df		       ff		      .byte.b	$ff
   2365  40df					      repend
   2366  40e0		       ff		      .byte.b	$ff
   2365  40e0					      repend
   2366  40e1		       ff		      .byte.b	$ff
   2365  40e1					      repend
   2366  40e2		       ff		      .byte.b	$ff
   2365  40e2					      repend
   2366  40e3		       ff		      .byte.b	$ff
   2365  40e3					      repend
   2366  40e4		       ff		      .byte.b	$ff
   2365  40e4					      repend
   2366  40e5		       ff		      .byte.b	$ff
   2365  40e5					      repend
   2366  40e6		       ff		      .byte.b	$ff
   2365  40e6					      repend
   2366  40e7		       ff		      .byte.b	$ff
   2365  40e7					      repend
   2366  40e8		       ff		      .byte.b	$ff
   2365  40e8					      repend
   2366  40e9		       ff		      .byte.b	$ff
   2365  40e9					      repend
   2366  40ea		       ff		      .byte.b	$ff
   2365  40ea					      repend
   2366  40eb		       ff		      .byte.b	$ff
   2365  40eb					      repend
   2366  40ec		       ff		      .byte.b	$ff
   2365  40ec					      repend
   2366  40ed		       ff		      .byte.b	$ff
   2365  40ed					      repend
   2366  40ee		       ff		      .byte.b	$ff
   2365  40ee					      repend
   2366  40ef		       ff		      .byte.b	$ff
   2365  40ef					      repend
   2366  40f0		       ff		      .byte.b	$ff
   2365  40f0					      repend
   2366  40f1		       ff		      .byte.b	$ff
   2365  40f1					      repend
   2366  40f2		       ff		      .byte.b	$ff
   2365  40f2					      repend
   2366  40f3		       ff		      .byte.b	$ff
   2365  40f3					      repend
   2366  40f4		       ff		      .byte.b	$ff
   2365  40f4					      repend
   2366  40f5		       ff		      .byte.b	$ff
   2365  40f5					      repend
   2366  40f6		       ff		      .byte.b	$ff
   2365  40f6					      repend
   2366  40f7		       ff		      .byte.b	$ff
   2365  40f7					      repend
   2366  40f8		       ff		      .byte.b	$ff
   2365  40f8					      repend
   2366  40f9		       ff		      .byte.b	$ff
   2365  40f9					      repend
   2366  40fa		       ff		      .byte.b	$ff
   2365  40fa					      repend
   2366  40fb		       ff		      .byte.b	$ff
   2365  40fb					      repend
   2366  40fc		       ff		      .byte.b	$ff
   2365  40fc					      repend
   2366  40fd		       ff		      .byte.b	$ff
   2365  40fd					      repend
   2366  40fe		       ff		      .byte.b	$ff
   2365  40fe					      repend
   2366  40ff		       ff		      .byte.b	$ff
   2367  4100					      repend
   2368  4100							; Provided under the CC0 license. See the included LICENSE.txt for details.
   2369  4100							; Split Screen Kernel (Modified from original std_kernel.asm in bB 1.9)
   2370  4100							; Steve Engelhardt
   2371  4100							; 10/8/2026
   2372  4100
   2373  4100					      ifnconst	vertical_reflect
   2374  4100				   kernel
   2375  4100					      endif
   2376  4100		       85 02		      sta	WSYNC
   2377  4102		       a9 ff		      lda	#255
   2378  4104		       8d 96 02 	      sta	TIM64T
   2379  4107
   2380  4107		       a9 01		      lda	#1
   2381  4109		       85 27		      sta	VDELBL
   2382  410b		       85 25		      sta	VDELP0
   2383  410d		       a6 92		      ldx	ballheight
   2384  410f		       e8		      inx
   2385  4110		       e8		      inx
   2386  4111		       86 9f		      stx	temp4
   2387  4113		       a5 86		      lda	player1y
   2388  4115		       85 9e		      sta	temp3
   2389  4117
   2390  4117				  -	      ifconst	shakescreen
   2391  4117				  -	      jsr	doshakescreen
   2392  4117					      else
   2393  4117		       a6 90		      ldx	missile0height
   2394  4119		       e8		      inx
   2395  411a					      endif
   2396  411a
   2397  411a		       e8		      inx
   2398  411b		       86 f6		      stx	stack1
   2399  411d
   2400  411d		       a5 89		      lda	bally
   2401  411f		       85 f7		      sta	stack2
   2402  4121
   2403  4121		       a5 85		      lda	player0y
   2404  4123		       a2 00		      ldx	#0
   2405  4125		       85 02		      sta	WSYNC
   2406  4127		       86 1b		      stx	GRP0
   2407  4129		       86 1c		      stx	GRP1
   2408  412b		       86 0e		      stx	PF1L
   2409  412d		       86 0f		      stx	PF2
   2410  412f		       86 2c		      stx	CXCLR
   2411  4131				  -	      ifconst	readpaddle
   2412  4131				  -	      stx	paddle
   2413  4131					      else
      0  4131					      sleep	3
      1  4131				   .CYCLES    SET	3
      2  4131
      3  4131				  -	      IF	.CYCLES < 2
      4  4131				  -	      ECHO	"MACRO ERROR: 'SLEEP': Duration must be > 1"
      5  4131				  -	      ERR
      6  4131					      ENDIF
      7  4131
      8  4131					      IF	.CYCLES & 1
      9  4131					      IFNCONST	NO_ILLEGAL_OPCODES
     10  4131		       04 00		      nop	0
     11  4133				  -	      ELSE
     12  4133				  -	      bit	VSYNC
     13  4133					      ENDIF
     14  4133				   .CYCLES    SET	.CYCLES - 3
     15  4133					      ENDIF
     16  4133
     17  4133				  -	      REPEAT	.CYCLES / 2
     18  4133				  -	      nop
     19  4133					      REPEND
   2415  4133					      endif
   2416  4133
   2417  4133		       95 9d		      sta	temp2,x
   2418  4135
   2419  4135				  -	      ifnconst	pfres
   2420  4135				  -	      ldx	#128-44+(4-pfwidth)*12
   2421  4135					      else
   2422  4135		       a2 04		      ldx	#132-pfres*pfwidth
   2423  4137					      endif
   2424  4137
   2425  4137		       c6 85		      dec	player0y
   2426  4139
   2427  4139		       a5 91		      lda	missile0y
   2428  413b		       85 a0		      sta	temp5
   2429  413d		       a5 88		      lda	missile1y
   2430  413f		       85 a1		      sta	temp6
   2431  4141
   2432  4141		       a5 ef		      lda	playfieldpos
   2433  4143		       85 9c		      sta	temp1
   2434  4145
   2435  4145				  -	      ifconst	pfrowheight
   2436  4145				  -	      lda	#pfrowheight+2
   2437  4145					      else
   2438  4145				  -	      ifnconst	pfres
   2439  4145				  -	      lda	#10
   2440  4145					      else
   2441  4145		       a9 05		      lda	#(96/pfres)+2
   2442  4147					      endif
   2443  4147					      endif
   2444  4147		       18		      clc
   2445  4148		       e5 ef		      sbc	playfieldpos
   2446  414a		       85 ef		      sta	playfieldpos
   2447  414c		       4c 78 f1 	      jmp	.startkernel
   2448  414f
   2449  414f				   .skipDrawP0
   2450  414f		       a9 00		      lda	#0
   2451  4151		       a8		      tay
   2452  4152		       4c aa f1 	      jmp	.continueP0
   2453  4155
   2454  4155				   .skipDrawP1
   2455  4155		       a9 00		      lda	#0
   2456  4157		       a8		      tay
   2457  4158		       4c 82 f1 	      jmp	.continueP1
   2458  415b
   2459  415b				   .kerloop
   2460  415b
   2461  415b				   continuekernel
      0  415b					      sleep	2
      1  415b				   .CYCLES    SET	2
      2  415b
      3  415b				  -	      IF	.CYCLES < 2
      4  415b				  -	      ECHO	"MACRO ERROR: 'SLEEP': Duration must be > 1"
      5  415b				  -	      ERR
      6  415b					      ENDIF
      7  415b
      8  415b				  -	      IF	.CYCLES & 1
      9  415b				  -	      IFNCONST	NO_ILLEGAL_OPCODES
     10  415b				  -	      nop	0
     11  415b				  -	      ELSE
     12  415b				  -	      bit	VSYNC
     13  415b				  -	      ENDIF
     14  415b				  -.CYCLES    SET	.CYCLES - 3
     15  415b					      ENDIF
     16  415b
     17  415b					      REPEAT	.CYCLES / 2
     18  415b		       ea		      nop
     19  415c					      REPEND
   2463  415c				   continuekernel2
   2464  415c		       a5 92		      lda	ballheight
   2465  415e
   2466  415e					      ifconst	pfres
   2467  415e		       bc 7c 10 	      ldy	playfield+pfres*pfwidth-132,x
   2468  4161		       84 0e		      sty	PF1L	;3
   2469  4163		       bc 7d 10 	      ldy	playfield+pfres*pfwidth-131-pfadjust,x
   2470  4166		       84 0f		      sty	PF2L	;3
   2471  4168							;sleep 14
   2472  4168		       bc 7e 10 	      ldy	playfield+pfres*pfwidth-130,x
   2473  416b		       84 0e		      sty	PF1
   2474  416d		       bc 7f 10 	      ldy	playfield+pfres*pfwidth-129-pfadjust,x
   2475  4170		       84 0f		      sty	PF2
   2476  4172				  -	      else
   2477  4172				  -	      ldy	playfield-48+pfwidth*12+44-128,x
   2478  4172				  -	      sty	PF1L	;3
   2479  4172				  -	      ldy	playfield-48+pfwidth*12+45-128-pfadjust,x	;4
   2480  4172				  -	      sty	PF2L	;3
   2481  4172				  -			;sleep 14
   2482  4172				  -	      ldy	playfield+pfres*pfwidth-130,x
   2483  4172				  -	      sty	PF1
   2484  4172				  -	      ldy	playfield+pfres*pfwidth-129-pfadjust,x
   2485  4172				  -	      sty	PF2
   2486  4172					      endif
   2487  4172
   2488  4172		       c7 89		      dcp	bally
   2489  4174		       2a		      rol
   2490  4175		       2a		      rol
   2491  4176				   goback
   2492  4176		       85 1f		      sta	ENABL
   2493  4178				   .startkernel
   2494  4178		       a5 8f		      lda	player1height	;3
   2495  417a		       c7 86		      dcp	player1y	;5
   2496  417c		       90 d7		      bcc	.skipDrawP1	;2
   2497  417e		       a4 86		      ldy	player1y	;3
   2498  4180		       b1 8c		      lda	(player1pointer),y
   2499  4182
   2500  4182				   .continueP1
   2501  4182		       85 1c		      sta	GRP1	;3
   2502  4184
   2503  4184					      ifnconst	player1colors
   2504  4184		       a5 87		      lda	missile1height	;3
   2505  4186		       c7 88		      dcp	missile1y	;5
   2506  4188		       2a		      rol		;2
   2507  4189		       2a		      rol		;2
   2508  418a		       85 1e		      sta	ENAM1	;3
   2509  418c				  -	      else
   2510  418c				  -	      lda	(player1color),y
   2511  418c				  -	      sta	COLUP1
   2512  418c				  -	      ifnconst	playercolors
   2513  418c				  -	      sleep	7
   2514  418c				  -	      else
   2515  418c				  -	      lda.w	player0colorstore
   2516  418c				  -	      sta	COLUP0
   2517  418c				  -	      endif
   2518  418c					      endif
   2519  418c
   2520  418c					      ifconst	pfres
   2521  418c		       bd 7c 10 	      lda	playfield+pfres*pfwidth-132,x
   2522  418f		       85 0e		      sta	PF1L	;3
   2523  4191		       bd 7d 10 	      lda	playfield+pfres*pfwidth-131-pfadjust,x
   2524  4194		       85 0f		      sta	PF2L	;3
   2525  4196							;sleep 14
   2526  4196		       bc 7e 10 	      ldy	playfield+pfres*pfwidth-130,x
   2527  4199		       84 0e		      sty	PF1
   2528  419b		       bc 7f 10 	      ldy	playfield+pfres*pfwidth-129-pfadjust,x
   2529  419e		       84 0f		      sty	PF2
   2530  41a0				  -	      else
   2531  41a0				  -	      lda	playfield-48+pfwidth*12+44-128,x	;4
   2532  41a0				  -	      sta	PF1L	;3
   2533  41a0				  -	      lda	playfield-48+pfwidth*12+45-128-pfadjust,x	;4
   2534  41a0				  -	      sta	PF2L	;3
   2535  41a0				  -			;sleep 14
   2536  41a0				  -	      ldy	playfield+pfres*pfwidth-130,x
   2537  41a0				  -	      sty	PF1
   2538  41a0				  -	      ldy	playfield+pfres*pfwidth-129-pfadjust,x
   2539  41a0				  -	      sty	PF2
   2540  41a0					      endif
   2541  41a0
   2542  41a0		       a5 8e		      lda	player0height
   2543  41a2		       c7 85		      dcp	player0y
   2544  41a4		       90 a9		      bcc	.skipDrawP0
   2545  41a6		       a4 85		      ldy	player0y
   2546  41a8		       b1 8a		      lda	(player0pointer),y
   2547  41aa				   .continueP0
   2548  41aa		       85 1b		      sta	GRP0
   2549  41ac
   2550  41ac					      ifnconst	no_blank_lines
   2551  41ac					      ifnconst	playercolors
   2552  41ac		       a5 90		      lda	missile0height	;3
   2553  41ae		       c7 91		      dcp	missile0y	;5
   2554  41b0		       e5 f6		      sbc	stack1
   2555  41b2		       85 1d		      sta	ENAM0	;3
   2556  41b4				  -	      else
   2557  41b4				  -	      lda	(player0color),y
   2558  41b4				  -	      sta	player0colorstore
   2559  41b4				  -	      sleep	6
   2560  41b4					      endif
   2561  41b4		       c6 9c		      dec	temp1
   2562  41b6		       d0 a3		      bne	continuekernel
   2563  41b8				  -	      else
   2564  41b8				  -	      dec	temp1
   2565  41b8				  -	      beq	altkernel2
   2566  41b8				  -	      ifconst	readpaddle
   2567  41b8				  -	      ldy	currentpaddle
   2568  41b8				  -	      lda	INPT0,y
   2569  41b8				  -	      bpl	noreadpaddle
   2570  41b8				  -	      inc	paddle
   2571  41b8				  -	      jmp	continuekernel2
   2572  41b8				  -noreadpaddle
   2573  41b8				  -	      sleep	2
   2574  41b8				  -	      jmp	continuekernel
   2575  41b8				  -	      else
   2576  41b8				  -	      ifnconst	playercolors
   2577  41b8				  -	      ifconst	PFcolors
   2578  41b8				  -	      txa
   2579  41b8				  -	      tay
   2580  41b8				  -	      lda	(pfcolortable),y
   2581  41b8				  -	      ifnconst	backgroundchange
   2582  41b8				  -	      sta	COLUPF
   2583  41b8				  -	      else
   2584  41b8				  -	      sta	COLUBK
   2585  41b8				  -	      endif
   2586  41b8				  -	      jmp	continuekernel
   2587  41b8				  -	      else
   2588  41b8				  -	      ifconst	kernelmacrodef
   2589  41b8				  -	      kernelmacro
   2590  41b8				  -	      else
   2591  41b8				  -	      sleep	12
   2592  41b8				  -	      endif
   2593  41b8				  -	      endif
   2594  41b8				  -	      else
   2595  41b8				  -	      lda	(player0color),y
   2596  41b8				  -	      sta	player0colorstore
   2597  41b8				  -	      sleep	4
   2598  41b8				  -	      endif
   2599  41b8				  -	      jmp	continuekernel
   2600  41b8				  -	      endif
   2601  41b8				  -
   2602  41b8				  -altkernel2
   2603  41b8				  -	      txa
   2604  41b8				  -	      ifnconst	vertical_reflect
   2605  41b8				  -	      sbx	#256-pfwidth
   2606  41b8				  -	      else
   2607  41b8				  -	      sbx	#256-pfwidth/2
   2608  41b8				  -	      endif
   2609  41b8				  -	      bmi	lastkernelline
   2610  41b8				  -	      ifconst	pfrowheight
   2611  41b8				  -	      lda	#pfrowheight
   2612  41b8				  -	      else
   2613  41b8				  -	      ifnconst	pfres
   2614  41b8				  -	      lda	#8
   2615  41b8				  -	      else
   2616  41b8				  -	      lda	#(96/pfres)
   2617  41b8				  -	      endif
   2618  41b8				  -	      endif
   2619  41b8				  -	      sta	temp1
   2620  41b8				  -	      jmp	continuekernel
   2621  41b8					      endif
   2622  41b8
   2623  41b8				   altkernel
   2624  41b8				  -	      ifconst	PFmaskvalue
   2625  41b8				  -	      lda	#PFmaskvalue
   2626  41b8					      else
   2627  41b8		       a9 00		      lda	#0
   2628  41ba					      endif
   2629  41ba		       85 0e		      sta	PF1L
   2630  41bc		       85 0f		      sta	PF2
   2631  41be
   2632  41be		       8a		      txa
   2633  41bf					      ifnconst	vertical_reflect
   2634  41bf		       cb fc		      sbx	#256-pfwidth
   2635  41c1				  -	      else
   2636  41c1				  -	      sbx	#256-pfwidth/2
   2637  41c1					      endif
   2638  41c1
   2639  41c1		       30 17		      bmi	lastkernelline
   2640  41c3
   2641  41c3				  -	      ifconst	PFcolorandheight
   2642  41c3				  -	      ifconst	pfres
   2643  41c3				  -	      ldy	playfieldcolorandheight-131+pfres*pfwidth,x
   2644  41c3				  -	      else
   2645  41c3				  -	      ldy	playfieldcolorandheight-87,x
   2646  41c3				  -	      endif
   2647  41c3				  -	      ifnconst	backgroundchange
   2648  41c3				  -	      sty	COLUPF
   2649  41c3				  -	      else
   2650  41c3				  -	      sty	COLUBK
   2651  41c3				  -	      endif
   2652  41c3				  -	      ifconst	pfres
   2653  41c3				  -	      lda	playfieldcolorandheight-132+pfres*pfwidth,x
   2654  41c3				  -	      else
   2655  41c3				  -	      lda	playfieldcolorandheight-88,x
   2656  41c3				  -	      endif
   2657  41c3				  -	      sta.w	temp1
   2658  41c3					      endif
   2659  41c3				  -	      ifconst	PFheights
   2660  41c3				  -	      lsr
   2661  41c3				  -	      lsr
   2662  41c3				  -	      tay
   2663  41c3				  -	      lda	(pfheighttable),y
   2664  41c3				  -	      sta.w	temp1
   2665  41c3					      endif
   2666  41c3				  -	      ifconst	PFcolors
   2667  41c3				  -	      tay
   2668  41c3				  -	      lda	(pfcolortable),y
   2669  41c3				  -	      ifnconst	backgroundchange
   2670  41c3				  -	      sta	COLUPF
   2671  41c3				  -	      else
   2672  41c3				  -	      sta	COLUBK
   2673  41c3				  -	      endif
   2674  41c3				  -	      ifconst	pfrowheight
   2675  41c3				  -	      lda	#pfrowheight
   2676  41c3				  -	      else
   2677  41c3				  -	      ifnconst	pfres
   2678  41c3				  -	      lda	#8
   2679  41c3				  -	      else
   2680  41c3				  -	      lda	#(96/pfres)
   2681  41c3				  -	      endif
   2682  41c3				  -	      endif
   2683  41c3				  -	      sta	temp1
   2684  41c3					      endif
   2685  41c3					      ifnconst	PFcolorandheight
   2686  41c3					      ifnconst	PFcolors
   2687  41c3					      ifnconst	PFheights
   2688  41c3					      ifnconst	no_blank_lines
   2689  41c3							; --- DUAL SCREEN INJECTION POINT ---
   2690  41c3					      ifconst	split_position
   2691  41c3		       e0 44		      cpx	#split_position	; 2 cycles (User-defined split)
   2692  41c5				  -	      else
   2693  41c5				  -	      cpx	#68	; 2 cycles (Default fallback)
   2694  41c5					      endif
   2695  41c5		       d0 03		      bne	SplitNoDivider	; 3 cycles if branch taken (not row 16)
   2696  41c7		       4c 50 f3 	      jmp	SplitDoDivider	; 3 cycles (Absolute jump to bypass 127-byte limit)
   2697  41ca				   SplitNoDivider
      0  41ca					      sleep	5	; 5 cycles (Total: 2+3+5 = 10 cycles for non-split rows)
      1  41ca				   .CYCLES    SET	5
      2  41ca
      3  41ca				  -	      IF	.CYCLES < 2
      4  41ca				  -	      ECHO	"MACRO ERROR: 'SLEEP': Duration must be > 1"
      5  41ca				  -	      ERR
      6  41ca					      ENDIF
      7  41ca
      8  41ca					      IF	.CYCLES & 1
      9  41ca					      IFNCONST	NO_ILLEGAL_OPCODES
     10  41ca		       04 00		      nop	0
     11  41cc				  -	      ELSE
     12  41cc				  -	      bit	VSYNC
     13  41cc					      ENDIF
     14  41cc				   .CYCLES    SET	.CYCLES - 3
     15  41cc					      ENDIF
     16  41cc
     17  41cc					      REPEAT	.CYCLES / 2
     18  41cc		       ea		      nop
     19  41cd					      REPEND
   2699  41cd				   SplitReturnFromDivider
   2700  41cd							; --- END INJECTION POINT ---
   2701  41cd				  -	      ifconst	pfrowheight
   2702  41cd				  -	      lda	#pfrowheight
   2703  41cd					      else
   2704  41cd				  -	      ifnconst	pfres
   2705  41cd				  -	      lda	#8
   2706  41cd					      else
   2707  41cd		       a9 03		      lda	#(96/pfres)
   2708  41cf					      endif
   2709  41cf					      endif
   2710  41cf		       85 9c		      sta	temp1
   2711  41d1					      endif
   2712  41d1					      endif
   2713  41d1					      endif
   2714  41d1					      endif
   2715  41d1
   2716  41d1		       a5 92		      lda	ballheight
   2717  41d3		       c7 89		      dcp	bally
   2718  41d5		       e5 9f		      sbc	temp4
   2719  41d7
   2720  41d7		       4c 76 f1 	      jmp	goback
   2721  41da
   2722  41da					      ifnconst	no_blank_lines
   2723  41da				   lastkernelline
   2724  41da					      ifnconst	PFcolors
      0  41da					      sleep	10
      1  41da				   .CYCLES    SET	10
      2  41da
      3  41da				  -	      IF	.CYCLES < 2
      4  41da				  -	      ECHO	"MACRO ERROR: 'SLEEP': Duration must be > 1"
      5  41da				  -	      ERR
      6  41da					      ENDIF
      7  41da
      8  41da				  -	      IF	.CYCLES & 1
      9  41da				  -	      IFNCONST	NO_ILLEGAL_OPCODES
     10  41da				  -	      nop	0
     11  41da				  -	      ELSE
     12  41da				  -	      bit	VSYNC
     13  41da				  -	      ENDIF
     14  41da				  -.CYCLES    SET	.CYCLES - 3
     15  41da					      ENDIF
     16  41da
     17  41da					      REPEAT	.CYCLES / 2
     18  41da		       ea		      nop
     17  41da					      REPEND
     18  41db		       ea		      nop
     17  41db					      REPEND
     18  41dc		       ea		      nop
     17  41dc					      REPEND
     18  41dd		       ea		      nop
     17  41dd					      REPEND
     18  41de		       ea		      nop
     19  41df					      REPEND
   2726  41df				  -	      else
   2727  41df				  -	      ldy	#124
   2728  41df				  -	      lda	(pfcolortable),y
   2729  41df				  -	      sta	COLUPF
   2730  41df					      endif
   2731  41df
   2732  41df				  -	      ifconst	PFheights
   2733  41df				  -	      ldx	#1
   2734  41df				  -	      sleep	3
   2735  41df					      else
   2736  41df		       a6 ef		      ldx	playfieldpos
      0  41e1					      sleep	2
      1  41e1				   .CYCLES    SET	2
      2  41e1
      3  41e1				  -	      IF	.CYCLES < 2
      4  41e1				  -	      ECHO	"MACRO ERROR: 'SLEEP': Duration must be > 1"
      5  41e1				  -	      ERR
      6  41e1					      ENDIF
      7  41e1
      8  41e1				  -	      IF	.CYCLES & 1
      9  41e1				  -	      IFNCONST	NO_ILLEGAL_OPCODES
     10  41e1				  -	      nop	0
     11  41e1				  -	      ELSE
     12  41e1				  -	      bit	VSYNC
     13  41e1				  -	      ENDIF
     14  41e1				  -.CYCLES    SET	.CYCLES - 3
     15  41e1					      ENDIF
     16  41e1
     17  41e1					      REPEAT	.CYCLES / 2
     18  41e1		       ea		      nop
     19  41e2					      REPEND
   2738  41e2					      endif
   2739  41e2
   2740  41e2		       4c 1b f2 	      jmp	enterlastkernel
   2741  41e5
   2742  41e5				  -	      else
   2743  41e5				  -lastkernelline
   2744  41e5				  -	      ifconst	PFheights
   2745  41e5				  -	      ldx	#1
   2746  41e5				  -	      sleep	4
   2747  41e5				  -	      else
   2748  41e5				  -	      ldx	playfieldpos
   2749  41e5				  -	      sleep	3
   2750  41e5				  -	      endif
   2751  41e5				  -
   2752  41e5				  -	      cpx	#0
   2753  41e5				  -	      bne	.enterfromNBL
   2754  41e5				  -	      jmp	no_blank_lines_bailout
   2755  41e5					      endif
   2756  41e5
   2757  41e5					      if	((<*)>$d5)
   2758  4200		       00 00 00 00*	      align	256
   2759  4200					      endif
   2760  4200
   2761  4200				   .skipDrawlastP1
   2762  4200		       a9 00		      lda	#0
   2763  4202		       a8		      tay
   2764  4203		       4c 2d f2 	      jmp	.continuelastP1
   2765  4206
   2766  4206				   .endkerloop
   2767  4206		       ea		      nop
   2768  4207
   2769  4207				   .enterfromNBL
   2770  4207					      ifconst	pfres
   2771  4207		       ac fc 10 	      ldy.w	playfield+pfres*pfwidth-4
   2772  420a		       84 0e		      sty	PF1L	;3
   2773  420c		       ac fd 10 	      ldy.w	playfield+pfres*pfwidth-3-pfadjust
   2774  420f		       84 0f		      sty	PF2L	;3
   2775  4211							;sleep 14
   2776  4211		       bc 7e 10 	      ldy	playfield+pfres*pfwidth-130,x
   2777  4214		       84 0e		      sty	PF1
   2778  4216		       bc 7f 10 	      ldy	playfield+pfres*pfwidth-129-pfadjust,x
   2779  4219		       84 0f		      sty	PF2
   2780  421b				  -	      else
   2781  421b				  -	      ldy.w	playfield-48+pfwidth*12+44
   2782  421b				  -	      sty	PF1L	;3
   2783  421b				  -	      ldy.w	playfield-48+pfwidth*12+45-pfadjust
   2784  421b				  -	      sty	PF2L	;3
   2785  421b				  -			;sleep 14
   2786  421b				  -	      ldy	playfield+pfres*pfwidth-130,x
   2787  421b				  -	      sty	PF1
   2788  421b				  -	      ldy	playfield+pfres*pfwidth-129-pfadjust,x
   2789  421b				  -	      sty	PF2
   2790  421b					      endif
   2791  421b
   2792  421b				   enterlastkernel
   2793  421b		       a5 92		      lda	ballheight
   2794  421d
   2795  421d		       c7 89		      dcp	bally
   2796  421f		       2a		      rol
   2797  4220		       2a		      rol
   2798  4221		       85 1f		      sta	ENABL
   2799  4223
   2800  4223		       a5 8f		      lda	player1height	;3
   2801  4225		       c7 86		      dcp	player1y	;5
   2802  4227		       90 d7		      bcc	.skipDrawlastP1
   2803  4229		       a4 86		      ldy	player1y	;3
   2804  422b		       b1 8c		      lda	(player1pointer),y
   2805  422d
   2806  422d				   .continuelastP1
   2807  422d		       85 1c		      sta	GRP1	;3
   2808  422f
   2809  422f					      ifnconst	player1colors
   2810  422f		       a5 87		      lda	missile1height	;3
   2811  4231		       c7 88		      dcp	missile1y	;5
   2812  4233				  -	      else
   2813  4233				  -	      lda	(player1color),y
   2814  4233				  -	      sta	COLUP1
   2815  4233					      endif
   2816  4233
   2817  4233		       ca		      dex
   2818  4234		       f0 36		      beq	endkernel
   2819  4236
   2820  4236					      ifconst	pfres
   2821  4236		       ac fc 10 	      ldy.w	playfield+pfres*pfwidth-4
   2822  4239		       84 0e		      sty	PF1L	;3
   2823  423b		       ac fd 10 	      ldy.w	playfield+pfres*pfwidth-3-pfadjust
   2824  423e		       84 0f		      sty	PF2L	;3
   2825  4240
   2826  4240							;sleep 14
   2827  4240		       bc 7e 10 	      ldy	playfield+pfres*pfwidth-130,x
   2828  4243		       84 0e		      sty	PF1
   2829  4245		       bc 7f 10 	      ldy	playfield+pfres*pfwidth-129-pfadjust,x
   2830  4248		       84 0f		      sty	PF2
   2831  424a
   2832  424a				  -	      else
   2833  424a				  -	      ldy.w	playfield-48+pfwidth*12+44
   2834  424a				  -	      sty	PF1L	;3
   2835  424a				  -	      ldy.w	playfield-48+pfwidth*12+45-pfadjust
   2836  424a				  -	      sty	PF2L	;3
   2837  424a				  -			;sleep 14
   2838  424a				  -	      ldy	playfield+pfres*pfwidth-130,x
   2839  424a				  -	      sty	PF1
   2840  424a				  -	      ldy	playfield+pfres*pfwidth-129-pfadjust,x
   2841  424a				  -	      sty	PF2
   2842  424a					      endif
   2843  424a
   2844  424a					      ifnconst	player1colors
   2845  424a		       2a		      rol		;2
   2846  424b		       2a		      rol		;2
   2847  424c		       85 1e		      sta	ENAM1	;3
   2848  424e				  -	      else
   2849  424e				  -	      ifnconst	playercolors
   2850  424e				  -	      sleep	7
   2851  424e				  -	      else
   2852  424e				  -	      lda.w	player0colorstore
   2853  424e				  -	      sta	COLUP0
   2854  424e				  -	      endif
   2855  424e					      endif
   2856  424e
   2857  424e		       ad 8e 00 	      lda.w	player0height
   2858  4251		       c7 85		      dcp	player0y
   2859  4253		       90 11		      bcc	.skipDrawlastP0
   2860  4255		       a4 85		      ldy	player0y
   2861  4257		       b1 8a		      lda	(player0pointer),y
   2862  4259				   .continuelastP0
   2863  4259		       85 1b		      sta	GRP0
   2864  425b
   2865  425b					      ifnconst	no_blank_lines
   2866  425b		       a5 90		      lda	missile0height	;3
   2867  425d		       c7 91		      dcp	missile0y	;5
   2868  425f		       e5 f6		      sbc	stack1
   2869  4261		       85 1d		      sta	ENAM0	;3
   2870  4263		       4c 06 f2 	      jmp	.endkerloop
   2871  4266				  -	      else
   2872  4266				  -	      ifconst	readpaddle
   2873  4266				  -	      ldy	currentpaddle
   2874  4266				  -	      lda	INPT0,y
   2875  4266				  -	      bpl	noreadpaddle2
   2876  4266				  -	      inc	paddle
   2877  4266				  -	      jmp	.endkerloop
   2878  4266				  -noreadpaddle2
   2879  4266				  -	      sleep	4
   2880  4266				  -	      jmp	.endkerloop
   2881  4266				  -	      else
   2882  4266				  -	      pla
   2883  4266				  -	      pha
   2884  4266				  -	      pla
   2885  4266				  -	      pha
   2886  4266				  -	      jmp	.endkerloop
   2887  4266				  -	      endif
   2888  4266					      endif
   2889  4266
   2890  4266				   .skipDrawlastP0
   2891  4266		       a9 00		      lda	#0
   2892  4268		       a8		      tay
   2893  4269		       4c 59 f2 	      jmp	.continuelastP0
   2894  426c
   2895  426c				  -	      ifconst	no_blank_lines
   2896  426c				  -no_blank_lines_bailout
   2897  426c				  -	      ldx	#0
   2898  426c					      endif
   2899  426c
   2900  426c				   endkernel
   2901  426c							; 6 digit score routine
   2902  426c		       86 0e		      stx	PF1
   2903  426e		       86 0f		      stx	PF2
   2904  4270		       18		      clc
   2905  4271
   2906  4271				  -	      ifconst	pfrowheight
   2907  4271				  -	      lda	#pfrowheight+2
   2908  4271					      else
   2909  4271				  -	      ifnconst	pfres
   2910  4271				  -	      lda	#10
   2911  4271					      else
   2912  4271		       a9 05		      lda	#(96/pfres)+2
   2913  4273					      endif
   2914  4273					      endif
   2915  4273
   2916  4273		       e5 ef		      sbc	playfieldpos
   2917  4275		       85 ef		      sta	playfieldpos
   2918  4277		       8a		      txa
   2919  4278
   2920  4278				  -	      ifconst	shakescreen
   2921  4278				  -	      bit	shakescreen
   2922  4278				  -	      bmi	noshakescreen2
   2923  4278				  -	      ldx	#$3D
   2924  4278				  -noshakescreen2
   2925  4278					      endif
   2926  4278
   2927  4278		       95 02		      sta	WSYNC,x
   2928  427a
   2929  427a		       85 0b		      sta	REFP0
   2930  427c		       85 0c		      sta	REFP1
   2931  427e		       85 1b		      STA	GRP0
   2932  4280		       85 1c		      STA	GRP1
   2933  4282		       85 2b		      sta	HMCLR
   2934  4284		       85 1d		      sta	ENAM0
   2935  4286		       85 1e		      sta	ENAM1
   2936  4288		       85 1f		      sta	ENABL
   2937  428a
   2938  428a		       a5 9d		      lda	temp2
   2939  428c		       85 85		      sta	player0y
   2940  428e		       a5 9e		      lda	temp3
   2941  4290		       85 86		      sta	player1y
   2942  4292					      ifnconst	player1colors
   2943  4292		       a5 a1		      lda	temp6
   2944  4294		       85 88		      sta	missile1y
   2945  4296					      endif
   2946  4296					      ifnconst	playercolors
   2947  4296					      ifnconst	readpaddle
   2948  4296		       a5 a0		      lda	temp5
   2949  4298		       85 91		      sta	missile0y
   2950  429a					      endif
   2951  429a					      endif
   2952  429a		       a5 f7		      lda	stack2
   2953  429c		       85 89		      sta	bally
   2954  429e
   2955  429e		       ad 84 02 	      lda	INTIM
   2956  42a1		       18		      clc
   2957  42a2					      ifnconst	vblank_time
   2958  42a2		       69 8e		      adc	#43+12+87
   2959  42a4				  -	      else
   2960  42a4				  -	      adc	#vblank_time+12+87
   2961  42a4				  -
   2962  42a4					      endif
   2963  42a4		       8d 96 02 	      sta	TIM64T
   2964  42a7
   2965  42a7				  -	      ifconst	minikernel
   2966  42a7				  -	      jsr	minikernel
   2967  42a7					      endif
   2968  42a7
   2969  42a7					      ifnconst	noscore
   2970  42a7		       a5 97		      lda	scorepointers+1
   2971  42a9		       85 9c		      sta	temp1
   2972  42ab		       a5 99		      lda	scorepointers+3
   2973  42ad		       85 9e		      sta	temp3
   2974  42af
   2975  42af		       85 2b		      sta	HMCLR
   2976  42b1		       ba		      tsx
   2977  42b2		       86 f6		      stx	stack1
   2978  42b4		       a2 e0		      ldx	#$E0
   2979  42b6		       86 20		      stx	HMP0
   2980  42b8
   2981  42b8		       a5 a3		      LDA	scorecolor
   2982  42ba		       85 06		      STA	COLUP0
   2983  42bc		       85 07		      STA	COLUP1
   2984  42be				  -	      ifconst	scorefade
   2985  42be				  -	      STA	stack2
   2986  42be					      endif
   2987  42be				  -	      ifconst	pfscore
   2988  42be				  -	      lda	pfscorecolor
   2989  42be				  -	      sta	COLUPF
   2990  42be					      endif
   2991  42be		       85 02		      sta	WSYNC
   2992  42c0		       a2 00		      ldx	#0
   2993  42c2		       86 1b		      STx	GRP0
   2994  42c4		       86 1c		      STx	GRP1
   2995  42c6
   2996  42c6		       a5 9b		      lda	scorepointers+5
   2997  42c8		       95 a0		      sta	temp5,x
   2998  42ca		       a9 ff		      lda	#>scoretable
   2999  42cc		       85 97		      sta	scorepointers+1
   3000  42ce		       85 99		      sta	scorepointers+3
   3001  42d0		       85 9b		      sta	scorepointers+5
   3002  42d2		       85 9d		      sta	temp2
   3003  42d4		       85 9f		      sta	temp4
   3004  42d6		       85 a1		      sta	temp6
   3005  42d8		       a0 07		      LDY	#7
   3006  42da		       84 25		      STY	VDELP0
   3007  42dc		       85 10		      STA	RESP0
   3008  42de		       85 11		      STA	RESP1
   3009  42e0
   3010  42e0		       a9 03		      LDA	#$03
   3011  42e2		       85 04		      STA	NUSIZ0
   3012  42e4		       85 05		      STA	NUSIZ1
   3013  42e6		       85 26		      STA	VDELP1
   3014  42e8		       a9 f0		      LDA	#$F0
   3015  42ea		       85 21		      STA	HMP1
   3016  42ec		       b1 96		      lda	(scorepointers),y
   3017  42ee		       85 1b		      sta	GRP0
   3018  42f0		       85 2a		      STA	HMOVE
   3019  42f2		       4c 08 f3 	      jmp	beginscore
   3020  42f5
   3021  42f5					      if	((<*)>$d4)
   3022  4300		       00 00 00 00*	      align	256
   3023  4300					      endif
   3024  4300
   3025  4300				   loop2
   3026  4300		       b1 96		      lda	(scorepointers),y
   3027  4302		       85 1b		      sta	GRP0
   3028  4304				  -	      ifconst	pfscore
   3029  4304				  -	      lda.w	pfscore1
   3030  4304				  -	      sta	PF1
   3031  4304					      else
   3032  4304				  -	      ifconst	scorefade
   3033  4304				  -	      sleep	2
   3034  4304				  -	      dec	stack2
   3035  4304					      else
      0  4304					      sleep	7
      1  4304				   .CYCLES    SET	7
      2  4304
      3  4304				  -	      IF	.CYCLES < 2
      4  4304				  -	      ECHO	"MACRO ERROR: 'SLEEP': Duration must be > 1"
      5  4304				  -	      ERR
      6  4304					      ENDIF
      7  4304
      8  4304					      IF	.CYCLES & 1
      9  4304					      IFNCONST	NO_ILLEGAL_OPCODES
     10  4304		       04 00		      nop	0
     11  4306				  -	      ELSE
     12  4306				  -	      bit	VSYNC
     13  4306					      ENDIF
     14  4306				   .CYCLES    SET	.CYCLES - 3
     15  4306					      ENDIF
     16  4306
     17  4306					      REPEAT	.CYCLES / 2
     18  4306		       ea		      nop
     17  4306					      REPEND
     18  4307		       ea		      nop
     19  4308					      REPEND
   3037  4308					      endif
   3038  4308					      endif
   3039  4308				   beginscore
   3040  4308		       b1 9e		      lda	(scorepointers+$8),y
   3041  430a		       85 1c		      sta	GRP1
   3042  430c		       b1 9c		      lda	(scorepointers+$6),y
   3043  430e		       85 1b		      sta	GRP0
   3044  4310		       b3 98		      lax	(scorepointers+$2),y
   3045  4312		       9a		      txs
   3046  4313		       b3 9a		      lax	(scorepointers+$4),y
   3047  4315				  -	      ifconst	scorefade
   3048  4315				  -	      lda	stack2
   3049  4315					      else
      0  4315					      sleep	3
      1  4315				   .CYCLES    SET	3
      2  4315
      3  4315				  -	      IF	.CYCLES < 2
      4  4315				  -	      ECHO	"MACRO ERROR: 'SLEEP': Duration must be > 1"
      5  4315				  -	      ERR
      6  4315					      ENDIF
      7  4315
      8  4315					      IF	.CYCLES & 1
      9  4315					      IFNCONST	NO_ILLEGAL_OPCODES
     10  4315		       04 00		      nop	0
     11  4317				  -	      ELSE
     12  4317				  -	      bit	VSYNC
     13  4317					      ENDIF
     14  4317				   .CYCLES    SET	.CYCLES - 3
     15  4317					      ENDIF
     16  4317
     17  4317				  -	      REPEAT	.CYCLES / 2
     18  4317				  -	      nop
     19  4317					      REPEND
   3051  4317					      endif
   3052  4317
   3053  4317				  -	      ifconst	pfscore
   3054  4317				  -	      lda	pfscore2
   3055  4317				  -	      sta	PF1
   3056  4317					      else
   3057  4317				  -	      ifconst	scorefade
   3058  4317				  -	      sta	COLUP0
   3059  4317				  -	      sta	COLUP1
   3060  4317					      else
      0  4317					      sleep	6
      1  4317				   .CYCLES    SET	6
      2  4317
      3  4317				  -	      IF	.CYCLES < 2
      4  4317				  -	      ECHO	"MACRO ERROR: 'SLEEP': Duration must be > 1"
      5  4317				  -	      ERR
      6  4317					      ENDIF
      7  4317
      8  4317				  -	      IF	.CYCLES & 1
      9  4317				  -	      IFNCONST	NO_ILLEGAL_OPCODES
     10  4317				  -	      nop	0
     11  4317				  -	      ELSE
     12  4317				  -	      bit	VSYNC
     13  4317				  -	      ENDIF
     14  4317				  -.CYCLES    SET	.CYCLES - 3
     15  4317					      ENDIF
     16  4317
     17  4317					      REPEAT	.CYCLES / 2
     18  4317		       ea		      nop
     17  4317					      REPEND
     18  4318		       ea		      nop
     17  4318					      REPEND
     18  4319		       ea		      nop
     19  431a					      REPEND
   3062  431a					      endif
   3063  431a					      endif
   3064  431a
   3065  431a		       b1 a0		      lda	(scorepointers+$A),y
   3066  431c		       86 1c		      stx	GRP1
   3067  431e		       ba		      tsx
   3068  431f		       86 1b		      stx	GRP0
   3069  4321		       85 1c		      sta	GRP1
   3070  4323		       84 1b		      sty	GRP0
   3071  4325		       88		      dey
   3072  4326		       10 d8		      bpl	loop2
   3073  4328
   3074  4328		       a6 f6		      ldx	stack1
   3075  432a		       9a		      txs
   3076  432b		       a4 9c		      ldy	temp1
   3077  432d		       84 97		      sty	scorepointers+1
   3078  432f
   3079  432f		       a9 00		      LDA	#0
   3080  4331		       85 0e		      sta	PF1
   3081  4333		       85 1b		      STA	GRP0
   3082  4335		       85 1c		      STA	GRP1
   3083  4337		       85 25		      STA	VDELP0
   3084  4339		       85 26		      STA	VDELP1
   3085  433b		       85 04		      STA	NUSIZ0
   3086  433d		       85 05		      STA	NUSIZ1
   3087  433f
   3088  433f		       a4 9e		      ldy	temp3
   3089  4341		       84 99		      sty	scorepointers+3
   3090  4343
   3091  4343		       a4 a0		      ldy	temp5
   3092  4345		       84 9b		      sty	scorepointers+5
   3093  4347					      endif
   3094  4347				  -	      ifconst	readpaddle
   3095  4347				  -	      lda	#%11000010
   3096  4347					      else
   3097  4347				  -	      ifconst	qtcontroller
   3098  4347				  -	      lda	qtcontroller
   3099  4347				  -	      lsr
   3100  4347				  -	      lda	#4
   3101  4347				  -	      ror
   3102  4347					      else
   3103  4347		       a9 02		      lda	#2
   3104  4349					      endif
   3105  4349					      endif
   3106  4349		       85 02		      sta	WSYNC
   3107  434b		       85 01		      sta	VBLANK
   3108  434d		       4c d2 f3 	      jmp	SplitReturnSafely
   3109  4350
   3110  4350				   SplitDoDivider
   3111  4350		       8a		      txa		; Push playfield offset X to stack
   3112  4351		       48		      pha
   3113  4352
   3114  4352							; Scanline 1: Swap Variables (Y, Color, and Pointers)
   3115  4352		       85 02		      sta	WSYNC
   3116  4354		       a5 d4		      lda	p2_player0y
   3117  4356		       85 85		      sta	player0y
   3118  4358		       a5 d6		      lda	p2_colupf
   3119  435a		       85 08		      sta	COLUPF
   3120  435c
   3121  435c							; --- NEW: Swap the Sprite Graphic Pointers! ---
   3122  435c		       a5 df		      lda	p2_player0pointerlo
   3123  435e		       85 8a		      sta	player0pointerlo
   3124  4360		       a5 e0		      lda	p2_player0pointerhi
   3125  4362		       85 8b		      sta	player0pointerhi
   3126  4364							; ----------------------------------------------
   3127  4364
   3128  4364							; Clamp Player 1 X (p2_player1x) for visual positioning only
   3129  4364		       a5 de		      lda	p2_player1x
   3130  4366		       c9 a0		      cmp	#160	; Is it safely on screen (0-159)?
   3131  4368		       90 0a		      bcc	.d_safe
   3132  436a		       c9 f0		      cmp	#240	; Did it wrap past 0 to the left (240-255)?
   3133  436c		       b0 04		      bcs	.d_left
   3134  436e		       a9 9f		      lda	#159	; Off right edge: clamp drawing to 159
   3135  4370		       d0 02		      bne	.d_safe	; (Unconditional branch, 159 != 0)
   3136  4372				   .d_left
   3137  4372		       a9 00		      lda	#0	; Off left edge: clamp drawing to 0
   3138  4374				   .d_safe
   3139  4374		       aa		      tax		; Stash safe P1 X in X register
   3140  4375
   3141  4375							; Clamp Player 0 X (p2_player0x) for visual positioning only
   3142  4375		       a5 d5		      lda	p2_player0x
   3143  4377		       c9 a0		      cmp	#160
   3144  4379		       90 0a		      bcc	.c_safe
   3145  437b		       c9 f0		      cmp	#240
   3146  437d		       b0 04		      bcs	.c_left
   3147  437f		       a9 9f		      lda	#159
   3148  4381		       d0 02		      bne	.c_safe
   3149  4383				   .c_left
   3150  4383		       a9 00		      lda	#0
   3151  4385				   .c_safe
   3152  4385		       a8		      tay		; Stash safe P0 X in Y register
   3153  4386
   3154  4386							; Scanline 2: Coarse position Player 0
   3155  4386		       85 02		      sta	WSYNC
      0  4388					      sleep	8	; Pad to escape HBLANK
      1  4388				   .CYCLES    SET	8
      2  4388
      3  4388				  -	      IF	.CYCLES < 2
      4  4388				  -	      ECHO	"MACRO ERROR: 'SLEEP': Duration must be > 1"
      5  4388				  -	      ERR
      6  4388					      ENDIF
      7  4388
      8  4388				  -	      IF	.CYCLES & 1
      9  4388				  -	      IFNCONST	NO_ILLEGAL_OPCODES
     10  4388				  -	      nop	0
     11  4388				  -	      ELSE
     12  4388				  -	      bit	VSYNC
     13  4388				  -	      ENDIF
     14  4388				  -.CYCLES    SET	.CYCLES - 3
     15  4388					      ENDIF
     16  4388
     17  4388					      REPEAT	.CYCLES / 2
     18  4388		       ea		      nop
     17  4388					      REPEND
     18  4389		       ea		      nop
     17  4389					      REPEND
     18  438a		       ea		      nop
     17  438a					      REPEND
     18  438b		       ea		      nop
     19  438c					      REPEND
   3157  438c		       98		      tya		; Retrieve safe Player 0 X
   3158  438d		       38		      sec
   3159  438e				   SplitPosP0
   3160  438e		       e9 0f		      sbc	#15
   3161  4390		       b0 fc		      bcs	SplitPosP0
   3162  4392		       85 10		      sta	RESP0
   3163  4394		       85 a0		      sta	temp5
   3164  4396
   3165  4396							; Scanline 3: Coarse position Player 1
   3166  4396		       85 02		      sta	WSYNC
      0  4398					      sleep	8	; Pad to escape HBLANK
      1  4398				   .CYCLES    SET	8
      2  4398
      3  4398				  -	      IF	.CYCLES < 2
      4  4398				  -	      ECHO	"MACRO ERROR: 'SLEEP': Duration must be > 1"
      5  4398				  -	      ERR
      6  4398					      ENDIF
      7  4398
      8  4398				  -	      IF	.CYCLES & 1
      9  4398				  -	      IFNCONST	NO_ILLEGAL_OPCODES
     10  4398				  -	      nop	0
     11  4398				  -	      ELSE
     12  4398				  -	      bit	VSYNC
     13  4398				  -	      ENDIF
     14  4398				  -.CYCLES    SET	.CYCLES - 3
     15  4398					      ENDIF
     16  4398
     17  4398					      REPEAT	.CYCLES / 2
     18  4398		       ea		      nop
     17  4398					      REPEND
     18  4399		       ea		      nop
     17  4399					      REPEND
     18  439a		       ea		      nop
     17  439a					      REPEND
     18  439b		       ea		      nop
     19  439c					      REPEND
   3168  439c		       8a		      txa		; Retrieve safe Player 1 X
   3169  439d		       38		      sec
   3170  439e				   SplitPosP1
   3171  439e		       e9 0f		      sbc	#15
   3172  43a0		       b0 fc		      bcs	SplitPosP1
   3173  43a2		       85 11		      sta	RESP1
   3174  43a4		       85 a1		      sta	temp6
   3175  43a6
   3176  43a6							; Scanline 4: Fine Positioning Math
   3177  43a6		       85 02		      sta	WSYNC
   3178  43a8		       a5 a0		      lda	temp5
   3179  43aa		       49 07		      eor	#7
   3180  43ac		       0a		      asl
   3181  43ad		       0a		      asl
   3182  43ae		       0a		      asl
   3183  43af		       0a		      asl
   3184  43b0		       85 20		      sta	HMP0
   3185  43b2
   3186  43b2		       a5 a1		      lda	temp6
   3187  43b4		       49 07		      eor	#7
   3188  43b6		       0a		      asl
   3189  43b7		       0a		      asl
   3190  43b8		       0a		      asl
   3191  43b9		       0a		      asl
   3192  43ba		       85 21		      sta	HMP1
   3193  43bc
   3194  43bc							; Scanline 5: Apply fine position, restore playfield, and phase sync
   3195  43bc		       85 02		      sta	WSYNC
   3196  43be		       85 2a		      sta	HMOVE
   3197  43c0
   3198  43c0		       68		      pla
   3199  43c1		       aa		      tax
   3200  43c2
   3201  43c2							; Proven 25-cycle playfield phase sync
      0  43c2					      sleep	10
      1  43c2				   .CYCLES    SET	10
      2  43c2
      3  43c2				  -	      IF	.CYCLES < 2
      4  43c2				  -	      ECHO	"MACRO ERROR: 'SLEEP': Duration must be > 1"
      5  43c2				  -	      ERR
      6  43c2					      ENDIF
      7  43c2
      8  43c2				  -	      IF	.CYCLES & 1
      9  43c2				  -	      IFNCONST	NO_ILLEGAL_OPCODES
     10  43c2				  -	      nop	0
     11  43c2				  -	      ELSE
     12  43c2				  -	      bit	VSYNC
     13  43c2				  -	      ENDIF
     14  43c2				  -.CYCLES    SET	.CYCLES - 3
     15  43c2					      ENDIF
     16  43c2
     17  43c2					      REPEAT	.CYCLES / 2
     18  43c2		       ea		      nop
     17  43c2					      REPEND
     18  43c3		       ea		      nop
     17  43c3					      REPEND
     18  43c4		       ea		      nop
     17  43c4					      REPEND
     18  43c5		       ea		      nop
     17  43c5					      REPEND
     18  43c6		       ea		      nop
     19  43c7					      REPEND
      0  43c7					      sleep	15
      1  43c7				   .CYCLES    SET	15
      2  43c7
      3  43c7				  -	      IF	.CYCLES < 2
      4  43c7				  -	      ECHO	"MACRO ERROR: 'SLEEP': Duration must be > 1"
      5  43c7				  -	      ERR
      6  43c7					      ENDIF
      7  43c7
      8  43c7					      IF	.CYCLES & 1
      9  43c7					      IFNCONST	NO_ILLEGAL_OPCODES
     10  43c7		       04 00		      nop	0
     11  43c9				  -	      ELSE
     12  43c9				  -	      bit	VSYNC
     13  43c9					      ENDIF
     14  43c9				   .CYCLES    SET	.CYCLES - 3
     15  43c9					      ENDIF
     16  43c9
     17  43c9					      REPEAT	.CYCLES / 2
     18  43c9		       ea		      nop
     17  43c9					      REPEND
     18  43ca		       ea		      nop
     17  43ca					      REPEND
     18  43cb		       ea		      nop
     17  43cb					      REPEND
     18  43cc		       ea		      nop
     17  43cc					      REPEND
     18  43cd		       ea		      nop
     17  43cd					      REPEND
     18  43ce		       ea		      nop
     19  43cf					      REPEND
   3204  43cf
   3205  43cf		       4c cd f1 	      jmp	SplitReturnFromDivider
   3206  43d2				   SplitReturnSafely
      0  43d2					      RETURN
      1  43d2				  -	      ifnconst	bankswitch
      2  43d2				  -	      rts
      3  43d2					      else
      4  43d2		       4c dd ff 	      jmp	BS_return
      5  43d5					      endif
   3208  43d5				  -	      ifconst	shakescreen
   3209  43d5				  -doshakescreen
   3210  43d5				  -	      bit	shakescreen
   3211  43d5				  -	      bmi	noshakescreen
   3212  43d5				  -	      sta	WSYNC
   3213  43d5				  -noshakescreen
   3214  43d5				  -	      ldx	missile0height
   3215  43d5				  -	      inx
   3216  43d5				  -	      rts
   3217  43d5					      endif
   3218  43d5
   3219  43d5
   3220  43d5							; Provided under the CC0 license. See the included LICENSE.txt for details.
   3221  43d5
   3222  43d5				   start
   3223  43d5		       78		      sei
   3224  43d6		       d8		      cld
   3225  43d7		       a0 00		      ldy	#0
   3226  43d9		       a5 d0		      lda	$D0
   3227  43db		       c9 2c		      cmp	#$2C	;check RAM location #1
   3228  43dd		       d0 07		      bne	MachineIs2600
   3229  43df		       a5 d1		      lda	$D1
   3230  43e1		       c9 a9		      cmp	#$A9	;check RAM location #2
   3231  43e3		       d0 01		      bne	MachineIs2600
   3232  43e5		       88		      dey
   3233  43e6				   MachineIs2600
   3234  43e6		       a2 00		      ldx	#0
   3235  43e8		       8a		      txa
   3236  43e9				   clearmem
   3237  43e9		       e8		      inx
   3238  43ea		       9a		      txs
   3239  43eb		       48		      pha
   3240  43ec		       d0 fb		      bne	clearmem
   3241  43ee		       84 9c		      sty	temp1
   3242  43f0					      ifnconst	multisprite
   3243  43f0				  -	      ifconst	pfrowheight
   3244  43f0				  -	      lda	#pfrowheight
   3245  43f0					      else
   3246  43f0					      ifconst	pfres
   3247  43f0		       a9 03		      lda	#(96/pfres)
   3248  43f2				  -	      else
   3249  43f2				  -	      lda	#8
   3250  43f2					      endif
   3251  43f2					      endif
   3252  43f2		       85 ef		      sta	playfieldpos
   3253  43f4					      endif
   3254  43f4		       a2 05		      ldx	#5
   3255  43f6				   initscore
   3256  43f6		       a9 74		      lda	#<scoretable
   3257  43f8		       95 96		      sta	scorepointers,x
   3258  43fa		       ca		      dex
   3259  43fb		       10 f9		      bpl	initscore
   3260  43fd		       a9 01		      lda	#1
   3261  43ff		       85 0a		      sta	CTRLPF
   3262  4401		       0d 84 02 	      ora	INTIM
   3263  4404		       85 a2		      sta	rand
   3264  4406
   3265  4406				  -	      ifconst	multisprite
   3266  4406				  -	      jsr	multisprite_setup
   3267  4406					      endif
   3268  4406
   3269  4406				  -	      ifnconst	bankswitch
   3270  4406				  -	      jmp	game
   3271  4406					      else
   3272  4406		       a9 90		      lda	#>(game-1)
   3273  4408		       48		      pha
   3274  4409		       a9 ff		      lda	#<(game-1)
   3275  440b		       48		      pha
   3276  440c		       48		      pha
   3277  440d		       48		      pha
   3278  440e		       a2 01		      ldx	#1
   3279  4410		       4c eb ff 	      jmp	BS_jsr
   3280  4413					      endif
   3281  4413							; Provided under the CC0 license. See the included LICENSE.txt for details.
   3282  4413
   3283  4413							; playfield drawing routines
   3284  4413							; you get a 32x12 bitmapped display in a single color :)
   3285  4413							; 0-31 and 0-11
   3286  4413
   3287  4413				   pfclear		; clears playfield - or fill with pattern
   3288  4413					      ifconst	pfres
   3289  4413		       a2 7f		      ldx	#pfres*pfwidth-1
   3290  4415				  -	      else
   3291  4415				  -	      ldx	#47-(4-pfwidth)*12	; will this work?
   3292  4415					      endif
   3293  4415				   pfclear_loop
   3294  4415				  -	      ifnconst	superchip
   3295  4415				  -	      sta	playfield,x
   3296  4415					      else
   3297  4415		       9d 00 10 	      sta	playfield-128,x
   3298  4418					      endif
   3299  4418		       ca		      dex
   3300  4419		       10 fa		      bpl	pfclear_loop
      0  441b					      RETURN
      1  441b				  -	      ifnconst	bankswitch
      2  441b				  -	      rts
      3  441b					      else
      4  441b		       4c dd ff 	      jmp	BS_return
      5  441e					      endif
   3302  441e
   3303  441e				   setuppointers
   3304  441e		       86 9d		      stx	temp2	; store on.off.flip value
   3305  4420		       aa		      tax		; put x-value in x 
   3306  4421		       4a		      lsr
   3307  4422		       4a		      lsr
   3308  4423		       4a		      lsr		; divide x pos by 8 
   3309  4424		       85 9c		      sta	temp1
   3310  4426		       98		      tya
   3311  4427		       0a		      asl
   3312  4428					      if	pfwidth=4
   3313  4428		       0a		      asl		; multiply y pos by 4
   3314  4429					      endif		; else multiply by 2
   3315  4429		       18		      clc
   3316  442a		       65 9c		      adc	temp1	; add them together to get actual memory location offset
   3317  442c		       a8		      tay		; put the value in y
   3318  442d		       a5 9d		      lda	temp2	; restore on.off.flip value
   3319  442f		       60		      rts
   3320  4430
   3321  4430				   pfread
   3322  4430							;x=xvalue, y=yvalue
   3323  4430		       20 1e f4 	      jsr	setuppointers
   3324  4433		       bd c8 f4 	      lda	setbyte,x
   3325  4436		       39 80 10 	      and	playfield,y
   3326  4439		       5d c8 f4 	      eor	setbyte,x
   3327  443c							; beq readzero
   3328  443c							; lda #1
   3329  443c							; readzero
      0  443c					      RETURN
      1  443c				  -	      ifnconst	bankswitch
      2  443c				  -	      rts
      3  443c					      else
      4  443c		       4c dd ff 	      jmp	BS_return
      5  443f					      endif
   3331  443f
   3332  443f				   pfpixel
   3333  443f							;x=xvalue, y=yvalue, a=0,1,2
   3334  443f		       20 1e f4 	      jsr	setuppointers
   3335  4442
   3336  4442					      ifconst	bankswitch
   3337  4442		       a5 9d		      lda	temp2	; load on.off.flip value (0,1, or 2)
   3338  4444		       f0 0f		      beq	pixelon_r	; if "on" go to on
   3339  4446		       4a		      lsr
   3340  4447		       b0 18		      bcs	pixeloff_r	; value is 1 if true
   3341  4449		       b9 80 10 	      lda	playfield,y	; if here, it's "flip"
   3342  444c		       5d c8 f4 	      eor	setbyte,x
   3343  444f					      ifconst	superchip
   3344  444f		       99 00 10 	      sta	playfield-128,y
   3345  4452				  -	      else
   3346  4452				  -	      sta	playfield,y
   3347  4452					      endif
      0  4452					      RETURN
      1  4452				  -	      ifnconst	bankswitch
      2  4452				  -	      rts
      3  4452					      else
      4  4452		       4c dd ff 	      jmp	BS_return
      5  4455					      endif
   3349  4455				   pixelon_r
   3350  4455		       b9 80 10 	      lda	playfield,y
   3351  4458		       1d c8 f4 	      ora	setbyte,x
   3352  445b					      ifconst	superchip
   3353  445b		       99 00 10 	      sta	playfield-128,y
   3354  445e				  -	      else
   3355  445e				  -	      sta	playfield,y
   3356  445e					      endif
      0  445e					      RETURN
      1  445e				  -	      ifnconst	bankswitch
      2  445e				  -	      rts
      3  445e					      else
      4  445e		       4c dd ff 	      jmp	BS_return
      5  4461					      endif
   3358  4461				   pixeloff_r
   3359  4461		       bd c8 f4 	      lda	setbyte,x
   3360  4464		       49 ff		      eor	#$ff
   3361  4466		       39 80 10 	      and	playfield,y
   3362  4469					      ifconst	superchip
   3363  4469		       99 00 10 	      sta	playfield-128,y
   3364  446c				  -	      else
   3365  446c				  -	      sta	playfield,y
   3366  446c					      endif
      0  446c					      RETURN
      1  446c				  -	      ifnconst	bankswitch
      2  446c				  -	      rts
      3  446c					      else
      4  446c		       4c dd ff 	      jmp	BS_return
      5  446f					      endif
   3368  446f
   3369  446f				  -	      else
   3370  446f				  -	      jmp	plotpoint
   3371  446f					      endif
   3372  446f
   3373  446f				   pfhline
   3374  446f							;x=xvalue, y=yvalue, a=0,1,2, temp3=endx
   3375  446f		       20 1e f4 	      jsr	setuppointers
   3376  4472		       4c 7c f4 	      jmp	noinc
   3377  4475				   keepgoing
   3378  4475		       e8		      inx
   3379  4476		       8a		      txa
   3380  4477		       29 07		      and	#7
   3381  4479		       d0 01		      bne	noinc
   3382  447b		       c8		      iny
   3383  447c				   noinc
   3384  447c		       20 a1 f4 	      jsr	plotpoint
   3385  447f		       e4 9e		      cpx	temp3
   3386  4481		       30 f2		      bmi	keepgoing
      0  4483					      RETURN
      1  4483				  -	      ifnconst	bankswitch
      2  4483				  -	      rts
      3  4483					      else
      4  4483		       4c dd ff 	      jmp	BS_return
      5  4486					      endif
   3388  4486
   3389  4486				   pfvline
   3390  4486							;x=xvalue, y=yvalue, a=0,1,2, temp3=endx
   3391  4486		       20 1e f4 	      jsr	setuppointers
   3392  4489		       84 9c		      sty	temp1	; store memory location offset
   3393  448b		       e6 9e		      inc	temp3	; increase final x by 1 
   3394  448d		       a5 9e		      lda	temp3
   3395  448f		       0a		      asl
   3396  4490					      if	pfwidth=4
   3397  4490		       0a		      asl		; multiply by 4
   3398  4491					      endif		; else multiply by 2
   3399  4491		       85 9e		      sta	temp3	; store it
   3400  4493							; Thanks to Michael Rideout for fixing a bug in this code
   3401  4493							; right now, temp1=y=starting memory location, temp3=final
   3402  4493							; x should equal original x value
   3403  4493				   keepgoingy
   3404  4493		       20 a1 f4 	      jsr	plotpoint
   3405  4496		       c8		      iny
   3406  4497		       c8		      iny
   3407  4498					      if	pfwidth=4
   3408  4498		       c8		      iny
   3409  4499		       c8		      iny
   3410  449a					      endif
   3411  449a		       c4 9e		      cpy	temp3
   3412  449c		       30 f5		      bmi	keepgoingy
      0  449e					      RETURN
      1  449e				  -	      ifnconst	bankswitch
      2  449e				  -	      rts
      3  449e					      else
      4  449e		       4c dd ff 	      jmp	BS_return
      5  44a1					      endif
   3414  44a1
   3415  44a1				   plotpoint
   3416  44a1		       a5 9d		      lda	temp2	; load on.off.flip value (0,1, or 2)
   3417  44a3		       f0 0d		      beq	pixelon	; if "on" go to on
   3418  44a5		       4a		      lsr
   3419  44a6		       b0 14		      bcs	pixeloff	; value is 1 if true
   3420  44a8		       b9 80 10 	      lda	playfield,y	; if here, it's "flip"
   3421  44ab		       5d c8 f4 	      eor	setbyte,x
   3422  44ae					      ifconst	superchip
   3423  44ae		       99 00 10 	      sta	playfield-128,y
   3424  44b1				  -	      else
   3425  44b1				  -	      sta	playfield,y
   3426  44b1					      endif
   3427  44b1		       60		      rts
   3428  44b2				   pixelon
   3429  44b2		       b9 80 10 	      lda	playfield,y
   3430  44b5		       1d c8 f4 	      ora	setbyte,x
   3431  44b8					      ifconst	superchip
   3432  44b8		       99 00 10 	      sta	playfield-128,y
   3433  44bb				  -	      else
   3434  44bb				  -	      sta	playfield,y
   3435  44bb					      endif
   3436  44bb		       60		      rts
   3437  44bc				   pixeloff
   3438  44bc		       bd c8 f4 	      lda	setbyte,x
   3439  44bf		       49 ff		      eor	#$ff
   3440  44c1		       39 80 10 	      and	playfield,y
   3441  44c4					      ifconst	superchip
   3442  44c4		       99 00 10 	      sta	playfield-128,y
   3443  44c7				  -	      else
   3444  44c7				  -	      sta	playfield,y
   3445  44c7					      endif
   3446  44c7		       60		      rts
   3447  44c8
   3448  44c8				   setbyte
   3449  44c8					      ifnconst	pfcenter
   3450  44c8		       80		      .byte.b	$80
   3451  44c9		       40		      .byte.b	$40
   3452  44ca		       20		      .byte.b	$20
   3453  44cb		       10		      .byte.b	$10
   3454  44cc		       08		      .byte.b	$08
   3455  44cd		       04		      .byte.b	$04
   3456  44ce		       02		      .byte.b	$02
   3457  44cf		       01		      .byte.b	$01
   3458  44d0					      endif
   3459  44d0		       01		      .byte.b	$01
   3460  44d1		       02		      .byte.b	$02
   3461  44d2		       04		      .byte.b	$04
   3462  44d3		       08		      .byte.b	$08
   3463  44d4		       10		      .byte.b	$10
   3464  44d5		       20		      .byte.b	$20
   3465  44d6		       40		      .byte.b	$40
   3466  44d7		       80		      .byte.b	$80
   3467  44d8		       80		      .byte.b	$80
   3468  44d9		       40		      .byte.b	$40
   3469  44da		       20		      .byte.b	$20
   3470  44db		       10		      .byte.b	$10
   3471  44dc		       08		      .byte.b	$08
   3472  44dd		       04		      .byte.b	$04
   3473  44de		       02		      .byte.b	$02
   3474  44df		       01		      .byte.b	$01
   3475  44e0		       01		      .byte.b	$01
   3476  44e1		       02		      .byte.b	$02
   3477  44e2		       04		      .byte.b	$04
   3478  44e3		       08		      .byte.b	$08
   3479  44e4		       10		      .byte.b	$10
   3480  44e5		       20		      .byte.b	$20
   3481  44e6		       40		      .byte.b	$40
   3482  44e7		       80		      .byte.b	$80
   3483  44e8							; Provided under the CC0 license. See the included LICENSE.txt for details.
   3484  44e8
   3485  44e8				   pfscroll		;(a=0 left, 1 right, 2 up, 4 down, 6=upup, 12=downdown)
   3486  44e8		       d0 2a		      bne	notleft
   3487  44ea							;left
   3488  44ea					      ifconst	pfres
   3489  44ea		       a2 80		      ldx	#pfres*4
   3490  44ec				  -	      else
   3491  44ec				  -	      ldx	#48
   3492  44ec					      endif
   3493  44ec				   leftloop
   3494  44ec		       bd 7f 10 	      lda	playfield-1,x
   3495  44ef		       4a		      lsr
   3496  44f0
   3497  44f0					      ifconst	superchip
   3498  44f0		       bd 7e 10 	      lda	playfield-2,x
   3499  44f3		       2a		      rol
   3500  44f4		       9d fe 0f 	      sta	playfield-130,x
   3501  44f7		       bd 7d 10 	      lda	playfield-3,x
   3502  44fa		       6a		      ror
   3503  44fb		       9d fd 0f 	      sta	playfield-131,x
   3504  44fe		       bd 7c 10 	      lda	playfield-4,x
   3505  4501		       2a		      rol
   3506  4502		       9d fc 0f 	      sta	playfield-132,x
   3507  4505		       bd 7f 10 	      lda	playfield-1,x
   3508  4508		       6a		      ror
   3509  4509		       9d ff 0f 	      sta	playfield-129,x
   3510  450c				  -	      else
   3511  450c				  -	      rol	playfield-2,x
   3512  450c				  -	      ror	playfield-3,x
   3513  450c				  -	      rol	playfield-4,x
   3514  450c				  -	      ror	playfield-1,x
   3515  450c					      endif
   3516  450c
   3517  450c		       8a		      txa
   3518  450d		       cb 04		      sbx	#4
   3519  450f		       d0 db		      bne	leftloop
      0  4511					      RETURN
      1  4511				  -	      ifnconst	bankswitch
      2  4511				  -	      rts
      3  4511					      else
      4  4511		       4c dd ff 	      jmp	BS_return
      5  4514					      endif
   3521  4514
   3522  4514				   notleft
   3523  4514		       4a		      lsr
   3524  4515		       90 2a		      bcc	notright
   3525  4517							;right
   3526  4517
   3527  4517					      ifconst	pfres
   3528  4517		       a2 80		      ldx	#pfres*4
   3529  4519				  -	      else
   3530  4519				  -	      ldx	#48
   3531  4519					      endif
   3532  4519				   rightloop
   3533  4519		       bd 7c 10 	      lda	playfield-4,x
   3534  451c		       4a		      lsr
   3535  451d					      ifconst	superchip
   3536  451d		       bd 7d 10 	      lda	playfield-3,x
   3537  4520		       2a		      rol
   3538  4521		       9d fd 0f 	      sta	playfield-131,x
   3539  4524		       bd 7e 10 	      lda	playfield-2,x
   3540  4527		       6a		      ror
   3541  4528		       9d fe 0f 	      sta	playfield-130,x
   3542  452b		       bd 7f 10 	      lda	playfield-1,x
   3543  452e		       2a		      rol
   3544  452f		       9d ff 0f 	      sta	playfield-129,x
   3545  4532		       bd 7c 10 	      lda	playfield-4,x
   3546  4535		       6a		      ror
   3547  4536		       9d fc 0f 	      sta	playfield-132,x
   3548  4539				  -	      else
   3549  4539				  -	      rol	playfield-3,x
   3550  4539				  -	      ror	playfield-2,x
   3551  4539				  -	      rol	playfield-1,x
   3552  4539				  -	      ror	playfield-4,x
   3553  4539					      endif
   3554  4539		       8a		      txa
   3555  453a		       cb 04		      sbx	#4
   3556  453c		       d0 db		      bne	rightloop
      0  453e					      RETURN
      1  453e				  -	      ifnconst	bankswitch
      2  453e				  -	      rts
      3  453e					      else
      4  453e		       4c dd ff 	      jmp	BS_return
      5  4541					      endif
   3558  4541
   3559  4541				   notright
   3560  4541		       4a		      lsr
   3561  4542		       90 5b		      bcc	notup
   3562  4544							;up
   3563  4544		       4a		      lsr
   3564  4545		       90 02		      bcc	onedecup
   3565  4547		       c6 ef		      dec	playfieldpos
   3566  4549				   onedecup
   3567  4549		       c6 ef		      dec	playfieldpos
   3568  454b		       f0 02		      beq	shiftdown
   3569  454d		       10 4d		      bpl	noshiftdown2
   3570  454f				   shiftdown
   3571  454f				  -	      ifconst	pfrowheight
   3572  454f				  -	      lda	#pfrowheight
   3573  454f					      else
   3574  454f				  -	      ifnconst	pfres
   3575  454f				  -	      lda	#8
   3576  454f					      else
   3577  454f		       a9 03		      lda	#(96/pfres)	; try to come close to the real size
   3578  4551					      endif
   3579  4551					      endif
   3580  4551
   3581  4551		       85 ef		      sta	playfieldpos
   3582  4553		       ad 83 10 	      lda	playfield+3
   3583  4556		       85 9f		      sta	temp4
   3584  4558		       ad 82 10 	      lda	playfield+2
   3585  455b		       85 9e		      sta	temp3
   3586  455d		       ad 81 10 	      lda	playfield+1
   3587  4560		       85 9d		      sta	temp2
   3588  4562		       ad 80 10 	      lda	playfield
   3589  4565		       85 9c		      sta	temp1
   3590  4567		       a2 00		      ldx	#0
   3591  4569				   up2
   3592  4569		       bd 84 10 	      lda	playfield+4,x
   3593  456c					      ifconst	superchip
   3594  456c		       9d 00 10 	      sta	playfield-128,x
   3595  456f		       bd 85 10 	      lda	playfield+5,x
   3596  4572		       9d 01 10 	      sta	playfield-127,x
   3597  4575		       bd 86 10 	      lda	playfield+6,x
   3598  4578		       9d 02 10 	      sta	playfield-126,x
   3599  457b		       bd 87 10 	      lda	playfield+7,x
   3600  457e		       9d 03 10 	      sta	playfield-125,x
   3601  4581				  -	      else
   3602  4581				  -	      sta	playfield,x
   3603  4581				  -	      lda	playfield+5,x
   3604  4581				  -	      sta	playfield+1,x
   3605  4581				  -	      lda	playfield+6,x
   3606  4581				  -	      sta	playfield+2,x
   3607  4581				  -	      lda	playfield+7,x
   3608  4581				  -	      sta	playfield+3,x
   3609  4581					      endif
   3610  4581		       8a		      txa
   3611  4582		       cb fc		      sbx	#252
   3612  4584					      ifconst	pfres
   3613  4584		       e0 7c		      cpx	#(pfres-1)*4
   3614  4586				  -	      else
   3615  4586				  -	      cpx	#44
   3616  4586					      endif
   3617  4586		       d0 e1		      bne	up2
   3618  4588
   3619  4588		       a5 9f		      lda	temp4
   3620  458a
   3621  458a					      ifconst	superchip
   3622  458a					      ifconst	pfres
   3623  458a		       8d 7f 10 	      sta	playfield+pfres*4-129
   3624  458d		       a5 9e		      lda	temp3
   3625  458f		       8d 7e 10 	      sta	playfield+pfres*4-130
   3626  4592		       a5 9d		      lda	temp2
   3627  4594		       8d 7d 10 	      sta	playfield+pfres*4-131
   3628  4597		       a5 9c		      lda	temp1
   3629  4599		       8d 7c 10 	      sta	playfield+pfres*4-132
   3630  459c				  -	      else
   3631  459c				  -	      sta	playfield+47-128
   3632  459c				  -	      lda	temp3
   3633  459c				  -	      sta	playfield+46-128
   3634  459c				  -	      lda	temp2
   3635  459c				  -	      sta	playfield+45-128
   3636  459c				  -	      lda	temp1
   3637  459c				  -	      sta	playfield+44-128
   3638  459c					      endif
   3639  459c				  -	      else
   3640  459c				  -	      ifconst	pfres
   3641  459c				  -	      sta	playfield+pfres*4-1
   3642  459c				  -	      lda	temp3
   3643  459c				  -	      sta	playfield+pfres*4-2
   3644  459c				  -	      lda	temp2
   3645  459c				  -	      sta	playfield+pfres*4-3
   3646  459c				  -	      lda	temp1
   3647  459c				  -	      sta	playfield+pfres*4-4
   3648  459c				  -	      else
   3649  459c				  -	      sta	playfield+47
   3650  459c				  -	      lda	temp3
   3651  459c				  -	      sta	playfield+46
   3652  459c				  -	      lda	temp2
   3653  459c				  -	      sta	playfield+45
   3654  459c				  -	      lda	temp1
   3655  459c				  -	      sta	playfield+44
   3656  459c				  -	      endif
   3657  459c					      endif
   3658  459c				   noshiftdown2
      0  459c					      RETURN
      1  459c				  -	      ifnconst	bankswitch
      2  459c				  -	      rts
      3  459c					      else
      4  459c		       4c dd ff 	      jmp	BS_return
      5  459f					      endif
   3660  459f
   3661  459f
   3662  459f				   notup
   3663  459f							;down
   3664  459f		       4a		      lsr
   3665  45a0		       b0 02		      bcs	oneincup
   3666  45a2		       e6 ef		      inc	playfieldpos
   3667  45a4				   oneincup
   3668  45a4		       e6 ef		      inc	playfieldpos
   3669  45a6		       a5 ef		      lda	playfieldpos
   3670  45a8
   3671  45a8				  -	      ifconst	pfrowheight
   3672  45a8				  -	      cmp	#pfrowheight+1
   3673  45a8					      else
   3674  45a8				  -	      ifnconst	pfres
   3675  45a8				  -	      cmp	#9
   3676  45a8					      else
   3677  45a8		       c9 04		      cmp	#(96/pfres)+1	; try to come close to the real size
   3678  45aa					      endif
   3679  45aa					      endif
   3680  45aa
   3681  45aa		       90 4b		      bcc	noshiftdown
   3682  45ac		       a9 01		      lda	#1
   3683  45ae		       85 ef		      sta	playfieldpos
   3684  45b0
   3685  45b0					      ifconst	pfres
   3686  45b0		       ad ff 10 	      lda	playfield+pfres*4-1
   3687  45b3		       85 9f		      sta	temp4
   3688  45b5		       ad fe 10 	      lda	playfield+pfres*4-2
   3689  45b8		       85 9e		      sta	temp3
   3690  45ba		       ad fd 10 	      lda	playfield+pfres*4-3
   3691  45bd		       85 9d		      sta	temp2
   3692  45bf		       ad fc 10 	      lda	playfield+pfres*4-4
   3693  45c2				  -	      else
   3694  45c2				  -	      lda	playfield+47
   3695  45c2				  -	      sta	temp4
   3696  45c2				  -	      lda	playfield+46
   3697  45c2				  -	      sta	temp3
   3698  45c2				  -	      lda	playfield+45
   3699  45c2				  -	      sta	temp2
   3700  45c2				  -	      lda	playfield+44
   3701  45c2					      endif
   3702  45c2
   3703  45c2		       85 9c		      sta	temp1
   3704  45c4
   3705  45c4					      ifconst	pfres
   3706  45c4		       a2 7c		      ldx	#(pfres-1)*4
   3707  45c6				  -	      else
   3708  45c6				  -	      ldx	#44
   3709  45c6					      endif
   3710  45c6				   down2
   3711  45c6		       bd 7f 10 	      lda	playfield-1,x
   3712  45c9					      ifconst	superchip
   3713  45c9		       9d 03 10 	      sta	playfield-125,x
   3714  45cc		       bd 7e 10 	      lda	playfield-2,x
   3715  45cf		       9d 02 10 	      sta	playfield-126,x
   3716  45d2		       bd 7d 10 	      lda	playfield-3,x
   3717  45d5		       9d 01 10 	      sta	playfield-127,x
   3718  45d8		       bd 7c 10 	      lda	playfield-4,x
   3719  45db		       9d 00 10 	      sta	playfield-128,x
   3720  45de				  -	      else
   3721  45de				  -	      sta	playfield+3,x
   3722  45de				  -	      lda	playfield-2,x
   3723  45de				  -	      sta	playfield+2,x
   3724  45de				  -	      lda	playfield-3,x
   3725  45de				  -	      sta	playfield+1,x
   3726  45de				  -	      lda	playfield-4,x
   3727  45de				  -	      sta	playfield,x
   3728  45de					      endif
   3729  45de		       8a		      txa
   3730  45df		       cb 04		      sbx	#4
   3731  45e1		       d0 e3		      bne	down2
   3732  45e3
   3733  45e3		       a5 9f		      lda	temp4
   3734  45e5					      ifconst	superchip
   3735  45e5		       8d 03 10 	      sta	playfield-125
   3736  45e8		       a5 9e		      lda	temp3
   3737  45ea		       8d 02 10 	      sta	playfield-126
   3738  45ed		       a5 9d		      lda	temp2
   3739  45ef		       8d 01 10 	      sta	playfield-127
   3740  45f2		       a5 9c		      lda	temp1
   3741  45f4		       8d 00 10 	      sta	playfield-128
   3742  45f7				  -	      else
   3743  45f7				  -	      sta	playfield+3
   3744  45f7				  -	      lda	temp3
   3745  45f7				  -	      sta	playfield+2
   3746  45f7				  -	      lda	temp2
   3747  45f7				  -	      sta	playfield+1
   3748  45f7				  -	      lda	temp1
   3749  45f7				  -	      sta	playfield
   3750  45f7					      endif
   3751  45f7				   noshiftdown
      0  45f7					      RETURN
      1  45f7				  -	      ifnconst	bankswitch
      2  45f7				  -	      rts
      3  45f7					      else
      4  45f7		       4c dd ff 	      jmp	BS_return
      5  45fa					      endif
   3753  45fa							; Provided under the CC0 license. See the included LICENSE.txt for details.
   3754  45fa
   3755  45fa							;standard routines needed for pretty much all games
   3756  45fa							; just the random number generator is left - maybe we should remove this asm file altogether?
   3757  45fa							; repositioning code and score pointer setup moved to overscan
   3758  45fa							; read switches, joysticks now compiler generated (more efficient)
   3759  45fa
   3760  45fa				   randomize
   3761  45fa		       a5 a2		      lda	rand
   3762  45fc		       4a		      lsr
   3763  45fd				  -	      ifconst	rand16
   3764  45fd				  -	      rol	rand16
   3765  45fd					      endif
   3766  45fd		       90 02		      bcc	noeor
   3767  45ff		       49 b4		      eor	#$B4
   3768  4601				   noeor
   3769  4601		       85 a2		      sta	rand
   3770  4603				  -	      ifconst	rand16
   3771  4603				  -	      eor	rand16
   3772  4603					      endif
      0  4603					      RETURN
      1  4603				  -	      ifnconst	bankswitch
      2  4603				  -	      rts
      3  4603					      else
      4  4603		       4c dd ff 	      jmp	BS_return
      5  4606					      endif
   3774  4606							; Provided under the CC0 license. See the included LICENSE.txt for details.
   3775  4606
   3776  4606				   drawscreen
   3777  4606				  -	      ifconst	debugscore
   3778  4606				  -	      ldx	#14
   3779  4606				  -	      lda	INTIM	; display # cycles left in the score
   3780  4606				  -
   3781  4606				  -	      ifconst	mincycles
   3782  4606				  -	      lda	mincycles
   3783  4606				  -	      cmp	INTIM
   3784  4606				  -	      lda	mincycles
   3785  4606				  -	      bcc	nochange
   3786  4606				  -	      lda	INTIM
   3787  4606				  -	      sta	mincycles
   3788  4606				  -nochange
   3789  4606				  -	      endif
   3790  4606				  -
   3791  4606				  -			; cmp #$2B
   3792  4606				  -			; bcs no_cycles_left
   3793  4606				  -	      bmi	cycles_left
   3794  4606				  -	      ldx	#64
   3795  4606				  -	      eor	#$ff	;make negative
   3796  4606				  -cycles_left
   3797  4606				  -	      stx	scorecolor
   3798  4606				  -	      and	#$7f	; clear sign bit
   3799  4606				  -	      tax
   3800  4606				  -	      lda	scorebcd,x
   3801  4606				  -	      sta	score+2
   3802  4606				  -	      lda	scorebcd1,x
   3803  4606				  -	      sta	score+1
   3804  4606				  -	      jmp	done_debugscore
   3805  4606				  -scorebcd
   3806  4606				  -	      .byte	$00, $64, $28, $92, $56, $20, $84, $48, $12, $76, $40
   3807  4606				  -	      .byte	$04, $68, $32, $96, $60, $24, $88, $52, $16, $80, $44
   3808  4606				  -	      .byte	$08, $72, $36, $00, $64, $28, $92, $56, $20, $84, $48
   3809  4606				  -	      .byte	$12, $76, $40, $04, $68, $32, $96, $60, $24, $88
   3810  4606				  -scorebcd1
   3811  4606				  -	      .byte	0, 0, 1, 1, 2, 3, 3, 4, 5, 5, 6
   3812  4606				  -	      .byte	7, 7, 8, 8, 9, $10, $10, $11, $12, $12, $13
   3813  4606				  -	      .byte	$14, $14, $15, $16, $16, $17, $17, $18, $19, $19, $20
   3814  4606				  -	      .byte	$21, $21, $22, $23, $23, $24, $24, $25, $26, $26
   3815  4606				  -done_debugscore
   3816  4606					      endif
   3817  4606
   3818  4606				  -	      ifconst	debugcycles
   3819  4606				  -	      lda	INTIM	; if we go over, it mucks up the background color
   3820  4606				  -			; cmp #$2B
   3821  4606				  -			; BCC overscan
   3822  4606				  -	      bmi	overscan
   3823  4606				  -	      sta	COLUBK
   3824  4606				  -	      bcs	doneoverscan
   3825  4606					      endif
   3826  4606
   3827  4606				   overscan
   3828  4606				  -	      ifconst	interlaced
   3829  4606				  -	      PHP
   3830  4606				  -	      PLA
   3831  4606				  -	      EOR	#4	; flip interrupt bit
   3832  4606				  -	      PHA
   3833  4606				  -	      PLP
   3834  4606				  -	      AND	#4	; isolate the interrupt bit
   3835  4606				  -	      TAX		; save it for later
   3836  4606					      endif
   3837  4606
   3838  4606				   overscanloop
   3839  4606		       ad 84 02 	      lda	INTIM	;wait for sync
   3840  4609		       30 fb		      bmi	overscanloop
   3841  460b				   doneoverscan
   3842  460b
   3843  460b							;do VSYNC
   3844  460b
   3845  460b				  -	      ifconst	interlaced
   3846  460b				  -	      CPX	#4
   3847  460b				  -	      BNE	oddframevsync
   3848  460b					      endif
   3849  460b
   3850  460b		       a9 02		      lda	#2
   3851  460d		       85 02		      sta	WSYNC
   3852  460f		       85 00		      sta	VSYNC
   3853  4611		       85 02		      STA	WSYNC
   3854  4613		       85 02		      STA	WSYNC
   3855  4615		       4a		      lsr
   3856  4616		       85 02		      STA	WSYNC
   3857  4618		       85 00		      STA	VSYNC
   3858  461a		       85 01		      sta	VBLANK
   3859  461c					      ifnconst	overscan_time
   3860  461c		       a9 a5		      lda	#37+128
   3861  461e				  -	      else
   3862  461e				  -	      lda	#overscan_time+128
   3863  461e					      endif
   3864  461e		       8d 96 02 	      sta	TIM64T
   3865  4621
   3866  4621				  -	      ifconst	interlaced
   3867  4621				  -	      jmp	postsync
   3868  4621				  -
   3869  4621				  -oddframevsync
   3870  4621				  -	      sta	WSYNC
   3871  4621				  -
   3872  4621				  -	      LDA	($80,X)	; 11 waste
   3873  4621				  -	      LDA	($80,X)	; 11 waste
   3874  4621				  -	      LDA	($80,X)	; 11 waste
   3875  4621				  -
   3876  4621				  -	      lda	#2
   3877  4621				  -	      sta	VSYNC
   3878  4621				  -	      sta	WSYNC
   3879  4621				  -	      sta	WSYNC
   3880  4621				  -	      sta	WSYNC
   3881  4621				  -
   3882  4621				  -	      LDA	($80,X)	; 11 waste
   3883  4621				  -	      LDA	($80,X)	; 11 waste
   3884  4621				  -	      LDA	($80,X)	; 11 waste
   3885  4621				  -
   3886  4621				  -	      lda	#0
   3887  4621				  -	      sta	VSYNC
   3888  4621				  -	      sta	VBLANK
   3889  4621				  -	      ifnconst	overscan_time
   3890  4621				  -	      lda	#37+128
   3891  4621				  -	      else
   3892  4621				  -	      lda	#overscan_time+128
   3893  4621				  -	      endif
   3894  4621				  -	      sta	TIM64T
   3895  4621				  -
   3896  4621				  -postsync
   3897  4621					      endif
   3898  4621
   3899  4621				  -	      ifconst	legacy
   3900  4621				  -	      if	legacy < 100
   3901  4621				  -	      ldx	#4
   3902  4621				  -adjustloop
   3903  4621				  -	      lda	player0x,x
   3904  4621				  -	      sec
   3905  4621				  -	      sbc	#14	;?
   3906  4621				  -	      sta	player0x,x
   3907  4621				  -	      dex
   3908  4621				  -	      bpl	adjustloop
   3909  4621				  -	      endif
   3910  4621					      endif
   3911  4621				  -	      if	((<*)>$e9)&&((<*)<$fa)
   3912  4621				  -	      repeat	($fa-(<*))
   3913  4621				  -	      nop
   3914  4621				  -	      repend
   3915  4621					      endif
   3916  4621		       85 02		      sta	WSYNC
   3917  4623		       a2 04		      ldx	#4
      0  4625					      SLEEP	3
      1  4625				   .CYCLES    SET	3
      2  4625
      3  4625				  -	      IF	.CYCLES < 2
      4  4625				  -	      ECHO	"MACRO ERROR: 'SLEEP': Duration must be > 1"
      5  4625				  -	      ERR
      6  4625					      ENDIF
      7  4625
      8  4625					      IF	.CYCLES & 1
      9  4625					      IFNCONST	NO_ILLEGAL_OPCODES
     10  4625		       04 00		      nop	0
     11  4627				  -	      ELSE
     12  4627				  -	      bit	VSYNC
     13  4627					      ENDIF
     14  4627				   .CYCLES    SET	.CYCLES - 3
     15  4627					      ENDIF
     16  4627
     17  4627				  -	      REPEAT	.CYCLES / 2
     18  4627				  -	      nop
     19  4627					      REPEND
   3919  4627				   HorPosLoop		; 5
   3920  4627		       b5 80		      lda	player0x,X	;+4 9
   3921  4629		       38		      sec		;+2 11
   3922  462a				   DivideLoop
   3923  462a		       e9 0f		      sbc	#15
   3924  462c		       b0 fc		      bcs	DivideLoop	;+4 15
   3925  462e		       95 9c		      sta	temp1,X	;+4 19
   3926  4630		       95 10		      sta	RESP0,X	;+4 23
   3927  4632		       85 02		      sta	WSYNC
   3928  4634		       ca		      dex
   3929  4635		       10 f0		      bpl	HorPosLoop	;+5 5
   3930  4637							; 4
   3931  4637
   3932  4637		       a2 04		      ldx	#4
   3933  4639		       b4 9c		      ldy	temp1,X
   3934  463b		       b9 97 f5 	      lda	repostable-256,Y
   3935  463e		       95 20		      sta	HMP0,X	;+14 18
   3936  4640
   3937  4640		       ca		      dex
   3938  4641		       b4 9c		      ldy	temp1,X
   3939  4643		       b9 97 f5 	      lda	repostable-256,Y
   3940  4646		       95 20		      sta	HMP0,X	;+14 32
   3941  4648
   3942  4648		       ca		      dex
   3943  4649		       b4 9c		      ldy	temp1,X
   3944  464b		       b9 97 f5 	      lda	repostable-256,Y
   3945  464e		       95 20		      sta	HMP0,X	;+14 46
   3946  4650
   3947  4650		       ca		      dex
   3948  4651		       b4 9c		      ldy	temp1,X
   3949  4653		       b9 97 f5 	      lda	repostable-256,Y
   3950  4656		       95 20		      sta	HMP0,X	;+14 60
   3951  4658
   3952  4658		       ca		      dex
   3953  4659		       b4 9c		      ldy	temp1,X
   3954  465b		       b9 97 f5 	      lda	repostable-256,Y
   3955  465e		       95 20		      sta	HMP0,X	;+14 74
   3956  4660
   3957  4660		       85 02		      sta	WSYNC
   3958  4662
   3959  4662		       85 2a		      sta	HMOVE	;+3 3
   3960  4664
   3961  4664
   3962  4664				  -	      ifconst	legacy
   3963  4664				  -	      if	legacy < 100
   3964  4664				  -	      ldx	#4
   3965  4664				  -adjustloop2
   3966  4664				  -	      lda	player0x,x
   3967  4664				  -	      clc
   3968  4664				  -	      adc	#14	;?
   3969  4664				  -	      sta	player0x,x
   3970  4664				  -	      dex
   3971  4664				  -	      bpl	adjustloop2
   3972  4664				  -	      endif
   3973  4664					      endif
   3974  4664
   3975  4664
   3976  4664
   3977  4664
   3978  4664							;set score pointers
   3979  4664		       a7 95		      lax	score+2
   3980  4666		       20 97 f6 	      jsr	scorepointerset
   3981  4669		       84 9b		      sty	scorepointers+5
   3982  466b		       86 98		      stx	scorepointers+2
   3983  466d		       a7 94		      lax	score+1
   3984  466f		       20 97 f6 	      jsr	scorepointerset
   3985  4672		       84 9a		      sty	scorepointers+4
   3986  4674		       86 97		      stx	scorepointers+1
   3987  4676		       a7 93		      lax	score
   3988  4678		       20 97 f6 	      jsr	scorepointerset
   3989  467b		       84 99		      sty	scorepointers+3
   3990  467d		       86 96		      stx	scorepointers
   3991  467f
   3992  467f				   vblk
   3993  467f							; run possible vblank bB code
   3994  467f				  -	      ifconst	vblank_bB_code
   3995  467f				  -	      jsr	vblank_bB_code
   3996  467f					      endif
   3997  467f				   vblk2
   3998  467f		       ad 84 02 	      LDA	INTIM
   3999  4682		       30 fb		      bmi	vblk2
   4000  4684		       4c 00 f1 	      jmp	kernel
   4001  4687
   4002  4687
   4003  4687		       80 70 60 50*	      .byte.b	$80,$70,$60,$50,$40,$30,$20,$10,$00
   4004  4690		       f0 e0 d0 c0*	      .byte.b	$F0,$E0,$D0,$C0,$B0,$A0,$90
   4005  4697				   repostable
   4006  4697
   4007  4697				   scorepointerset
   4008  4697		       29 0f		      and	#$0F
   4009  4699		       0a		      asl
   4010  469a		       0a		      asl
   4011  469b		       0a		      asl
   4012  469c		       69 74		      adc	#<scoretable
   4013  469e		       a8		      tay
   4014  469f		       8a		      txa
   4015  46a0							; and #$F0
   4016  46a0							; lsr
   4017  46a0		       4b f0		      asr	#$F0
   4018  46a2		       69 74		      adc	#<scoretable
   4019  46a4		       aa		      tax
   4020  46a5		       60		      rts
   4021  46a6							;bB.asm
   4022  46a6							; bB.asm file is split here
   4023  46a6				  -	      if	(<*) > (<(*+6))
   4024  46a6				  -	      repeat	($100-<*)
   4025  46a6				  -	      .byte	0
   4026  46a6				  -	      repend
   4027  46a6					      endif
   4028  46a6				   playerL024_0
   4029  46a6		       6c		      .byte.b	%01101100
   4030  46a7		       28		      .byte.b	%00101000
   4031  46a8		       38		      .byte.b	%00111000
   4032  46a9		       7c		      .byte.b	%01111100
   4033  46aa		       10		      .byte.b	%00010000
   4034  46ab		       38		      .byte.b	%00111000
   4035  46ac		       38		      .byte.b	%00111000
   4036  46ad					      if	ECHOFIRST
      2247 bytes of ROM space left in bank 4
   4037  46ad					      echo	"    ",[(scoretable - *)]d , "bytes of ROM space left in bank 4")
   4038  46ad					      endif
   4039  46ad		       00 01	   ECHOFIRST  =	1
   4040  46ad
   4041  46ad
   4042  46ad							; Provided under the CC0 license. See the included LICENSE.txt for details.
   4043  46ad							; font equates
   4044  46ad		       00 01	   .21stcentury =	1
   4045  46ad		       00 02	   alarmclock =	2
   4046  46ad		       00 03	   handwritten =	3
   4047  46ad		       00 04	   interrupted =	4
   4048  46ad		       00 05	   retroputer =	5
   4049  46ad		       00 06	   whimsey    =	6
   4050  46ad		       00 07	   tiny       =	7
   4051  46ad		       00 08	   hex	      =	8
   4052  46ad
   4053  46ad							; feel free to modify the score graphics - just keep each digit 8 high
   4054  46ad							; and keep the conditional compilation stuff intact
   4055  46ad					      ifnconst	PXE
   4056  46ad				  -	      ifconst	ROM2k
   4057  46ad				  -	      ORG	$F7AC-8
   4058  46ad					      else
   4059  46ad					      ifconst	bankswitch
   4060  46ad				  -	      if	bankswitch == 8
   4061  46ad				  -	      ORG	$2F94-bscode_length
   4062  46ad				  -	      RORG	$FF94-bscode_length
   4063  46ad					      endif
   4064  46ad					      if	bankswitch == 16
   4065  4f74					      ORG	$4F94-bscode_length
   4066  4f74					      RORG	$FF94-bscode_length
   4067  4f74					      endif
   4068  4f74				  -	      if	bankswitch == 32
   4069  4f74				  -	      ORG	$8F94-bscode_length
   4070  4f74				  -	      RORG	$FF94-bscode_length
   4071  4f74					      endif
   4072  4f74				  -	      if	bankswitch == 64
   4073  4f74				  -	      ORG	$10F80-bscode_length
   4074  4f74				  -	      RORG	$1FF80-bscode_length
   4075  4f74					      endif
   4076  4f74				  -	      else
   4077  4f74				  -	      ORG	$FF9C
   4078  4f74					      endif
   4079  4f74					      endif
   4080  4f74
   4081  4f74
   4082  4f74				  -	      ifconst	font
   4083  4f74				  -	      if	font == hex
   4084  4f74				  -	      ORG	. - 48
   4085  4f74				  -	      endif
   4086  4f74					      endif
   4087  4f74					      endif
   4088  4f74
   4089  4f74				   scoretable
   4090  4f74
   4091  4f74				  -	      ifconst	font
   4092  4f74				  -	      if	font == .21stcentury
   4093  4f74				  -	      include	"score_graphics.asm.21stcentury"
   4094  4f74				  -	      endif
   4095  4f74				  -	      if	font == alarmclock
   4096  4f74				  -	      include	"score_graphics.asm.alarmclock"
   4097  4f74				  -	      endif
   4098  4f74				  -	      if	font == handwritten
   4099  4f74				  -	      include	"score_graphics.asm.handwritten"
   4100  4f74				  -	      endif
   4101  4f74				  -	      if	font == interrupted
   4102  4f74				  -	      include	"score_graphics.asm.interrupted"
   4103  4f74				  -	      endif
   4104  4f74				  -	      if	font == retroputer
   4105  4f74				  -	      include	"score_graphics.asm.retroputer"
   4106  4f74				  -	      endif
   4107  4f74				  -	      if	font == whimsey
   4108  4f74				  -	      include	"score_graphics.asm.whimsey"
   4109  4f74				  -	      endif
   4110  4f74				  -	      if	font == tiny
   4111  4f74				  -	      include	"score_graphics.asm.tiny"
   4112  4f74				  -	      endif
   4113  4f74				  -	      if	font == hex
   4114  4f74				  -	      include	"score_graphics.asm.hex"
   4115  4f74				  -	      endif
   4116  4f74					      else		; default font
   4117  4f74
   4118  4f74		       3c		      .byte.b	%00111100
   4119  4f75		       66		      .byte.b	%01100110
   4120  4f76		       66		      .byte.b	%01100110
   4121  4f77		       66		      .byte.b	%01100110
   4122  4f78		       66		      .byte.b	%01100110
   4123  4f79		       66		      .byte.b	%01100110
   4124  4f7a		       66		      .byte.b	%01100110
   4125  4f7b		       3c		      .byte.b	%00111100
   4126  4f7c
   4127  4f7c		       7e		      .byte.b	%01111110
   4128  4f7d		       18		      .byte.b	%00011000
   4129  4f7e		       18		      .byte.b	%00011000
   4130  4f7f		       18		      .byte.b	%00011000
   4131  4f80		       18		      .byte.b	%00011000
   4132  4f81		       38		      .byte.b	%00111000
   4133  4f82		       18		      .byte.b	%00011000
   4134  4f83		       08		      .byte.b	%00001000
   4135  4f84
   4136  4f84		       7e		      .byte.b	%01111110
   4137  4f85		       60		      .byte.b	%01100000
   4138  4f86		       60		      .byte.b	%01100000
   4139  4f87		       3c		      .byte.b	%00111100
   4140  4f88		       06		      .byte.b	%00000110
   4141  4f89		       06		      .byte.b	%00000110
   4142  4f8a		       46		      .byte.b	%01000110
   4143  4f8b		       3c		      .byte.b	%00111100
   4144  4f8c
   4145  4f8c		       3c		      .byte.b	%00111100
   4146  4f8d		       46		      .byte.b	%01000110
   4147  4f8e		       06		      .byte.b	%00000110
   4148  4f8f		       06		      .byte.b	%00000110
   4149  4f90		       1c		      .byte.b	%00011100
   4150  4f91		       06		      .byte.b	%00000110
   4151  4f92		       46		      .byte.b	%01000110
   4152  4f93		       3c		      .byte.b	%00111100
   4153  4f94
   4154  4f94		       0c		      .byte.b	%00001100
   4155  4f95		       0c		      .byte.b	%00001100
   4156  4f96		       7e		      .byte.b	%01111110
   4157  4f97		       4c		      .byte.b	%01001100
   4158  4f98		       4c		      .byte.b	%01001100
   4159  4f99		       2c		      .byte.b	%00101100
   4160  4f9a		       1c		      .byte.b	%00011100
   4161  4f9b		       0c		      .byte.b	%00001100
   4162  4f9c
   4163  4f9c		       3c		      .byte.b	%00111100
   4164  4f9d		       46		      .byte.b	%01000110
   4165  4f9e		       06		      .byte.b	%00000110
   4166  4f9f		       06		      .byte.b	%00000110
   4167  4fa0		       3c		      .byte.b	%00111100
   4168  4fa1		       60		      .byte.b	%01100000
   4169  4fa2		       60		      .byte.b	%01100000
   4170  4fa3		       7e		      .byte.b	%01111110
   4171  4fa4
   4172  4fa4		       3c		      .byte.b	%00111100
   4173  4fa5		       66		      .byte.b	%01100110
   4174  4fa6		       66		      .byte.b	%01100110
   4175  4fa7		       66		      .byte.b	%01100110
   4176  4fa8		       7c		      .byte.b	%01111100
   4177  4fa9		       60		      .byte.b	%01100000
   4178  4faa		       62		      .byte.b	%01100010
   4179  4fab		       3c		      .byte.b	%00111100
   4180  4fac
   4181  4fac		       30		      .byte.b	%00110000
   4182  4fad		       30		      .byte.b	%00110000
   4183  4fae		       30		      .byte.b	%00110000
   4184  4faf		       18		      .byte.b	%00011000
   4185  4fb0		       0c		      .byte.b	%00001100
   4186  4fb1		       06		      .byte.b	%00000110
   4187  4fb2		       42		      .byte.b	%01000010
   4188  4fb3		       3e		      .byte.b	%00111110
   4189  4fb4
   4190  4fb4		       3c		      .byte.b	%00111100
   4191  4fb5		       66		      .byte.b	%01100110
   4192  4fb6		       66		      .byte.b	%01100110
   4193  4fb7		       66		      .byte.b	%01100110
   4194  4fb8		       3c		      .byte.b	%00111100
   4195  4fb9		       66		      .byte.b	%01100110
   4196  4fba		       66		      .byte.b	%01100110
   4197  4fbb		       3c		      .byte.b	%00111100
   4198  4fbc
   4199  4fbc		       3c		      .byte.b	%00111100
   4200  4fbd		       46		      .byte.b	%01000110
   4201  4fbe		       06		      .byte.b	%00000110
   4202  4fbf		       3e		      .byte.b	%00111110
   4203  4fc0		       66		      .byte.b	%01100110
   4204  4fc1		       66		      .byte.b	%01100110
   4205  4fc2		       66		      .byte.b	%01100110
   4206  4fc3		       3c		      .byte.b	%00111100
   4207  4fc4
   4208  4fc4					      ifnconst	DPC_kernel_options
   4209  4fc4
   4210  4fc4		       00		      .byte.b	%00000000
   4211  4fc5		       00		      .byte.b	%00000000
   4212  4fc6		       00		      .byte.b	%00000000
   4213  4fc7		       00		      .byte.b	%00000000
   4214  4fc8		       00		      .byte.b	%00000000
   4215  4fc9		       00		      .byte.b	%00000000
   4216  4fca		       00		      .byte.b	%00000000
   4217  4fcb		       00		      .byte.b	%00000000
   4218  4fcc
   4219  4fcc					      endif
   4220  4fcc
   4221  4fcc					      endif
   4222  4fcc
   4223  4fcc					      ifnconst	PXE
   4224  4fcc				  -	      ifconst	ROM2k
   4225  4fcc				  -	      ORG	$F7FC
   4226  4fcc					      else
   4227  4fcc					      ifconst	bankswitch
   4228  4fcc				  -	      if	bankswitch == 8
   4229  4fcc				  -	      ORG	$2FF4-bscode_length
   4230  4fcc				  -	      RORG	$FFF4-bscode_length
   4231  4fcc					      endif
   4232  4fcc					      if	bankswitch == 16
   4233  4fd4					      ORG	$4FF4-bscode_length
   4234  4fd4					      RORG	$FFF4-bscode_length
   4235  4fd4					      endif
   4236  4fd4				  -	      if	bankswitch == 32
   4237  4fd4				  -	      ORG	$8FF4-bscode_length
   4238  4fd4				  -	      RORG	$FFF4-bscode_length
   4239  4fd4					      endif
   4240  4fd4				  -	      if	bankswitch == 64
   4241  4fd4				  -	      ORG	$10FE0-bscode_length
   4242  4fd4				  -	      RORG	$1FFE0-bscode_length
   4243  4fd4					      endif
   4244  4fd4				  -	      else
   4245  4fd4				  -	      ORG	$FFFC
   4246  4fd4					      endif
   4247  4fd4					      endif
   4248  4fd4					      endif
   4249  4fd4							; Provided under the CC0 license. See the included LICENSE.txt for details.
   4250  4fd4
   4251  4fd4							; every bank has this stuff at the same place
   4252  4fd4							; this code can switch to/from any bank at any entry point
   4253  4fd4							; and can preserve register values
   4254  4fd4							; note: lines not starting with a space are not placed in all banks
   4255  4fd4							;
   4256  4fd4							; line below tells the compiler how long this is - do not remove
   4257  4fd4							;size=32
   4258  4fd4
   4259  4fd4				   begin_bscode
   4260  4fd4		       a2 ff		      ldx	#$ff
   4261  4fd6				  -	      ifconst	FASTFETCH	; using DPC+
   4262  4fd6				  -	      stx	FASTFETCH
   4263  4fd6					      endif
   4264  4fd6		       9a		      txs
   4265  4fd7				  -	      if	bankswitch == 64
   4266  4fd7				  -	      lda	#(((>(start-1)) & $0F) | $F0)
   4267  4fd7					      else
   4268  4fd7		       a9 f3		      lda	#>(start-1)
   4269  4fd9					      endif
   4270  4fd9		       48		      pha
   4271  4fda		       a9 d4		      lda	#<(start-1)
   4272  4fdc		       48		      pha
   4273  4fdd
   4274  4fdd				   BS_return
   4275  4fdd		       48		      pha
   4276  4fde		       8a		      txa
   4277  4fdf		       48		      pha
   4278  4fe0		       ba		      tsx
   4279  4fe1
   4280  4fe1					      if	bankswitch != 64
   4281  4fe1		       b5 04		      lda	4,x	; get high byte of return address
   4282  4fe3
   4283  4fe3		       2a		      rol
   4284  4fe4		       2a		      rol
   4285  4fe5		       2a		      rol
   4286  4fe6		       2a		      rol
   4287  4fe7		       29 03		      and	#bs_mask	;1 3 or 7 for F8/F6/F4
   4288  4fe9		       aa		      tax
   4289  4fea		       e8		      inx
   4290  4feb				  -	      else
   4291  4feb				  -	      lda	4,x	; get high byte of return address
   4292  4feb				  -	      tay
   4293  4feb				  -	      ora	#$10	; change our bank nibble into a valid rom mirror
   4294  4feb				  -	      sta	4,x
   4295  4feb				  -	      tya
   4296  4feb				  -	      lsr
   4297  4feb				  -	      lsr
   4298  4feb				  -	      lsr
   4299  4feb				  -	      lsr
   4300  4feb				  -	      tax
   4301  4feb				  -	      inx
   4302  4feb					      endif
   4303  4feb
   4304  4feb				   BS_jsr
   4305  4feb		       bd f5 1f 	      lda	bankswitch_hotspot-1,x
   4306  4fee		       68		      pla
   4307  4fef		       aa		      tax
   4308  4ff0		       68		      pla
   4309  4ff1		       60		      rts
   4310  4ff2				  -	      if	((* & $1FFF) > ((bankswitch_hotspot & $1FFF) - 1))
   4311  4ff2				  -	      echo	"WARNING: size parameter in banksw.asm too small - the program probably will not work."
   4312  4ff2				  -	      echo	"Change to",[(*-begin_bscode+1)&$FF]d,"and try again."
   4313  4ff2					      endif
   4314  4ff2							; Provided under the CC0 license. See the included LICENSE.txt for details.
   4315  4ff2
   4316  4ff2					      ifconst	bankswitch
   4317  4ff2				  -	      if	bankswitch == 8
   4318  4ff2				  -	      ORG	$2FFC
   4319  4ff2				  -	      RORG	$FFFC
   4320  4ff2					      endif
   4321  4ff2					      if	bankswitch == 16
   4322  4ffc					      ORG	$4FFC
   4323  4ffc					      RORG	$FFFC
   4324  4ffc					      endif
   4325  4ffc				  -	      if	bankswitch == 32
   4326  4ffc				  -	      ORG	$8FFC
   4327  4ffc				  -	      RORG	$FFFC
   4328  4ffc					      endif
   4329  4ffc				  -	      if	bankswitch == 64
   4330  4ffc				  -	      ORG	$10FF0
   4331  4ffc				  -	      RORG	$1FFF0
   4332  4ffc				  -	      lda	$ffe0	; we use wasted space to assist stella with EF format auto-detection
   4333  4ffc				  -	      ORG	$10FF8
   4334  4ffc				  -	      RORG	$1FFF8
   4335  4ffc				  -	      ifconst	superchip
   4336  4ffc				  -	      .byte	"E","F","S","C"
   4337  4ffc				  -	      else
   4338  4ffc				  -	      .byte	"E","F","E","F"
   4339  4ffc				  -	      endif
   4340  4ffc				  -	      ORG	$10FFC
   4341  4ffc				  -	      RORG	$1FFFC
   4342  4ffc					      endif
   4343  4ffc				  -	      else
   4344  4ffc				  -	      ifconst	ROM2k
   4345  4ffc				  -	      ORG	$F7FC
   4346  4ffc				  -	      else
   4347  4ffc				  -	      ORG	$FFFC
   4348  4ffc				  -	      endif
   4349  4ffc					      endif
   4350  4ffc		       d5 f3		      .word.w	(start & $ffff)
   4351  4ffe		       d5 f3		      .word.w	(start & $ffff)
