------- FILE split_adv4.bas.asm LEVEL 1 PASS 2
      1  5000 ????						; Provided under the CC0 license. See the included LICENSE.txt for details.
      2  5000 ????
      3  5000 ????				      processor	6502
------- FILE vcs.h LEVEL 2 PASS 2
      0  5000 ????				      include	"vcs.h"
      1  5000 ????						; Provided under the CC0 license. See the included LICENSE.txt for details.
      2  5000 ????
      3  5000 ????						; VCS.H
      4  5000 ????						; Version 1.05, 13/November/2003
      5  5000 ????
      6  5000 ????	       00 69	   VERSION_VCS =	105
      7  5000 ????
      8  5000 ????						; THIS IS A PRELIMINARY RELEASE OF *THE* "STANDARD" VCS.H
      9  5000 ????						; THIS FILE IS EXPLICITLY SUPPORTED AS A DASM-PREFERRED COMPANION FILE
     10  5000 ????						; PLEASE DO *NOT* REDISTRIBUTE THIS FILE!
     11  5000 ????						;
     12  5000 ????						; This file defines hardware registers and memory mapping for the
     13  5000 ????						; Atari 2600. It is distributed as a companion machine-specific support package
     14  5000 ????						; for the DASM compiler. Updates to this file, DASM, and associated tools are
     15  5000 ????						; available at at http://www.atari2600.org/dasm
     16  5000 ????						;
     17  5000 ????						; Many thanks to the original author(s) of this file, and to everyone who has
     18  5000 ????						; contributed to understanding the Atari 2600.  If you take issue with the
     19  5000 ????						; contents, or naming of registers, please write to me (atari2600@taswegian.com)
     20  5000 ????						; with your views.  Please contribute, if you think you can improve this
     21  5000 ????						; file!
     22  5000 ????						;
     23  5000 ????						; Latest Revisions...
     24  5000 ????						; 1.05  13/NOV/2003	  - Correction to 1.04 - now functions as requested by MR.
     25  5000 ????						;			  - Added VERSION_VCS equate (which will reflect 100x version #)
     26  5000 ????						;			    This will allow conditional code to verify VCS.H being
     27  5000 ????						;			    used for code assembly.
     28  5000 ????						; 1.04  12/NOV/2003	 Added TIA_BASE_WRITE_ADDRESS and TIA_BASE_READ_ADDRESS for
     29  5000 ????						;			 convenient disassembly/reassembly compatibility for hardware
     30  5000 ????						;			 mirrored reading/writing differences.	This is more a 
     31  5000 ????						;			 readability issue, and binary compatibility with disassembled
     32  5000 ????						;			 and reassembled sources.  Per Manuel Rotschkar's suggestion.
     33  5000 ????						; 1.03  12/MAY/2003	 Added SEG segment at end of file to fix old-code compatibility
     34  5000 ????						;			 which was broken by the use of segments in this file, as
     35  5000 ????						;			 reported by Manuel Polik on [stella] 11/MAY/2003
     36  5000 ????						; 1.02  22/MAR/2003	 Added TIMINT($285)
     37  5000 ????						; 1.01				Constant offset added to allow use for 3F-style bankswitching
     38  5000 ????						;						 - define TIA_BASE_ADDRESS as $40 for Tigervision carts, otherwise
     39  5000 ????						;						   it is safe to leave it undefined, and the base address will
     40  5000 ????						;						   be set to 0.  Thanks to Eckhard Stolberg for the suggestion.
     41  5000 ????						;			    Note, may use -DLABEL=EXPRESSION to define TIA_BASE_ADDRESS
     42  5000 ????						;			  - register definitions are now generated through assignment
     43  5000 ????						;			    in uninitialised segments.	This allows a changeable base
     44  5000 ????						;			    address architecture.
     45  5000 ????						; 1.0	22/MAR/2003		Initial release
     46  5000 ????
     47  5000 ????
     48  5000 ????						;-------------------------------------------------------------------------------
     49  5000 ????
     50  5000 ????						; TIA_BASE_ADDRESS
     51  5000 ????						; The TIA_BASE_ADDRESS defines the base address of access to TIA registers.
     52  5000 ????						; Normally 0, the base address should (externally, before including this file)
     53  5000 ????						; be set to $40 when creating 3F-bankswitched (and other?) cartridges.
     54  5000 ????						; The reason is that this bankswitching scheme treats any access to locations
     55  5000 ????						; < $40 as a bankswitch.
     56  5000 ????
     57  5000 ????			  -	      IFNCONST	TIA_BASE_ADDRESS
     58  5000 ????			  -TIA_BASE_ADDRESS =	0
     59  5000 ????				      ENDIF
     60  5000 ????
     61  5000 ????						; Note: The address may be defined on the command-line using the -D switch, eg:
     62  5000 ????						; dasm.exe code.asm -DTIA_BASE_ADDRESS=$40 -f3 -v5 -ocode.bin
     63  5000 ????						; *OR* by declaring the label before including this file, eg:
     64  5000 ????						; TIA_BASE_ADDRESS = $40
     65  5000 ????						;   include "vcs.h"
     66  5000 ????
     67  5000 ????						; Alternate read/write address capability - allows for some disassembly compatibility
     68  5000 ????						; usage ; to allow reassembly to binary perfect copies).  This is essentially catering
     69  5000 ????						; for the mirrored ROM hardware registers.
     70  5000 ????
     71  5000 ????						; Usage: As per above, define the TIA_BASE_READ_ADDRESS and/or TIA_BASE_WRITE_ADDRESS
     72  5000 ????						; using the -D command-line switch, as required.  If the addresses are not defined, 
     73  5000 ????						; they defaut to the TIA_BASE_ADDRESS.
     74  5000 ????
     75  5000 ????			  -	      IFNCONST	TIA_BASE_READ_ADDRESS
     76  5000 ????			  -TIA_BASE_READ_ADDRESS =	TIA_BASE_ADDRESS
     77  5000 ????				      ENDIF
     78  5000 ????
     79  5000 ????			  -	      IFNCONST	TIA_BASE_WRITE_ADDRESS
     80  5000 ????			  -TIA_BASE_WRITE_ADDRESS =	TIA_BASE_ADDRESS
     81  5000 ????				      ENDIF
     82  5000 ????
     83  5000 ????						;-------------------------------------------------------------------------------
     84  5000 ????
     85 U002d ????				      SEG.U	TIA_REGISTERS_WRITE
     86 U0000					      ORG	TIA_BASE_WRITE_ADDRESS
     87 U0000
     88 U0000							; DO NOT CHANGE THE RELATIVE ORDERING OF REGISTERS!
     89 U0000
     90 U0000		       00	   VSYNC      ds	1	; $00	 0000 00x0   Vertical Sync Set-Clear
     91 U0001		       00	   VBLANK     ds	1	; $01	 xx00 00x0   Vertical Blank Set-Clear
     92 U0002		       00	   WSYNC      ds	1	; $02	 ---- ----   Wait for Horizontal Blank
     93 U0003		       00	   RSYNC      ds	1	; $03	 ---- ----   Reset Horizontal Sync Counter
     94 U0004		       00	   NUSIZ0     ds	1	; $04	 00xx 0xxx   Number-Size player/missle 0
     95 U0005		       00	   NUSIZ1     ds	1	; $05	 00xx 0xxx   Number-Size player/missle 1
     96 U0006		       00	   COLUP0     ds	1	; $06	 xxxx xxx0   Color-Luminance Player 0
     97 U0007		       00	   COLUP1     ds	1	; $07	 xxxx xxx0   Color-Luminance Player 1
     98 U0008		       00	   COLUPF     ds	1	; $08	 xxxx xxx0   Color-Luminance Playfield
     99 U0009		       00	   COLUBK     ds	1	; $09	 xxxx xxx0   Color-Luminance Background
    100 U000a		       00	   CTRLPF     ds	1	; $0A	 00xx 0xxx   Control Playfield, Ball, Collisions
    101 U000b		       00	   REFP0      ds	1	; $0B	 0000 x000   Reflection Player 0
    102 U000c		       00	   REFP1      ds	1	; $0C	 0000 x000   Reflection Player 1
    103 U000d		       00	   PF0	      ds	1	; $0D	 xxxx 0000   Playfield Register Byte 0
    104 U000e		       00	   PF1	      ds	1	; $0E	 xxxx xxxx   Playfield Register Byte 1
    105 U000f		       00	   PF2	      ds	1	; $0F	 xxxx xxxx   Playfield Register Byte 2
    106 U0010		       00	   RESP0      ds	1	; $10	 ---- ----   Reset Player 0
    107 U0011		       00	   RESP1      ds	1	; $11	 ---- ----   Reset Player 1
    108 U0012		       00	   RESM0      ds	1	; $12	 ---- ----   Reset Missle 0
    109 U0013		       00	   RESM1      ds	1	; $13	 ---- ----   Reset Missle 1
    110 U0014		       00	   RESBL      ds	1	; $14	 ---- ----   Reset Ball
    111 U0015		       00	   AUDC0      ds	1	; $15	 0000 xxxx   Audio Control 0
    112 U0016		       00	   AUDC1      ds	1	; $16	 0000 xxxx   Audio Control 1
    113 U0017		       00	   AUDF0      ds	1	; $17	 000x xxxx   Audio Frequency 0
    114 U0018		       00	   AUDF1      ds	1	; $18	 000x xxxx   Audio Frequency 1
    115 U0019		       00	   AUDV0      ds	1	; $19	 0000 xxxx   Audio Volume 0
    116 U001a		       00	   AUDV1      ds	1	; $1A	 0000 xxxx   Audio Volume 1
    117 U001b		       00	   GRP0       ds	1	; $1B	 xxxx xxxx   Graphics Register Player 0
    118 U001c		       00	   GRP1       ds	1	; $1C	 xxxx xxxx   Graphics Register Player 1
    119 U001d		       00	   ENAM0      ds	1	; $1D	 0000 00x0   Graphics Enable Missle 0
    120 U001e		       00	   ENAM1      ds	1	; $1E	 0000 00x0   Graphics Enable Missle 1
    121 U001f		       00	   ENABL      ds	1	; $1F	 0000 00x0   Graphics Enable Ball
    122 U0020		       00	   HMP0       ds	1	; $20	 xxxx 0000   Horizontal Motion Player 0
    123 U0021		       00	   HMP1       ds	1	; $21	 xxxx 0000   Horizontal Motion Player 1
    124 U0022		       00	   HMM0       ds	1	; $22	 xxxx 0000   Horizontal Motion Missle 0
    125 U0023		       00	   HMM1       ds	1	; $23	 xxxx 0000   Horizontal Motion Missle 1
    126 U0024		       00	   HMBL       ds	1	; $24	 xxxx 0000   Horizontal Motion Ball
    127 U0025		       00	   VDELP0     ds	1	; $25	 0000 000x   Vertical Delay Player 0
    128 U0026		       00	   VDELP1     ds	1	; $26	 0000 000x   Vertical Delay Player 1
    129 U0027		       00	   VDELBL     ds	1	; $27	 0000 000x   Vertical Delay Ball
    130 U0028		       00	   RESMP0     ds	1	; $28	 0000 00x0   Reset Missle 0 to Player 0
    131 U0029		       00	   RESMP1     ds	1	; $29	 0000 00x0   Reset Missle 1 to Player 1
    132 U002a		       00	   HMOVE      ds	1	; $2A	 ---- ----   Apply Horizontal Motion
    133 U002b		       00	   HMCLR      ds	1	; $2B	 ---- ----   Clear Horizontal Move Registers
    134 U002c		       00	   CXCLR      ds	1	; $2C	 ---- ----   Clear Collision Latches
    135 U002d
    136 U002d							;-------------------------------------------------------------------------------
    137 U002d
    138 U0010 ????				      SEG.U	TIA_REGISTERS_READ
    139 U0000					      ORG	TIA_BASE_READ_ADDRESS
    140 U0000
    141 U0000							;											bit 7	 bit 6
    142 U0000		       00	   CXM0P      ds	1	; $00	     xx00 0000	     Read Collision  M0-P1   M0-P0
    143 U0001		       00	   CXM1P      ds	1	; $01	     xx00 0000			     M1-P0   M1-P1
    144 U0002		       00	   CXP0FB     ds	1	; $02	     xx00 0000			     P0-PF   P0-BL
    145 U0003		       00	   CXP1FB     ds	1	; $03	     xx00 0000			     P1-PF   P1-BL
    146 U0004		       00	   CXM0FB     ds	1	; $04	     xx00 0000			     M0-PF   M0-BL
    147 U0005		       00	   CXM1FB     ds	1	; $05	     xx00 0000			     M1-PF   M1-BL
    148 U0006		       00	   CXBLPF     ds	1	; $06	     x000 0000			     BL-PF   -----
    149 U0007		       00	   CXPPMM     ds	1	; $07	     xx00 0000			     P0-P1   M0-M1
    150 U0008		       00	   INPT0      ds	1	; $08	     x000 0000	     Read Pot Port 0
    151 U0009		       00	   INPT1      ds	1	; $09	     x000 0000	     Read Pot Port 1
    152 U000a		       00	   INPT2      ds	1	; $0A	     x000 0000	     Read Pot Port 2
    153 U000b		       00	   INPT3      ds	1	; $0B	     x000 0000	     Read Pot Port 3
    154 U000c		       00	   INPT4      ds	1	; $0C		x000 0000	 Read Input (Trigger) 0
    155 U000d		       00	   INPT5      ds	1	; $0D		x000 0000	 Read Input (Trigger) 1
    156 U000e
    157 U000e							;Used by PXE for Quadtari support
    158 U000e		       00	   INPT6      ds	1	; $0E		x000 0000	 Read Input (Trigger) 2
    159 U000f		       00	   INPT7      ds	1	; $0F		x000 0000	 Read Input (Trigger) 3
    160 U0010
    161 U0010							;-------------------------------------------------------------------------------
    162 U0010
    163 U0298 ????				      SEG.U	RIOT
    164 U0280					      ORG	$280
    165 U0280
    166 U0280							; RIOT MEMORY MAP
    167 U0280
    168 U0280		       00	   SWCHA      ds	1	; $280      Port A data register for joysticks:
    169 U0281							;			Bits 4-7 for player 1.  Bits 0-3 for player 2.
    170 U0281
    171 U0281		       00	   SWACNT     ds	1	; $281      Port A data direction register (DDR)
    172 U0282		       00	   SWCHB      ds	1	; $282		Port B data (console switches)
    173 U0283		       00	   SWBCNT     ds	1	; $283      Port B DDR
    174 U0284		       00	   INTIM      ds	1	; $284		Timer output
    175 U0285
    176 U0285		       00	   TIMINT     ds	1	; $285
    177 U0286
    178 U0286		       00	   SWCHA2     ds	1	; $286		Used by PXE for Quadtari support
    179 U0287
    180 U0287							; Unused/undefined registers ($287-$294)
    181 U0287		       00		      ds	1	; $287
    182 U0288		       00		      ds	1	; $288
    183 U0289		       00		      ds	1	; $289
    184 U028a		       00		      ds	1	; $28A
    185 U028b		       00		      ds	1	; $28B
    186 U028c		       00		      ds	1	; $28C
    187 U028d		       00		      ds	1	; $28D
    188 U028e		       00		      ds	1	; $28E
    189 U028f		       00		      ds	1	; $28F
    190 U0290
    191 U0290							; Used by PXE to make "on JOYx_DIR gosub" faster and smaller
    192 U0290		       00	   JOY0_DIR   ds	1	; $290
    193 U0291		       00	   JOY1_DIR   ds	1	; $291
    194 U0292		       00	   JOY2_DIR   ds	1	; $292
    195 U0293		       00	   JOY3_DIR   ds	1	; $293
    196 U0294
    197 U0294		       00	   TIM1T      ds	1	; $294		set 1 clock interval
    198 U0295		       00	   TIM8T      ds	1	; $295      set 8 clock interval
    199 U0296		       00	   TIM64T     ds	1	; $296      set 64 clock interval
    200 U0297		       00	   T1024T     ds	1	; $297      set 1024 clock interval
    201 U0298
    202 U0298							;-------------------------------------------------------------------------------
    203 U0298							; The following required for back-compatibility with code which does not use
    204 U0298							; segments.
    205 U0298
    206  5000 ????				      SEG
    207  5000 ????
    208  5000 ????						; EOF
------- FILE split_adv4.bas.asm
------- FILE macro.h LEVEL 2 PASS 2
      0  5000 ????				      include	"macro.h"
      1  5000 ????						; Provided under the CC0 license. See the included LICENSE.txt for details.
      2  5000 ????
      3  5000 ????						; MACRO.H
      4  5000 ????						; Version 1.05, 13/NOVEMBER/2003
      5  5000 ????
      6  5000 ????	       00 69	   VERSION_MACRO =	105
      7  5000 ????
      8  5000 ????						;
      9  5000 ????						; THIS FILE IS EXPLICITLY SUPPORTED AS A DASM-PREFERRED COMPANION FILE
     10  5000 ????						; PLEASE DO *NOT* REDISTRIBUTE MODIFIED VERSIONS OF THIS FILE!
     11  5000 ????						;
     12  5000 ????						; This file defines DASM macros useful for development for the Atari 2600.
     13  5000 ????						; It is distributed as a companion machine-specific support package
     14  5000 ????						; for the DASM compiler. Updates to this file, DASM, and associated tools are
     15  5000 ????						; available at at http://www.atari2600.org/dasm
     16  5000 ????						;
     17  5000 ????						; Many thanks to the people who have contributed.  If you take issue with the
     18  5000 ????						; contents, or would like to add something, please write to me
     19  5000 ????						; (atari2600@taswegian.com) with your contribution.
     20  5000 ????						;
     21  5000 ????						; Latest Revisions...
     22  5000 ????						;
     23  5000 ????						; 1.05  14/NOV/2003	  - Added VERSION_MACRO equate (which will reflect 100x version #)
     24  5000 ????						;			    This will allow conditional code to verify MACRO.H being
     25  5000 ????						;			    used for code assembly.
     26  5000 ????						; 1.04  13/NOV/2003	 - SET_POINTER macro added (16-bit address load)
     27  5000 ????						;
     28  5000 ????						; 1.03  23/JUN/2003	 - CLEAN_START macro added - clears TIA, RAM, registers
     29  5000 ????						;
     30  5000 ????						; 1.02  14/JUN/2003	 - VERTICAL_SYNC macro added
     31  5000 ????						;			   (standardised macro for vertical synch code)
     32  5000 ????						; 1.01  22/MAR/2003	 - SLEEP macro added. 
     33  5000 ????						;			 - NO_ILLEGAL_OPCODES switch implemented
     34  5000 ????						; 1.0	22/MAR/2003		Initial release
     35  5000 ????
     36  5000 ????						; Note: These macros use illegal opcodes.  To disable illegal opcode usage, 
     37  5000 ????						;   define the symbol NO_ILLEGAL_OPCODES (-DNO_ILLEGAL_OPCODES=1 on command-line).
     38  5000 ????						;   If you do not allow illegal opcode usage, you must include this file 
     39  5000 ????						;   *after* including VCS.H (as the non-illegal opcodes access hardware
     40  5000 ????						;   registers and require them to be defined first).
     41  5000 ????
     42  5000 ????						; Available macros...
     43  5000 ????						;   SLEEP n		 - sleep for n cycles
     44  5000 ????						;   VERTICAL_SYNC	 - correct 3 scanline vertical synch code
     45  5000 ????						;   CLEAN_START	 - set machine to known state on startup
     46  5000 ????						;   SET_POINTER	 - load a 16-bit absolute to a 16-bit variable
     47  5000 ????
     48  5000 ????						;-------------------------------------------------------------------------------
     49  5000 ????						; SLEEP duration
     50  5000 ????						; Original author: Thomas Jentzsch
     51  5000 ????						; Inserts code which takes the specified number of cycles to execute.	This is
     52  5000 ????						; useful for code where precise timing is required.
     53  5000 ????						; ILLEGAL-OPCODE VERSION DOES NOT AFFECT FLAGS OR REGISTERS.
     54  5000 ????						; LEGAL OPCODE VERSION MAY AFFECT FLAGS
     55  5000 ????						; Uses illegal opcode (DASM 2.20.01 onwards).
     56  5000 ????
     57  5000 ????				      MAC	sleep
     58  5000 ????			   .CYCLES    SET	{1}
     59  5000 ????
     60  5000 ????				      IF	.CYCLES < 2
     61  5000 ????				      ECHO	"MACRO ERROR: 'SLEEP': Duration must be > 1"
     62  5000 ????				      ERR
     63  5000 ????				      ENDIF
     64  5000 ????
     65  5000 ????				      IF	.CYCLES & 1
     66  5000 ????				      IFNCONST	NO_ILLEGAL_OPCODES
     67  5000 ????				      nop	0
     68  5000 ????				      ELSE
     69  5000 ????				      bit	VSYNC
     70  5000 ????				      ENDIF
     71  5000 ????			   .CYCLES    SET	.CYCLES - 3
     72  5000 ????				      ENDIF
     73  5000 ????
     74  5000 ????				      REPEAT	.CYCLES / 2
     75  5000 ????				      nop
     76  5000 ????				      REPEND
     77  5000 ????				      ENDM		;usage: SLEEP n (n>1)
     78  5000 ????
     79  5000 ????						;-------------------------------------------------------------------------------
     80  5000 ????						; VERTICAL_SYNC
     81  5000 ????						; Original author: Manuel Polik
     82  5000 ????						; Inserts the code required for a proper 3 scannline 
     83  5000 ????						; vertical sync sequence
     84  5000 ????						;
     85  5000 ????						; Note: Alters the accumulator
     86  5000 ????						;
     87  5000 ????						; IN:
     88  5000 ????						; OUT: A = 1
     89  5000 ????
     90  5000 ????				      MAC	vertical_sync
     91  5000 ????				      LDA	#$02	; A = VSYNC enable
     92  5000 ????				      STA	WSYNC	; Finish current line
     93  5000 ????				      STA	VSYNC	; Start vertical sync
     94  5000 ????				      STA	WSYNC	; 1st line vertical sync
     95  5000 ????				      STA	WSYNC	; 2nd line vertical sync
     96  5000 ????				      LSR		; A = VSYNC disable
     97  5000 ????				      STA	WSYNC	; 3rd line vertical sync
     98  5000 ????				      STA	VSYNC	; Stop vertical sync
     99  5000 ????				      ENDM
    100  5000 ????
    101  5000 ????						;-------------------------------------------------------------------------------
    102  5000 ????						; CLEAN_START
    103  5000 ????						; Original author: Andrew Davie
    104  5000 ????						; Standardised start-up code, clears stack, all TIA registers and RAM to 0
    105  5000 ????						; Sets stack pointer to $FF, and all registers to 0
    106  5000 ????						; Sets decimal mode off, sets interrupt flag (kind of un-necessary)
    107  5000 ????						; Use as very first section of code on boot (ie: at reset)
    108  5000 ????						; Code written to minimise total ROM usage - uses weird 6502 knowledge :)
    109  5000 ????
    110  5000 ????				      MAC	clean_start
    111  5000 ????				      sei
    112  5000 ????				      cld
    113  5000 ????
    114  5000 ????				      ldx	#0
    115  5000 ????				      txa
    116  5000 ????				      tay
    117  5000 ????			   .CLEAR_STACK dex
    118  5000 ????				      txs
    119  5000 ????				      pha
    120  5000 ????				      bne	.CLEAR_STACK	; SP=$FF, X = A = Y = 0
    121  5000 ????
    122  5000 ????				      ENDM
    123  5000 ????
    124  5000 ????						;-------------------------------------------------------
    125  5000 ????						; SET_POINTER
    126  5000 ????						; Original author: Manuel Rotschkar
    127  5000 ????						;
    128  5000 ????						; Sets a 2 byte RAM pointer to an absolute address.
    129  5000 ????						;
    130  5000 ????						; Usage: SET_POINTER pointer, address
    131  5000 ????						; Example: SET_POINTER SpritePTR, SpriteData
    132  5000 ????						;
    133  5000 ????						; Note: Alters the accumulator, NZ flags
    134  5000 ????						; IN 1: 2 byte RAM location reserved for pointer
    135  5000 ????						; IN 2: absolute address
    136  5000 ????
    137  5000 ????				      MAC	set_pointer
    138  5000 ????			   .POINTER   SET	{1}
    139  5000 ????			   .ADDRESS   SET	{2}
    140  5000 ????
    141  5000 ????				      LDA	#<.ADDRESS	; Get Lowbyte of Address
    142  5000 ????				      STA	.POINTER	; Store in pointer
    143  5000 ????				      LDA	#>.ADDRESS	; Get Hibyte of Address
    144  5000 ????				      STA	.POINTER+1	; Store in pointer+1
    145  5000 ????
    146  5000 ????				      ENDM
    147  5000 ????
    148  5000 ????						; EOF
------- FILE split_adv4.bas.asm
------- FILE 2600basic.h LEVEL 2 PASS 2
      0  5000 ????				      include	"2600basic.h"
      1  5000 ????						; Provided under the CC0 license. See the included LICENSE.txt for details.
      2  5000 ????
      3  5000 ????				      processor	6502
------- FILE vcs.h LEVEL 3 PASS 2
      0  5000 ????				      include	"vcs.h"
      1  5000 ????						; Provided under the CC0 license. See the included LICENSE.txt for details.
      2  5000 ????
      3  5000 ????						; VCS.H
      4  5000 ????						; Version 1.05, 13/November/2003
      5  5000 ????
      6  5000 ????	       00 69	   VERSION_VCS =	105
      7  5000 ????
      8  5000 ????						; THIS IS A PRELIMINARY RELEASE OF *THE* "STANDARD" VCS.H
      9  5000 ????						; THIS FILE IS EXPLICITLY SUPPORTED AS A DASM-PREFERRED COMPANION FILE
     10  5000 ????						; PLEASE DO *NOT* REDISTRIBUTE THIS FILE!
     11  5000 ????						;
     12  5000 ????						; This file defines hardware registers and memory mapping for the
     13  5000 ????						; Atari 2600. It is distributed as a companion machine-specific support package
     14  5000 ????						; for the DASM compiler. Updates to this file, DASM, and associated tools are
     15  5000 ????						; available at at http://www.atari2600.org/dasm
     16  5000 ????						;
     17  5000 ????						; Many thanks to the original author(s) of this file, and to everyone who has
     18  5000 ????						; contributed to understanding the Atari 2600.  If you take issue with the
     19  5000 ????						; contents, or naming of registers, please write to me (atari2600@taswegian.com)
     20  5000 ????						; with your views.  Please contribute, if you think you can improve this
     21  5000 ????						; file!
     22  5000 ????						;
     23  5000 ????						; Latest Revisions...
     24  5000 ????						; 1.05  13/NOV/2003	  - Correction to 1.04 - now functions as requested by MR.
     25  5000 ????						;			  - Added VERSION_VCS equate (which will reflect 100x version #)
     26  5000 ????						;			    This will allow conditional code to verify VCS.H being
     27  5000 ????						;			    used for code assembly.
     28  5000 ????						; 1.04  12/NOV/2003	 Added TIA_BASE_WRITE_ADDRESS and TIA_BASE_READ_ADDRESS for
     29  5000 ????						;			 convenient disassembly/reassembly compatibility for hardware
     30  5000 ????						;			 mirrored reading/writing differences.	This is more a 
     31  5000 ????						;			 readability issue, and binary compatibility with disassembled
     32  5000 ????						;			 and reassembled sources.  Per Manuel Rotschkar's suggestion.
     33  5000 ????						; 1.03  12/MAY/2003	 Added SEG segment at end of file to fix old-code compatibility
     34  5000 ????						;			 which was broken by the use of segments in this file, as
     35  5000 ????						;			 reported by Manuel Polik on [stella] 11/MAY/2003
     36  5000 ????						; 1.02  22/MAR/2003	 Added TIMINT($285)
     37  5000 ????						; 1.01				Constant offset added to allow use for 3F-style bankswitching
     38  5000 ????						;						 - define TIA_BASE_ADDRESS as $40 for Tigervision carts, otherwise
     39  5000 ????						;						   it is safe to leave it undefined, and the base address will
     40  5000 ????						;						   be set to 0.  Thanks to Eckhard Stolberg for the suggestion.
     41  5000 ????						;			    Note, may use -DLABEL=EXPRESSION to define TIA_BASE_ADDRESS
     42  5000 ????						;			  - register definitions are now generated through assignment
     43  5000 ????						;			    in uninitialised segments.	This allows a changeable base
     44  5000 ????						;			    address architecture.
     45  5000 ????						; 1.0	22/MAR/2003		Initial release
     46  5000 ????
     47  5000 ????
     48  5000 ????						;-------------------------------------------------------------------------------
     49  5000 ????
     50  5000 ????						; TIA_BASE_ADDRESS
     51  5000 ????						; The TIA_BASE_ADDRESS defines the base address of access to TIA registers.
     52  5000 ????						; Normally 0, the base address should (externally, before including this file)
     53  5000 ????						; be set to $40 when creating 3F-bankswitched (and other?) cartridges.
     54  5000 ????						; The reason is that this bankswitching scheme treats any access to locations
     55  5000 ????						; < $40 as a bankswitch.
     56  5000 ????
     57  5000 ????			  -	      IFNCONST	TIA_BASE_ADDRESS
     58  5000 ????			  -TIA_BASE_ADDRESS =	0
     59  5000 ????				      ENDIF
     60  5000 ????
     61  5000 ????						; Note: The address may be defined on the command-line using the -D switch, eg:
     62  5000 ????						; dasm.exe code.asm -DTIA_BASE_ADDRESS=$40 -f3 -v5 -ocode.bin
     63  5000 ????						; *OR* by declaring the label before including this file, eg:
     64  5000 ????						; TIA_BASE_ADDRESS = $40
     65  5000 ????						;   include "vcs.h"
     66  5000 ????
     67  5000 ????						; Alternate read/write address capability - allows for some disassembly compatibility
     68  5000 ????						; usage ; to allow reassembly to binary perfect copies).  This is essentially catering
     69  5000 ????						; for the mirrored ROM hardware registers.
     70  5000 ????
     71  5000 ????						; Usage: As per above, define the TIA_BASE_READ_ADDRESS and/or TIA_BASE_WRITE_ADDRESS
     72  5000 ????						; using the -D command-line switch, as required.  If the addresses are not defined, 
     73  5000 ????						; they defaut to the TIA_BASE_ADDRESS.
     74  5000 ????
     75  5000 ????			  -	      IFNCONST	TIA_BASE_READ_ADDRESS
     76  5000 ????			  -TIA_BASE_READ_ADDRESS =	TIA_BASE_ADDRESS
     77  5000 ????				      ENDIF
     78  5000 ????
     79  5000 ????			  -	      IFNCONST	TIA_BASE_WRITE_ADDRESS
     80  5000 ????			  -TIA_BASE_WRITE_ADDRESS =	TIA_BASE_ADDRESS
     81  5000 ????				      ENDIF
     82  5000 ????
     83  5000 ????						;-------------------------------------------------------------------------------
     84  5000 ????
     85 U002d					      SEG.U	TIA_REGISTERS_WRITE
     86 U0000					      ORG	TIA_BASE_WRITE_ADDRESS
     87 U0000
     88 U0000							; DO NOT CHANGE THE RELATIVE ORDERING OF REGISTERS!
     89 U0000
     90 U0000		       00	   VSYNC      ds	1	; $00	 0000 00x0   Vertical Sync Set-Clear
     91 U0001		       00	   VBLANK     ds	1	; $01	 xx00 00x0   Vertical Blank Set-Clear
     92 U0002		       00	   WSYNC      ds	1	; $02	 ---- ----   Wait for Horizontal Blank
     93 U0003		       00	   RSYNC      ds	1	; $03	 ---- ----   Reset Horizontal Sync Counter
     94 U0004		       00	   NUSIZ0     ds	1	; $04	 00xx 0xxx   Number-Size player/missle 0
     95 U0005		       00	   NUSIZ1     ds	1	; $05	 00xx 0xxx   Number-Size player/missle 1
     96 U0006		       00	   COLUP0     ds	1	; $06	 xxxx xxx0   Color-Luminance Player 0
     97 U0007		       00	   COLUP1     ds	1	; $07	 xxxx xxx0   Color-Luminance Player 1
     98 U0008		       00	   COLUPF     ds	1	; $08	 xxxx xxx0   Color-Luminance Playfield
     99 U0009		       00	   COLUBK     ds	1	; $09	 xxxx xxx0   Color-Luminance Background
    100 U000a		       00	   CTRLPF     ds	1	; $0A	 00xx 0xxx   Control Playfield, Ball, Collisions
    101 U000b		       00	   REFP0      ds	1	; $0B	 0000 x000   Reflection Player 0
    102 U000c		       00	   REFP1      ds	1	; $0C	 0000 x000   Reflection Player 1
    103 U000d		       00	   PF0	      ds	1	; $0D	 xxxx 0000   Playfield Register Byte 0
    104 U000e		       00	   PF1	      ds	1	; $0E	 xxxx xxxx   Playfield Register Byte 1
    105 U000f		       00	   PF2	      ds	1	; $0F	 xxxx xxxx   Playfield Register Byte 2
    106 U0010		       00	   RESP0      ds	1	; $10	 ---- ----   Reset Player 0
    107 U0011		       00	   RESP1      ds	1	; $11	 ---- ----   Reset Player 1
    108 U0012		       00	   RESM0      ds	1	; $12	 ---- ----   Reset Missle 0
    109 U0013		       00	   RESM1      ds	1	; $13	 ---- ----   Reset Missle 1
    110 U0014		       00	   RESBL      ds	1	; $14	 ---- ----   Reset Ball
    111 U0015		       00	   AUDC0      ds	1	; $15	 0000 xxxx   Audio Control 0
    112 U0016		       00	   AUDC1      ds	1	; $16	 0000 xxxx   Audio Control 1
    113 U0017		       00	   AUDF0      ds	1	; $17	 000x xxxx   Audio Frequency 0
    114 U0018		       00	   AUDF1      ds	1	; $18	 000x xxxx   Audio Frequency 1
    115 U0019		       00	   AUDV0      ds	1	; $19	 0000 xxxx   Audio Volume 0
    116 U001a		       00	   AUDV1      ds	1	; $1A	 0000 xxxx   Audio Volume 1
    117 U001b		       00	   GRP0       ds	1	; $1B	 xxxx xxxx   Graphics Register Player 0
    118 U001c		       00	   GRP1       ds	1	; $1C	 xxxx xxxx   Graphics Register Player 1
    119 U001d		       00	   ENAM0      ds	1	; $1D	 0000 00x0   Graphics Enable Missle 0
    120 U001e		       00	   ENAM1      ds	1	; $1E	 0000 00x0   Graphics Enable Missle 1
    121 U001f		       00	   ENABL      ds	1	; $1F	 0000 00x0   Graphics Enable Ball
    122 U0020		       00	   HMP0       ds	1	; $20	 xxxx 0000   Horizontal Motion Player 0
    123 U0021		       00	   HMP1       ds	1	; $21	 xxxx 0000   Horizontal Motion Player 1
    124 U0022		       00	   HMM0       ds	1	; $22	 xxxx 0000   Horizontal Motion Missle 0
    125 U0023		       00	   HMM1       ds	1	; $23	 xxxx 0000   Horizontal Motion Missle 1
    126 U0024		       00	   HMBL       ds	1	; $24	 xxxx 0000   Horizontal Motion Ball
    127 U0025		       00	   VDELP0     ds	1	; $25	 0000 000x   Vertical Delay Player 0
    128 U0026		       00	   VDELP1     ds	1	; $26	 0000 000x   Vertical Delay Player 1
    129 U0027		       00	   VDELBL     ds	1	; $27	 0000 000x   Vertical Delay Ball
    130 U0028		       00	   RESMP0     ds	1	; $28	 0000 00x0   Reset Missle 0 to Player 0
    131 U0029		       00	   RESMP1     ds	1	; $29	 0000 00x0   Reset Missle 1 to Player 1
    132 U002a		       00	   HMOVE      ds	1	; $2A	 ---- ----   Apply Horizontal Motion
    133 U002b		       00	   HMCLR      ds	1	; $2B	 ---- ----   Clear Horizontal Move Registers
    134 U002c		       00	   CXCLR      ds	1	; $2C	 ---- ----   Clear Collision Latches
    135 U002d
    136 U002d							;-------------------------------------------------------------------------------
    137 U002d
    138 U0010					      SEG.U	TIA_REGISTERS_READ
    139 U0000					      ORG	TIA_BASE_READ_ADDRESS
    140 U0000
    141 U0000							;											bit 7	 bit 6
    142 U0000		       00	   CXM0P      ds	1	; $00	     xx00 0000	     Read Collision  M0-P1   M0-P0
    143 U0001		       00	   CXM1P      ds	1	; $01	     xx00 0000			     M1-P0   M1-P1
    144 U0002		       00	   CXP0FB     ds	1	; $02	     xx00 0000			     P0-PF   P0-BL
    145 U0003		       00	   CXP1FB     ds	1	; $03	     xx00 0000			     P1-PF   P1-BL
    146 U0004		       00	   CXM0FB     ds	1	; $04	     xx00 0000			     M0-PF   M0-BL
    147 U0005		       00	   CXM1FB     ds	1	; $05	     xx00 0000			     M1-PF   M1-BL
    148 U0006		       00	   CXBLPF     ds	1	; $06	     x000 0000			     BL-PF   -----
    149 U0007		       00	   CXPPMM     ds	1	; $07	     xx00 0000			     P0-P1   M0-M1
    150 U0008		       00	   INPT0      ds	1	; $08	     x000 0000	     Read Pot Port 0
    151 U0009		       00	   INPT1      ds	1	; $09	     x000 0000	     Read Pot Port 1
    152 U000a		       00	   INPT2      ds	1	; $0A	     x000 0000	     Read Pot Port 2
    153 U000b		       00	   INPT3      ds	1	; $0B	     x000 0000	     Read Pot Port 3
    154 U000c		       00	   INPT4      ds	1	; $0C		x000 0000	 Read Input (Trigger) 0
    155 U000d		       00	   INPT5      ds	1	; $0D		x000 0000	 Read Input (Trigger) 1
    156 U000e
    157 U000e							;Used by PXE for Quadtari support
    158 U000e		       00	   INPT6      ds	1	; $0E		x000 0000	 Read Input (Trigger) 2
    159 U000f		       00	   INPT7      ds	1	; $0F		x000 0000	 Read Input (Trigger) 3
    160 U0010
    161 U0010							;-------------------------------------------------------------------------------
    162 U0010
    163 U0298					      SEG.U	RIOT
    164 U0280					      ORG	$280
    165 U0280
    166 U0280							; RIOT MEMORY MAP
    167 U0280
    168 U0280		       00	   SWCHA      ds	1	; $280      Port A data register for joysticks:
    169 U0281							;			Bits 4-7 for player 1.  Bits 0-3 for player 2.
    170 U0281
    171 U0281		       00	   SWACNT     ds	1	; $281      Port A data direction register (DDR)
    172 U0282		       00	   SWCHB      ds	1	; $282		Port B data (console switches)
    173 U0283		       00	   SWBCNT     ds	1	; $283      Port B DDR
    174 U0284		       00	   INTIM      ds	1	; $284		Timer output
    175 U0285
    176 U0285		       00	   TIMINT     ds	1	; $285
    177 U0286
    178 U0286		       00	   SWCHA2     ds	1	; $286		Used by PXE for Quadtari support
    179 U0287
    180 U0287							; Unused/undefined registers ($287-$294)
    181 U0287		       00		      ds	1	; $287
    182 U0288		       00		      ds	1	; $288
    183 U0289		       00		      ds	1	; $289
    184 U028a		       00		      ds	1	; $28A
    185 U028b		       00		      ds	1	; $28B
    186 U028c		       00		      ds	1	; $28C
    187 U028d		       00		      ds	1	; $28D
    188 U028e		       00		      ds	1	; $28E
    189 U028f		       00		      ds	1	; $28F
    190 U0290
    191 U0290							; Used by PXE to make "on JOYx_DIR gosub" faster and smaller
    192 U0290		       00	   JOY0_DIR   ds	1	; $290
    193 U0291		       00	   JOY1_DIR   ds	1	; $291
    194 U0292		       00	   JOY2_DIR   ds	1	; $292
    195 U0293		       00	   JOY3_DIR   ds	1	; $293
    196 U0294
    197 U0294		       00	   TIM1T      ds	1	; $294		set 1 clock interval
    198 U0295		       00	   TIM8T      ds	1	; $295      set 8 clock interval
    199 U0296		       00	   TIM64T     ds	1	; $296      set 64 clock interval
    200 U0297		       00	   T1024T     ds	1	; $297      set 1024 clock interval
    201 U0298
    202 U0298							;-------------------------------------------------------------------------------
    203 U0298							; The following required for back-compatibility with code which does not use
    204 U0298							; segments.
    205 U0298
    206  5000 ????				      SEG
    207  5000 ????
    208  5000 ????						; EOF
------- FILE 2600basic.h
------- FILE macro.h LEVEL 3 PASS 2
      0  5000 ????				      include	"macro.h"
      1  5000 ????						; Provided under the CC0 license. See the included LICENSE.txt for details.
      2  5000 ????
      3  5000 ????						; MACRO.H
      4  5000 ????						; Version 1.05, 13/NOVEMBER/2003
      5  5000 ????
      6  5000 ????	       00 69	   VERSION_MACRO =	105
      7  5000 ????
      8  5000 ????						;
      9  5000 ????						; THIS FILE IS EXPLICITLY SUPPORTED AS A DASM-PREFERRED COMPANION FILE
     10  5000 ????						; PLEASE DO *NOT* REDISTRIBUTE MODIFIED VERSIONS OF THIS FILE!
     11  5000 ????						;
     12  5000 ????						; This file defines DASM macros useful for development for the Atari 2600.
     13  5000 ????						; It is distributed as a companion machine-specific support package
     14  5000 ????						; for the DASM compiler. Updates to this file, DASM, and associated tools are
     15  5000 ????						; available at at http://www.atari2600.org/dasm
     16  5000 ????						;
     17  5000 ????						; Many thanks to the people who have contributed.  If you take issue with the
     18  5000 ????						; contents, or would like to add something, please write to me
     19  5000 ????						; (atari2600@taswegian.com) with your contribution.
     20  5000 ????						;
     21  5000 ????						; Latest Revisions...
     22  5000 ????						;
     23  5000 ????						; 1.05  14/NOV/2003	  - Added VERSION_MACRO equate (which will reflect 100x version #)
     24  5000 ????						;			    This will allow conditional code to verify MACRO.H being
     25  5000 ????						;			    used for code assembly.
     26  5000 ????						; 1.04  13/NOV/2003	 - SET_POINTER macro added (16-bit address load)
     27  5000 ????						;
     28  5000 ????						; 1.03  23/JUN/2003	 - CLEAN_START macro added - clears TIA, RAM, registers
     29  5000 ????						;
     30  5000 ????						; 1.02  14/JUN/2003	 - VERTICAL_SYNC macro added
     31  5000 ????						;			   (standardised macro for vertical synch code)
     32  5000 ????						; 1.01  22/MAR/2003	 - SLEEP macro added. 
     33  5000 ????						;			 - NO_ILLEGAL_OPCODES switch implemented
     34  5000 ????						; 1.0	22/MAR/2003		Initial release
     35  5000 ????
     36  5000 ????						; Note: These macros use illegal opcodes.  To disable illegal opcode usage, 
     37  5000 ????						;   define the symbol NO_ILLEGAL_OPCODES (-DNO_ILLEGAL_OPCODES=1 on command-line).
     38  5000 ????						;   If you do not allow illegal opcode usage, you must include this file 
     39  5000 ????						;   *after* including VCS.H (as the non-illegal opcodes access hardware
     40  5000 ????						;   registers and require them to be defined first).
     41  5000 ????
     42  5000 ????						; Available macros...
     43  5000 ????						;   SLEEP n		 - sleep for n cycles
     44  5000 ????						;   VERTICAL_SYNC	 - correct 3 scanline vertical synch code
     45  5000 ????						;   CLEAN_START	 - set machine to known state on startup
     46  5000 ????						;   SET_POINTER	 - load a 16-bit absolute to a 16-bit variable
     47  5000 ????
     48  5000 ????						;-------------------------------------------------------------------------------
     49  5000 ????						; SLEEP duration
     50  5000 ????						; Original author: Thomas Jentzsch
     51  5000 ????						; Inserts code which takes the specified number of cycles to execute.	This is
     52  5000 ????						; useful for code where precise timing is required.
     53  5000 ????						; ILLEGAL-OPCODE VERSION DOES NOT AFFECT FLAGS OR REGISTERS.
     54  5000 ????						; LEGAL OPCODE VERSION MAY AFFECT FLAGS
     55  5000 ????						; Uses illegal opcode (DASM 2.20.01 onwards).
     56  5000 ????
     57  5000 ????				      MAC	sleep
     58  5000 ????			   .CYCLES    SET	{1}
     59  5000 ????
     60  5000 ????				      IF	.CYCLES < 2
     61  5000 ????				      ECHO	"MACRO ERROR: 'SLEEP': Duration must be > 1"
     62  5000 ????				      ERR
     63  5000 ????				      ENDIF
     64  5000 ????
     65  5000 ????				      IF	.CYCLES & 1
     66  5000 ????				      IFNCONST	NO_ILLEGAL_OPCODES
     67  5000 ????				      nop	0
     68  5000 ????				      ELSE
     69  5000 ????				      bit	VSYNC
     70  5000 ????				      ENDIF
     71  5000 ????			   .CYCLES    SET	.CYCLES - 3
     72  5000 ????				      ENDIF
     73  5000 ????
     74  5000 ????				      REPEAT	.CYCLES / 2
     75  5000 ????				      nop
     76  5000 ????				      REPEND
     77  5000 ????				      ENDM		;usage: SLEEP n (n>1)
     78  5000 ????
     79  5000 ????						;-------------------------------------------------------------------------------
     80  5000 ????						; VERTICAL_SYNC
     81  5000 ????						; Original author: Manuel Polik
     82  5000 ????						; Inserts the code required for a proper 3 scannline 
     83  5000 ????						; vertical sync sequence
     84  5000 ????						;
     85  5000 ????						; Note: Alters the accumulator
     86  5000 ????						;
     87  5000 ????						; IN:
     88  5000 ????						; OUT: A = 1
     89  5000 ????
     90  5000 ????				      MAC	vertical_sync
     91  5000 ????				      LDA	#$02	; A = VSYNC enable
     92  5000 ????				      STA	WSYNC	; Finish current line
     93  5000 ????				      STA	VSYNC	; Start vertical sync
     94  5000 ????				      STA	WSYNC	; 1st line vertical sync
     95  5000 ????				      STA	WSYNC	; 2nd line vertical sync
     96  5000 ????				      LSR		; A = VSYNC disable
     97  5000 ????				      STA	WSYNC	; 3rd line vertical sync
     98  5000 ????				      STA	VSYNC	; Stop vertical sync
     99  5000 ????				      ENDM
    100  5000 ????
    101  5000 ????						;-------------------------------------------------------------------------------
    102  5000 ????						; CLEAN_START
    103  5000 ????						; Original author: Andrew Davie
    104  5000 ????						; Standardised start-up code, clears stack, all TIA registers and RAM to 0
    105  5000 ????						; Sets stack pointer to $FF, and all registers to 0
    106  5000 ????						; Sets decimal mode off, sets interrupt flag (kind of un-necessary)
    107  5000 ????						; Use as very first section of code on boot (ie: at reset)
    108  5000 ????						; Code written to minimise total ROM usage - uses weird 6502 knowledge :)
    109  5000 ????
    110  5000 ????				      MAC	clean_start
    111  5000 ????				      sei
    112  5000 ????				      cld
    113  5000 ????
    114  5000 ????				      ldx	#0
    115  5000 ????				      txa
    116  5000 ????				      tay
    117  5000 ????			   .CLEAR_STACK dex
    118  5000 ????				      txs
    119  5000 ????				      pha
    120  5000 ????				      bne	.CLEAR_STACK	; SP=$FF, X = A = Y = 0
    121  5000 ????
    122  5000 ????				      ENDM
    123  5000 ????
    124  5000 ????						;-------------------------------------------------------
    125  5000 ????						; SET_POINTER
    126  5000 ????						; Original author: Manuel Rotschkar
    127  5000 ????						;
    128  5000 ????						; Sets a 2 byte RAM pointer to an absolute address.
    129  5000 ????						;
    130  5000 ????						; Usage: SET_POINTER pointer, address
    131  5000 ????						; Example: SET_POINTER SpritePTR, SpriteData
    132  5000 ????						;
    133  5000 ????						; Note: Alters the accumulator, NZ flags
    134  5000 ????						; IN 1: 2 byte RAM location reserved for pointer
    135  5000 ????						; IN 2: absolute address
    136  5000 ????
    137  5000 ????				      MAC	set_pointer
    138  5000 ????			   .POINTER   SET	{1}
    139  5000 ????			   .ADDRESS   SET	{2}
    140  5000 ????
    141  5000 ????				      LDA	#<.ADDRESS	; Get Lowbyte of Address
    142  5000 ????				      STA	.POINTER	; Store in pointer
    143  5000 ????				      LDA	#>.ADDRESS	; Get Hibyte of Address
    144  5000 ????				      STA	.POINTER+1	; Store in pointer+1
    145  5000 ????
    146  5000 ????				      ENDM
    147  5000 ????
    148  5000 ????						; EOF
------- FILE 2600basic.h
------- FILE 2600basic_variable_redefs.h LEVEL 3 PASS 2
      0  5000 ????				      include	"2600basic_variable_redefs.h"
      1  5000 ????						; This file contains variable mapping and other information for the current project.
      2  5000 ????
      3  5000 ????	       00 20	   bscode_length =	32
      4  5000 ????	       00 22	   room_color_length =	.skipL074-room_color
      5  5000 ????
      6  5000 ????	       00 22	   move_west_length =	.skipL073-move_west
      7  5000 ????
      8  5000 ????	       00 22	   move_south_length =	.skipL072-move_south
      9  5000 ????
     10  5000 ????	       00 22	   move_east_length =	.skipL071-move_east
     11  5000 ????
     12  5000 ????	       00 22	   move_north_length =	.skipL070-move_north
     13  5000 ????
     14  5000 ????	       00 22	   room_shape_length =	.skipL069-room_shape
     15  5000 ????
     16  5000 ????	       00 e3	   p2_colup0  =	p
     17  5000 ????
     18  5000 ????	       00 e2	   p2_player1pointerhi =	o
     19  5000 ????
     20  5000 ????	       00 e1	   p2_player1pointerlo =	n
     21  5000 ????
     22  5000 ????	       00 e0	   p2_player0pointerhi =	m
     23  5000 ????
     24  5000 ????	       00 df	   p2_player0pointerlo =	l
     25  5000 ????
     26  5000 ????	       00 de	   p2_player1x =	k
     27  5000 ????
     28  5000 ????	       00 dd	   p2_player1y =	j
     29  5000 ????
     30  5000 ????	       00 dc	   p1_oldy    =	i
     31  5000 ????
     32  5000 ????	       00 db	   p1_oldx    =	h
     33  5000 ????
     34  5000 ????	       00 da	   p0_oldy    =	g
     35  5000 ????
     36  5000 ????	       00 d9	   p0_oldx    =	f
     37  5000 ????
     38  5000 ????	       00 d8	   p1_room    =	e
     39  5000 ????
     40  5000 ????	       00 d7	   p0_room    =	d
     41  5000 ????
     42  5000 ????	       00 d6	   p2_colupf  =	c
     43  5000 ????
     44  5000 ????	       00 d5	   p2_player0x =	b
     45  5000 ????
     46  5000 ????	       00 d4	   p2_player0y =	a
     47  5000 ????
     48  5000 ????	       00 01	   superchip  =	1
     49  5000 ????	       00 03	   bs_mask    =	3
     50  5000 ????	       00 10	   bankswitch =	16
     51  5000 ????	       1f f6	   bankswitch_hotspot =	$1FF6
     52  5000 ????	       00 01	   split_kernel =	1
------- FILE 2600basic.h
      7  5000 ????
      8  5000 ????	       00 80	   player0x   =	$80
      9  5000 ????	       00 81	   player1x   =	$81
     10  5000 ????	       00 82	   missile0x  =	$82
     11  5000 ????	       00 83	   missile1x  =	$83
     12  5000 ????	       00 84	   ballx      =	$84
     13  5000 ????
     14  5000 ????	       00 85	   objecty    =	$85
     15  5000 ????	       00 85	   player0y   =	$85
     16  5000 ????	       00 86	   player1y   =	$86
     17  5000 ????	       00 87	   missile1height =	$87
     18  5000 ????	       00 88	   missile1y  =	$88
     19  5000 ????	       00 89	   bally      =	$89
     20  5000 ????
     21  5000 ????	       00 87	   player1color =	$87	; replaces missile 1
     22  5000 ????
     23  5000 ????	       00 8a	   player0pointer =	$8A	;uses $8A-$8B
     24  5000 ????	       00 8a	   player0pointerlo =	$8A
     25  5000 ????	       00 8b	   player0pointerhi =	$8B
     26  5000 ????	       00 8c	   player1pointer =	$8C	; $8C-$8D
     27  5000 ????	       00 8c	   player1pointerlo =	$8C
     28  5000 ????	       00 8d	   player1pointerhi =	$8D
     29  5000 ????
     30  5000 ????	       00 8e	   player0height =	$8E
     31  5000 ????	       00 8f	   player1height =	$8F
     32  5000 ????	       00 90	   missile0height =	$90
     33  5000 ????	       00 91	   missile0y  =	$91
     34  5000 ????	       00 92	   ballheight =	$92
     35  5000 ????
     36  5000 ????	       00 90	   currentpaddle =	$90	; replaces missile 0 (and can't be used with playercolor)
     37  5000 ????	       00 91	   paddle     =	$91	; replaces missile 0
     38  5000 ????	       00 82	   player0colorstore =	$82	; replaces missile 0
     39  5000 ????	       00 90	   player0color =	$90	; replaces missile 0
     40  5000 ????
     41  5000 ????	       00 93	   score      =	$93	; $93-$95
     42  5000 ????	       00 96	   scorepointers =	$96	; $96-$9B = 6 bytes
     43  5000 ????	       00 9c	   temp1      =	$9C	;used by kernel.  can be used in program too, but
     44  5000 ????	       00 9d	   temp2      =	$9D	;are obliterated when drawscreen is called.
     45  5000 ????	       00 9e	   temp3      =	$9E
     46  5000 ????	       00 9f	   temp4      =	$9F
     47  5000 ????	       00 a0	   temp5      =	$A0
     48  5000 ????	       00 a1	   temp6      =	$A1
     49  5000 ????
     50  5000 ????	       00 a2	   rand       =	$A2
     51  5000 ????	       00 a3	   scorecolor =	$A3
     52  5000 ????
     53  5000 ????	       00 a4	   var0       =	$A4
     54  5000 ????	       00 a5	   var1       =	$A5
     55  5000 ????	       00 a6	   var2       =	$A6
     56  5000 ????	       00 a7	   var3       =	$A7
     57  5000 ????	       00 a8	   var4       =	$A8
     58  5000 ????	       00 a9	   var5       =	$A9
     59  5000 ????	       00 aa	   var6       =	$AA
     60  5000 ????	       00 ab	   var7       =	$AB
     61  5000 ????	       00 ac	   var8       =	$AC
     62  5000 ????	       00 ad	   var9       =	$AD
     63  5000 ????	       00 ae	   var10      =	$AE
     64  5000 ????	       00 af	   var11      =	$AF
     65  5000 ????	       00 b0	   var12      =	$B0
     66  5000 ????	       00 b1	   var13      =	$B1
     67  5000 ????	       00 b2	   var14      =	$B2
     68  5000 ????	       00 b3	   var15      =	$B3
     69  5000 ????	       00 b4	   var16      =	$B4
     70  5000 ????	       00 b5	   var17      =	$B5
     71  5000 ????	       00 b6	   var18      =	$B6
     72  5000 ????	       00 b7	   var19      =	$B7
     73  5000 ????	       00 b8	   var20      =	$B8
     74  5000 ????	       00 b9	   var21      =	$B9
     75  5000 ????	       00 ba	   var22      =	$BA
     76  5000 ????	       00 bb	   var23      =	$BB
     77  5000 ????	       00 bc	   var24      =	$BC
     78  5000 ????	       00 bd	   var25      =	$BD
     79  5000 ????	       00 be	   var26      =	$BE
     80  5000 ????	       00 bf	   var27      =	$BF
     81  5000 ????	       00 c0	   var28      =	$C0
     82  5000 ????	       00 c1	   var29      =	$C1
     83  5000 ????	       00 c2	   var30      =	$C2
     84  5000 ????	       00 c3	   var31      =	$C3
     85  5000 ????	       00 c4	   var32      =	$C4
     86  5000 ????	       00 c5	   var33      =	$C5
     87  5000 ????	       00 c6	   var34      =	$C6
     88  5000 ????	       00 c7	   var35      =	$C7
     89  5000 ????	       00 c8	   var36      =	$C8
     90  5000 ????	       00 c9	   var37      =	$C9
     91  5000 ????	       00 ca	   var38      =	$CA
     92  5000 ????	       00 cb	   var39      =	$CB
     93  5000 ????	       00 cc	   var40      =	$CC
     94  5000 ????	       00 cd	   var41      =	$CD
     95  5000 ????	       00 ce	   var42      =	$CE
     96  5000 ????	       00 cf	   var43      =	$CF
     97  5000 ????	       00 d0	   var44      =	$D0
     98  5000 ????	       00 d1	   var45      =	$D1
     99  5000 ????	       00 d2	   var46      =	$D2
    100  5000 ????	       00 d3	   var47      =	$D3
    101  5000 ????
    102  5000 ????	       00 d4	   A	      =	$d4
    103  5000 ????	       00 d4	   a	      =	$d4
    104  5000 ????	       00 d5	   B	      =	$d5
    105  5000 ????	       00 d5	   b	      =	$d5
    106  5000 ????	       00 d6	   C	      =	$d6
    107  5000 ????	       00 d6	   c	      =	$d6
    108  5000 ????	       00 d7	   D	      =	$d7
    109  5000 ????	       00 d7	   d	      =	$d7
    110  5000 ????	       00 d8	   E	      =	$d8
    111  5000 ????	       00 d8	   e	      =	$d8
    112  5000 ????	       00 d9	   F	      =	$d9
    113  5000 ????	       00 d9	   f	      =	$d9
    114  5000 ????	       00 da	   G	      =	$da
    115  5000 ????	       00 da	   g	      =	$da
    116  5000 ????	       00 db	   H	      =	$db
    117  5000 ????	       00 db	   h	      =	$db
    118  5000 ????	       00 dc	   I	      =	$dc
    119  5000 ????	       00 dc	   i	      =	$dc
    120  5000 ????	       00 dd	   J	      =	$dd
    121  5000 ????	       00 dd	   j	      =	$dd
    122  5000 ????	       00 de	   K	      =	$de
    123  5000 ????	       00 de	   k	      =	$de
    124  5000 ????	       00 df	   L	      =	$df
    125  5000 ????	       00 df	   l	      =	$df
    126  5000 ????	       00 e0	   M	      =	$e0
    127  5000 ????	       00 e0	   m	      =	$e0
    128  5000 ????	       00 e1	   N	      =	$e1
    129  5000 ????	       00 e1	   n	      =	$e1
    130  5000 ????	       00 e2	   O	      =	$e2
    131  5000 ????	       00 e2	   o	      =	$e2
    132  5000 ????	       00 e3	   P	      =	$e3
    133  5000 ????	       00 e3	   p	      =	$e3
    134  5000 ????	       00 e4	   Q	      =	$e4
    135  5000 ????	       00 e4	   q	      =	$e4
    136  5000 ????	       00 e5	   R	      =	$e5
    137  5000 ????	       00 e5	   r	      =	$e5
    138  5000 ????	       00 e6	   S	      =	$e6
    139  5000 ????	       00 e6	   s	      =	$e6
    140  5000 ????	       00 e7	   T	      =	$e7
    141  5000 ????	       00 e7	   t	      =	$e7
    142  5000 ????	       00 e8	   U	      =	$e8
    143  5000 ????	       00 e8	   u	      =	$e8
    144  5000 ????	       00 e9	   V	      =	$e9
    145  5000 ????	       00 e9	   v	      =	$e9
    146  5000 ????	       00 ea	   W	      =	$ea
    147  5000 ????	       00 ea	   w	      =	$ea
    148  5000 ????	       00 eb	   X	      =	$eb
    149  5000 ????	       00 eb	   x	      =	$eb
    150  5000 ????	       00 ec	   Y	      =	$ec
    151  5000 ????	       00 ec	   y	      =	$ec
    152  5000 ????	       00 ed	   Z	      =	$ed
    153  5000 ????	       00 ed	   z	      =	$ed
    154  5000 ????
    155  5000 ????	       00 ee	   temp7      =	$ee	; This is used to aid in bankswitching
    156  5000 ????	       00 ef	   playfieldpos =	$ef
    157  5000 ????
    158  5000 ????						; available for other uses, or if unused, provide more stack space
    159  5000 ????
    160  5000 ????	       00 f0	   aux1       =	$f0
    161  5000 ????	       00 f1	   aux2       =	$f1
    162  5000 ????	       00 f2	   aux3       =	$f2
    163  5000 ????	       00 f3	   aux4       =	$f3
    164  5000 ????	       00 f4	   aux5       =	$f4
    165  5000 ????	       00 f5	   aux6       =	$f5
    166  5000 ????
    167  5000 ????						; playfield color/height pointers
    168  5000 ????	       00 f0	   pfcolortable =	$f0	; and $d5
    169  5000 ????	       00 f0	   pfheighttable =	$f0	; and $d5
    170  5000 ????						; the above pointers are the same because if color and height are both used together,
    171  5000 ????						; they must used absolute indexed and cannot use pointers
    172  5000 ????
    173  5000 ????	       00 f2	   lifepointer =	$f2	; pointer to "lives" shape
    174  5000 ????						; upper 3 bits of $f2 contain the number of lives
    175  5000 ????	       00 f4	   lifecolor  =	$f4
    176  5000 ????	       00 f3	   lives      =	$f3	; # lives >> 5
    177  5000 ????	       00 f5	   statusbarlength =	$f5	; only uses upper 5 bits; other bits free
    178  5000 ????
    179  5000 ????	       00 f2	   pfscore1   =	$f2	; optional playfield bytes in score
    180  5000 ????	       00 f3	   pfscore2   =	$f3
    181  5000 ????	       00 f4	   pfscorecolor =	$f4
    182  5000 ????
    183  5000 ????	       00 f6	   stack1     =	$f6
    184  5000 ????	       00 f7	   stack2     =	$f7
    185  5000 ????	       00 f8	   stack3     =	$f8
    186  5000 ????	       00 f9	   stack4     =	$f9
    187  5000 ????						; the stack bytes above may be used in the kernel
    188  5000 ????						; stack = F6-F7, F8-F9, FA-FB, FC-FD, FE-FF
    189  5000 ????
    190  5000 ????				      MAC	return
    191  5000 ????				      ifnconst	bankswitch
    192  5000 ????				      rts
    193  5000 ????				      else
    194  5000 ????				      jmp	BS_return
    195  5000 ????				      endif
    196  5000 ????				      ENDM		; auto-return from either a regular or bankswitched module
    197  5000 ????
    198  5000 ????				      ifconst	superchip
    199  5000 ????	       10 d0	   playfieldbase =	$10D0
------- FILE superchip.h LEVEL 3 PASS 2
      0  5000 ????				      include	superchip.h
      1  5000 ????						; Provided under the CC0 license. See the included LICENSE.txt for details.
      2  5000 ????
      3  5000 ????	       f0 00	   write_RAM  =	$F000
      4  5000 ????	       f0 00	   wRAM       =	$F000
      5  5000 ????	       f0 00	   w000       =	$F000
      6  5000 ????	       f0 01	   w001       =	$F001
      7  5000 ????	       f0 02	   w002       =	$F002
      8  5000 ????	       f0 03	   w003       =	$F003
      9  5000 ????	       f0 04	   w004       =	$F004
     10  5000 ????	       f0 05	   w005       =	$F005
     11  5000 ????	       f0 06	   w006       =	$F006
     12  5000 ????	       f0 07	   w007       =	$F007
     13  5000 ????	       f0 08	   w008       =	$F008
     14  5000 ????	       f0 09	   w009       =	$F009
     15  5000 ????	       f0 0a	   w010       =	$F00A
     16  5000 ????	       f0 0b	   w011       =	$F00B
     17  5000 ????	       f0 0c	   w012       =	$F00C
     18  5000 ????	       f0 0d	   w013       =	$F00D
     19  5000 ????	       f0 0e	   w014       =	$F00E
     20  5000 ????	       f0 0f	   w015       =	$F00F
     21  5000 ????	       f0 10	   w016       =	$F010
     22  5000 ????	       f0 11	   w017       =	$F011
     23  5000 ????	       f0 12	   w018       =	$F012
     24  5000 ????	       f0 13	   w019       =	$F013
     25  5000 ????	       f0 14	   w020       =	$F014
     26  5000 ????	       f0 15	   w021       =	$F015
     27  5000 ????	       f0 16	   w022       =	$F016
     28  5000 ????	       f0 17	   w023       =	$F017
     29  5000 ????	       f0 18	   w024       =	$F018
     30  5000 ????	       f0 19	   w025       =	$F019
     31  5000 ????	       f0 1a	   w026       =	$F01A
     32  5000 ????	       f0 1b	   w027       =	$F01B
     33  5000 ????	       f0 1c	   w028       =	$F01C
     34  5000 ????	       f0 1d	   w029       =	$F01D
     35  5000 ????	       f0 1e	   w030       =	$F01E
     36  5000 ????	       f0 1f	   w031       =	$F01F
     37  5000 ????	       f0 20	   w032       =	$F020
     38  5000 ????	       f0 21	   w033       =	$F021
     39  5000 ????	       f0 22	   w034       =	$F022
     40  5000 ????	       f0 23	   w035       =	$F023
     41  5000 ????	       f0 24	   w036       =	$F024
     42  5000 ????	       f0 25	   w037       =	$F025
     43  5000 ????	       f0 26	   w038       =	$F026
     44  5000 ????	       f0 27	   w039       =	$F027
     45  5000 ????	       f0 28	   w040       =	$F028
     46  5000 ????	       f0 29	   w041       =	$F029
     47  5000 ????	       f0 2a	   w042       =	$F02A
     48  5000 ????	       f0 2b	   w043       =	$F02B
     49  5000 ????	       f0 2c	   w044       =	$F02C
     50  5000 ????	       f0 2d	   w045       =	$F02D
     51  5000 ????	       f0 2e	   w046       =	$F02E
     52  5000 ????	       f0 2f	   w047       =	$F02F
     53  5000 ????	       f0 30	   w048       =	$F030
     54  5000 ????	       f0 31	   w049       =	$F031
     55  5000 ????	       f0 32	   w050       =	$F032
     56  5000 ????	       f0 33	   w051       =	$F033
     57  5000 ????	       f0 34	   w052       =	$F034
     58  5000 ????	       f0 35	   w053       =	$F035
     59  5000 ????	       f0 36	   w054       =	$F036
     60  5000 ????	       f0 37	   w055       =	$F037
     61  5000 ????	       f0 38	   w056       =	$F038
     62  5000 ????	       f0 39	   w057       =	$F039
     63  5000 ????	       f0 3a	   w058       =	$F03A
     64  5000 ????	       f0 3b	   w059       =	$F03B
     65  5000 ????	       f0 3c	   w060       =	$F03C
     66  5000 ????	       f0 3d	   w061       =	$F03D
     67  5000 ????	       f0 3e	   w062       =	$F03E
     68  5000 ????	       f0 3f	   w063       =	$F03F
     69  5000 ????	       f0 40	   w064       =	$F040
     70  5000 ????	       f0 41	   w065       =	$F041
     71  5000 ????	       f0 42	   w066       =	$F042
     72  5000 ????	       f0 43	   w067       =	$F043
     73  5000 ????	       f0 44	   w068       =	$F044
     74  5000 ????	       f0 45	   w069       =	$F045
     75  5000 ????	       f0 46	   w070       =	$F046
     76  5000 ????	       f0 47	   w071       =	$F047
     77  5000 ????	       f0 48	   w072       =	$F048
     78  5000 ????	       f0 49	   w073       =	$F049
     79  5000 ????	       f0 4a	   w074       =	$F04A
     80  5000 ????	       f0 4b	   w075       =	$F04B
     81  5000 ????	       f0 4c	   w076       =	$F04C
     82  5000 ????	       f0 4d	   w077       =	$F04D
     83  5000 ????	       f0 4e	   w078       =	$F04E
     84  5000 ????	       f0 4f	   w079       =	$F04F
     85  5000 ????	       f0 50	   w080       =	$F050
     86  5000 ????	       f0 51	   w081       =	$F051
     87  5000 ????	       f0 52	   w082       =	$F052
     88  5000 ????	       f0 53	   w083       =	$F053
     89  5000 ????	       f0 54	   w084       =	$F054
     90  5000 ????	       f0 55	   w085       =	$F055
     91  5000 ????	       f0 56	   w086       =	$F056
     92  5000 ????	       f0 57	   w087       =	$F057
     93  5000 ????	       f0 58	   w088       =	$F058
     94  5000 ????	       f0 59	   w089       =	$F059
     95  5000 ????	       f0 5a	   w090       =	$F05A
     96  5000 ????	       f0 5b	   w091       =	$F05B
     97  5000 ????	       f0 5c	   w092       =	$F05C
     98  5000 ????	       f0 5d	   w093       =	$F05D
     99  5000 ????	       f0 5e	   w094       =	$F05E
    100  5000 ????	       f0 5f	   w095       =	$F05F
    101  5000 ????	       f0 60	   w096       =	$F060
    102  5000 ????	       f0 61	   w097       =	$F061
    103  5000 ????	       f0 62	   w098       =	$F062
    104  5000 ????	       f0 63	   w099       =	$F063
    105  5000 ????	       f0 64	   w100       =	$F064
    106  5000 ????	       f0 65	   w101       =	$F065
    107  5000 ????	       f0 66	   w102       =	$F066
    108  5000 ????	       f0 67	   w103       =	$F067
    109  5000 ????	       f0 68	   w104       =	$F068
    110  5000 ????	       f0 69	   w105       =	$F069
    111  5000 ????	       f0 6a	   w106       =	$F06A
    112  5000 ????	       f0 6b	   w107       =	$F06B
    113  5000 ????	       f0 6c	   w108       =	$F06C
    114  5000 ????	       f0 6d	   w109       =	$F06D
    115  5000 ????	       f0 6e	   w110       =	$F06E
    116  5000 ????	       f0 6f	   w111       =	$F06F
    117  5000 ????	       f0 70	   w112       =	$F070
    118  5000 ????	       f0 71	   w113       =	$F071
    119  5000 ????	       f0 72	   w114       =	$F072
    120  5000 ????	       f0 73	   w115       =	$F073
    121  5000 ????	       f0 74	   w116       =	$F074
    122  5000 ????	       f0 75	   w117       =	$F075
    123  5000 ????	       f0 76	   w118       =	$F076
    124  5000 ????	       f0 77	   w119       =	$F077
    125  5000 ????	       f0 78	   w120       =	$F078
    126  5000 ????	       f0 79	   w121       =	$F079
    127  5000 ????	       f0 7a	   w122       =	$F07A
    128  5000 ????	       f0 7b	   w123       =	$F07B
    129  5000 ????	       f0 7c	   w124       =	$F07C
    130  5000 ????	       f0 7d	   w125       =	$F07D
    131  5000 ????	       f0 7e	   w126       =	$F07E
    132  5000 ????	       f0 7f	   w127       =	$F07F
    133  5000 ????
    134  5000 ????	       f0 80	   read_RAM   =	$F080
    135  5000 ????	       f0 80	   rRAM       =	$F080
    136  5000 ????	       f0 80	   r000       =	$F080
    137  5000 ????	       f0 81	   r001       =	$F081
    138  5000 ????	       f0 82	   r002       =	$F082
    139  5000 ????	       f0 83	   r003       =	$F083
    140  5000 ????	       f0 84	   r004       =	$F084
    141  5000 ????	       f0 85	   r005       =	$F085
    142  5000 ????	       f0 86	   r006       =	$F086
    143  5000 ????	       f0 87	   r007       =	$F087
    144  5000 ????	       f0 88	   r008       =	$F088
    145  5000 ????	       f0 89	   r009       =	$F089
    146  5000 ????	       f0 8a	   r010       =	$F08A
    147  5000 ????	       f0 8b	   r011       =	$F08B
    148  5000 ????	       f0 8c	   r012       =	$F08C
    149  5000 ????	       f0 8d	   r013       =	$F08D
    150  5000 ????	       f0 8e	   r014       =	$F08E
    151  5000 ????	       f0 8f	   r015       =	$F08F
    152  5000 ????	       f0 90	   r016       =	$F090
    153  5000 ????	       f0 91	   r017       =	$F091
    154  5000 ????	       f0 92	   r018       =	$F092
    155  5000 ????	       f0 93	   r019       =	$F093
    156  5000 ????	       f0 94	   r020       =	$F094
    157  5000 ????	       f0 95	   r021       =	$F095
    158  5000 ????	       f0 96	   r022       =	$F096
    159  5000 ????	       f0 97	   r023       =	$F097
    160  5000 ????	       f0 98	   r024       =	$F098
    161  5000 ????	       f0 99	   r025       =	$F099
    162  5000 ????	       f0 9a	   r026       =	$F09A
    163  5000 ????	       f0 9b	   r027       =	$F09B
    164  5000 ????	       f0 9c	   r028       =	$F09C
    165  5000 ????	       f0 9d	   r029       =	$F09D
    166  5000 ????	       f0 9e	   r030       =	$F09E
    167  5000 ????	       f0 9f	   r031       =	$F09F
    168  5000 ????	       f0 a0	   r032       =	$F0A0
    169  5000 ????	       f0 a1	   r033       =	$F0A1
    170  5000 ????	       f0 a2	   r034       =	$F0A2
    171  5000 ????	       f0 a3	   r035       =	$F0A3
    172  5000 ????	       f0 a4	   r036       =	$F0A4
    173  5000 ????	       f0 a5	   r037       =	$F0A5
    174  5000 ????	       f0 a6	   r038       =	$F0A6
    175  5000 ????	       f0 a7	   r039       =	$F0A7
    176  5000 ????	       f0 a8	   r040       =	$F0A8
    177  5000 ????	       f0 a9	   r041       =	$F0A9
    178  5000 ????	       f0 aa	   r042       =	$F0AA
    179  5000 ????	       f0 ab	   r043       =	$F0AB
    180  5000 ????	       f0 ac	   r044       =	$F0AC
    181  5000 ????	       f0 ad	   r045       =	$F0AD
    182  5000 ????	       f0 ae	   r046       =	$F0AE
    183  5000 ????	       f0 af	   r047       =	$F0AF
    184  5000 ????	       f0 b0	   r048       =	$F0B0
    185  5000 ????	       f0 b1	   r049       =	$F0B1
    186  5000 ????	       f0 b2	   r050       =	$F0B2
    187  5000 ????	       f0 b3	   r051       =	$F0B3
    188  5000 ????	       f0 b4	   r052       =	$F0B4
    189  5000 ????	       f0 b5	   r053       =	$F0B5
    190  5000 ????	       f0 b6	   r054       =	$F0B6
    191  5000 ????	       f0 b7	   r055       =	$F0B7
    192  5000 ????	       f0 b8	   r056       =	$F0B8
    193  5000 ????	       f0 b9	   r057       =	$F0B9
    194  5000 ????	       f0 ba	   r058       =	$F0BA
    195  5000 ????	       f0 bb	   r059       =	$F0BB
    196  5000 ????	       f0 bc	   r060       =	$F0BC
    197  5000 ????	       f0 bd	   r061       =	$F0BD
    198  5000 ????	       f0 be	   r062       =	$F0BE
    199  5000 ????	       f0 bf	   r063       =	$F0BF
    200  5000 ????	       f0 c0	   r064       =	$F0C0
    201  5000 ????	       f0 c1	   r065       =	$F0C1
    202  5000 ????	       f0 c2	   r066       =	$F0C2
    203  5000 ????	       f0 c3	   r067       =	$F0C3
    204  5000 ????	       f0 c4	   r068       =	$F0C4
    205  5000 ????	       f0 c5	   r069       =	$F0C5
    206  5000 ????	       f0 c6	   r070       =	$F0C6
    207  5000 ????	       f0 c7	   r071       =	$F0C7
    208  5000 ????	       f0 c8	   r072       =	$F0C8
    209  5000 ????	       f0 c9	   r073       =	$F0C9
    210  5000 ????	       f0 ca	   r074       =	$F0CA
    211  5000 ????	       f0 cb	   r075       =	$F0CB
    212  5000 ????	       f0 cc	   r076       =	$F0CC
    213  5000 ????	       f0 cd	   r077       =	$F0CD
    214  5000 ????	       f0 ce	   r078       =	$F0CE
    215  5000 ????	       f0 cf	   r079       =	$F0CF
    216  5000 ????	       f0 d0	   r080       =	$F0D0
    217  5000 ????	       f0 d1	   r081       =	$F0D1
    218  5000 ????	       f0 d2	   r082       =	$F0D2
    219  5000 ????	       f0 d3	   r083       =	$F0D3
    220  5000 ????	       f0 d4	   r084       =	$F0D4
    221  5000 ????	       f0 d5	   r085       =	$F0D5
    222  5000 ????	       f0 d6	   r086       =	$F0D6
    223  5000 ????	       f0 d7	   r087       =	$F0D7
    224  5000 ????	       f0 d8	   r088       =	$F0D8
    225  5000 ????	       f0 d9	   r089       =	$F0D9
    226  5000 ????	       f0 da	   r090       =	$F0DA
    227  5000 ????	       f0 db	   r091       =	$F0DB
    228  5000 ????	       f0 dc	   r092       =	$F0DC
    229  5000 ????	       f0 dd	   r093       =	$F0DD
    230  5000 ????	       f0 de	   r094       =	$F0DE
    231  5000 ????	       f0 df	   r095       =	$F0DF
    232  5000 ????	       f0 e0	   r096       =	$F0E0
    233  5000 ????	       f0 e1	   r097       =	$F0E1
    234  5000 ????	       f0 e2	   r098       =	$F0E2
    235  5000 ????	       f0 e3	   r099       =	$F0E3
    236  5000 ????	       f0 e4	   r100       =	$F0E4
    237  5000 ????	       f0 e5	   r101       =	$F0E5
    238  5000 ????	       f0 e6	   r102       =	$F0E6
    239  5000 ????	       f0 e7	   r103       =	$F0E7
    240  5000 ????	       f0 e8	   r104       =	$F0E8
    241  5000 ????	       f0 e9	   r105       =	$F0E9
    242  5000 ????	       f0 ea	   r106       =	$F0EA
    243  5000 ????	       f0 eb	   r107       =	$F0EB
    244  5000 ????	       f0 ec	   r108       =	$F0EC
    245  5000 ????	       f0 ed	   r109       =	$F0ED
    246  5000 ????	       f0 ee	   r110       =	$F0EE
    247  5000 ????	       f0 ef	   r111       =	$F0EF
    248  5000 ????	       f0 f0	   r112       =	$F0F0
    249  5000 ????	       f0 f1	   r113       =	$F0F1
    250  5000 ????	       f0 f2	   r114       =	$F0F2
    251  5000 ????	       f0 f3	   r115       =	$F0F3
    252  5000 ????	       f0 f4	   r116       =	$F0F4
    253  5000 ????	       f0 f5	   r117       =	$F0F5
    254  5000 ????	       f0 f6	   r118       =	$F0F6
    255  5000 ????	       f0 f7	   r119       =	$F0F7
    256  5000 ????	       f0 f8	   r120       =	$F0F8
    257  5000 ????	       f0 f9	   r121       =	$F0F9
    258  5000 ????	       f0 fa	   r122       =	$F0FA
    259  5000 ????	       f0 fb	   r123       =	$F0FB
    260  5000 ????	       f0 fc	   r124       =	$F0FC
    261  5000 ????	       f0 fd	   r125       =	$F0FD
    262  5000 ????	       f0 fe	   r126       =	$F0FE
    263  5000 ????	       f0 ff	   r127       =	$F0FF
------- FILE 2600basic.h
    201  5000 ????			  -	      else
    202  5000 ????			  -playfieldbase =	$A4
    203  5000 ????				      endif
    204  5000 ????
    205  5000 ????				      ifnconst	pfhalfwidth
    206  5000 ????	       00 04	   pfwidth    =	4
    207  5000 ????	       00 0e	   PF1L       =	PF1
    208  5000 ????	       00 0f	   PF2L       =	PF2
    209  5000 ????	       00 0e	   PF1R       =	PF1
    210  5000 ????	       00 0f	   PF2R       =	PF2
    211  5000 ????	       00 00	   pfadjust   =	0
    212  5000 ????			  -	      else
    213  5000 ????			  -pfwidth    =	2
    214  5000 ????			  -	      ifconst	pfcenter
    215  5000 ????			  -PF1L       =	$3F	; no effect
    216  5000 ????			  -PF2L       =	PF2
    217  5000 ????			  -PF1R       =	$3F
    218  5000 ????			  -PF2R       =	PF2	; no effect
    219  5000 ????			  -pfadjust   =	1
    220  5000 ????			  -	      else
    221  5000 ????			  -PF1L       =	PF1
    222  5000 ????			  -PF2L       =	PF2
    223  5000 ????			  -PF1R       =	$3F	; no effect
    224  5000 ????			  -PF2R       =	$3F	; no effect
    225  5000 ????			  -pfadjust   =	0
    226  5000 ????			  -	      endif
    227  5000 ????				      endif
    228  5000 ????
    229  5000 ????						; define playfield start based on height
    230  5000 ????				      ifnconst	pfres
    231  5000 ????	       10 d0	   playfield  =	playfieldbase
    232  5000 ????			  -	      else
    233  5000 ????			  -playfield  =	playfieldbase-(pfres-12*(4/pfwidth))*pfwidth
    234  5000 ????				      endif
------- FILE split_adv4.bas.asm
------- FILE 2600basic_variable_redefs.h LEVEL 2 PASS 2
      0  5000 ????				      include	"2600basic_variable_redefs.h"
      1  5000 ????						; This file contains variable mapping and other information for the current project.
      2  5000 ????
      3  5000 ????	       00 20	   bscode_length =	32
      4  5000 ????	       00 22	   room_color_length =	.skipL074-room_color
      5  5000 ????
      6  5000 ????	       00 22	   move_west_length =	.skipL073-move_west
      7  5000 ????
      8  5000 ????	       00 22	   move_south_length =	.skipL072-move_south
      9  5000 ????
     10  5000 ????	       00 22	   move_east_length =	.skipL071-move_east
     11  5000 ????
     12  5000 ????	       00 22	   move_north_length =	.skipL070-move_north
     13  5000 ????
     14  5000 ????	       00 22	   room_shape_length =	.skipL069-room_shape
     15  5000 ????
     16  5000 ????	       00 e3	   p2_colup0  =	p
     17  5000 ????
     18  5000 ????	       00 e2	   p2_player1pointerhi =	o
     19  5000 ????
     20  5000 ????	       00 e1	   p2_player1pointerlo =	n
     21  5000 ????
     22  5000 ????	       00 e0	   p2_player0pointerhi =	m
     23  5000 ????
     24  5000 ????	       00 df	   p2_player0pointerlo =	l
     25  5000 ????
     26  5000 ????	       00 de	   p2_player1x =	k
     27  5000 ????
     28  5000 ????	       00 dd	   p2_player1y =	j
     29  5000 ????
     30  5000 ????	       00 dc	   p1_oldy    =	i
     31  5000 ????
     32  5000 ????	       00 db	   p1_oldx    =	h
     33  5000 ????
     34  5000 ????	       00 da	   p0_oldy    =	g
     35  5000 ????
     36  5000 ????	       00 d9	   p0_oldx    =	f
     37  5000 ????
     38  5000 ????	       00 d8	   p1_room    =	e
     39  5000 ????
     40  5000 ????	       00 d7	   p0_room    =	d
     41  5000 ????
     42  5000 ????	       00 d6	   p2_colupf  =	c
     43  5000 ????
     44  5000 ????	       00 d5	   p2_player0x =	b
     45  5000 ????
     46  5000 ????	       00 d4	   p2_player0y =	a
     47  5000 ????
     48  5000 ????	       00 01	   superchip  =	1
     49  5000 ????	       00 03	   bs_mask    =	3
     50  5000 ????	       00 10	   bankswitch =	16
     51  5000 ????	       1f f6	   bankswitch_hotspot =	$1FF6
     52  5000 ????	       00 01	   split_kernel =	1
------- FILE split_adv4.bas.asm
      8  5000 ????				      ifconst	bankswitch
      9  5000 ????			  -	      if	bankswitch == 8
     10  5000 ????			  -	      ORG	$1000
     11  5000 ????			  -	      RORG	$D000
     12  5000 ????				      endif
     13  5000 ????				      if	bankswitch == 16
     14  1000					      ORG	$1000
     15  1000					      RORG	$9000
     16  1000					      endif
     17  1000				  -	      if	bankswitch == 32
     18  1000				  -	      ORG	$1000
     19  1000				  -	      RORG	$1000
     20  1000					      endif
     21  1000				  -	      if	bankswitch == 64
     22  1000				  -	      ORG	$1000
     23  1000				  -	      RORG	$1000
     24  1000					      endif
     25  1000				  -	      else
     26  1000				  -	      ORG	$F000
     27  1000					      endif
     28  1000					      repeat	256
     29  1000		       ff		      .byte.b	$ff
     28  1000					      repend
     29  1001		       ff		      .byte.b	$ff
     28  1001					      repend
     29  1002		       ff		      .byte.b	$ff
     28  1002					      repend
     29  1003		       ff		      .byte.b	$ff
     28  1003					      repend
     29  1004		       ff		      .byte.b	$ff
     28  1004					      repend
     29  1005		       ff		      .byte.b	$ff
     28  1005					      repend
     29  1006		       ff		      .byte.b	$ff
     28  1006					      repend
     29  1007		       ff		      .byte.b	$ff
     28  1007					      repend
     29  1008		       ff		      .byte.b	$ff
     28  1008					      repend
     29  1009		       ff		      .byte.b	$ff
     28  1009					      repend
     29  100a		       ff		      .byte.b	$ff
     28  100a					      repend
     29  100b		       ff		      .byte.b	$ff
     28  100b					      repend
     29  100c		       ff		      .byte.b	$ff
     28  100c					      repend
     29  100d		       ff		      .byte.b	$ff
     28  100d					      repend
     29  100e		       ff		      .byte.b	$ff
     28  100e					      repend
     29  100f		       ff		      .byte.b	$ff
     28  100f					      repend
     29  1010		       ff		      .byte.b	$ff
     28  1010					      repend
     29  1011		       ff		      .byte.b	$ff
     28  1011					      repend
     29  1012		       ff		      .byte.b	$ff
     28  1012					      repend
     29  1013		       ff		      .byte.b	$ff
     28  1013					      repend
     29  1014		       ff		      .byte.b	$ff
     28  1014					      repend
     29  1015		       ff		      .byte.b	$ff
     28  1015					      repend
     29  1016		       ff		      .byte.b	$ff
     28  1016					      repend
     29  1017		       ff		      .byte.b	$ff
     28  1017					      repend
     29  1018		       ff		      .byte.b	$ff
     28  1018					      repend
     29  1019		       ff		      .byte.b	$ff
     28  1019					      repend
     29  101a		       ff		      .byte.b	$ff
     28  101a					      repend
     29  101b		       ff		      .byte.b	$ff
     28  101b					      repend
     29  101c		       ff		      .byte.b	$ff
     28  101c					      repend
     29  101d		       ff		      .byte.b	$ff
     28  101d					      repend
     29  101e		       ff		      .byte.b	$ff
     28  101e					      repend
     29  101f		       ff		      .byte.b	$ff
     28  101f					      repend
     29  1020		       ff		      .byte.b	$ff
     28  1020					      repend
     29  1021		       ff		      .byte.b	$ff
     28  1021					      repend
     29  1022		       ff		      .byte.b	$ff
     28  1022					      repend
     29  1023		       ff		      .byte.b	$ff
     28  1023					      repend
     29  1024		       ff		      .byte.b	$ff
     28  1024					      repend
     29  1025		       ff		      .byte.b	$ff
     28  1025					      repend
     29  1026		       ff		      .byte.b	$ff
     28  1026					      repend
     29  1027		       ff		      .byte.b	$ff
     28  1027					      repend
     29  1028		       ff		      .byte.b	$ff
     28  1028					      repend
     29  1029		       ff		      .byte.b	$ff
     28  1029					      repend
     29  102a		       ff		      .byte.b	$ff
     28  102a					      repend
     29  102b		       ff		      .byte.b	$ff
     28  102b					      repend
     29  102c		       ff		      .byte.b	$ff
     28  102c					      repend
     29  102d		       ff		      .byte.b	$ff
     28  102d					      repend
     29  102e		       ff		      .byte.b	$ff
     28  102e					      repend
     29  102f		       ff		      .byte.b	$ff
     28  102f					      repend
     29  1030		       ff		      .byte.b	$ff
     28  1030					      repend
     29  1031		       ff		      .byte.b	$ff
     28  1031					      repend
     29  1032		       ff		      .byte.b	$ff
     28  1032					      repend
     29  1033		       ff		      .byte.b	$ff
     28  1033					      repend
     29  1034		       ff		      .byte.b	$ff
     28  1034					      repend
     29  1035		       ff		      .byte.b	$ff
     28  1035					      repend
     29  1036		       ff		      .byte.b	$ff
     28  1036					      repend
     29  1037		       ff		      .byte.b	$ff
     28  1037					      repend
     29  1038		       ff		      .byte.b	$ff
     28  1038					      repend
     29  1039		       ff		      .byte.b	$ff
     28  1039					      repend
     29  103a		       ff		      .byte.b	$ff
     28  103a					      repend
     29  103b		       ff		      .byte.b	$ff
     28  103b					      repend
     29  103c		       ff		      .byte.b	$ff
     28  103c					      repend
     29  103d		       ff		      .byte.b	$ff
     28  103d					      repend
     29  103e		       ff		      .byte.b	$ff
     28  103e					      repend
     29  103f		       ff		      .byte.b	$ff
     28  103f					      repend
     29  1040		       ff		      .byte.b	$ff
     28  1040					      repend
     29  1041		       ff		      .byte.b	$ff
     28  1041					      repend
     29  1042		       ff		      .byte.b	$ff
     28  1042					      repend
     29  1043		       ff		      .byte.b	$ff
     28  1043					      repend
     29  1044		       ff		      .byte.b	$ff
     28  1044					      repend
     29  1045		       ff		      .byte.b	$ff
     28  1045					      repend
     29  1046		       ff		      .byte.b	$ff
     28  1046					      repend
     29  1047		       ff		      .byte.b	$ff
     28  1047					      repend
     29  1048		       ff		      .byte.b	$ff
     28  1048					      repend
     29  1049		       ff		      .byte.b	$ff
     28  1049					      repend
     29  104a		       ff		      .byte.b	$ff
     28  104a					      repend
     29  104b		       ff		      .byte.b	$ff
     28  104b					      repend
     29  104c		       ff		      .byte.b	$ff
     28  104c					      repend
     29  104d		       ff		      .byte.b	$ff
     28  104d					      repend
     29  104e		       ff		      .byte.b	$ff
     28  104e					      repend
     29  104f		       ff		      .byte.b	$ff
     28  104f					      repend
     29  1050		       ff		      .byte.b	$ff
     28  1050					      repend
     29  1051		       ff		      .byte.b	$ff
     28  1051					      repend
     29  1052		       ff		      .byte.b	$ff
     28  1052					      repend
     29  1053		       ff		      .byte.b	$ff
     28  1053					      repend
     29  1054		       ff		      .byte.b	$ff
     28  1054					      repend
     29  1055		       ff		      .byte.b	$ff
     28  1055					      repend
     29  1056		       ff		      .byte.b	$ff
     28  1056					      repend
     29  1057		       ff		      .byte.b	$ff
     28  1057					      repend
     29  1058		       ff		      .byte.b	$ff
     28  1058					      repend
     29  1059		       ff		      .byte.b	$ff
     28  1059					      repend
     29  105a		       ff		      .byte.b	$ff
     28  105a					      repend
     29  105b		       ff		      .byte.b	$ff
     28  105b					      repend
     29  105c		       ff		      .byte.b	$ff
     28  105c					      repend
     29  105d		       ff		      .byte.b	$ff
     28  105d					      repend
     29  105e		       ff		      .byte.b	$ff
     28  105e					      repend
     29  105f		       ff		      .byte.b	$ff
     28  105f					      repend
     29  1060		       ff		      .byte.b	$ff
     28  1060					      repend
     29  1061		       ff		      .byte.b	$ff
     28  1061					      repend
     29  1062		       ff		      .byte.b	$ff
     28  1062					      repend
     29  1063		       ff		      .byte.b	$ff
     28  1063					      repend
     29  1064		       ff		      .byte.b	$ff
     28  1064					      repend
     29  1065		       ff		      .byte.b	$ff
     28  1065					      repend
     29  1066		       ff		      .byte.b	$ff
     28  1066					      repend
     29  1067		       ff		      .byte.b	$ff
     28  1067					      repend
     29  1068		       ff		      .byte.b	$ff
     28  1068					      repend
     29  1069		       ff		      .byte.b	$ff
     28  1069					      repend
     29  106a		       ff		      .byte.b	$ff
     28  106a					      repend
     29  106b		       ff		      .byte.b	$ff
     28  106b					      repend
     29  106c		       ff		      .byte.b	$ff
     28  106c					      repend
     29  106d		       ff		      .byte.b	$ff
     28  106d					      repend
     29  106e		       ff		      .byte.b	$ff
     28  106e					      repend
     29  106f		       ff		      .byte.b	$ff
     28  106f					      repend
     29  1070		       ff		      .byte.b	$ff
     28  1070					      repend
     29  1071		       ff		      .byte.b	$ff
     28  1071					      repend
     29  1072		       ff		      .byte.b	$ff
     28  1072					      repend
     29  1073		       ff		      .byte.b	$ff
     28  1073					      repend
     29  1074		       ff		      .byte.b	$ff
     28  1074					      repend
     29  1075		       ff		      .byte.b	$ff
     28  1075					      repend
     29  1076		       ff		      .byte.b	$ff
     28  1076					      repend
     29  1077		       ff		      .byte.b	$ff
     28  1077					      repend
     29  1078		       ff		      .byte.b	$ff
     28  1078					      repend
     29  1079		       ff		      .byte.b	$ff
     28  1079					      repend
     29  107a		       ff		      .byte.b	$ff
     28  107a					      repend
     29  107b		       ff		      .byte.b	$ff
     28  107b					      repend
     29  107c		       ff		      .byte.b	$ff
     28  107c					      repend
     29  107d		       ff		      .byte.b	$ff
     28  107d					      repend
     29  107e		       ff		      .byte.b	$ff
     28  107e					      repend
     29  107f		       ff		      .byte.b	$ff
     28  107f					      repend
     29  1080		       ff		      .byte.b	$ff
     28  1080					      repend
     29  1081		       ff		      .byte.b	$ff
     28  1081					      repend
     29  1082		       ff		      .byte.b	$ff
     28  1082					      repend
     29  1083		       ff		      .byte.b	$ff
     28  1083					      repend
     29  1084		       ff		      .byte.b	$ff
     28  1084					      repend
     29  1085		       ff		      .byte.b	$ff
     28  1085					      repend
     29  1086		       ff		      .byte.b	$ff
     28  1086					      repend
     29  1087		       ff		      .byte.b	$ff
     28  1087					      repend
     29  1088		       ff		      .byte.b	$ff
     28  1088					      repend
     29  1089		       ff		      .byte.b	$ff
     28  1089					      repend
     29  108a		       ff		      .byte.b	$ff
     28  108a					      repend
     29  108b		       ff		      .byte.b	$ff
     28  108b					      repend
     29  108c		       ff		      .byte.b	$ff
     28  108c					      repend
     29  108d		       ff		      .byte.b	$ff
     28  108d					      repend
     29  108e		       ff		      .byte.b	$ff
     28  108e					      repend
     29  108f		       ff		      .byte.b	$ff
     28  108f					      repend
     29  1090		       ff		      .byte.b	$ff
     28  1090					      repend
     29  1091		       ff		      .byte.b	$ff
     28  1091					      repend
     29  1092		       ff		      .byte.b	$ff
     28  1092					      repend
     29  1093		       ff		      .byte.b	$ff
     28  1093					      repend
     29  1094		       ff		      .byte.b	$ff
     28  1094					      repend
     29  1095		       ff		      .byte.b	$ff
     28  1095					      repend
     29  1096		       ff		      .byte.b	$ff
     28  1096					      repend
     29  1097		       ff		      .byte.b	$ff
     28  1097					      repend
     29  1098		       ff		      .byte.b	$ff
     28  1098					      repend
     29  1099		       ff		      .byte.b	$ff
     28  1099					      repend
     29  109a		       ff		      .byte.b	$ff
     28  109a					      repend
     29  109b		       ff		      .byte.b	$ff
     28  109b					      repend
     29  109c		       ff		      .byte.b	$ff
     28  109c					      repend
     29  109d		       ff		      .byte.b	$ff
     28  109d					      repend
     29  109e		       ff		      .byte.b	$ff
     28  109e					      repend
     29  109f		       ff		      .byte.b	$ff
     28  109f					      repend
     29  10a0		       ff		      .byte.b	$ff
     28  10a0					      repend
     29  10a1		       ff		      .byte.b	$ff
     28  10a1					      repend
     29  10a2		       ff		      .byte.b	$ff
     28  10a2					      repend
     29  10a3		       ff		      .byte.b	$ff
     28  10a3					      repend
     29  10a4		       ff		      .byte.b	$ff
     28  10a4					      repend
     29  10a5		       ff		      .byte.b	$ff
     28  10a5					      repend
     29  10a6		       ff		      .byte.b	$ff
     28  10a6					      repend
     29  10a7		       ff		      .byte.b	$ff
     28  10a7					      repend
     29  10a8		       ff		      .byte.b	$ff
     28  10a8					      repend
     29  10a9		       ff		      .byte.b	$ff
     28  10a9					      repend
     29  10aa		       ff		      .byte.b	$ff
     28  10aa					      repend
     29  10ab		       ff		      .byte.b	$ff
     28  10ab					      repend
     29  10ac		       ff		      .byte.b	$ff
     28  10ac					      repend
     29  10ad		       ff		      .byte.b	$ff
     28  10ad					      repend
     29  10ae		       ff		      .byte.b	$ff
     28  10ae					      repend
     29  10af		       ff		      .byte.b	$ff
     28  10af					      repend
     29  10b0		       ff		      .byte.b	$ff
     28  10b0					      repend
     29  10b1		       ff		      .byte.b	$ff
     28  10b1					      repend
     29  10b2		       ff		      .byte.b	$ff
     28  10b2					      repend
     29  10b3		       ff		      .byte.b	$ff
     28  10b3					      repend
     29  10b4		       ff		      .byte.b	$ff
     28  10b4					      repend
     29  10b5		       ff		      .byte.b	$ff
     28  10b5					      repend
     29  10b6		       ff		      .byte.b	$ff
     28  10b6					      repend
     29  10b7		       ff		      .byte.b	$ff
     28  10b7					      repend
     29  10b8		       ff		      .byte.b	$ff
     28  10b8					      repend
     29  10b9		       ff		      .byte.b	$ff
     28  10b9					      repend
     29  10ba		       ff		      .byte.b	$ff
     28  10ba					      repend
     29  10bb		       ff		      .byte.b	$ff
     28  10bb					      repend
     29  10bc		       ff		      .byte.b	$ff
     28  10bc					      repend
     29  10bd		       ff		      .byte.b	$ff
     28  10bd					      repend
     29  10be		       ff		      .byte.b	$ff
     28  10be					      repend
     29  10bf		       ff		      .byte.b	$ff
     28  10bf					      repend
     29  10c0		       ff		      .byte.b	$ff
     28  10c0					      repend
     29  10c1		       ff		      .byte.b	$ff
     28  10c1					      repend
     29  10c2		       ff		      .byte.b	$ff
     28  10c2					      repend
     29  10c3		       ff		      .byte.b	$ff
     28  10c3					      repend
     29  10c4		       ff		      .byte.b	$ff
     28  10c4					      repend
     29  10c5		       ff		      .byte.b	$ff
     28  10c5					      repend
     29  10c6		       ff		      .byte.b	$ff
     28  10c6					      repend
     29  10c7		       ff		      .byte.b	$ff
     28  10c7					      repend
     29  10c8		       ff		      .byte.b	$ff
     28  10c8					      repend
     29  10c9		       ff		      .byte.b	$ff
     28  10c9					      repend
     29  10ca		       ff		      .byte.b	$ff
     28  10ca					      repend
     29  10cb		       ff		      .byte.b	$ff
     28  10cb					      repend
     29  10cc		       ff		      .byte.b	$ff
     28  10cc					      repend
     29  10cd		       ff		      .byte.b	$ff
     28  10cd					      repend
     29  10ce		       ff		      .byte.b	$ff
     28  10ce					      repend
     29  10cf		       ff		      .byte.b	$ff
     28  10cf					      repend
     29  10d0		       ff		      .byte.b	$ff
     28  10d0					      repend
     29  10d1		       ff		      .byte.b	$ff
     28  10d1					      repend
     29  10d2		       ff		      .byte.b	$ff
     28  10d2					      repend
     29  10d3		       ff		      .byte.b	$ff
     28  10d3					      repend
     29  10d4		       ff		      .byte.b	$ff
     28  10d4					      repend
     29  10d5		       ff		      .byte.b	$ff
     28  10d5					      repend
     29  10d6		       ff		      .byte.b	$ff
     28  10d6					      repend
     29  10d7		       ff		      .byte.b	$ff
     28  10d7					      repend
     29  10d8		       ff		      .byte.b	$ff
     28  10d8					      repend
     29  10d9		       ff		      .byte.b	$ff
     28  10d9					      repend
     29  10da		       ff		      .byte.b	$ff
     28  10da					      repend
     29  10db		       ff		      .byte.b	$ff
     28  10db					      repend
     29  10dc		       ff		      .byte.b	$ff
     28  10dc					      repend
     29  10dd		       ff		      .byte.b	$ff
     28  10dd					      repend
     29  10de		       ff		      .byte.b	$ff
     28  10de					      repend
     29  10df		       ff		      .byte.b	$ff
     28  10df					      repend
     29  10e0		       ff		      .byte.b	$ff
     28  10e0					      repend
     29  10e1		       ff		      .byte.b	$ff
     28  10e1					      repend
     29  10e2		       ff		      .byte.b	$ff
     28  10e2					      repend
     29  10e3		       ff		      .byte.b	$ff
     28  10e3					      repend
     29  10e4		       ff		      .byte.b	$ff
     28  10e4					      repend
     29  10e5		       ff		      .byte.b	$ff
     28  10e5					      repend
     29  10e6		       ff		      .byte.b	$ff
     28  10e6					      repend
     29  10e7		       ff		      .byte.b	$ff
     28  10e7					      repend
     29  10e8		       ff		      .byte.b	$ff
     28  10e8					      repend
     29  10e9		       ff		      .byte.b	$ff
     28  10e9					      repend
     29  10ea		       ff		      .byte.b	$ff
     28  10ea					      repend
     29  10eb		       ff		      .byte.b	$ff
     28  10eb					      repend
     29  10ec		       ff		      .byte.b	$ff
     28  10ec					      repend
     29  10ed		       ff		      .byte.b	$ff
     28  10ed					      repend
     29  10ee		       ff		      .byte.b	$ff
     28  10ee					      repend
     29  10ef		       ff		      .byte.b	$ff
     28  10ef					      repend
     29  10f0		       ff		      .byte.b	$ff
     28  10f0					      repend
     29  10f1		       ff		      .byte.b	$ff
     28  10f1					      repend
     29  10f2		       ff		      .byte.b	$ff
     28  10f2					      repend
     29  10f3		       ff		      .byte.b	$ff
     28  10f3					      repend
     29  10f4		       ff		      .byte.b	$ff
     28  10f4					      repend
     29  10f5		       ff		      .byte.b	$ff
     28  10f5					      repend
     29  10f6		       ff		      .byte.b	$ff
     28  10f6					      repend
     29  10f7		       ff		      .byte.b	$ff
     28  10f7					      repend
     29  10f8		       ff		      .byte.b	$ff
     28  10f8					      repend
     29  10f9		       ff		      .byte.b	$ff
     28  10f9					      repend
     29  10fa		       ff		      .byte.b	$ff
     28  10fa					      repend
     29  10fb		       ff		      .byte.b	$ff
     28  10fb					      repend
     29  10fc		       ff		      .byte.b	$ff
     28  10fc					      repend
     29  10fd		       ff		      .byte.b	$ff
     28  10fd					      repend
     29  10fe		       ff		      .byte.b	$ff
     28  10fe					      repend
     29  10ff		       ff		      .byte.b	$ff
     30  1100					      repend
     31  1100				   game
     32  1100				   .L00 		;;line 1;;  set kernel split
     33  1100
     34  1100				   .L01 		;;line 2;;  set romsize 16kSC
     35  1100
     36  1100				   .
     37  1100							;;line 3;;
     38  1100
     39  1100				   .
     40  1100							;;line 4;;
     41  1100
     42  1100				   .
     43  1100							;;line 5;;
     44  1100
     45  1100				   .
     46  1100							;;line 6;;
     47  1100
     48  1100				   .
     49  1100							;;line 7;;
     50  1100
     51  1100				   .
     52  1100							;;line 8;;
     53  1100
     54  1100				   .
     55  1100							;;line 9;;
     56  1100
     57  1100				   .
     58  1100							;;line 10;;
     59  1100
     60  1100				   .L02 		;;line 11;;  dim p2_player0y = a
     61  1100
     62  1100				   .L03 		;;line 12;;  dim p2_player0x = b
     63  1100
     64  1100				   .L04 		;;line 13;;  dim p2_colupf = c
     65  1100
     66  1100				   .
     67  1100							;;line 14;;
     68  1100
     69  1100				   .L05 		;;line 15;;  dim p0_room = d
     70  1100
     71  1100				   .L06 		;;line 16;;  dim p1_room = e
     72  1100
     73  1100				   .
     74  1100							;;line 17;;
     75  1100
     76  1100				   .L07 		;;line 18;;  dim p0_oldx = f
     77  1100
     78  1100				   .L08 		;;line 19;;  dim p0_oldy = g
     79  1100
     80  1100				   .
     81  1100							;;line 20;;
     82  1100
     83  1100				   .L09 		;;line 21;;  dim p1_oldx = h
     84  1100
     85  1100				   .L010		;;line 22;;  dim p1_oldy = i
     86  1100
     87  1100				   .
     88  1100							;;line 23;;
     89  1100
     90  1100				   .L011		;;line 24;;  dim p2_player1y = j
     91  1100
     92  1100				   .L012		;;line 25;;  dim p2_player1x = k
     93  1100
     94  1100				   .
     95  1100							;;line 26;;
     96  1100
     97  1100				   .L013		;;line 27;;  dim p2_player0pointerlo = l
     98  1100
     99  1100				   .L014		;;line 28;;  dim p2_player0pointerhi = m
    100  1100
    101  1100				   .
    102  1100							;;line 29;;
    103  1100
    104  1100				   .L015		;;line 30;;  dim p2_player1pointerlo = n
    105  1100
    106  1100				   .L016		;;line 31;;  dim p2_player1pointerhi = o
    107  1100
    108  1100				   .
    109  1100							;;line 32;;
    110  1100
    111  1100				   .L017		;;line 33;;  dim p2_colup0 = p
    112  1100
    113  1100				   .
    114  1100							;;line 34;;
    115  1100
    116  1100				   .
    117  1100							;;line 35;;
    118  1100
    119  1100				   .L018		;;line 36;;  player0x = 92  :	player0y = 25
    120  1100
    121  1100		       a9 5c		      LDA	#92
    122  1102		       85 80		      STA	player0x
    123  1104		       a9 19		      LDA	#25
    124  1106		       85 85		      STA	player0y
    125  1108				   .L019		;;line 37;;  p2_player0x = 92	:  p2_player0y = 25
    126  1108
    127  1108		       a9 5c		      LDA	#92
    128  110a		       85 d5		      STA	p2_player0x
    129  110c		       a9 19		      LDA	#25
    130  110e		       85 d4		      STA	p2_player0y
    131  1110				   .L020		;;line 38;;  p0_room = 19  :  p1_room = 19
    132  1110
    133  1110		       a9 13		      LDA	#19
    134  1112		       85 d7		      STA	p0_room
    135  1114		       85 d8		      STA	p1_room
    136  1116				   .
    137  1116							;;line 39;;
    138  1116
    139  1116				   .
    140  1116							;;line 40;;
    141  1116
    142  1116				   .L021		;;line 41;;  gosub load_p0_room
    143  1116
    144  1116		       20 95 92 	      jsr	.load_p0_room
    145  1119				   .L022		;;line 42;;  gosub load_p1_room
    146  1119
    147  1119		       20 c6 92 	      jsr	.load_p1_room
    148  111c				   .
    149  111c							;;line 43;;
    150  111c
    151  111c				   .
    152  111c							;;line 44;;
    153  111c
    154  111c				   .L023		;;line 45;;  player0:
    155  111c
    156  111c		       a2 ac		      LDX	#<playerL023_0
    157  111e		       86 8a		      STX	player0pointerlo
    158  1120		       a9 f6		      LDA	#>playerL023_0
    159  1122		       85 8b		      STA	player0pointerhi
    160  1124		       a9 05		      LDA	#5
    161  1126		       85 8e		      STA	player0height
    162  1128				   .
    163  1128							;;line 53;;
    164  1128
    165  1128				   .
    166  1128							;;line 54;;
    167  1128
    168  1128				   .L024		;;line 55;;  p2_player0pointerlo = player0pointerlo
    169  1128
    170  1128		       a5 8a		      LDA	player0pointerlo
    171  112a		       85 df		      STA	p2_player0pointerlo
    172  112c				   .L025		;;line 56;;  p2_player0pointerhi = player0pointerhi
    173  112c
    174  112c		       a5 8b		      LDA	player0pointerhi
    175  112e		       85 e0		      STA	p2_player0pointerhi
    176  1130				   .
    177  1130							;;line 57;;
    178  1130
    179  1130				   .
    180  1130							;;line 58;;
    181  1130
    182  1130				   .L026		;;line 59;;  p2_player1pointerlo = player1pointerlo
    183  1130
    184  1130		       a5 8c		      LDA	player1pointerlo
    185  1132		       85 e1		      STA	p2_player1pointerlo
    186  1134				   .L027		;;line 60;;  p2_player1pointerhi = player1pointerhi
    187  1134
    188  1134		       a5 8d		      LDA	player1pointerhi
    189  1136		       85 e2		      STA	p2_player1pointerhi
    190  1138				   .
    191  1138							;;line 61;;
    192  1138
    193  1138				   .main_loop
    194  1138							;;line 62;; main_loop
    195  1138
    196  1138				   .
    197  1138							;;line 63;;
    198  1138
    199  1138				   .
    200  1138							;;line 64;;
    201  1138
    202  1138				   .
    203  1138							;;line 65;;
    204  1138
    205  1138				   .L028		;;line 66;;  player0:
    206  1138
    207  1138		       a2 b2		      LDX	#<playerL028_0
    208  113a		       86 8a		      STX	player0pointerlo
    209  113c		       a9 f6		      LDA	#>playerL028_0
    210  113e		       85 8b		      STA	player0pointerhi
    211  1140		       a9 05		      LDA	#5
    212  1142		       85 8e		      STA	player0height
    213  1144				   .
    214  1144							;;line 74;;
    215  1144
    216  1144				   .L029		;;line 75;;  COLUBK = $00
    217  1144
    218  1144		       a9 00		      LDA	#$00
    219  1146		       85 09		      STA	COLUBK
    220  1148				   .L030		;;line 76;;  CTRLPF = $21
    221  1148
    222  1148		       a9 21		      LDA	#$21
    223  114a		       85 0a		      STA	CTRLPF
    224  114c				   .L031		;;line 77;;  COLUP0 = $1E
    225  114c
    226  114c		       a9 1e		      LDA	#$1E
    227  114e		       85 06		      STA	COLUP0
    228  1150				   .L032		;;line 78;;  p2_colup0 = $44
    229  1150
    230  1150		       a9 44		      LDA	#$44
    231  1152		       85 e3		      STA	p2_colup0
    232  1154				   .
    233  1154							;;line 79;;
    234  1154
    235  1154				   .
    236  1154							;;line 80;;
    237  1154
    238  1154				   .L033		;;line 81;;  p0_oldx = player0x  :  p0_oldy = player0y
    239  1154
    240  1154		       a5 80		      LDA	player0x
    241  1156		       85 d9		      STA	p0_oldx
    242  1158		       a5 85		      LDA	player0y
    243  115a		       85 da		      STA	p0_oldy
    244  115c				   .L034		;;line 82;;  p1_oldx = p2_player0x  :	p1_oldy = p2_player0y
    245  115c
    246  115c		       a5 d5		      LDA	p2_player0x
    247  115e		       85 db		      STA	p1_oldx
    248  1160		       a5 d4		      LDA	p2_player0y
    249  1162		       85 dc		      STA	p1_oldy
    250  1164				   .
    251  1164							;;line 83;;
    252  1164
    253  1164				   .
    254  1164							;;line 84;;
    255  1164
    256  1164				   .L035		;;line 85;;  if joy0up then player0y = player0y  -  1
    257  1164
    258  1164		       a9 10		      lda	#$10
    259  1166		       2c 80 02 	      bit	SWCHA
    260  1169		       d0 02		      BNE	.skipL035
    261  116b				   .condpart0
    262  116b		       c6 85		      DEC	player0y
    263  116d				   .skipL035
    264  116d				   .L036		;;line 86;;  if joy0down then player0y = player0y  +  1
    265  116d
    266  116d		       a9 20		      lda	#$20
    267  116f		       2c 80 02 	      bit	SWCHA
    268  1172		       d0 02		      BNE	.skipL036
    269  1174				   .condpart1
    270  1174		       e6 85		      INC	player0y
    271  1176				   .skipL036
    272  1176				   .L037		;;line 87;;  if joy0left then player0x = player0x  -  1
    273  1176
    274  1176		       2c 80 02 	      bit	SWCHA
    275  1179		       70 02		      BVS	.skipL037
    276  117b				   .condpart2
    277  117b		       c6 80		      DEC	player0x
    278  117d				   .skipL037
    279  117d				   .L038		;;line 88;;  if joy0right then player0x = player0x  +	1
    280  117d
    281  117d		       2c 80 02 	      bit	SWCHA
    282  1180		       30 02		      BMI	.skipL038
    283  1182				   .condpart3
    284  1182		       e6 80		      INC	player0x
    285  1184				   .skipL038
    286  1184				   .
    287  1184							;;line 89;;
    288  1184
    289  1184				   .
    290  1184							;;line 90;;
    291  1184
    292  1184				   .L039		;;line 91;;  if joy1up then p2_player0y = p2_player0y	-  1
    293  1184
    294  1184		       a9 01		      lda	#1
    295  1186		       2c 80 02 	      bit	SWCHA
    296  1189		       d0 02		      BNE	.skipL039
    297  118b				   .condpart4
    298  118b		       c6 d4		      DEC	p2_player0y
    299  118d				   .skipL039
    300  118d				   .L040		;;line 92;;  if joy1down then p2_player0y = p2_player0y  +  1
    301  118d
    302  118d		       a9 02		      lda	#2
    303  118f		       2c 80 02 	      bit	SWCHA
    304  1192		       d0 02		      BNE	.skipL040
    305  1194				   .condpart5
    306  1194		       e6 d4		      INC	p2_player0y
    307  1196				   .skipL040
    308  1196				   .L041		;;line 93;;  if joy1left then p2_player0x = p2_player0x  -  1
    309  1196
    310  1196		       a9 04		      lda	#4
    311  1198		       2c 80 02 	      bit	SWCHA
    312  119b		       d0 02		      BNE	.skipL041
    313  119d				   .condpart6
    314  119d		       c6 d5		      DEC	p2_player0x
    315  119f				   .skipL041
    316  119f				   .L042		;;line 94;;  if joy1right then p2_player0x = p2_player0x  +  1
    317  119f
    318  119f		       a9 08		      lda	#8
    319  11a1		       2c 80 02 	      bit	SWCHA
    320  11a4		       d0 02		      BNE	.skipL042
    321  11a6				   .condpart7
    322  11a6		       e6 d5		      INC	p2_player0x
    323  11a8				   .skipL042
    324  11a8				   .
    325  11a8							;;line 95;;
    326  11a8
    327  11a8				   .
    328  11a8							;;line 96;;
    329  11a8
    330  11a8				   .L043		;;line 97;;  if player0y  <  8 then player0y = 42  :  p0_room = move_north[p0_room]  :  gosub load_p0_room
    331  11a8
    332  11a8		       a5 85		      LDA	player0y
    333  11aa		       c9 08		      CMP	#8
    334  11ac		       b0 0e		      BCS	.skipL043
    335  11ae				   .condpart8
    336  11ae		       a9 2a		      LDA	#42
    337  11b0		       85 85		      STA	player0y
    338  11b2		       a6 d7		      LDX	p0_room
    339  11b4		       bd 1f 93 	      LDA	move_north,x
    340  11b7		       85 d7		      STA	p0_room
    341  11b9		       20 95 92 	      jsr	.load_p0_room
    342  11bc				   .skipL043
    343  11bc				   .L044		;;line 98;;  if player0y  >  44 then player0y = 8  :  p0_room = move_south[p0_room]  :  gosub load_p0_room
    344  11bc
    345  11bc		       a9 2c		      LDA	#44
    346  11be		       c5 85		      CMP	player0y
    347  11c0		       b0 0e		      BCS	.skipL044
    348  11c2				   .condpart9
    349  11c2		       a9 08		      LDA	#8
    350  11c4		       85 85		      STA	player0y
    351  11c6		       a6 d7		      LDX	p0_room
    352  11c8		       bd 69 93 	      LDA	move_south,x
    353  11cb		       85 d7		      STA	p0_room
    354  11cd		       20 95 92 	      jsr	.load_p0_room
    355  11d0				   .skipL044
    356  11d0				   .L045		;;line 99;;  if player0x  <  16 then player0x = 136  :  p0_room = move_west[p0_room]  :  gosub load_p0_room
    357  11d0
    358  11d0		       a5 80		      LDA	player0x
    359  11d2		       c9 10		      CMP	#16
    360  11d4		       b0 0e		      BCS	.skipL045
    361  11d6				   .condpart10
    362  11d6		       a9 88		      LDA	#136
    363  11d8		       85 80		      STA	player0x
    364  11da		       a6 d7		      LDX	p0_room
    365  11dc		       bd 8e 93 	      LDA	move_west,x
    366  11df		       85 d7		      STA	p0_room
    367  11e1		       20 95 92 	      jsr	.load_p0_room
    368  11e4				   .skipL045
    369  11e4				   .L046		;;line 100;;  if player0x  >  138 then player0x = 24  :  p0_room = move_east[p0_room]	:  gosub load_p0_room
    370  11e4
    371  11e4		       a9 8a		      LDA	#138
    372  11e6		       c5 80		      CMP	player0x
    373  11e8		       b0 0e		      BCS	.skipL046
    374  11ea				   .condpart11
    375  11ea		       a9 18		      LDA	#24
    376  11ec		       85 80		      STA	player0x
    377  11ee		       a6 d7		      LDX	p0_room
    378  11f0		       bd 44 93 	      LDA	move_east,x
    379  11f3		       85 d7		      STA	p0_room
    380  11f5		       20 95 92 	      jsr	.load_p0_room
    381  11f8				   .skipL046
    382  11f8				   .
    383  11f8							;;line 101;;
    384  11f8
    385  11f8				   .
    386  11f8							;;line 102;;
    387  11f8
    388  11f8				   .L047		;;line 103;;  if p2_player0y  <  6 then p2_player0y = 42  :  p1_room = move_north[p1_room]  :	gosub load_p1_room
    389  11f8
    390  11f8		       a5 d4		      LDA	p2_player0y
    391  11fa		       c9 06		      CMP	#6
    392  11fc		       b0 0e		      BCS	.skipL047
    393  11fe				   .condpart12
    394  11fe		       a9 2a		      LDA	#42
    395  1200		       85 d4		      STA	p2_player0y
    396  1202		       a6 d8		      LDX	p1_room
    397  1204		       bd 1f 93 	      LDA	move_north,x
    398  1207		       85 d8		      STA	p1_room
    399  1209		       20 c6 92 	      jsr	.load_p1_room
    400  120c				   .skipL047
    401  120c				   .L048		;;line 104;;  if p2_player0y  >  44 then p2_player0y = 8  :  p1_room = move_south[p1_room]  :	gosub load_p1_room
    402  120c
    403  120c		       a9 2c		      LDA	#44
    404  120e		       c5 d4		      CMP	p2_player0y
    405  1210		       b0 0e		      BCS	.skipL048
    406  1212				   .condpart13
    407  1212		       a9 08		      LDA	#8
    408  1214		       85 d4		      STA	p2_player0y
    409  1216		       a6 d8		      LDX	p1_room
    410  1218		       bd 69 93 	      LDA	move_south,x
    411  121b		       85 d8		      STA	p1_room
    412  121d		       20 c6 92 	      jsr	.load_p1_room
    413  1220				   .skipL048
    414  1220				   .L049		;;line 105;;  if p2_player0x  <  16 then p2_player0x = 138  :	p1_room = move_west[p1_room]  :  gosub load_p1_room
    415  1220
    416  1220		       a5 d5		      LDA	p2_player0x
    417  1222		       c9 10		      CMP	#16
    418  1224		       b0 0e		      BCS	.skipL049
    419  1226				   .condpart14
    420  1226		       a9 8a		      LDA	#138
    421  1228		       85 d5		      STA	p2_player0x
    422  122a		       a6 d8		      LDX	p1_room
    423  122c		       bd 8e 93 	      LDA	move_west,x
    424  122f		       85 d8		      STA	p1_room
    425  1231		       20 c6 92 	      jsr	.load_p1_room
    426  1234				   .skipL049
    427  1234				   .L050		;;line 106;;  if p2_player0x  >  138 then p2_player0x = 24  :	p1_room = move_east[p1_room]  :  gosub load_p1_room
    428  1234
    429  1234		       a9 8a		      LDA	#138
    430  1236		       c5 d5		      CMP	p2_player0x
    431  1238		       b0 0e		      BCS	.skipL050
    432  123a				   .condpart15
    433  123a		       a9 18		      LDA	#24
    434  123c		       85 d5		      STA	p2_player0x
    435  123e		       a6 d8		      LDX	p1_room
    436  1240		       bd 44 93 	      LDA	move_east,x
    437  1243		       85 d8		      STA	p1_room
    438  1245		       20 c6 92 	      jsr	.load_p1_room
    439  1248				   .skipL050
    440  1248				   .
    441  1248							;;line 107;;
    442  1248
    443  1248				   .L051		;;line 108;;  COLUPF = room_color[p0_room]
    444  1248
    445  1248		       a6 d7		      LDX	p0_room
    446  124a		       bd b3 93 	      LDA	room_color,x
    447  124d		       85 08		      STA	COLUPF
    448  124f				   .L052		;;line 109;;  p2_colupf = room_color[p1_room]
    449  124f
    450  124f		       a6 d8		      LDX	p1_room
    451  1251		       bd b3 93 	      LDA	room_color,x
    452  1254		       85 d6		      STA	p2_colupf
    453  1256				   .
    454  1256							;;line 110;;
    455  1256
    456  1256				   .L053		;;line 111;;  drawscreen
    457  1256
    458  1256		       85 ee		      sta	temp7
    459  1258		       a9 92		      lda	#>(ret_point1-1)
    460  125a		       48		      pha
    461  125b		       a9 6d		      lda	#<(ret_point1-1)
    462  125d		       48		      pha
    463  125e		       a9 f6		      lda	#>(drawscreen-1)
    464  1260		       48		      pha
    465  1261		       a9 0b		      lda	#<(drawscreen-1)
    466  1263		       48		      pha
    467  1264		       a5 ee		      lda	temp7
    468  1266		       48		      pha
    469  1267		       8a		      txa
    470  1268		       48		      pha
    471  1269		       a2 04		      ldx	#4
    472  126b		       4c eb ff 	      jmp	BS_jsr
    473  126e				   ret_point1
    474  126e				   .
    475  126e							;;line 112;;
    476  126e
    477  126e				   .L054		;;line 113;;  if collision(player0,playfield) then gosub knock_back
    478  126e
    479  126e		       24 02		      bit	CXP0FB
    480  1270		       10 03		      BPL	.skipL054
    481  1272				   .condpart16
    482  1272		       20 78 92 	      jsr	.knock_back
    483  1275				   .skipL054
    484  1275				   .
    485  1275							;;line 114;;
    486  1275
    487  1275				   .L055		;;line 115;;  goto main_loop
    488  1275
    489  1275		       4c 38 91 	      jmp	.main_loop
    490  1278				   .
    491  1278							;;line 116;;
    492  1278
    493  1278				   .knock_back
    494  1278							;;line 117;; knock_back
    495  1278
    496  1278				   .L056		;;line 118;;  player0x = p0_oldx
    497  1278
    498  1278		       a5 d9		      LDA	p0_oldx
    499  127a		       85 80		      STA	player0x
    500  127c				   .L057		;;line 119;;  player0y = p0_oldy
    501  127c
    502  127c		       a5 da		      LDA	p0_oldy
    503  127e		       85 85		      STA	player0y
    504  1280				   .L058		;;line 120;;  p2_player0x = p1_oldx
    505  1280
    506  1280		       a5 db		      LDA	p1_oldx
    507  1282		       85 d5		      STA	p2_player0x
    508  1284				   .L059		;;line 121;;  p2_player0y = p1_oldy
    509  1284
    510  1284		       a5 dc		      LDA	p1_oldy
    511  1286		       85 d4		      STA	p2_player0y
    512  1288				   .L060		;;line 122;;  return
    513  1288
    514  1288		       ba		      tsx
    515  1289		       b5 02		      lda	2,x	; check return address
    516  128b		       49 92		      eor	#(>*)	; vs. current PCH
    517  128d		       29 e0		      and	#$E0	;  mask off all but top 3 bits
    518  128f		       f0 03		      beq	*+5	; if equal, do normal return
    519  1291		       4c dd ff 	      JMP	BS_return
    520  1294		       60		      RTS
    521  1295				   .
    522  1295							;;line 123;;
    523  1295
    524  1295				   .
    525  1295							;;line 124;;
    526  1295
    527  1295				   .
    528  1295							;;line 125;;
    529  1295
    530  1295				   .
    531  1295							;;line 126;;
    532  1295
    533  1295				   .load_p0_room
    534  1295							;;line 127;; load_p0_room
    535  1295
    536  1295				   .L061		;;line 128;;  temp1 = room_shape[p0_room]
    537  1295
    538  1295		       a6 d7		      LDX	p0_room
    539  1297		       bd fa 92 	      LDA	room_shape,x
    540  129a		       85 9c		      STA	temp1
    541  129c				   .L062		;;line 129;;  COLUPF = room_color[p0_room]
    542  129c
    543  129c		       a6 d7		      LDX	p0_room
    544  129e		       bd b3 93 	      LDA	room_color,x
    545  12a1		       85 08		      STA	COLUPF
    546  12a3				   .L063		;;line 130;;  asm
    547  12a3
    548  12a3		       a6 9c		      ldx	temp1
    549  12a5
    550  12a5		       bd d5 93 	      lda	room_pointers_lo,x
    551  12a8
    552  12a8		       85 a0		      sta	temp5
    553  12aa
    554  12aa		       bd e5 93 	      lda	room_pointers_hi,x
    555  12ad
    556  12ad		       85 a1		      sta	temp6
    557  12af
    558  12af
    559  12af
    560  12af		       a0 17		      ldy	#(split_ram_offset - 1)
    561  12b1
    562  12b1				   .loopTop
    563  12b1
    564  12b1		       b1 a0		      lda	(temp5),y
    565  12b3
    566  12b3		       99 50 10 	      sta	playfield-128,y
    567  12b6
    568  12b6		       88		      dey
    569  12b7
    570  12b7		       10 f8		      bpl	.loopTop
    571  12b9
    572  12b9				   .L064		;;line 144;;  return
    573  12b9
    574  12b9		       ba		      tsx
    575  12ba		       b5 02		      lda	2,x	; check return address
    576  12bc		       49 92		      eor	#(>*)	; vs. current PCH
    577  12be		       29 e0		      and	#$E0	;  mask off all but top 3 bits
    578  12c0		       f0 03		      beq	*+5	; if equal, do normal return
    579  12c2		       4c dd ff 	      JMP	BS_return
    580  12c5		       60		      RTS
    581  12c6				   .
    582  12c6							;;line 145;;
    583  12c6
    584  12c6				   .load_p1_room
    585  12c6							;;line 146;; load_p1_room
    586  12c6
    587  12c6				   .L065		;;line 147;;  temp1 = room_shape[p1_room]
    588  12c6
    589  12c6		       a6 d8		      LDX	p1_room
    590  12c8		       bd fa 92 	      LDA	room_shape,x
    591  12cb		       85 9c		      STA	temp1
    592  12cd				   .L066		;;line 148;;  p2_colupf = room_color[p1_room]
    593  12cd
    594  12cd		       a6 d8		      LDX	p1_room
    595  12cf		       bd b3 93 	      LDA	room_color,x
    596  12d2		       85 d6		      STA	p2_colupf
    597  12d4				   .L067		;;line 149;;  asm
    598  12d4
    599  12d4		       a6 9c		      ldx	temp1
    600  12d6
    601  12d6		       bd d5 93 	      lda	room_pointers_lo,x
    602  12d9
    603  12d9		       85 a0		      sta	temp5
    604  12db
    605  12db		       bd e5 93 	      lda	room_pointers_hi,x
    606  12de
    607  12de		       85 a1		      sta	temp6
    608  12e0
    609  12e0
    610  12e0
    611  12e0		       a0 17		      ldy	#(split_ram_offset - 1)
    612  12e2
    613  12e2				   .loopBot
    614  12e2
    615  12e2		       b1 a0		      lda	(temp5),y
    616  12e4
    617  12e4		       99 68 10 	      sta	playfield-128+split_ram_offset,y
    618  12e7
    619  12e7		       88		      dey
    620  12e8
    621  12e8		       10 f8		      bpl	.loopBot
    622  12ea
    623  12ea				   .L068		;;line 163;;  return
    624  12ea
    625  12ea		       ba		      tsx
    626  12eb		       b5 02		      lda	2,x	; check return address
    627  12ed		       49 92		      eor	#(>*)	; vs. current PCH
    628  12ef		       29 e0		      and	#$E0	;  mask off all but top 3 bits
    629  12f1		       f0 03		      beq	*+5	; if equal, do normal return
    630  12f3		       4c dd ff 	      JMP	BS_return
    631  12f6		       60		      RTS
    632  12f7				   .
    633  12f7							;;line 164;;
    634  12f7
    635  12f7				   .
    636  12f7							;;line 165;;
    637  12f7
    638  12f7				   .
    639  12f7							;;line 166;;
    640  12f7
    641  12f7				   .
    642  12f7							;;line 167;;
    643  12f7
    644  12f7				   .L069		;;line 168;;  data room_shape
    645  12f7
    646  12f7		       4c 1c 93 	      JMP	.skipL069
    647  12fa				   room_shape
    648  12fa		       07 0b 04 01*	      .byte.b	7,11,4,1,2,9,10,3,9,12,8,4,15,6,5,3,13
    649  130b
    650  130b		       0b 0a 03 05*	      .byte.b	11,10,3,5,15,0,1,1,14,8,4,15,14,10,2,12,14
    651  131c
    652  131c				   .skipL069
    653  131c				   .
    654  131c							;;line 172;;
    655  131c
    656  131c				   .L070		;;line 173;;  data move_north
    657  131c
    658  131c		       4c 41 93 	      JMP	.skipL070
    659  131f				   move_north
    660  131f		       00 00 00 00*	      .byte.b	0,0,0,0,5,2,4,8,9,0,11,12,0,0,0,14,0,0
    661  1331
    662  1331		       03 15 00 00*	      .byte.b	3,21,0,0,20,0,0,22,23,28,0,27,24,32,0,31
    663  1341
    664  1341				   .skipL070
    665  1341				   .
    666  1341							;;line 177;;
    667  1341
    668  1341				   .L071		;;line 178;;  data move_east
    669  1341
    670  1341		       4c 66 93 	      JMP	.skipL071
    671  1344				   move_east
    672  1344		       01 00 03 04*	      .byte.b	1,0,3,4,0,0,7,10,0,0,0,13,0,14,0,17,15,0
    673  1356
    674  1356		       13 14 00 00*	      .byte.b	19,20,0,0,24,22,23,0,0,26,0,0,31,0,0,0
    675  1366
    676  1366				   .skipL071
    677  1366				   .
    678  1366							;;line 182;;
    679  1366
    680  1366				   .L072		;;line 183;;  data move_south
    681  1366
    682  1366		       4c 8b 93 	      JMP	.skipL072
    683  1369				   move_south
    684  1369		       02 00 05 12*	      .byte.b	2,0,5,18,6,4,0,0,7,8,0,10,11,0,15,0,0,0
    685  137b
    686  137b		       00 00 16 13*	      .byte.b	0,0,22,19,25,26,30,0,0,29,27,0,0,33,31,0
    687  138b
    688  138b				   .skipL072
    689  138b				   .
    690  138b							;;line 187;;
    691  138b
    692  138b				   .L073		;;line 188;;  data move_west
    693  138b
    694  138b		       4c b0 93 	      JMP	.skipL073
    695  138e				   move_west
    696  138e		       00 00 00 02*	      .byte.b	0,0,0,2,3,0,0,6,0,0,7,0,0,11,13,16,0,15
    697  13a0
    698  13a0		       00 12 13 00*	      .byte.b	0,18,19,0,23,24,22,0,27,0,0,0,0,30,0,0
    699  13b0
    700  13b0				   .skipL073
    701  13b0				   .
    702  13b0							;;line 192;;
    703  13b0
    704  13b0				   .L074		;;line 193;;  data room_color
    705  13b0
    706  13b0		       4c d5 93 	      JMP	.skipL074
    707  13b3				   room_color
    708  13b3		       80 82 84 86*	      .byte.b	$80,$82,$84,$86,$C2,$C4,$62,$66,$68
    709  13bc
    710  13bc		       76 08 06 04*	      .byte.b	$76,$08,$06,$04,$02,$44,$46,$48
    711  13c4
    712  13c4		       aa bc cc 3c*	      .byte.b	$AA,$BC,$CC,$3C,$34,$38,$54,$56,$24
    713  13cd
    714  13cd		       2e 26 28 f4*	      .byte.b	$2E,$26,$28,$F4,$F6,$F8,$E4,$A8
    715  13d5
    716  13d5				   .skipL074
    717  13d5				   .
    718  13d5							;;line 199;;
    719  13d5
    720  13d5				   .L075		;;line 200;;  asm
    721  13d5
    722  13d5				   room_pointers_lo
    723  13d5
    724  13d5		       fa 2d 60 93*	      .byte.b	<PF_data0, <PF_data1, <PF_data2, <PF_data3, <PF_data4, <PF_data5, <PF_data6, <PF_data7
    725  13dd
    726  13dd		       92 c5 f8 2b*	      .byte.b	<PF_data8, <PF_data9, <PF_data10, <PF_data11, <PF_data12, <PF_data13, <PF_data14, <PF_data15
    727  13e5
    728  13e5				   room_pointers_hi
    729  13e5
    730  13e5		       93 94 94 94*	      .byte.b	>PF_data0, >PF_data1, >PF_data2, >PF_data3, >PF_data4, >PF_data5, >PF_data6, >PF_data7
    731  13ed
    732  13ed		       95 95 95 96*	      .byte.b	>PF_data8, >PF_data9, >PF_data10, >PF_data11, >PF_data12, >PF_data13, >PF_data14, >PF_data15
    733  13f5
    734  13f5				   .
    735  13f5							;;line 208;;
    736  13f5
    737  13f5				   .
    738  13f5							;;line 209;;
    739  13f5
    740  13f5				   .
    741  13f5							;;line 210;;
    742  13f5
    743  13f5				   .
    744  13f5							;;line 211;;
    745  13f5
    746  13f5				   .draw_room_shape_0
    747  13f5							;;line 212;; draw_room_shape_0
    748  13f5
    749  13f5				   .L076		;;line 213;;  playfield:
    750  13f5
    751  13f5				  -	      ifconst	pfres
    752  13f5				  -	      ldx	#(6>pfres)*(pfres*pfwidth-1)+(6<=pfres)*23
    753  13f5					      else
    754  13f5		       a2 17		      ldx	#((6*pfwidth-1)*((6*pfwidth-1)<47))+(47*((6*pfwidth-1)>=47))
    755  13f7					      endif
    756  13f7		       4c 12 94 	      jmp	pflabel0
    757  13fa				   PF_data0
    758  13fa		       ff 0f		      .byte.b	%11111111, %00001111
    759  13fc					      if	(pfwidth>2)
    760  13fc		       ff 0f		      .byte.b	%11111111, %00001111
    761  13fe					      endif
    762  13fe		       c0 00		      .byte.b	%11000000, %00000000
    763  1400					      if	(pfwidth>2)
    764  1400		       c0 00		      .byte.b	%11000000, %00000000
    765  1402					      endif
    766  1402		       00 00		      .byte.b	%00000000, %00000000
    767  1404					      if	(pfwidth>2)
    768  1404		       00 00		      .byte.b	%00000000, %00000000
    769  1406					      endif
    770  1406		       c0 00		      .byte.b	%11000000, %00000000
    771  1408					      if	(pfwidth>2)
    772  1408		       c0 00		      .byte.b	%11000000, %00000000
    773  140a					      endif
    774  140a		       ff 0f		      .byte.b	%11111111, %00001111
    775  140c					      if	(pfwidth>2)
    776  140c		       ff 0f		      .byte.b	%11111111, %00001111
    777  140e					      endif
    778  140e		       00 00		      .byte.b	%00000000, %00000000
    779  1410					      if	(pfwidth>2)
    780  1410		       00 00		      .byte.b	%00000000, %00000000
    781  1412					      endif
    782  1412				   pflabel0
    783  1412		       bd fa 93 	      lda	PF_data0,x
    784  1415		       9d 50 10 	      sta	playfield-128,x
    785  1418		       ca		      dex
    786  1419		       10 f7		      bpl	pflabel0
    787  141b				   .L077		;;line 221;;  return
    788  141b
    789  141b		       ba		      tsx
    790  141c		       b5 02		      lda	2,x	; check return address
    791  141e		       49 94		      eor	#(>*)	; vs. current PCH
    792  1420		       29 e0		      and	#$E0	;  mask off all but top 3 bits
    793  1422		       f0 03		      beq	*+5	; if equal, do normal return
    794  1424		       4c dd ff 	      JMP	BS_return
    795  1427		       60		      RTS
    796  1428				   .
    797  1428							;;line 222;;
    798  1428
    799  1428				   .draw_room_shape_1
    800  1428							;;line 223;; draw_room_shape_1
    801  1428
    802  1428				   .L078		;;line 224;;  playfield:
    803  1428
    804  1428				  -	      ifconst	pfres
    805  1428				  -	      ldx	#(6>pfres)*(pfres*pfwidth-1)+(6<=pfres)*23
    806  1428					      else
    807  1428		       a2 17		      ldx	#((6*pfwidth-1)*((6*pfwidth-1)<47))+(47*((6*pfwidth-1)>=47))
    808  142a					      endif
    809  142a		       4c 45 94 	      jmp	pflabel1
    810  142d				   PF_data1
    811  142d		       ff ff		      .byte.b	%11111111, %11111111
    812  142f					      if	(pfwidth>2)
    813  142f		       ff ff		      .byte.b	%11111111, %11111111
    814  1431					      endif
    815  1431		       c0 00		      .byte.b	%11000000, %00000000
    816  1433					      if	(pfwidth>2)
    817  1433		       c0 00		      .byte.b	%11000000, %00000000
    818  1435					      endif
    819  1435		       00 00		      .byte.b	%00000000, %00000000
    820  1437					      if	(pfwidth>2)
    821  1437		       00 00		      .byte.b	%00000000, %00000000
    822  1439					      endif
    823  1439		       c0 00		      .byte.b	%11000000, %00000000
    824  143b					      if	(pfwidth>2)
    825  143b		       c0 00		      .byte.b	%11000000, %00000000
    826  143d					      endif
    827  143d		       ff 0f		      .byte.b	%11111111, %00001111
    828  143f					      if	(pfwidth>2)
    829  143f		       ff 0f		      .byte.b	%11111111, %00001111
    830  1441					      endif
    831  1441		       00 00		      .byte.b	%00000000, %00000000
    832  1443					      if	(pfwidth>2)
    833  1443		       00 00		      .byte.b	%00000000, %00000000
    834  1445					      endif
    835  1445				   pflabel1
    836  1445		       bd 2d 94 	      lda	PF_data1,x
    837  1448		       9d 50 10 	      sta	playfield-128,x
    838  144b		       ca		      dex
    839  144c		       10 f7		      bpl	pflabel1
    840  144e				   .L079		;;line 232;;  return
    841  144e
    842  144e		       ba		      tsx
    843  144f		       b5 02		      lda	2,x	; check return address
    844  1451		       49 94		      eor	#(>*)	; vs. current PCH
    845  1453		       29 e0		      and	#$E0	;  mask off all but top 3 bits
    846  1455		       f0 03		      beq	*+5	; if equal, do normal return
    847  1457		       4c dd ff 	      JMP	BS_return
    848  145a		       60		      RTS
    849  145b				   .
    850  145b							;;line 233;;
    851  145b
    852  145b				   .draw_room_shape_2
    853  145b							;;line 234;; draw_room_shape_2
    854  145b
    855  145b				   .L080		;;line 235;;  playfield:
    856  145b
    857  145b				  -	      ifconst	pfres
    858  145b				  -	      ldx	#(6>pfres)*(pfres*pfwidth-1)+(6<=pfres)*23
    859  145b					      else
    860  145b		       a2 17		      ldx	#((6*pfwidth-1)*((6*pfwidth-1)<47))+(47*((6*pfwidth-1)>=47))
    861  145d					      endif
    862  145d		       4c 78 94 	      jmp	pflabel2
    863  1460				   PF_data2
    864  1460		       ff 0f		      .byte.b	%11111111, %00001111
    865  1462					      if	(pfwidth>2)
    866  1462		       ff 0f		      .byte.b	%11111111, %00001111
    867  1464					      endif
    868  1464		       c0 00		      .byte.b	%11000000, %00000000
    869  1466					      if	(pfwidth>2)
    870  1466		       c0 00		      .byte.b	%11000000, %00000000
    871  1468					      endif
    872  1468		       00 00		      .byte.b	%00000000, %00000000
    873  146a					      if	(pfwidth>2)
    874  146a		       c0 00		      .byte.b	%11000000, %00000000
    875  146c					      endif
    876  146c		       c0 00		      .byte.b	%11000000, %00000000
    877  146e					      if	(pfwidth>2)
    878  146e		       c0 00		      .byte.b	%11000000, %00000000
    879  1470					      endif
    880  1470		       ff 0f		      .byte.b	%11111111, %00001111
    881  1472					      if	(pfwidth>2)
    882  1472		       ff 0f		      .byte.b	%11111111, %00001111
    883  1474					      endif
    884  1474		       00 00		      .byte.b	%00000000, %00000000
    885  1476					      if	(pfwidth>2)
    886  1476		       00 00		      .byte.b	%00000000, %00000000
    887  1478					      endif
    888  1478				   pflabel2
    889  1478		       bd 60 94 	      lda	PF_data2,x
    890  147b		       9d 50 10 	      sta	playfield-128,x
    891  147e		       ca		      dex
    892  147f		       10 f7		      bpl	pflabel2
    893  1481				   .L081		;;line 243;;  return
    894  1481
    895  1481		       ba		      tsx
    896  1482		       b5 02		      lda	2,x	; check return address
    897  1484		       49 94		      eor	#(>*)	; vs. current PCH
    898  1486		       29 e0		      and	#$E0	;  mask off all but top 3 bits
    899  1488		       f0 03		      beq	*+5	; if equal, do normal return
    900  148a		       4c dd ff 	      JMP	BS_return
    901  148d		       60		      RTS
    902  148e				   .
    903  148e							;;line 244;;
    904  148e
    905  148e				   .draw_room_shape_3
    906  148e							;;line 245;; draw_room_shape_3
    907  148e
    908  148e				   .L082		;;line 246;;  playfield:
    909  148e
    910  148e				  -	      ifconst	pfres
    911  148e				  -	      ldx	#(6>pfres)*(pfres*pfwidth-1)+(6<=pfres)*23
    912  148e					      else
    913  148e		       a2 17		      ldx	#((6*pfwidth-1)*((6*pfwidth-1)<47))+(47*((6*pfwidth-1)>=47))
    914  1490					      endif
    915  1490		       4c ab 94 	      jmp	pflabel3
    916  1493				   PF_data3
    917  1493		       ff 0f		      .byte.b	%11111111, %00001111
    918  1495					      if	(pfwidth>2)
    919  1495		       ff 0f		      .byte.b	%11111111, %00001111
    920  1497					      endif
    921  1497		       c0 00		      .byte.b	%11000000, %00000000
    922  1499					      if	(pfwidth>2)
    923  1499		       c0 00		      .byte.b	%11000000, %00000000
    924  149b					      endif
    925  149b		       00 00		      .byte.b	%00000000, %00000000
    926  149d					      if	(pfwidth>2)
    927  149d		       00 00		      .byte.b	%00000000, %00000000
    928  149f					      endif
    929  149f		       c0 00		      .byte.b	%11000000, %00000000
    930  14a1					      if	(pfwidth>2)
    931  14a1		       c0 00		      .byte.b	%11000000, %00000000
    932  14a3					      endif
    933  14a3		       ff ff		      .byte.b	%11111111, %11111111
    934  14a5					      if	(pfwidth>2)
    935  14a5		       ff ff		      .byte.b	%11111111, %11111111
    936  14a7					      endif
    937  14a7		       00 00		      .byte.b	%00000000, %00000000
    938  14a9					      if	(pfwidth>2)
    939  14a9		       00 00		      .byte.b	%00000000, %00000000
    940  14ab					      endif
    941  14ab				   pflabel3
    942  14ab		       bd 93 94 	      lda	PF_data3,x
    943  14ae		       9d 50 10 	      sta	playfield-128,x
    944  14b1		       ca		      dex
    945  14b2		       10 f7		      bpl	pflabel3
    946  14b4				   .L083		;;line 254;;  return
    947  14b4
    948  14b4		       ba		      tsx
    949  14b5		       b5 02		      lda	2,x	; check return address
    950  14b7		       49 94		      eor	#(>*)	; vs. current PCH
    951  14b9		       29 e0		      and	#$E0	;  mask off all but top 3 bits
    952  14bb		       f0 03		      beq	*+5	; if equal, do normal return
    953  14bd		       4c dd ff 	      JMP	BS_return
    954  14c0		       60		      RTS
    955  14c1				   .
    956  14c1							;;line 255;;
    957  14c1
    958  14c1				   .draw_room_shape_4
    959  14c1							;;line 256;; draw_room_shape_4
    960  14c1
    961  14c1				   .L084		;;line 257;;  playfield:
    962  14c1
    963  14c1				  -	      ifconst	pfres
    964  14c1				  -	      ldx	#(6>pfres)*(pfres*pfwidth-1)+(6<=pfres)*23
    965  14c1					      else
    966  14c1		       a2 17		      ldx	#((6*pfwidth-1)*((6*pfwidth-1)<47))+(47*((6*pfwidth-1)>=47))
    967  14c3					      endif
    968  14c3		       4c de 94 	      jmp	pflabel4
    969  14c6				   PF_data4
    970  14c6		       ff 0f		      .byte.b	%11111111, %00001111
    971  14c8					      if	(pfwidth>2)
    972  14c8		       ff 0f		      .byte.b	%11111111, %00001111
    973  14ca					      endif
    974  14ca		       c0 00		      .byte.b	%11000000, %00000000
    975  14cc					      if	(pfwidth>2)
    976  14cc		       c0 00		      .byte.b	%11000000, %00000000
    977  14ce					      endif
    978  14ce		       c0 00		      .byte.b	%11000000, %00000000
    979  14d0					      if	(pfwidth>2)
    980  14d0		       00 00		      .byte.b	%00000000, %00000000
    981  14d2					      endif
    982  14d2		       c0 00		      .byte.b	%11000000, %00000000
    983  14d4					      if	(pfwidth>2)
    984  14d4		       c0 00		      .byte.b	%11000000, %00000000
    985  14d6					      endif
    986  14d6		       ff 0f		      .byte.b	%11111111, %00001111
    987  14d8					      if	(pfwidth>2)
    988  14d8		       ff 0f		      .byte.b	%11111111, %00001111
    989  14da					      endif
    990  14da		       00 00		      .byte.b	%00000000, %00000000
    991  14dc					      if	(pfwidth>2)
    992  14dc		       00 00		      .byte.b	%00000000, %00000000
    993  14de					      endif
    994  14de				   pflabel4
    995  14de		       bd c6 94 	      lda	PF_data4,x
    996  14e1		       9d 50 10 	      sta	playfield-128,x
    997  14e4		       ca		      dex
    998  14e5		       10 f7		      bpl	pflabel4
    999  14e7				   .L085		;;line 265;;  return
   1000  14e7
   1001  14e7		       ba		      tsx
   1002  14e8		       b5 02		      lda	2,x	; check return address
   1003  14ea		       49 94		      eor	#(>*)	; vs. current PCH
   1004  14ec		       29 e0		      and	#$E0	;  mask off all but top 3 bits
   1005  14ee		       f0 03		      beq	*+5	; if equal, do normal return
   1006  14f0		       4c dd ff 	      JMP	BS_return
   1007  14f3		       60		      RTS
   1008  14f4				   .
   1009  14f4							;;line 266;;
   1010  14f4
   1011  14f4				   .draw_room_shape_5
   1012  14f4							;;line 267;; draw_room_shape_5
   1013  14f4
   1014  14f4				   .L086		;;line 268;;  playfield:
   1015  14f4
   1016  14f4				  -	      ifconst	pfres
   1017  14f4				  -	      ldx	#(6>pfres)*(pfres*pfwidth-1)+(6<=pfres)*23
   1018  14f4					      else
   1019  14f4		       a2 17		      ldx	#((6*pfwidth-1)*((6*pfwidth-1)<47))+(47*((6*pfwidth-1)>=47))
   1020  14f6					      endif
   1021  14f6		       4c 11 95 	      jmp	pflabel5
   1022  14f9				   PF_data5
   1023  14f9		       ff ff		      .byte.b	%11111111, %11111111
   1024  14fb					      if	(pfwidth>2)
   1025  14fb		       ff ff		      .byte.b	%11111111, %11111111
   1026  14fd					      endif
   1027  14fd		       c0 00		      .byte.b	%11000000, %00000000
   1028  14ff					      if	(pfwidth>2)
   1029  14ff		       c0 00		      .byte.b	%11000000, %00000000
   1030  1501					      endif
   1031  1501		       00 00		      .byte.b	%00000000, %00000000
   1032  1503					      if	(pfwidth>2)
   1033  1503		       c0 00		      .byte.b	%11000000, %00000000
   1034  1505					      endif
   1035  1505		       c0 00		      .byte.b	%11000000, %00000000
   1036  1507					      if	(pfwidth>2)
   1037  1507		       c0 00		      .byte.b	%11000000, %00000000
   1038  1509					      endif
   1039  1509		       ff 0f		      .byte.b	%11111111, %00001111
   1040  150b					      if	(pfwidth>2)
   1041  150b		       ff 0f		      .byte.b	%11111111, %00001111
   1042  150d					      endif
   1043  150d		       00 00		      .byte.b	%00000000, %00000000
   1044  150f					      if	(pfwidth>2)
   1045  150f		       00 00		      .byte.b	%00000000, %00000000
   1046  1511					      endif
   1047  1511				   pflabel5
   1048  1511		       bd f9 94 	      lda	PF_data5,x
   1049  1514		       9d 50 10 	      sta	playfield-128,x
   1050  1517		       ca		      dex
   1051  1518		       10 f7		      bpl	pflabel5
   1052  151a				   .L087		;;line 276;;  return
   1053  151a
   1054  151a		       ba		      tsx
   1055  151b		       b5 02		      lda	2,x	; check return address
   1056  151d		       49 95		      eor	#(>*)	; vs. current PCH
   1057  151f		       29 e0		      and	#$E0	;  mask off all but top 3 bits
   1058  1521		       f0 03		      beq	*+5	; if equal, do normal return
   1059  1523		       4c dd ff 	      JMP	BS_return
   1060  1526		       60		      RTS
   1061  1527				   .
   1062  1527							;;line 277;;
   1063  1527
   1064  1527				   .draw_room_shape_6
   1065  1527							;;line 278;; draw_room_shape_6
   1066  1527
   1067  1527				   .L088		;;line 279;;  playfield:
   1068  1527
   1069  1527				  -	      ifconst	pfres
   1070  1527				  -	      ldx	#(6>pfres)*(pfres*pfwidth-1)+(6<=pfres)*23
   1071  1527					      else
   1072  1527		       a2 17		      ldx	#((6*pfwidth-1)*((6*pfwidth-1)<47))+(47*((6*pfwidth-1)>=47))
   1073  1529					      endif
   1074  1529		       4c 44 95 	      jmp	pflabel6
   1075  152c				   PF_data6
   1076  152c		       ff ff		      .byte.b	%11111111, %11111111
   1077  152e					      if	(pfwidth>2)
   1078  152e		       ff ff		      .byte.b	%11111111, %11111111
   1079  1530					      endif
   1080  1530		       c0 00		      .byte.b	%11000000, %00000000
   1081  1532					      if	(pfwidth>2)
   1082  1532		       c0 00		      .byte.b	%11000000, %00000000
   1083  1534					      endif
   1084  1534		       00 00		      .byte.b	%00000000, %00000000
   1085  1536					      if	(pfwidth>2)
   1086  1536		       00 00		      .byte.b	%00000000, %00000000
   1087  1538					      endif
   1088  1538		       c0 00		      .byte.b	%11000000, %00000000
   1089  153a					      if	(pfwidth>2)
   1090  153a		       c0 00		      .byte.b	%11000000, %00000000
   1091  153c					      endif
   1092  153c		       ff ff		      .byte.b	%11111111, %11111111
   1093  153e					      if	(pfwidth>2)
   1094  153e		       ff ff		      .byte.b	%11111111, %11111111
   1095  1540					      endif
   1096  1540		       00 00		      .byte.b	%00000000, %00000000
   1097  1542					      if	(pfwidth>2)
   1098  1542		       00 00		      .byte.b	%00000000, %00000000
   1099  1544					      endif
   1100  1544				   pflabel6
   1101  1544		       bd 2c 95 	      lda	PF_data6,x
   1102  1547		       9d 50 10 	      sta	playfield-128,x
   1103  154a		       ca		      dex
   1104  154b		       10 f7		      bpl	pflabel6
   1105  154d				   .L089		;;line 287;;  return
   1106  154d
   1107  154d		       ba		      tsx
   1108  154e		       b5 02		      lda	2,x	; check return address
   1109  1550		       49 95		      eor	#(>*)	; vs. current PCH
   1110  1552		       29 e0		      and	#$E0	;  mask off all but top 3 bits
   1111  1554		       f0 03		      beq	*+5	; if equal, do normal return
   1112  1556		       4c dd ff 	      JMP	BS_return
   1113  1559		       60		      RTS
   1114  155a				   .
   1115  155a							;;line 288;;
   1116  155a
   1117  155a				   .draw_room_shape_7
   1118  155a							;;line 289;; draw_room_shape_7
   1119  155a
   1120  155a				   .L090		;;line 290;;  playfield:
   1121  155a
   1122  155a				  -	      ifconst	pfres
   1123  155a				  -	      ldx	#(6>pfres)*(pfres*pfwidth-1)+(6<=pfres)*23
   1124  155a					      else
   1125  155a		       a2 17		      ldx	#((6*pfwidth-1)*((6*pfwidth-1)<47))+(47*((6*pfwidth-1)>=47))
   1126  155c					      endif
   1127  155c		       4c 77 95 	      jmp	pflabel7
   1128  155f				   PF_data7
   1129  155f		       ff ff		      .byte.b	%11111111, %11111111
   1130  1561					      if	(pfwidth>2)
   1131  1561		       ff ff		      .byte.b	%11111111, %11111111
   1132  1563					      endif
   1133  1563		       c0 00		      .byte.b	%11000000, %00000000
   1134  1565					      if	(pfwidth>2)
   1135  1565		       c0 00		      .byte.b	%11000000, %00000000
   1136  1567					      endif
   1137  1567		       c0 00		      .byte.b	%11000000, %00000000
   1138  1569					      if	(pfwidth>2)
   1139  1569		       00 00		      .byte.b	%00000000, %00000000
   1140  156b					      endif
   1141  156b		       c0 00		      .byte.b	%11000000, %00000000
   1142  156d					      if	(pfwidth>2)
   1143  156d		       c0 00		      .byte.b	%11000000, %00000000
   1144  156f					      endif
   1145  156f		       ff 0f		      .byte.b	%11111111, %00001111
   1146  1571					      if	(pfwidth>2)
   1147  1571		       ff 0f		      .byte.b	%11111111, %00001111
   1148  1573					      endif
   1149  1573		       00 00		      .byte.b	%00000000, %00000000
   1150  1575					      if	(pfwidth>2)
   1151  1575		       00 00		      .byte.b	%00000000, %00000000
   1152  1577					      endif
   1153  1577				   pflabel7
   1154  1577		       bd 5f 95 	      lda	PF_data7,x
   1155  157a		       9d 50 10 	      sta	playfield-128,x
   1156  157d		       ca		      dex
   1157  157e		       10 f7		      bpl	pflabel7
   1158  1580				   .L091		;;line 298;;  return
   1159  1580
   1160  1580		       ba		      tsx
   1161  1581		       b5 02		      lda	2,x	; check return address
   1162  1583		       49 95		      eor	#(>*)	; vs. current PCH
   1163  1585		       29 e0		      and	#$E0	;  mask off all but top 3 bits
   1164  1587		       f0 03		      beq	*+5	; if equal, do normal return
   1165  1589		       4c dd ff 	      JMP	BS_return
   1166  158c		       60		      RTS
   1167  158d				   .
   1168  158d							;;line 299;;
   1169  158d
   1170  158d				   .draw_room_shape_8
   1171  158d							;;line 300;; draw_room_shape_8
   1172  158d
   1173  158d				   .L092		;;line 301;;  playfield:
   1174  158d
   1175  158d				  -	      ifconst	pfres
   1176  158d				  -	      ldx	#(6>pfres)*(pfres*pfwidth-1)+(6<=pfres)*23
   1177  158d					      else
   1178  158d		       a2 17		      ldx	#((6*pfwidth-1)*((6*pfwidth-1)<47))+(47*((6*pfwidth-1)>=47))
   1179  158f					      endif
   1180  158f		       4c aa 95 	      jmp	pflabel8
   1181  1592				   PF_data8
   1182  1592		       ff 0f		      .byte.b	%11111111, %00001111
   1183  1594					      if	(pfwidth>2)
   1184  1594		       ff 0f		      .byte.b	%11111111, %00001111
   1185  1596					      endif
   1186  1596		       c0 00		      .byte.b	%11000000, %00000000
   1187  1598					      if	(pfwidth>2)
   1188  1598		       c0 00		      .byte.b	%11000000, %00000000
   1189  159a					      endif
   1190  159a		       00 00		      .byte.b	%00000000, %00000000
   1191  159c					      if	(pfwidth>2)
   1192  159c		       c0 00		      .byte.b	%11000000, %00000000
   1193  159e					      endif
   1194  159e		       c0 00		      .byte.b	%11000000, %00000000
   1195  15a0					      if	(pfwidth>2)
   1196  15a0		       c0 00		      .byte.b	%11000000, %00000000
   1197  15a2					      endif
   1198  15a2		       ff ff		      .byte.b	%11111111, %11111111
   1199  15a4					      if	(pfwidth>2)
   1200  15a4		       ff ff		      .byte.b	%11111111, %11111111
   1201  15a6					      endif
   1202  15a6		       00 00		      .byte.b	%00000000, %00000000
   1203  15a8					      if	(pfwidth>2)
   1204  15a8		       00 00		      .byte.b	%00000000, %00000000
   1205  15aa					      endif
   1206  15aa				   pflabel8
   1207  15aa		       bd 92 95 	      lda	PF_data8,x
   1208  15ad		       9d 50 10 	      sta	playfield-128,x
   1209  15b0		       ca		      dex
   1210  15b1		       10 f7		      bpl	pflabel8
   1211  15b3				   .L093		;;line 309;;  return
   1212  15b3
   1213  15b3		       ba		      tsx
   1214  15b4		       b5 02		      lda	2,x	; check return address
   1215  15b6		       49 95		      eor	#(>*)	; vs. current PCH
   1216  15b8		       29 e0		      and	#$E0	;  mask off all but top 3 bits
   1217  15ba		       f0 03		      beq	*+5	; if equal, do normal return
   1218  15bc		       4c dd ff 	      JMP	BS_return
   1219  15bf		       60		      RTS
   1220  15c0				   .
   1221  15c0							;;line 310;;
   1222  15c0
   1223  15c0				   .draw_room_shape_9
   1224  15c0							;;line 311;; draw_room_shape_9
   1225  15c0
   1226  15c0				   .L094		;;line 312;;  playfield:
   1227  15c0
   1228  15c0				  -	      ifconst	pfres
   1229  15c0				  -	      ldx	#(6>pfres)*(pfres*pfwidth-1)+(6<=pfres)*23
   1230  15c0					      else
   1231  15c0		       a2 17		      ldx	#((6*pfwidth-1)*((6*pfwidth-1)<47))+(47*((6*pfwidth-1)>=47))
   1232  15c2					      endif
   1233  15c2		       4c dd 95 	      jmp	pflabel9
   1234  15c5				   PF_data9
   1235  15c5		       ff 0f		      .byte.b	%11111111, %00001111
   1236  15c7					      if	(pfwidth>2)
   1237  15c7		       ff 0f		      .byte.b	%11111111, %00001111
   1238  15c9					      endif
   1239  15c9		       c0 00		      .byte.b	%11000000, %00000000
   1240  15cb					      if	(pfwidth>2)
   1241  15cb		       c0 00		      .byte.b	%11000000, %00000000
   1242  15cd					      endif
   1243  15cd		       c0 00		      .byte.b	%11000000, %00000000
   1244  15cf					      if	(pfwidth>2)
   1245  15cf		       c0 00		      .byte.b	%11000000, %00000000
   1246  15d1					      endif
   1247  15d1		       c0 00		      .byte.b	%11000000, %00000000
   1248  15d3					      if	(pfwidth>2)
   1249  15d3		       c0 00		      .byte.b	%11000000, %00000000
   1250  15d5					      endif
   1251  15d5		       ff 0f		      .byte.b	%11111111, %00001111
   1252  15d7					      if	(pfwidth>2)
   1253  15d7		       ff 0f		      .byte.b	%11111111, %00001111
   1254  15d9					      endif
   1255  15d9		       00 00		      .byte.b	%00000000, %00000000
   1256  15db					      if	(pfwidth>2)
   1257  15db		       00 00		      .byte.b	%00000000, %00000000
   1258  15dd					      endif
   1259  15dd				   pflabel9
   1260  15dd		       bd c5 95 	      lda	PF_data9,x
   1261  15e0		       9d 50 10 	      sta	playfield-128,x
   1262  15e3		       ca		      dex
   1263  15e4		       10 f7		      bpl	pflabel9
   1264  15e6				   .L095		;;line 320;;  return
   1265  15e6
   1266  15e6		       ba		      tsx
   1267  15e7		       b5 02		      lda	2,x	; check return address
   1268  15e9		       49 95		      eor	#(>*)	; vs. current PCH
   1269  15eb		       29 e0		      and	#$E0	;  mask off all but top 3 bits
   1270  15ed		       f0 03		      beq	*+5	; if equal, do normal return
   1271  15ef		       4c dd ff 	      JMP	BS_return
   1272  15f2		       60		      RTS
   1273  15f3				   .
   1274  15f3							;;line 321;;
   1275  15f3
   1276  15f3				   .draw_room_shape_10
   1277  15f3							;;line 322;; draw_room_shape_10
   1278  15f3
   1279  15f3				   .L096		;;line 323;;  playfield:
   1280  15f3
   1281  15f3				  -	      ifconst	pfres
   1282  15f3				  -	      ldx	#(6>pfres)*(pfres*pfwidth-1)+(6<=pfres)*23
   1283  15f3					      else
   1284  15f3		       a2 17		      ldx	#((6*pfwidth-1)*((6*pfwidth-1)<47))+(47*((6*pfwidth-1)>=47))
   1285  15f5					      endif
   1286  15f5		       4c 10 96 	      jmp	pflabel10
   1287  15f8				   PF_data10
   1288  15f8		       ff 0f		      .byte.b	%11111111, %00001111
   1289  15fa					      if	(pfwidth>2)
   1290  15fa		       ff 0f		      .byte.b	%11111111, %00001111
   1291  15fc					      endif
   1292  15fc		       c0 00		      .byte.b	%11000000, %00000000
   1293  15fe					      if	(pfwidth>2)
   1294  15fe		       c0 00		      .byte.b	%11000000, %00000000
   1295  1600					      endif
   1296  1600		       c0 00		      .byte.b	%11000000, %00000000
   1297  1602					      if	(pfwidth>2)
   1298  1602		       00 00		      .byte.b	%00000000, %00000000
   1299  1604					      endif
   1300  1604		       c0 00		      .byte.b	%11000000, %00000000
   1301  1606					      if	(pfwidth>2)
   1302  1606		       c0 00		      .byte.b	%11000000, %00000000
   1303  1608					      endif
   1304  1608		       ff ff		      .byte.b	%11111111, %11111111
   1305  160a					      if	(pfwidth>2)
   1306  160a		       ff ff		      .byte.b	%11111111, %11111111
   1307  160c					      endif
   1308  160c		       00 00		      .byte.b	%00000000, %00000000
   1309  160e					      if	(pfwidth>2)
   1310  160e		       00 00		      .byte.b	%00000000, %00000000
   1311  1610					      endif
   1312  1610				   pflabel10
   1313  1610		       bd f8 95 	      lda	PF_data10,x
   1314  1613		       9d 50 10 	      sta	playfield-128,x
   1315  1616		       ca		      dex
   1316  1617		       10 f7		      bpl	pflabel10
   1317  1619				   .L097		;;line 331;;  return
   1318  1619
   1319  1619		       ba		      tsx
   1320  161a		       b5 02		      lda	2,x	; check return address
   1321  161c		       49 96		      eor	#(>*)	; vs. current PCH
   1322  161e		       29 e0		      and	#$E0	;  mask off all but top 3 bits
   1323  1620		       f0 03		      beq	*+5	; if equal, do normal return
   1324  1622		       4c dd ff 	      JMP	BS_return
   1325  1625		       60		      RTS
   1326  1626				   .
   1327  1626							;;line 332;;
   1328  1626
   1329  1626				   .draw_room_shape_11
   1330  1626							;;line 333;; draw_room_shape_11
   1331  1626
   1332  1626				   .L098		;;line 334;;  playfield:
   1333  1626
   1334  1626				  -	      ifconst	pfres
   1335  1626				  -	      ldx	#(6>pfres)*(pfres*pfwidth-1)+(6<=pfres)*23
   1336  1626					      else
   1337  1626		       a2 17		      ldx	#((6*pfwidth-1)*((6*pfwidth-1)<47))+(47*((6*pfwidth-1)>=47))
   1338  1628					      endif
   1339  1628		       4c 43 96 	      jmp	pflabel11
   1340  162b				   PF_data11
   1341  162b		       ff ff		      .byte.b	%11111111, %11111111
   1342  162d					      if	(pfwidth>2)
   1343  162d		       ff ff		      .byte.b	%11111111, %11111111
   1344  162f					      endif
   1345  162f		       c0 00		      .byte.b	%11000000, %00000000
   1346  1631					      if	(pfwidth>2)
   1347  1631		       c0 00		      .byte.b	%11000000, %00000000
   1348  1633					      endif
   1349  1633		       00 00		      .byte.b	%00000000, %00000000
   1350  1635					      if	(pfwidth>2)
   1351  1635		       c0 00		      .byte.b	%11000000, %00000000
   1352  1637					      endif
   1353  1637		       c0 00		      .byte.b	%11000000, %00000000
   1354  1639					      if	(pfwidth>2)
   1355  1639		       c0 00		      .byte.b	%11000000, %00000000
   1356  163b					      endif
   1357  163b		       ff ff		      .byte.b	%11111111, %11111111
   1358  163d					      if	(pfwidth>2)
   1359  163d		       ff ff		      .byte.b	%11111111, %11111111
   1360  163f					      endif
   1361  163f		       00 00		      .byte.b	%00000000, %00000000
   1362  1641					      if	(pfwidth>2)
   1363  1641		       00 00		      .byte.b	%00000000, %00000000
   1364  1643					      endif
   1365  1643				   pflabel11
   1366  1643		       bd 2b 96 	      lda	PF_data11,x
   1367  1646		       9d 50 10 	      sta	playfield-128,x
   1368  1649		       ca		      dex
   1369  164a		       10 f7		      bpl	pflabel11
   1370  164c				   .L099		;;line 342;;  return
   1371  164c
   1372  164c		       ba		      tsx
   1373  164d		       b5 02		      lda	2,x	; check return address
   1374  164f		       49 96		      eor	#(>*)	; vs. current PCH
   1375  1651		       29 e0		      and	#$E0	;  mask off all but top 3 bits
   1376  1653		       f0 03		      beq	*+5	; if equal, do normal return
   1377  1655		       4c dd ff 	      JMP	BS_return
   1378  1658		       60		      RTS
   1379  1659				   .
   1380  1659							;;line 343;;
   1381  1659
   1382  1659				   .draw_room_shape_12
   1383  1659							;;line 344;; draw_room_shape_12
   1384  1659
   1385  1659				   .L0100		;;line 345;;  playfield:
   1386  1659
   1387  1659				  -	      ifconst	pfres
   1388  1659				  -	      ldx	#(6>pfres)*(pfres*pfwidth-1)+(6<=pfres)*23
   1389  1659					      else
   1390  1659		       a2 17		      ldx	#((6*pfwidth-1)*((6*pfwidth-1)<47))+(47*((6*pfwidth-1)>=47))
   1391  165b					      endif
   1392  165b		       4c 76 96 	      jmp	pflabel12
   1393  165e				   PF_data12
   1394  165e		       ff ff		      .byte.b	%11111111, %11111111
   1395  1660					      if	(pfwidth>2)
   1396  1660		       ff ff		      .byte.b	%11111111, %11111111
   1397  1662					      endif
   1398  1662		       c0 00		      .byte.b	%11000000, %00000000
   1399  1664					      if	(pfwidth>2)
   1400  1664		       c0 00		      .byte.b	%11000000, %00000000
   1401  1666					      endif
   1402  1666		       c0 00		      .byte.b	%11000000, %00000000
   1403  1668					      if	(pfwidth>2)
   1404  1668		       c0 00		      .byte.b	%11000000, %00000000
   1405  166a					      endif
   1406  166a		       c0 00		      .byte.b	%11000000, %00000000
   1407  166c					      if	(pfwidth>2)
   1408  166c		       c0 00		      .byte.b	%11000000, %00000000
   1409  166e					      endif
   1410  166e		       ff 0f		      .byte.b	%11111111, %00001111
   1411  1670					      if	(pfwidth>2)
   1412  1670		       ff 0f		      .byte.b	%11111111, %00001111
   1413  1672					      endif
   1414  1672		       00 00		      .byte.b	%00000000, %00000000
   1415  1674					      if	(pfwidth>2)
   1416  1674		       00 00		      .byte.b	%00000000, %00000000
   1417  1676					      endif
   1418  1676				   pflabel12
   1419  1676		       bd 5e 96 	      lda	PF_data12,x
   1420  1679		       9d 50 10 	      sta	playfield-128,x
   1421  167c		       ca		      dex
   1422  167d		       10 f7		      bpl	pflabel12
   1423  167f				   .L0101		;;line 353;;  return
   1424  167f
   1425  167f		       ba		      tsx
   1426  1680		       b5 02		      lda	2,x	; check return address
   1427  1682		       49 96		      eor	#(>*)	; vs. current PCH
   1428  1684		       29 e0		      and	#$E0	;  mask off all but top 3 bits
   1429  1686		       f0 03		      beq	*+5	; if equal, do normal return
   1430  1688		       4c dd ff 	      JMP	BS_return
   1431  168b		       60		      RTS
   1432  168c				   .
   1433  168c							;;line 354;;
   1434  168c
   1435  168c				   .draw_room_shape_13
   1436  168c							;;line 355;; draw_room_shape_13
   1437  168c
   1438  168c				   .L0102		;;line 356;;  playfield:
   1439  168c
   1440  168c				  -	      ifconst	pfres
   1441  168c				  -	      ldx	#(6>pfres)*(pfres*pfwidth-1)+(6<=pfres)*23
   1442  168c					      else
   1443  168c		       a2 17		      ldx	#((6*pfwidth-1)*((6*pfwidth-1)<47))+(47*((6*pfwidth-1)>=47))
   1444  168e					      endif
   1445  168e		       4c a9 96 	      jmp	pflabel13
   1446  1691				   PF_data13
   1447  1691		       ff ff		      .byte.b	%11111111, %11111111
   1448  1693					      if	(pfwidth>2)
   1449  1693		       ff ff		      .byte.b	%11111111, %11111111
   1450  1695					      endif
   1451  1695		       c0 00		      .byte.b	%11000000, %00000000
   1452  1697					      if	(pfwidth>2)
   1453  1697		       c0 00		      .byte.b	%11000000, %00000000
   1454  1699					      endif
   1455  1699		       c0 00		      .byte.b	%11000000, %00000000
   1456  169b					      if	(pfwidth>2)
   1457  169b		       00 00		      .byte.b	%00000000, %00000000
   1458  169d					      endif
   1459  169d		       c0 00		      .byte.b	%11000000, %00000000
   1460  169f					      if	(pfwidth>2)
   1461  169f		       c0 00		      .byte.b	%11000000, %00000000
   1462  16a1					      endif
   1463  16a1		       ff ff		      .byte.b	%11111111, %11111111
   1464  16a3					      if	(pfwidth>2)
   1465  16a3		       ff ff		      .byte.b	%11111111, %11111111
   1466  16a5					      endif
   1467  16a5		       00 00		      .byte.b	%00000000, %00000000
   1468  16a7					      if	(pfwidth>2)
   1469  16a7		       00 00		      .byte.b	%00000000, %00000000
   1470  16a9					      endif
   1471  16a9				   pflabel13
   1472  16a9		       bd 91 96 	      lda	PF_data13,x
   1473  16ac		       9d 50 10 	      sta	playfield-128,x
   1474  16af		       ca		      dex
   1475  16b0		       10 f7		      bpl	pflabel13
   1476  16b2				   .L0103		;;line 364;;  return
   1477  16b2
   1478  16b2		       ba		      tsx
   1479  16b3		       b5 02		      lda	2,x	; check return address
   1480  16b5		       49 96		      eor	#(>*)	; vs. current PCH
   1481  16b7		       29 e0		      and	#$E0	;  mask off all but top 3 bits
   1482  16b9		       f0 03		      beq	*+5	; if equal, do normal return
   1483  16bb		       4c dd ff 	      JMP	BS_return
   1484  16be		       60		      RTS
   1485  16bf				   .
   1486  16bf							;;line 365;;
   1487  16bf
   1488  16bf				   .draw_room_shape_14
   1489  16bf							;;line 366;; draw_room_shape_14
   1490  16bf
   1491  16bf				   .L0104		;;line 367;;  playfield:
   1492  16bf
   1493  16bf				  -	      ifconst	pfres
   1494  16bf				  -	      ldx	#(6>pfres)*(pfres*pfwidth-1)+(6<=pfres)*23
   1495  16bf					      else
   1496  16bf		       a2 17		      ldx	#((6*pfwidth-1)*((6*pfwidth-1)<47))+(47*((6*pfwidth-1)>=47))
   1497  16c1					      endif
   1498  16c1		       4c dc 96 	      jmp	pflabel14
   1499  16c4				   PF_data14
   1500  16c4		       ff 0f		      .byte.b	%11111111, %00001111
   1501  16c6					      if	(pfwidth>2)
   1502  16c6		       ff 0f		      .byte.b	%11111111, %00001111
   1503  16c8					      endif
   1504  16c8		       c0 00		      .byte.b	%11000000, %00000000
   1505  16ca					      if	(pfwidth>2)
   1506  16ca		       c0 00		      .byte.b	%11000000, %00000000
   1507  16cc					      endif
   1508  16cc		       c0 00		      .byte.b	%11000000, %00000000
   1509  16ce					      if	(pfwidth>2)
   1510  16ce		       c0 00		      .byte.b	%11000000, %00000000
   1511  16d0					      endif
   1512  16d0		       c0 00		      .byte.b	%11000000, %00000000
   1513  16d2					      if	(pfwidth>2)
   1514  16d2		       c0 00		      .byte.b	%11000000, %00000000
   1515  16d4					      endif
   1516  16d4		       ff ff		      .byte.b	%11111111, %11111111
   1517  16d6					      if	(pfwidth>2)
   1518  16d6		       ff ff		      .byte.b	%11111111, %11111111
   1519  16d8					      endif
   1520  16d8		       00 00		      .byte.b	%00000000, %00000000
   1521  16da					      if	(pfwidth>2)
   1522  16da		       00 00		      .byte.b	%00000000, %00000000
   1523  16dc					      endif
   1524  16dc				   pflabel14
   1525  16dc		       bd c4 96 	      lda	PF_data14,x
   1526  16df		       9d 50 10 	      sta	playfield-128,x
   1527  16e2		       ca		      dex
   1528  16e3		       10 f7		      bpl	pflabel14
   1529  16e5				   .L0105		;;line 375;;  return
   1530  16e5
   1531  16e5		       ba		      tsx
   1532  16e6		       b5 02		      lda	2,x	; check return address
   1533  16e8		       49 96		      eor	#(>*)	; vs. current PCH
   1534  16ea		       29 e0		      and	#$E0	;  mask off all but top 3 bits
   1535  16ec		       f0 03		      beq	*+5	; if equal, do normal return
   1536  16ee		       4c dd ff 	      JMP	BS_return
   1537  16f1		       60		      RTS
   1538  16f2				   .
   1539  16f2							;;line 376;;
   1540  16f2
   1541  16f2				   .draw_room_shape_15
   1542  16f2							;;line 377;; draw_room_shape_15
   1543  16f2
   1544  16f2				   .L0106		;;line 378;;  playfield:
   1545  16f2
   1546  16f2				  -	      ifconst	pfres
   1547  16f2				  -	      ldx	#(6>pfres)*(pfres*pfwidth-1)+(6<=pfres)*23
   1548  16f2					      else
   1549  16f2		       a2 17		      ldx	#((6*pfwidth-1)*((6*pfwidth-1)<47))+(47*((6*pfwidth-1)>=47))
   1550  16f4					      endif
   1551  16f4		       4c 0f 97 	      jmp	pflabel15
   1552  16f7				   PF_data15
   1553  16f7		       ff ff		      .byte.b	%11111111, %11111111
   1554  16f9					      if	(pfwidth>2)
   1555  16f9		       ff ff		      .byte.b	%11111111, %11111111
   1556  16fb					      endif
   1557  16fb		       c3 e7		      .byte.b	%11000011, %11100111
   1558  16fd					      if	(pfwidth>2)
   1559  16fd		       c3 e7		      .byte.b	%11000011, %11100111
   1560  16ff					      endif
   1561  16ff		       c3 3f		      .byte.b	%11000011, %00111111
   1562  1701					      if	(pfwidth>2)
   1563  1701		       c3 3f		      .byte.b	%11000011, %00111111
   1564  1703					      endif
   1565  1703		       c0 00		      .byte.b	%11000000, %00000000
   1566  1705					      if	(pfwidth>2)
   1567  1705		       c0 00		      .byte.b	%11000000, %00000000
   1568  1707					      endif
   1569  1707		       ff 0f		      .byte.b	%11111111, %00001111
   1570  1709					      if	(pfwidth>2)
   1571  1709		       ff 0f		      .byte.b	%11111111, %00001111
   1572  170b					      endif
   1573  170b		       00 00		      .byte.b	%00000000, %00000000
   1574  170d					      if	(pfwidth>2)
   1575  170d		       00 00		      .byte.b	%00000000, %00000000
   1576  170f					      endif
   1577  170f				   pflabel15
   1578  170f		       bd f7 96 	      lda	PF_data15,x
   1579  1712		       9d 50 10 	      sta	playfield-128,x
   1580  1715		       ca		      dex
   1581  1716		       10 f7		      bpl	pflabel15
   1582  1718				   .L0107		;;line 386;;  return
   1583  1718		       ba		      tsx
   1584  1719		       b5 02		      lda	2,x	; check return address
   1585  171b		       49 97		      eor	#(>*)	; vs. current PCH
   1586  171d		       29 e0		      and	#$E0	;  mask off all but top 3 bits
   1587  171f		       f0 03		      beq	*+5	; if equal, do normal return
   1588  1721		       4c dd ff 	      JMP	BS_return
   1589  1724		       60		      RTS
   1590  1725					      if	ECHO1
      2223 bytes of ROM space left in bank 1
   1591  1725					      echo	"    ",[(start_bank1 - *)]d , "bytes of ROM space left in bank 1")
   1592  1725					      endif
   1593  1725		       00 01	   ECHO1      =	1
   1594  1fd4					      ORG	$1FF4-bscode_length
   1595  1fd4					      RORG	$9FF4-bscode_length
   1596  1fd4		       a2 ff	   start_bank1 ldx	#$ff
   1597  1fd6				  -	      ifconst	FASTFETCH	; using DPC+
   1598  1fd6				  -	      stx	FASTFETCH
   1599  1fd6					      endif
   1600  1fd6		       9a		      txs
   1601  1fd7				  -	      if	bankswitch == 64
   1602  1fd7				  -	      lda	#(((>(start-1)) & $0F) | $F0)
   1603  1fd7					      else
   1604  1fd7		       a9 f3		      lda	#>(start-1)
   1605  1fd9					      endif
   1606  1fd9		       48		      pha
   1607  1fda		       a9 da		      lda	#<(start-1)
   1608  1fdc		       48		      pha
   1609  1fdd		       48		      pha
   1610  1fde		       8a		      txa
   1611  1fdf		       48		      pha
   1612  1fe0		       ba		      tsx
   1613  1fe1					      if	bankswitch != 64
   1614  1fe1		       b5 04		      lda	4,x	; get high byte of return address
   1615  1fe3		       2a		      rol
   1616  1fe4		       2a		      rol
   1617  1fe5		       2a		      rol
   1618  1fe6		       2a		      rol
   1619  1fe7		       29 03		      and	#bs_mask	;1 3 or 7 for F8/F6/F4
   1620  1fe9		       aa		      tax
   1621  1fea		       e8		      inx
   1622  1feb				  -	      else
   1623  1feb				  -	      lda	4,x	; get high byte of return address
   1624  1feb				  -	      tay
   1625  1feb				  -	      ora	#$10	; change our bank nibble into a valid rom mirror
   1626  1feb				  -	      sta	4,x
   1627  1feb				  -	      tya
   1628  1feb				  -	      lsr
   1629  1feb				  -	      lsr
   1630  1feb				  -	      lsr
   1631  1feb				  -	      lsr
   1632  1feb				  -	      tax
   1633  1feb				  -	      inx
   1634  1feb					      endif
   1635  1feb		       bd f5 1f 	      lda	bankswitch_hotspot-1,x
   1636  1fee		       68		      pla
   1637  1fef		       aa		      tax
   1638  1ff0		       68		      pla
   1639  1ff1		       60		      rts
   1640  1ff2				  -	      if	((* & $1FFF) > ((bankswitch_hotspot & $1FFF) - 1))
   1641  1ff2				  -	      echo	"WARNING: size parameter in banksw.asm too small - the program probably will not work."
   1642  1ff2				  -	      echo	"Change to",[(*-begin_bscode+1)&$FF]d,"and try again."
   1643  1ff2					      endif
   1644  1ffc					      ORG	$1FFC
   1645  1ffc					      RORG	$9FFC
   1646  1ffc		       d4 9f		      .word.w	(start_bank1 & $ffff)
   1647  1ffe		       d4 9f		      .word.w	(start_bank1 & $ffff)
   1648  2000					      ORG	$2000
   1649  2000					      RORG	$B000
   1650  2000					      repeat	256
   1651  2000		       ff		      .byte.b	$ff
   1650  2000					      repend
   1651  2001		       ff		      .byte.b	$ff
   1650  2001					      repend
   1651  2002		       ff		      .byte.b	$ff
   1650  2002					      repend
   1651  2003		       ff		      .byte.b	$ff
   1650  2003					      repend
   1651  2004		       ff		      .byte.b	$ff
   1650  2004					      repend
   1651  2005		       ff		      .byte.b	$ff
   1650  2005					      repend
   1651  2006		       ff		      .byte.b	$ff
   1650  2006					      repend
   1651  2007		       ff		      .byte.b	$ff
   1650  2007					      repend
   1651  2008		       ff		      .byte.b	$ff
   1650  2008					      repend
   1651  2009		       ff		      .byte.b	$ff
   1650  2009					      repend
   1651  200a		       ff		      .byte.b	$ff
   1650  200a					      repend
   1651  200b		       ff		      .byte.b	$ff
   1650  200b					      repend
   1651  200c		       ff		      .byte.b	$ff
   1650  200c					      repend
   1651  200d		       ff		      .byte.b	$ff
   1650  200d					      repend
   1651  200e		       ff		      .byte.b	$ff
   1650  200e					      repend
   1651  200f		       ff		      .byte.b	$ff
   1650  200f					      repend
   1651  2010		       ff		      .byte.b	$ff
   1650  2010					      repend
   1651  2011		       ff		      .byte.b	$ff
   1650  2011					      repend
   1651  2012		       ff		      .byte.b	$ff
   1650  2012					      repend
   1651  2013		       ff		      .byte.b	$ff
   1650  2013					      repend
   1651  2014		       ff		      .byte.b	$ff
   1650  2014					      repend
   1651  2015		       ff		      .byte.b	$ff
   1650  2015					      repend
   1651  2016		       ff		      .byte.b	$ff
   1650  2016					      repend
   1651  2017		       ff		      .byte.b	$ff
   1650  2017					      repend
   1651  2018		       ff		      .byte.b	$ff
   1650  2018					      repend
   1651  2019		       ff		      .byte.b	$ff
   1650  2019					      repend
   1651  201a		       ff		      .byte.b	$ff
   1650  201a					      repend
   1651  201b		       ff		      .byte.b	$ff
   1650  201b					      repend
   1651  201c		       ff		      .byte.b	$ff
   1650  201c					      repend
   1651  201d		       ff		      .byte.b	$ff
   1650  201d					      repend
   1651  201e		       ff		      .byte.b	$ff
   1650  201e					      repend
   1651  201f		       ff		      .byte.b	$ff
   1650  201f					      repend
   1651  2020		       ff		      .byte.b	$ff
   1650  2020					      repend
   1651  2021		       ff		      .byte.b	$ff
   1650  2021					      repend
   1651  2022		       ff		      .byte.b	$ff
   1650  2022					      repend
   1651  2023		       ff		      .byte.b	$ff
   1650  2023					      repend
   1651  2024		       ff		      .byte.b	$ff
   1650  2024					      repend
   1651  2025		       ff		      .byte.b	$ff
   1650  2025					      repend
   1651  2026		       ff		      .byte.b	$ff
   1650  2026					      repend
   1651  2027		       ff		      .byte.b	$ff
   1650  2027					      repend
   1651  2028		       ff		      .byte.b	$ff
   1650  2028					      repend
   1651  2029		       ff		      .byte.b	$ff
   1650  2029					      repend
   1651  202a		       ff		      .byte.b	$ff
   1650  202a					      repend
   1651  202b		       ff		      .byte.b	$ff
   1650  202b					      repend
   1651  202c		       ff		      .byte.b	$ff
   1650  202c					      repend
   1651  202d		       ff		      .byte.b	$ff
   1650  202d					      repend
   1651  202e		       ff		      .byte.b	$ff
   1650  202e					      repend
   1651  202f		       ff		      .byte.b	$ff
   1650  202f					      repend
   1651  2030		       ff		      .byte.b	$ff
   1650  2030					      repend
   1651  2031		       ff		      .byte.b	$ff
   1650  2031					      repend
   1651  2032		       ff		      .byte.b	$ff
   1650  2032					      repend
   1651  2033		       ff		      .byte.b	$ff
   1650  2033					      repend
   1651  2034		       ff		      .byte.b	$ff
   1650  2034					      repend
   1651  2035		       ff		      .byte.b	$ff
   1650  2035					      repend
   1651  2036		       ff		      .byte.b	$ff
   1650  2036					      repend
   1651  2037		       ff		      .byte.b	$ff
   1650  2037					      repend
   1651  2038		       ff		      .byte.b	$ff
   1650  2038					      repend
   1651  2039		       ff		      .byte.b	$ff
   1650  2039					      repend
   1651  203a		       ff		      .byte.b	$ff
   1650  203a					      repend
   1651  203b		       ff		      .byte.b	$ff
   1650  203b					      repend
   1651  203c		       ff		      .byte.b	$ff
   1650  203c					      repend
   1651  203d		       ff		      .byte.b	$ff
   1650  203d					      repend
   1651  203e		       ff		      .byte.b	$ff
   1650  203e					      repend
   1651  203f		       ff		      .byte.b	$ff
   1650  203f					      repend
   1651  2040		       ff		      .byte.b	$ff
   1650  2040					      repend
   1651  2041		       ff		      .byte.b	$ff
   1650  2041					      repend
   1651  2042		       ff		      .byte.b	$ff
   1650  2042					      repend
   1651  2043		       ff		      .byte.b	$ff
   1650  2043					      repend
   1651  2044		       ff		      .byte.b	$ff
   1650  2044					      repend
   1651  2045		       ff		      .byte.b	$ff
   1650  2045					      repend
   1651  2046		       ff		      .byte.b	$ff
   1650  2046					      repend
   1651  2047		       ff		      .byte.b	$ff
   1650  2047					      repend
   1651  2048		       ff		      .byte.b	$ff
   1650  2048					      repend
   1651  2049		       ff		      .byte.b	$ff
   1650  2049					      repend
   1651  204a		       ff		      .byte.b	$ff
   1650  204a					      repend
   1651  204b		       ff		      .byte.b	$ff
   1650  204b					      repend
   1651  204c		       ff		      .byte.b	$ff
   1650  204c					      repend
   1651  204d		       ff		      .byte.b	$ff
   1650  204d					      repend
   1651  204e		       ff		      .byte.b	$ff
   1650  204e					      repend
   1651  204f		       ff		      .byte.b	$ff
   1650  204f					      repend
   1651  2050		       ff		      .byte.b	$ff
   1650  2050					      repend
   1651  2051		       ff		      .byte.b	$ff
   1650  2051					      repend
   1651  2052		       ff		      .byte.b	$ff
   1650  2052					      repend
   1651  2053		       ff		      .byte.b	$ff
   1650  2053					      repend
   1651  2054		       ff		      .byte.b	$ff
   1650  2054					      repend
   1651  2055		       ff		      .byte.b	$ff
   1650  2055					      repend
   1651  2056		       ff		      .byte.b	$ff
   1650  2056					      repend
   1651  2057		       ff		      .byte.b	$ff
   1650  2057					      repend
   1651  2058		       ff		      .byte.b	$ff
   1650  2058					      repend
   1651  2059		       ff		      .byte.b	$ff
   1650  2059					      repend
   1651  205a		       ff		      .byte.b	$ff
   1650  205a					      repend
   1651  205b		       ff		      .byte.b	$ff
   1650  205b					      repend
   1651  205c		       ff		      .byte.b	$ff
   1650  205c					      repend
   1651  205d		       ff		      .byte.b	$ff
   1650  205d					      repend
   1651  205e		       ff		      .byte.b	$ff
   1650  205e					      repend
   1651  205f		       ff		      .byte.b	$ff
   1650  205f					      repend
   1651  2060		       ff		      .byte.b	$ff
   1650  2060					      repend
   1651  2061		       ff		      .byte.b	$ff
   1650  2061					      repend
   1651  2062		       ff		      .byte.b	$ff
   1650  2062					      repend
   1651  2063		       ff		      .byte.b	$ff
   1650  2063					      repend
   1651  2064		       ff		      .byte.b	$ff
   1650  2064					      repend
   1651  2065		       ff		      .byte.b	$ff
   1650  2065					      repend
   1651  2066		       ff		      .byte.b	$ff
   1650  2066					      repend
   1651  2067		       ff		      .byte.b	$ff
   1650  2067					      repend
   1651  2068		       ff		      .byte.b	$ff
   1650  2068					      repend
   1651  2069		       ff		      .byte.b	$ff
   1650  2069					      repend
   1651  206a		       ff		      .byte.b	$ff
   1650  206a					      repend
   1651  206b		       ff		      .byte.b	$ff
   1650  206b					      repend
   1651  206c		       ff		      .byte.b	$ff
   1650  206c					      repend
   1651  206d		       ff		      .byte.b	$ff
   1650  206d					      repend
   1651  206e		       ff		      .byte.b	$ff
   1650  206e					      repend
   1651  206f		       ff		      .byte.b	$ff
   1650  206f					      repend
   1651  2070		       ff		      .byte.b	$ff
   1650  2070					      repend
   1651  2071		       ff		      .byte.b	$ff
   1650  2071					      repend
   1651  2072		       ff		      .byte.b	$ff
   1650  2072					      repend
   1651  2073		       ff		      .byte.b	$ff
   1650  2073					      repend
   1651  2074		       ff		      .byte.b	$ff
   1650  2074					      repend
   1651  2075		       ff		      .byte.b	$ff
   1650  2075					      repend
   1651  2076		       ff		      .byte.b	$ff
   1650  2076					      repend
   1651  2077		       ff		      .byte.b	$ff
   1650  2077					      repend
   1651  2078		       ff		      .byte.b	$ff
   1650  2078					      repend
   1651  2079		       ff		      .byte.b	$ff
   1650  2079					      repend
   1651  207a		       ff		      .byte.b	$ff
   1650  207a					      repend
   1651  207b		       ff		      .byte.b	$ff
   1650  207b					      repend
   1651  207c		       ff		      .byte.b	$ff
   1650  207c					      repend
   1651  207d		       ff		      .byte.b	$ff
   1650  207d					      repend
   1651  207e		       ff		      .byte.b	$ff
   1650  207e					      repend
   1651  207f		       ff		      .byte.b	$ff
   1650  207f					      repend
   1651  2080		       ff		      .byte.b	$ff
   1650  2080					      repend
   1651  2081		       ff		      .byte.b	$ff
   1650  2081					      repend
   1651  2082		       ff		      .byte.b	$ff
   1650  2082					      repend
   1651  2083		       ff		      .byte.b	$ff
   1650  2083					      repend
   1651  2084		       ff		      .byte.b	$ff
   1650  2084					      repend
   1651  2085		       ff		      .byte.b	$ff
   1650  2085					      repend
   1651  2086		       ff		      .byte.b	$ff
   1650  2086					      repend
   1651  2087		       ff		      .byte.b	$ff
   1650  2087					      repend
   1651  2088		       ff		      .byte.b	$ff
   1650  2088					      repend
   1651  2089		       ff		      .byte.b	$ff
   1650  2089					      repend
   1651  208a		       ff		      .byte.b	$ff
   1650  208a					      repend
   1651  208b		       ff		      .byte.b	$ff
   1650  208b					      repend
   1651  208c		       ff		      .byte.b	$ff
   1650  208c					      repend
   1651  208d		       ff		      .byte.b	$ff
   1650  208d					      repend
   1651  208e		       ff		      .byte.b	$ff
   1650  208e					      repend
   1651  208f		       ff		      .byte.b	$ff
   1650  208f					      repend
   1651  2090		       ff		      .byte.b	$ff
   1650  2090					      repend
   1651  2091		       ff		      .byte.b	$ff
   1650  2091					      repend
   1651  2092		       ff		      .byte.b	$ff
   1650  2092					      repend
   1651  2093		       ff		      .byte.b	$ff
   1650  2093					      repend
   1651  2094		       ff		      .byte.b	$ff
   1650  2094					      repend
   1651  2095		       ff		      .byte.b	$ff
   1650  2095					      repend
   1651  2096		       ff		      .byte.b	$ff
   1650  2096					      repend
   1651  2097		       ff		      .byte.b	$ff
   1650  2097					      repend
   1651  2098		       ff		      .byte.b	$ff
   1650  2098					      repend
   1651  2099		       ff		      .byte.b	$ff
   1650  2099					      repend
   1651  209a		       ff		      .byte.b	$ff
   1650  209a					      repend
   1651  209b		       ff		      .byte.b	$ff
   1650  209b					      repend
   1651  209c		       ff		      .byte.b	$ff
   1650  209c					      repend
   1651  209d		       ff		      .byte.b	$ff
   1650  209d					      repend
   1651  209e		       ff		      .byte.b	$ff
   1650  209e					      repend
   1651  209f		       ff		      .byte.b	$ff
   1650  209f					      repend
   1651  20a0		       ff		      .byte.b	$ff
   1650  20a0					      repend
   1651  20a1		       ff		      .byte.b	$ff
   1650  20a1					      repend
   1651  20a2		       ff		      .byte.b	$ff
   1650  20a2					      repend
   1651  20a3		       ff		      .byte.b	$ff
   1650  20a3					      repend
   1651  20a4		       ff		      .byte.b	$ff
   1650  20a4					      repend
   1651  20a5		       ff		      .byte.b	$ff
   1650  20a5					      repend
   1651  20a6		       ff		      .byte.b	$ff
   1650  20a6					      repend
   1651  20a7		       ff		      .byte.b	$ff
   1650  20a7					      repend
   1651  20a8		       ff		      .byte.b	$ff
   1650  20a8					      repend
   1651  20a9		       ff		      .byte.b	$ff
   1650  20a9					      repend
   1651  20aa		       ff		      .byte.b	$ff
   1650  20aa					      repend
   1651  20ab		       ff		      .byte.b	$ff
   1650  20ab					      repend
   1651  20ac		       ff		      .byte.b	$ff
   1650  20ac					      repend
   1651  20ad		       ff		      .byte.b	$ff
   1650  20ad					      repend
   1651  20ae		       ff		      .byte.b	$ff
   1650  20ae					      repend
   1651  20af		       ff		      .byte.b	$ff
   1650  20af					      repend
   1651  20b0		       ff		      .byte.b	$ff
   1650  20b0					      repend
   1651  20b1		       ff		      .byte.b	$ff
   1650  20b1					      repend
   1651  20b2		       ff		      .byte.b	$ff
   1650  20b2					      repend
   1651  20b3		       ff		      .byte.b	$ff
   1650  20b3					      repend
   1651  20b4		       ff		      .byte.b	$ff
   1650  20b4					      repend
   1651  20b5		       ff		      .byte.b	$ff
   1650  20b5					      repend
   1651  20b6		       ff		      .byte.b	$ff
   1650  20b6					      repend
   1651  20b7		       ff		      .byte.b	$ff
   1650  20b7					      repend
   1651  20b8		       ff		      .byte.b	$ff
   1650  20b8					      repend
   1651  20b9		       ff		      .byte.b	$ff
   1650  20b9					      repend
   1651  20ba		       ff		      .byte.b	$ff
   1650  20ba					      repend
   1651  20bb		       ff		      .byte.b	$ff
   1650  20bb					      repend
   1651  20bc		       ff		      .byte.b	$ff
   1650  20bc					      repend
   1651  20bd		       ff		      .byte.b	$ff
   1650  20bd					      repend
   1651  20be		       ff		      .byte.b	$ff
   1650  20be					      repend
   1651  20bf		       ff		      .byte.b	$ff
   1650  20bf					      repend
   1651  20c0		       ff		      .byte.b	$ff
   1650  20c0					      repend
   1651  20c1		       ff		      .byte.b	$ff
   1650  20c1					      repend
   1651  20c2		       ff		      .byte.b	$ff
   1650  20c2					      repend
   1651  20c3		       ff		      .byte.b	$ff
   1650  20c3					      repend
   1651  20c4		       ff		      .byte.b	$ff
   1650  20c4					      repend
   1651  20c5		       ff		      .byte.b	$ff
   1650  20c5					      repend
   1651  20c6		       ff		      .byte.b	$ff
   1650  20c6					      repend
   1651  20c7		       ff		      .byte.b	$ff
   1650  20c7					      repend
   1651  20c8		       ff		      .byte.b	$ff
   1650  20c8					      repend
   1651  20c9		       ff		      .byte.b	$ff
   1650  20c9					      repend
   1651  20ca		       ff		      .byte.b	$ff
   1650  20ca					      repend
   1651  20cb		       ff		      .byte.b	$ff
   1650  20cb					      repend
   1651  20cc		       ff		      .byte.b	$ff
   1650  20cc					      repend
   1651  20cd		       ff		      .byte.b	$ff
   1650  20cd					      repend
   1651  20ce		       ff		      .byte.b	$ff
   1650  20ce					      repend
   1651  20cf		       ff		      .byte.b	$ff
   1650  20cf					      repend
   1651  20d0		       ff		      .byte.b	$ff
   1650  20d0					      repend
   1651  20d1		       ff		      .byte.b	$ff
   1650  20d1					      repend
   1651  20d2		       ff		      .byte.b	$ff
   1650  20d2					      repend
   1651  20d3		       ff		      .byte.b	$ff
   1650  20d3					      repend
   1651  20d4		       ff		      .byte.b	$ff
   1650  20d4					      repend
   1651  20d5		       ff		      .byte.b	$ff
   1650  20d5					      repend
   1651  20d6		       ff		      .byte.b	$ff
   1650  20d6					      repend
   1651  20d7		       ff		      .byte.b	$ff
   1650  20d7					      repend
   1651  20d8		       ff		      .byte.b	$ff
   1650  20d8					      repend
   1651  20d9		       ff		      .byte.b	$ff
   1650  20d9					      repend
   1651  20da		       ff		      .byte.b	$ff
   1650  20da					      repend
   1651  20db		       ff		      .byte.b	$ff
   1650  20db					      repend
   1651  20dc		       ff		      .byte.b	$ff
   1650  20dc					      repend
   1651  20dd		       ff		      .byte.b	$ff
   1650  20dd					      repend
   1651  20de		       ff		      .byte.b	$ff
   1650  20de					      repend
   1651  20df		       ff		      .byte.b	$ff
   1650  20df					      repend
   1651  20e0		       ff		      .byte.b	$ff
   1650  20e0					      repend
   1651  20e1		       ff		      .byte.b	$ff
   1650  20e1					      repend
   1651  20e2		       ff		      .byte.b	$ff
   1650  20e2					      repend
   1651  20e3		       ff		      .byte.b	$ff
   1650  20e3					      repend
   1651  20e4		       ff		      .byte.b	$ff
   1650  20e4					      repend
   1651  20e5		       ff		      .byte.b	$ff
   1650  20e5					      repend
   1651  20e6		       ff		      .byte.b	$ff
   1650  20e6					      repend
   1651  20e7		       ff		      .byte.b	$ff
   1650  20e7					      repend
   1651  20e8		       ff		      .byte.b	$ff
   1650  20e8					      repend
   1651  20e9		       ff		      .byte.b	$ff
   1650  20e9					      repend
   1651  20ea		       ff		      .byte.b	$ff
   1650  20ea					      repend
   1651  20eb		       ff		      .byte.b	$ff
   1650  20eb					      repend
   1651  20ec		       ff		      .byte.b	$ff
   1650  20ec					      repend
   1651  20ed		       ff		      .byte.b	$ff
   1650  20ed					      repend
   1651  20ee		       ff		      .byte.b	$ff
   1650  20ee					      repend
   1651  20ef		       ff		      .byte.b	$ff
   1650  20ef					      repend
   1651  20f0		       ff		      .byte.b	$ff
   1650  20f0					      repend
   1651  20f1		       ff		      .byte.b	$ff
   1650  20f1					      repend
   1651  20f2		       ff		      .byte.b	$ff
   1650  20f2					      repend
   1651  20f3		       ff		      .byte.b	$ff
   1650  20f3					      repend
   1651  20f4		       ff		      .byte.b	$ff
   1650  20f4					      repend
   1651  20f5		       ff		      .byte.b	$ff
   1650  20f5					      repend
   1651  20f6		       ff		      .byte.b	$ff
   1650  20f6					      repend
   1651  20f7		       ff		      .byte.b	$ff
   1650  20f7					      repend
   1651  20f8		       ff		      .byte.b	$ff
   1650  20f8					      repend
   1651  20f9		       ff		      .byte.b	$ff
   1650  20f9					      repend
   1651  20fa		       ff		      .byte.b	$ff
   1650  20fa					      repend
   1651  20fb		       ff		      .byte.b	$ff
   1650  20fb					      repend
   1651  20fc		       ff		      .byte.b	$ff
   1650  20fc					      repend
   1651  20fd		       ff		      .byte.b	$ff
   1650  20fd					      repend
   1651  20fe		       ff		      .byte.b	$ff
   1650  20fe					      repend
   1651  20ff		       ff		      .byte.b	$ff
   1652  2100					      repend
   1653  2100					      if	ECHO2
      3796 bytes of ROM space left in bank 2
   1654  2100					      echo	"    ",[(start_bank2 - *)]d , "bytes of ROM space left in bank 2")
   1655  2100					      endif
   1656  2100		       00 01	   ECHO2      =	1
   1657  2fd4					      ORG	$2FF4-bscode_length
   1658  2fd4					      RORG	$BFF4-bscode_length
   1659  2fd4		       a2 ff	   start_bank2 ldx	#$ff
   1660  2fd6				  -	      ifconst	FASTFETCH	; using DPC+
   1661  2fd6				  -	      stx	FASTFETCH
   1662  2fd6					      endif
   1663  2fd6		       9a		      txs
   1664  2fd7				  -	      if	bankswitch == 64
   1665  2fd7				  -	      lda	#(((>(start-1)) & $0F) | $F0)
   1666  2fd7					      else
   1667  2fd7		       a9 f3		      lda	#>(start-1)
   1668  2fd9					      endif
   1669  2fd9		       48		      pha
   1670  2fda		       a9 da		      lda	#<(start-1)
   1671  2fdc		       48		      pha
   1672  2fdd		       48		      pha
   1673  2fde		       8a		      txa
   1674  2fdf		       48		      pha
   1675  2fe0		       ba		      tsx
   1676  2fe1					      if	bankswitch != 64
   1677  2fe1		       b5 04		      lda	4,x	; get high byte of return address
   1678  2fe3		       2a		      rol
   1679  2fe4		       2a		      rol
   1680  2fe5		       2a		      rol
   1681  2fe6		       2a		      rol
   1682  2fe7		       29 03		      and	#bs_mask	;1 3 or 7 for F8/F6/F4
   1683  2fe9		       aa		      tax
   1684  2fea		       e8		      inx
   1685  2feb				  -	      else
   1686  2feb				  -	      lda	4,x	; get high byte of return address
   1687  2feb				  -	      tay
   1688  2feb				  -	      ora	#$10	; change our bank nibble into a valid rom mirror
   1689  2feb				  -	      sta	4,x
   1690  2feb				  -	      tya
   1691  2feb				  -	      lsr
   1692  2feb				  -	      lsr
   1693  2feb				  -	      lsr
   1694  2feb				  -	      lsr
   1695  2feb				  -	      tax
   1696  2feb				  -	      inx
   1697  2feb					      endif
   1698  2feb		       bd f5 1f 	      lda	bankswitch_hotspot-1,x
   1699  2fee		       68		      pla
   1700  2fef		       aa		      tax
   1701  2ff0		       68		      pla
   1702  2ff1		       60		      rts
   1703  2ff2				  -	      if	((* & $1FFF) > ((bankswitch_hotspot & $1FFF) - 1))
   1704  2ff2				  -	      echo	"WARNING: size parameter in banksw.asm too small - the program probably will not work."
   1705  2ff2				  -	      echo	"Change to",[(*-begin_bscode+1)&$FF]d,"and try again."
   1706  2ff2					      endif
   1707  2ffc					      ORG	$2FFC
   1708  2ffc					      RORG	$BFFC
   1709  2ffc		       d4 bf		      .word.w	(start_bank2 & $ffff)
   1710  2ffe		       d4 bf		      .word.w	(start_bank2 & $ffff)
   1711  3000					      ORG	$3000
   1712  3000					      RORG	$D000
   1713  3000					      repeat	256
   1714  3000		       ff		      .byte.b	$ff
   1713  3000					      repend
   1714  3001		       ff		      .byte.b	$ff
   1713  3001					      repend
   1714  3002		       ff		      .byte.b	$ff
   1713  3002					      repend
   1714  3003		       ff		      .byte.b	$ff
   1713  3003					      repend
   1714  3004		       ff		      .byte.b	$ff
   1713  3004					      repend
   1714  3005		       ff		      .byte.b	$ff
   1713  3005					      repend
   1714  3006		       ff		      .byte.b	$ff
   1713  3006					      repend
   1714  3007		       ff		      .byte.b	$ff
   1713  3007					      repend
   1714  3008		       ff		      .byte.b	$ff
   1713  3008					      repend
   1714  3009		       ff		      .byte.b	$ff
   1713  3009					      repend
   1714  300a		       ff		      .byte.b	$ff
   1713  300a					      repend
   1714  300b		       ff		      .byte.b	$ff
   1713  300b					      repend
   1714  300c		       ff		      .byte.b	$ff
   1713  300c					      repend
   1714  300d		       ff		      .byte.b	$ff
   1713  300d					      repend
   1714  300e		       ff		      .byte.b	$ff
   1713  300e					      repend
   1714  300f		       ff		      .byte.b	$ff
   1713  300f					      repend
   1714  3010		       ff		      .byte.b	$ff
   1713  3010					      repend
   1714  3011		       ff		      .byte.b	$ff
   1713  3011					      repend
   1714  3012		       ff		      .byte.b	$ff
   1713  3012					      repend
   1714  3013		       ff		      .byte.b	$ff
   1713  3013					      repend
   1714  3014		       ff		      .byte.b	$ff
   1713  3014					      repend
   1714  3015		       ff		      .byte.b	$ff
   1713  3015					      repend
   1714  3016		       ff		      .byte.b	$ff
   1713  3016					      repend
   1714  3017		       ff		      .byte.b	$ff
   1713  3017					      repend
   1714  3018		       ff		      .byte.b	$ff
   1713  3018					      repend
   1714  3019		       ff		      .byte.b	$ff
   1713  3019					      repend
   1714  301a		       ff		      .byte.b	$ff
   1713  301a					      repend
   1714  301b		       ff		      .byte.b	$ff
   1713  301b					      repend
   1714  301c		       ff		      .byte.b	$ff
   1713  301c					      repend
   1714  301d		       ff		      .byte.b	$ff
   1713  301d					      repend
   1714  301e		       ff		      .byte.b	$ff
   1713  301e					      repend
   1714  301f		       ff		      .byte.b	$ff
   1713  301f					      repend
   1714  3020		       ff		      .byte.b	$ff
   1713  3020					      repend
   1714  3021		       ff		      .byte.b	$ff
   1713  3021					      repend
   1714  3022		       ff		      .byte.b	$ff
   1713  3022					      repend
   1714  3023		       ff		      .byte.b	$ff
   1713  3023					      repend
   1714  3024		       ff		      .byte.b	$ff
   1713  3024					      repend
   1714  3025		       ff		      .byte.b	$ff
   1713  3025					      repend
   1714  3026		       ff		      .byte.b	$ff
   1713  3026					      repend
   1714  3027		       ff		      .byte.b	$ff
   1713  3027					      repend
   1714  3028		       ff		      .byte.b	$ff
   1713  3028					      repend
   1714  3029		       ff		      .byte.b	$ff
   1713  3029					      repend
   1714  302a		       ff		      .byte.b	$ff
   1713  302a					      repend
   1714  302b		       ff		      .byte.b	$ff
   1713  302b					      repend
   1714  302c		       ff		      .byte.b	$ff
   1713  302c					      repend
   1714  302d		       ff		      .byte.b	$ff
   1713  302d					      repend
   1714  302e		       ff		      .byte.b	$ff
   1713  302e					      repend
   1714  302f		       ff		      .byte.b	$ff
   1713  302f					      repend
   1714  3030		       ff		      .byte.b	$ff
   1713  3030					      repend
   1714  3031		       ff		      .byte.b	$ff
   1713  3031					      repend
   1714  3032		       ff		      .byte.b	$ff
   1713  3032					      repend
   1714  3033		       ff		      .byte.b	$ff
   1713  3033					      repend
   1714  3034		       ff		      .byte.b	$ff
   1713  3034					      repend
   1714  3035		       ff		      .byte.b	$ff
   1713  3035					      repend
   1714  3036		       ff		      .byte.b	$ff
   1713  3036					      repend
   1714  3037		       ff		      .byte.b	$ff
   1713  3037					      repend
   1714  3038		       ff		      .byte.b	$ff
   1713  3038					      repend
   1714  3039		       ff		      .byte.b	$ff
   1713  3039					      repend
   1714  303a		       ff		      .byte.b	$ff
   1713  303a					      repend
   1714  303b		       ff		      .byte.b	$ff
   1713  303b					      repend
   1714  303c		       ff		      .byte.b	$ff
   1713  303c					      repend
   1714  303d		       ff		      .byte.b	$ff
   1713  303d					      repend
   1714  303e		       ff		      .byte.b	$ff
   1713  303e					      repend
   1714  303f		       ff		      .byte.b	$ff
   1713  303f					      repend
   1714  3040		       ff		      .byte.b	$ff
   1713  3040					      repend
   1714  3041		       ff		      .byte.b	$ff
   1713  3041					      repend
   1714  3042		       ff		      .byte.b	$ff
   1713  3042					      repend
   1714  3043		       ff		      .byte.b	$ff
   1713  3043					      repend
   1714  3044		       ff		      .byte.b	$ff
   1713  3044					      repend
   1714  3045		       ff		      .byte.b	$ff
   1713  3045					      repend
   1714  3046		       ff		      .byte.b	$ff
   1713  3046					      repend
   1714  3047		       ff		      .byte.b	$ff
   1713  3047					      repend
   1714  3048		       ff		      .byte.b	$ff
   1713  3048					      repend
   1714  3049		       ff		      .byte.b	$ff
   1713  3049					      repend
   1714  304a		       ff		      .byte.b	$ff
   1713  304a					      repend
   1714  304b		       ff		      .byte.b	$ff
   1713  304b					      repend
   1714  304c		       ff		      .byte.b	$ff
   1713  304c					      repend
   1714  304d		       ff		      .byte.b	$ff
   1713  304d					      repend
   1714  304e		       ff		      .byte.b	$ff
   1713  304e					      repend
   1714  304f		       ff		      .byte.b	$ff
   1713  304f					      repend
   1714  3050		       ff		      .byte.b	$ff
   1713  3050					      repend
   1714  3051		       ff		      .byte.b	$ff
   1713  3051					      repend
   1714  3052		       ff		      .byte.b	$ff
   1713  3052					      repend
   1714  3053		       ff		      .byte.b	$ff
   1713  3053					      repend
   1714  3054		       ff		      .byte.b	$ff
   1713  3054					      repend
   1714  3055		       ff		      .byte.b	$ff
   1713  3055					      repend
   1714  3056		       ff		      .byte.b	$ff
   1713  3056					      repend
   1714  3057		       ff		      .byte.b	$ff
   1713  3057					      repend
   1714  3058		       ff		      .byte.b	$ff
   1713  3058					      repend
   1714  3059		       ff		      .byte.b	$ff
   1713  3059					      repend
   1714  305a		       ff		      .byte.b	$ff
   1713  305a					      repend
   1714  305b		       ff		      .byte.b	$ff
   1713  305b					      repend
   1714  305c		       ff		      .byte.b	$ff
   1713  305c					      repend
   1714  305d		       ff		      .byte.b	$ff
   1713  305d					      repend
   1714  305e		       ff		      .byte.b	$ff
   1713  305e					      repend
   1714  305f		       ff		      .byte.b	$ff
   1713  305f					      repend
   1714  3060		       ff		      .byte.b	$ff
   1713  3060					      repend
   1714  3061		       ff		      .byte.b	$ff
   1713  3061					      repend
   1714  3062		       ff		      .byte.b	$ff
   1713  3062					      repend
   1714  3063		       ff		      .byte.b	$ff
   1713  3063					      repend
   1714  3064		       ff		      .byte.b	$ff
   1713  3064					      repend
   1714  3065		       ff		      .byte.b	$ff
   1713  3065					      repend
   1714  3066		       ff		      .byte.b	$ff
   1713  3066					      repend
   1714  3067		       ff		      .byte.b	$ff
   1713  3067					      repend
   1714  3068		       ff		      .byte.b	$ff
   1713  3068					      repend
   1714  3069		       ff		      .byte.b	$ff
   1713  3069					      repend
   1714  306a		       ff		      .byte.b	$ff
   1713  306a					      repend
   1714  306b		       ff		      .byte.b	$ff
   1713  306b					      repend
   1714  306c		       ff		      .byte.b	$ff
   1713  306c					      repend
   1714  306d		       ff		      .byte.b	$ff
   1713  306d					      repend
   1714  306e		       ff		      .byte.b	$ff
   1713  306e					      repend
   1714  306f		       ff		      .byte.b	$ff
   1713  306f					      repend
   1714  3070		       ff		      .byte.b	$ff
   1713  3070					      repend
   1714  3071		       ff		      .byte.b	$ff
   1713  3071					      repend
   1714  3072		       ff		      .byte.b	$ff
   1713  3072					      repend
   1714  3073		       ff		      .byte.b	$ff
   1713  3073					      repend
   1714  3074		       ff		      .byte.b	$ff
   1713  3074					      repend
   1714  3075		       ff		      .byte.b	$ff
   1713  3075					      repend
   1714  3076		       ff		      .byte.b	$ff
   1713  3076					      repend
   1714  3077		       ff		      .byte.b	$ff
   1713  3077					      repend
   1714  3078		       ff		      .byte.b	$ff
   1713  3078					      repend
   1714  3079		       ff		      .byte.b	$ff
   1713  3079					      repend
   1714  307a		       ff		      .byte.b	$ff
   1713  307a					      repend
   1714  307b		       ff		      .byte.b	$ff
   1713  307b					      repend
   1714  307c		       ff		      .byte.b	$ff
   1713  307c					      repend
   1714  307d		       ff		      .byte.b	$ff
   1713  307d					      repend
   1714  307e		       ff		      .byte.b	$ff
   1713  307e					      repend
   1714  307f		       ff		      .byte.b	$ff
   1713  307f					      repend
   1714  3080		       ff		      .byte.b	$ff
   1713  3080					      repend
   1714  3081		       ff		      .byte.b	$ff
   1713  3081					      repend
   1714  3082		       ff		      .byte.b	$ff
   1713  3082					      repend
   1714  3083		       ff		      .byte.b	$ff
   1713  3083					      repend
   1714  3084		       ff		      .byte.b	$ff
   1713  3084					      repend
   1714  3085		       ff		      .byte.b	$ff
   1713  3085					      repend
   1714  3086		       ff		      .byte.b	$ff
   1713  3086					      repend
   1714  3087		       ff		      .byte.b	$ff
   1713  3087					      repend
   1714  3088		       ff		      .byte.b	$ff
   1713  3088					      repend
   1714  3089		       ff		      .byte.b	$ff
   1713  3089					      repend
   1714  308a		       ff		      .byte.b	$ff
   1713  308a					      repend
   1714  308b		       ff		      .byte.b	$ff
   1713  308b					      repend
   1714  308c		       ff		      .byte.b	$ff
   1713  308c					      repend
   1714  308d		       ff		      .byte.b	$ff
   1713  308d					      repend
   1714  308e		       ff		      .byte.b	$ff
   1713  308e					      repend
   1714  308f		       ff		      .byte.b	$ff
   1713  308f					      repend
   1714  3090		       ff		      .byte.b	$ff
   1713  3090					      repend
   1714  3091		       ff		      .byte.b	$ff
   1713  3091					      repend
   1714  3092		       ff		      .byte.b	$ff
   1713  3092					      repend
   1714  3093		       ff		      .byte.b	$ff
   1713  3093					      repend
   1714  3094		       ff		      .byte.b	$ff
   1713  3094					      repend
   1714  3095		       ff		      .byte.b	$ff
   1713  3095					      repend
   1714  3096		       ff		      .byte.b	$ff
   1713  3096					      repend
   1714  3097		       ff		      .byte.b	$ff
   1713  3097					      repend
   1714  3098		       ff		      .byte.b	$ff
   1713  3098					      repend
   1714  3099		       ff		      .byte.b	$ff
   1713  3099					      repend
   1714  309a		       ff		      .byte.b	$ff
   1713  309a					      repend
   1714  309b		       ff		      .byte.b	$ff
   1713  309b					      repend
   1714  309c		       ff		      .byte.b	$ff
   1713  309c					      repend
   1714  309d		       ff		      .byte.b	$ff
   1713  309d					      repend
   1714  309e		       ff		      .byte.b	$ff
   1713  309e					      repend
   1714  309f		       ff		      .byte.b	$ff
   1713  309f					      repend
   1714  30a0		       ff		      .byte.b	$ff
   1713  30a0					      repend
   1714  30a1		       ff		      .byte.b	$ff
   1713  30a1					      repend
   1714  30a2		       ff		      .byte.b	$ff
   1713  30a2					      repend
   1714  30a3		       ff		      .byte.b	$ff
   1713  30a3					      repend
   1714  30a4		       ff		      .byte.b	$ff
   1713  30a4					      repend
   1714  30a5		       ff		      .byte.b	$ff
   1713  30a5					      repend
   1714  30a6		       ff		      .byte.b	$ff
   1713  30a6					      repend
   1714  30a7		       ff		      .byte.b	$ff
   1713  30a7					      repend
   1714  30a8		       ff		      .byte.b	$ff
   1713  30a8					      repend
   1714  30a9		       ff		      .byte.b	$ff
   1713  30a9					      repend
   1714  30aa		       ff		      .byte.b	$ff
   1713  30aa					      repend
   1714  30ab		       ff		      .byte.b	$ff
   1713  30ab					      repend
   1714  30ac		       ff		      .byte.b	$ff
   1713  30ac					      repend
   1714  30ad		       ff		      .byte.b	$ff
   1713  30ad					      repend
   1714  30ae		       ff		      .byte.b	$ff
   1713  30ae					      repend
   1714  30af		       ff		      .byte.b	$ff
   1713  30af					      repend
   1714  30b0		       ff		      .byte.b	$ff
   1713  30b0					      repend
   1714  30b1		       ff		      .byte.b	$ff
   1713  30b1					      repend
   1714  30b2		       ff		      .byte.b	$ff
   1713  30b2					      repend
   1714  30b3		       ff		      .byte.b	$ff
   1713  30b3					      repend
   1714  30b4		       ff		      .byte.b	$ff
   1713  30b4					      repend
   1714  30b5		       ff		      .byte.b	$ff
   1713  30b5					      repend
   1714  30b6		       ff		      .byte.b	$ff
   1713  30b6					      repend
   1714  30b7		       ff		      .byte.b	$ff
   1713  30b7					      repend
   1714  30b8		       ff		      .byte.b	$ff
   1713  30b8					      repend
   1714  30b9		       ff		      .byte.b	$ff
   1713  30b9					      repend
   1714  30ba		       ff		      .byte.b	$ff
   1713  30ba					      repend
   1714  30bb		       ff		      .byte.b	$ff
   1713  30bb					      repend
   1714  30bc		       ff		      .byte.b	$ff
   1713  30bc					      repend
   1714  30bd		       ff		      .byte.b	$ff
   1713  30bd					      repend
   1714  30be		       ff		      .byte.b	$ff
   1713  30be					      repend
   1714  30bf		       ff		      .byte.b	$ff
   1713  30bf					      repend
   1714  30c0		       ff		      .byte.b	$ff
   1713  30c0					      repend
   1714  30c1		       ff		      .byte.b	$ff
   1713  30c1					      repend
   1714  30c2		       ff		      .byte.b	$ff
   1713  30c2					      repend
   1714  30c3		       ff		      .byte.b	$ff
   1713  30c3					      repend
   1714  30c4		       ff		      .byte.b	$ff
   1713  30c4					      repend
   1714  30c5		       ff		      .byte.b	$ff
   1713  30c5					      repend
   1714  30c6		       ff		      .byte.b	$ff
   1713  30c6					      repend
   1714  30c7		       ff		      .byte.b	$ff
   1713  30c7					      repend
   1714  30c8		       ff		      .byte.b	$ff
   1713  30c8					      repend
   1714  30c9		       ff		      .byte.b	$ff
   1713  30c9					      repend
   1714  30ca		       ff		      .byte.b	$ff
   1713  30ca					      repend
   1714  30cb		       ff		      .byte.b	$ff
   1713  30cb					      repend
   1714  30cc		       ff		      .byte.b	$ff
   1713  30cc					      repend
   1714  30cd		       ff		      .byte.b	$ff
   1713  30cd					      repend
   1714  30ce		       ff		      .byte.b	$ff
   1713  30ce					      repend
   1714  30cf		       ff		      .byte.b	$ff
   1713  30cf					      repend
   1714  30d0		       ff		      .byte.b	$ff
   1713  30d0					      repend
   1714  30d1		       ff		      .byte.b	$ff
   1713  30d1					      repend
   1714  30d2		       ff		      .byte.b	$ff
   1713  30d2					      repend
   1714  30d3		       ff		      .byte.b	$ff
   1713  30d3					      repend
   1714  30d4		       ff		      .byte.b	$ff
   1713  30d4					      repend
   1714  30d5		       ff		      .byte.b	$ff
   1713  30d5					      repend
   1714  30d6		       ff		      .byte.b	$ff
   1713  30d6					      repend
   1714  30d7		       ff		      .byte.b	$ff
   1713  30d7					      repend
   1714  30d8		       ff		      .byte.b	$ff
   1713  30d8					      repend
   1714  30d9		       ff		      .byte.b	$ff
   1713  30d9					      repend
   1714  30da		       ff		      .byte.b	$ff
   1713  30da					      repend
   1714  30db		       ff		      .byte.b	$ff
   1713  30db					      repend
   1714  30dc		       ff		      .byte.b	$ff
   1713  30dc					      repend
   1714  30dd		       ff		      .byte.b	$ff
   1713  30dd					      repend
   1714  30de		       ff		      .byte.b	$ff
   1713  30de					      repend
   1714  30df		       ff		      .byte.b	$ff
   1713  30df					      repend
   1714  30e0		       ff		      .byte.b	$ff
   1713  30e0					      repend
   1714  30e1		       ff		      .byte.b	$ff
   1713  30e1					      repend
   1714  30e2		       ff		      .byte.b	$ff
   1713  30e2					      repend
   1714  30e3		       ff		      .byte.b	$ff
   1713  30e3					      repend
   1714  30e4		       ff		      .byte.b	$ff
   1713  30e4					      repend
   1714  30e5		       ff		      .byte.b	$ff
   1713  30e5					      repend
   1714  30e6		       ff		      .byte.b	$ff
   1713  30e6					      repend
   1714  30e7		       ff		      .byte.b	$ff
   1713  30e7					      repend
   1714  30e8		       ff		      .byte.b	$ff
   1713  30e8					      repend
   1714  30e9		       ff		      .byte.b	$ff
   1713  30e9					      repend
   1714  30ea		       ff		      .byte.b	$ff
   1713  30ea					      repend
   1714  30eb		       ff		      .byte.b	$ff
   1713  30eb					      repend
   1714  30ec		       ff		      .byte.b	$ff
   1713  30ec					      repend
   1714  30ed		       ff		      .byte.b	$ff
   1713  30ed					      repend
   1714  30ee		       ff		      .byte.b	$ff
   1713  30ee					      repend
   1714  30ef		       ff		      .byte.b	$ff
   1713  30ef					      repend
   1714  30f0		       ff		      .byte.b	$ff
   1713  30f0					      repend
   1714  30f1		       ff		      .byte.b	$ff
   1713  30f1					      repend
   1714  30f2		       ff		      .byte.b	$ff
   1713  30f2					      repend
   1714  30f3		       ff		      .byte.b	$ff
   1713  30f3					      repend
   1714  30f4		       ff		      .byte.b	$ff
   1713  30f4					      repend
   1714  30f5		       ff		      .byte.b	$ff
   1713  30f5					      repend
   1714  30f6		       ff		      .byte.b	$ff
   1713  30f6					      repend
   1714  30f7		       ff		      .byte.b	$ff
   1713  30f7					      repend
   1714  30f8		       ff		      .byte.b	$ff
   1713  30f8					      repend
   1714  30f9		       ff		      .byte.b	$ff
   1713  30f9					      repend
   1714  30fa		       ff		      .byte.b	$ff
   1713  30fa					      repend
   1714  30fb		       ff		      .byte.b	$ff
   1713  30fb					      repend
   1714  30fc		       ff		      .byte.b	$ff
   1713  30fc					      repend
   1714  30fd		       ff		      .byte.b	$ff
   1713  30fd					      repend
   1714  30fe		       ff		      .byte.b	$ff
   1713  30fe					      repend
   1714  30ff		       ff		      .byte.b	$ff
   1715  3100					      repend
   1716  3100					      if	ECHO3
      3796 bytes of ROM space left in bank 3
   1717  3100					      echo	"    ",[(start_bank3 - *)]d , "bytes of ROM space left in bank 3")
   1718  3100					      endif
   1719  3100		       00 01	   ECHO3      =	1
   1720  3fd4					      ORG	$3FF4-bscode_length
   1721  3fd4					      RORG	$DFF4-bscode_length
   1722  3fd4		       a2 ff	   start_bank3 ldx	#$ff
   1723  3fd6				  -	      ifconst	FASTFETCH	; using DPC+
   1724  3fd6				  -	      stx	FASTFETCH
   1725  3fd6					      endif
   1726  3fd6		       9a		      txs
   1727  3fd7				  -	      if	bankswitch == 64
   1728  3fd7				  -	      lda	#(((>(start-1)) & $0F) | $F0)
   1729  3fd7					      else
   1730  3fd7		       a9 f3		      lda	#>(start-1)
   1731  3fd9					      endif
   1732  3fd9		       48		      pha
   1733  3fda		       a9 da		      lda	#<(start-1)
   1734  3fdc		       48		      pha
   1735  3fdd		       48		      pha
   1736  3fde		       8a		      txa
   1737  3fdf		       48		      pha
   1738  3fe0		       ba		      tsx
   1739  3fe1					      if	bankswitch != 64
   1740  3fe1		       b5 04		      lda	4,x	; get high byte of return address
   1741  3fe3		       2a		      rol
   1742  3fe4		       2a		      rol
   1743  3fe5		       2a		      rol
   1744  3fe6		       2a		      rol
   1745  3fe7		       29 03		      and	#bs_mask	;1 3 or 7 for F8/F6/F4
   1746  3fe9		       aa		      tax
   1747  3fea		       e8		      inx
   1748  3feb				  -	      else
   1749  3feb				  -	      lda	4,x	; get high byte of return address
   1750  3feb				  -	      tay
   1751  3feb				  -	      ora	#$10	; change our bank nibble into a valid rom mirror
   1752  3feb				  -	      sta	4,x
   1753  3feb				  -	      tya
   1754  3feb				  -	      lsr
   1755  3feb				  -	      lsr
   1756  3feb				  -	      lsr
   1757  3feb				  -	      lsr
   1758  3feb				  -	      tax
   1759  3feb				  -	      inx
   1760  3feb					      endif
   1761  3feb		       bd f5 1f 	      lda	bankswitch_hotspot-1,x
   1762  3fee		       68		      pla
   1763  3fef		       aa		      tax
   1764  3ff0		       68		      pla
   1765  3ff1		       60		      rts
   1766  3ff2				  -	      if	((* & $1FFF) > ((bankswitch_hotspot & $1FFF) - 1))
   1767  3ff2				  -	      echo	"WARNING: size parameter in banksw.asm too small - the program probably will not work."
   1768  3ff2				  -	      echo	"Change to",[(*-begin_bscode+1)&$FF]d,"and try again."
   1769  3ff2					      endif
   1770  3ffc					      ORG	$3FFC
   1771  3ffc					      RORG	$DFFC
   1772  3ffc		       d4 df		      .word.w	(start_bank3 & $ffff)
   1773  3ffe		       d4 df		      .word.w	(start_bank3 & $ffff)
   1774  4000					      ORG	$4000
   1775  4000					      RORG	$F000
   1776  4000					      repeat	256
   1777  4000		       ff		      .byte.b	$ff
   1776  4000					      repend
   1777  4001		       ff		      .byte.b	$ff
   1776  4001					      repend
   1777  4002		       ff		      .byte.b	$ff
   1776  4002					      repend
   1777  4003		       ff		      .byte.b	$ff
   1776  4003					      repend
   1777  4004		       ff		      .byte.b	$ff
   1776  4004					      repend
   1777  4005		       ff		      .byte.b	$ff
   1776  4005					      repend
   1777  4006		       ff		      .byte.b	$ff
   1776  4006					      repend
   1777  4007		       ff		      .byte.b	$ff
   1776  4007					      repend
   1777  4008		       ff		      .byte.b	$ff
   1776  4008					      repend
   1777  4009		       ff		      .byte.b	$ff
   1776  4009					      repend
   1777  400a		       ff		      .byte.b	$ff
   1776  400a					      repend
   1777  400b		       ff		      .byte.b	$ff
   1776  400b					      repend
   1777  400c		       ff		      .byte.b	$ff
   1776  400c					      repend
   1777  400d		       ff		      .byte.b	$ff
   1776  400d					      repend
   1777  400e		       ff		      .byte.b	$ff
   1776  400e					      repend
   1777  400f		       ff		      .byte.b	$ff
   1776  400f					      repend
   1777  4010		       ff		      .byte.b	$ff
   1776  4010					      repend
   1777  4011		       ff		      .byte.b	$ff
   1776  4011					      repend
   1777  4012		       ff		      .byte.b	$ff
   1776  4012					      repend
   1777  4013		       ff		      .byte.b	$ff
   1776  4013					      repend
   1777  4014		       ff		      .byte.b	$ff
   1776  4014					      repend
   1777  4015		       ff		      .byte.b	$ff
   1776  4015					      repend
   1777  4016		       ff		      .byte.b	$ff
   1776  4016					      repend
   1777  4017		       ff		      .byte.b	$ff
   1776  4017					      repend
   1777  4018		       ff		      .byte.b	$ff
   1776  4018					      repend
   1777  4019		       ff		      .byte.b	$ff
   1776  4019					      repend
   1777  401a		       ff		      .byte.b	$ff
   1776  401a					      repend
   1777  401b		       ff		      .byte.b	$ff
   1776  401b					      repend
   1777  401c		       ff		      .byte.b	$ff
   1776  401c					      repend
   1777  401d		       ff		      .byte.b	$ff
   1776  401d					      repend
   1777  401e		       ff		      .byte.b	$ff
   1776  401e					      repend
   1777  401f		       ff		      .byte.b	$ff
   1776  401f					      repend
   1777  4020		       ff		      .byte.b	$ff
   1776  4020					      repend
   1777  4021		       ff		      .byte.b	$ff
   1776  4021					      repend
   1777  4022		       ff		      .byte.b	$ff
   1776  4022					      repend
   1777  4023		       ff		      .byte.b	$ff
   1776  4023					      repend
   1777  4024		       ff		      .byte.b	$ff
   1776  4024					      repend
   1777  4025		       ff		      .byte.b	$ff
   1776  4025					      repend
   1777  4026		       ff		      .byte.b	$ff
   1776  4026					      repend
   1777  4027		       ff		      .byte.b	$ff
   1776  4027					      repend
   1777  4028		       ff		      .byte.b	$ff
   1776  4028					      repend
   1777  4029		       ff		      .byte.b	$ff
   1776  4029					      repend
   1777  402a		       ff		      .byte.b	$ff
   1776  402a					      repend
   1777  402b		       ff		      .byte.b	$ff
   1776  402b					      repend
   1777  402c		       ff		      .byte.b	$ff
   1776  402c					      repend
   1777  402d		       ff		      .byte.b	$ff
   1776  402d					      repend
   1777  402e		       ff		      .byte.b	$ff
   1776  402e					      repend
   1777  402f		       ff		      .byte.b	$ff
   1776  402f					      repend
   1777  4030		       ff		      .byte.b	$ff
   1776  4030					      repend
   1777  4031		       ff		      .byte.b	$ff
   1776  4031					      repend
   1777  4032		       ff		      .byte.b	$ff
   1776  4032					      repend
   1777  4033		       ff		      .byte.b	$ff
   1776  4033					      repend
   1777  4034		       ff		      .byte.b	$ff
   1776  4034					      repend
   1777  4035		       ff		      .byte.b	$ff
   1776  4035					      repend
   1777  4036		       ff		      .byte.b	$ff
   1776  4036					      repend
   1777  4037		       ff		      .byte.b	$ff
   1776  4037					      repend
   1777  4038		       ff		      .byte.b	$ff
   1776  4038					      repend
   1777  4039		       ff		      .byte.b	$ff
   1776  4039					      repend
   1777  403a		       ff		      .byte.b	$ff
   1776  403a					      repend
   1777  403b		       ff		      .byte.b	$ff
   1776  403b					      repend
   1777  403c		       ff		      .byte.b	$ff
   1776  403c					      repend
   1777  403d		       ff		      .byte.b	$ff
   1776  403d					      repend
   1777  403e		       ff		      .byte.b	$ff
   1776  403e					      repend
   1777  403f		       ff		      .byte.b	$ff
   1776  403f					      repend
   1777  4040		       ff		      .byte.b	$ff
   1776  4040					      repend
   1777  4041		       ff		      .byte.b	$ff
   1776  4041					      repend
   1777  4042		       ff		      .byte.b	$ff
   1776  4042					      repend
   1777  4043		       ff		      .byte.b	$ff
   1776  4043					      repend
   1777  4044		       ff		      .byte.b	$ff
   1776  4044					      repend
   1777  4045		       ff		      .byte.b	$ff
   1776  4045					      repend
   1777  4046		       ff		      .byte.b	$ff
   1776  4046					      repend
   1777  4047		       ff		      .byte.b	$ff
   1776  4047					      repend
   1777  4048		       ff		      .byte.b	$ff
   1776  4048					      repend
   1777  4049		       ff		      .byte.b	$ff
   1776  4049					      repend
   1777  404a		       ff		      .byte.b	$ff
   1776  404a					      repend
   1777  404b		       ff		      .byte.b	$ff
   1776  404b					      repend
   1777  404c		       ff		      .byte.b	$ff
   1776  404c					      repend
   1777  404d		       ff		      .byte.b	$ff
   1776  404d					      repend
   1777  404e		       ff		      .byte.b	$ff
   1776  404e					      repend
   1777  404f		       ff		      .byte.b	$ff
   1776  404f					      repend
   1777  4050		       ff		      .byte.b	$ff
   1776  4050					      repend
   1777  4051		       ff		      .byte.b	$ff
   1776  4051					      repend
   1777  4052		       ff		      .byte.b	$ff
   1776  4052					      repend
   1777  4053		       ff		      .byte.b	$ff
   1776  4053					      repend
   1777  4054		       ff		      .byte.b	$ff
   1776  4054					      repend
   1777  4055		       ff		      .byte.b	$ff
   1776  4055					      repend
   1777  4056		       ff		      .byte.b	$ff
   1776  4056					      repend
   1777  4057		       ff		      .byte.b	$ff
   1776  4057					      repend
   1777  4058		       ff		      .byte.b	$ff
   1776  4058					      repend
   1777  4059		       ff		      .byte.b	$ff
   1776  4059					      repend
   1777  405a		       ff		      .byte.b	$ff
   1776  405a					      repend
   1777  405b		       ff		      .byte.b	$ff
   1776  405b					      repend
   1777  405c		       ff		      .byte.b	$ff
   1776  405c					      repend
   1777  405d		       ff		      .byte.b	$ff
   1776  405d					      repend
   1777  405e		       ff		      .byte.b	$ff
   1776  405e					      repend
   1777  405f		       ff		      .byte.b	$ff
   1776  405f					      repend
   1777  4060		       ff		      .byte.b	$ff
   1776  4060					      repend
   1777  4061		       ff		      .byte.b	$ff
   1776  4061					      repend
   1777  4062		       ff		      .byte.b	$ff
   1776  4062					      repend
   1777  4063		       ff		      .byte.b	$ff
   1776  4063					      repend
   1777  4064		       ff		      .byte.b	$ff
   1776  4064					      repend
   1777  4065		       ff		      .byte.b	$ff
   1776  4065					      repend
   1777  4066		       ff		      .byte.b	$ff
   1776  4066					      repend
   1777  4067		       ff		      .byte.b	$ff
   1776  4067					      repend
   1777  4068		       ff		      .byte.b	$ff
   1776  4068					      repend
   1777  4069		       ff		      .byte.b	$ff
   1776  4069					      repend
   1777  406a		       ff		      .byte.b	$ff
   1776  406a					      repend
   1777  406b		       ff		      .byte.b	$ff
   1776  406b					      repend
   1777  406c		       ff		      .byte.b	$ff
   1776  406c					      repend
   1777  406d		       ff		      .byte.b	$ff
   1776  406d					      repend
   1777  406e		       ff		      .byte.b	$ff
   1776  406e					      repend
   1777  406f		       ff		      .byte.b	$ff
   1776  406f					      repend
   1777  4070		       ff		      .byte.b	$ff
   1776  4070					      repend
   1777  4071		       ff		      .byte.b	$ff
   1776  4071					      repend
   1777  4072		       ff		      .byte.b	$ff
   1776  4072					      repend
   1777  4073		       ff		      .byte.b	$ff
   1776  4073					      repend
   1777  4074		       ff		      .byte.b	$ff
   1776  4074					      repend
   1777  4075		       ff		      .byte.b	$ff
   1776  4075					      repend
   1777  4076		       ff		      .byte.b	$ff
   1776  4076					      repend
   1777  4077		       ff		      .byte.b	$ff
   1776  4077					      repend
   1777  4078		       ff		      .byte.b	$ff
   1776  4078					      repend
   1777  4079		       ff		      .byte.b	$ff
   1776  4079					      repend
   1777  407a		       ff		      .byte.b	$ff
   1776  407a					      repend
   1777  407b		       ff		      .byte.b	$ff
   1776  407b					      repend
   1777  407c		       ff		      .byte.b	$ff
   1776  407c					      repend
   1777  407d		       ff		      .byte.b	$ff
   1776  407d					      repend
   1777  407e		       ff		      .byte.b	$ff
   1776  407e					      repend
   1777  407f		       ff		      .byte.b	$ff
   1776  407f					      repend
   1777  4080		       ff		      .byte.b	$ff
   1776  4080					      repend
   1777  4081		       ff		      .byte.b	$ff
   1776  4081					      repend
   1777  4082		       ff		      .byte.b	$ff
   1776  4082					      repend
   1777  4083		       ff		      .byte.b	$ff
   1776  4083					      repend
   1777  4084		       ff		      .byte.b	$ff
   1776  4084					      repend
   1777  4085		       ff		      .byte.b	$ff
   1776  4085					      repend
   1777  4086		       ff		      .byte.b	$ff
   1776  4086					      repend
   1777  4087		       ff		      .byte.b	$ff
   1776  4087					      repend
   1777  4088		       ff		      .byte.b	$ff
   1776  4088					      repend
   1777  4089		       ff		      .byte.b	$ff
   1776  4089					      repend
   1777  408a		       ff		      .byte.b	$ff
   1776  408a					      repend
   1777  408b		       ff		      .byte.b	$ff
   1776  408b					      repend
   1777  408c		       ff		      .byte.b	$ff
   1776  408c					      repend
   1777  408d		       ff		      .byte.b	$ff
   1776  408d					      repend
   1777  408e		       ff		      .byte.b	$ff
   1776  408e					      repend
   1777  408f		       ff		      .byte.b	$ff
   1776  408f					      repend
   1777  4090		       ff		      .byte.b	$ff
   1776  4090					      repend
   1777  4091		       ff		      .byte.b	$ff
   1776  4091					      repend
   1777  4092		       ff		      .byte.b	$ff
   1776  4092					      repend
   1777  4093		       ff		      .byte.b	$ff
   1776  4093					      repend
   1777  4094		       ff		      .byte.b	$ff
   1776  4094					      repend
   1777  4095		       ff		      .byte.b	$ff
   1776  4095					      repend
   1777  4096		       ff		      .byte.b	$ff
   1776  4096					      repend
   1777  4097		       ff		      .byte.b	$ff
   1776  4097					      repend
   1777  4098		       ff		      .byte.b	$ff
   1776  4098					      repend
   1777  4099		       ff		      .byte.b	$ff
   1776  4099					      repend
   1777  409a		       ff		      .byte.b	$ff
   1776  409a					      repend
   1777  409b		       ff		      .byte.b	$ff
   1776  409b					      repend
   1777  409c		       ff		      .byte.b	$ff
   1776  409c					      repend
   1777  409d		       ff		      .byte.b	$ff
   1776  409d					      repend
   1777  409e		       ff		      .byte.b	$ff
   1776  409e					      repend
   1777  409f		       ff		      .byte.b	$ff
   1776  409f					      repend
   1777  40a0		       ff		      .byte.b	$ff
   1776  40a0					      repend
   1777  40a1		       ff		      .byte.b	$ff
   1776  40a1					      repend
   1777  40a2		       ff		      .byte.b	$ff
   1776  40a2					      repend
   1777  40a3		       ff		      .byte.b	$ff
   1776  40a3					      repend
   1777  40a4		       ff		      .byte.b	$ff
   1776  40a4					      repend
   1777  40a5		       ff		      .byte.b	$ff
   1776  40a5					      repend
   1777  40a6		       ff		      .byte.b	$ff
   1776  40a6					      repend
   1777  40a7		       ff		      .byte.b	$ff
   1776  40a7					      repend
   1777  40a8		       ff		      .byte.b	$ff
   1776  40a8					      repend
   1777  40a9		       ff		      .byte.b	$ff
   1776  40a9					      repend
   1777  40aa		       ff		      .byte.b	$ff
   1776  40aa					      repend
   1777  40ab		       ff		      .byte.b	$ff
   1776  40ab					      repend
   1777  40ac		       ff		      .byte.b	$ff
   1776  40ac					      repend
   1777  40ad		       ff		      .byte.b	$ff
   1776  40ad					      repend
   1777  40ae		       ff		      .byte.b	$ff
   1776  40ae					      repend
   1777  40af		       ff		      .byte.b	$ff
   1776  40af					      repend
   1777  40b0		       ff		      .byte.b	$ff
   1776  40b0					      repend
   1777  40b1		       ff		      .byte.b	$ff
   1776  40b1					      repend
   1777  40b2		       ff		      .byte.b	$ff
   1776  40b2					      repend
   1777  40b3		       ff		      .byte.b	$ff
   1776  40b3					      repend
   1777  40b4		       ff		      .byte.b	$ff
   1776  40b4					      repend
   1777  40b5		       ff		      .byte.b	$ff
   1776  40b5					      repend
   1777  40b6		       ff		      .byte.b	$ff
   1776  40b6					      repend
   1777  40b7		       ff		      .byte.b	$ff
   1776  40b7					      repend
   1777  40b8		       ff		      .byte.b	$ff
   1776  40b8					      repend
   1777  40b9		       ff		      .byte.b	$ff
   1776  40b9					      repend
   1777  40ba		       ff		      .byte.b	$ff
   1776  40ba					      repend
   1777  40bb		       ff		      .byte.b	$ff
   1776  40bb					      repend
   1777  40bc		       ff		      .byte.b	$ff
   1776  40bc					      repend
   1777  40bd		       ff		      .byte.b	$ff
   1776  40bd					      repend
   1777  40be		       ff		      .byte.b	$ff
   1776  40be					      repend
   1777  40bf		       ff		      .byte.b	$ff
   1776  40bf					      repend
   1777  40c0		       ff		      .byte.b	$ff
   1776  40c0					      repend
   1777  40c1		       ff		      .byte.b	$ff
   1776  40c1					      repend
   1777  40c2		       ff		      .byte.b	$ff
   1776  40c2					      repend
   1777  40c3		       ff		      .byte.b	$ff
   1776  40c3					      repend
   1777  40c4		       ff		      .byte.b	$ff
   1776  40c4					      repend
   1777  40c5		       ff		      .byte.b	$ff
   1776  40c5					      repend
   1777  40c6		       ff		      .byte.b	$ff
   1776  40c6					      repend
   1777  40c7		       ff		      .byte.b	$ff
   1776  40c7					      repend
   1777  40c8		       ff		      .byte.b	$ff
   1776  40c8					      repend
   1777  40c9		       ff		      .byte.b	$ff
   1776  40c9					      repend
   1777  40ca		       ff		      .byte.b	$ff
   1776  40ca					      repend
   1777  40cb		       ff		      .byte.b	$ff
   1776  40cb					      repend
   1777  40cc		       ff		      .byte.b	$ff
   1776  40cc					      repend
   1777  40cd		       ff		      .byte.b	$ff
   1776  40cd					      repend
   1777  40ce		       ff		      .byte.b	$ff
   1776  40ce					      repend
   1777  40cf		       ff		      .byte.b	$ff
   1776  40cf					      repend
   1777  40d0		       ff		      .byte.b	$ff
   1776  40d0					      repend
   1777  40d1		       ff		      .byte.b	$ff
   1776  40d1					      repend
   1777  40d2		       ff		      .byte.b	$ff
   1776  40d2					      repend
   1777  40d3		       ff		      .byte.b	$ff
   1776  40d3					      repend
   1777  40d4		       ff		      .byte.b	$ff
   1776  40d4					      repend
   1777  40d5		       ff		      .byte.b	$ff
   1776  40d5					      repend
   1777  40d6		       ff		      .byte.b	$ff
   1776  40d6					      repend
   1777  40d7		       ff		      .byte.b	$ff
   1776  40d7					      repend
   1777  40d8		       ff		      .byte.b	$ff
   1776  40d8					      repend
   1777  40d9		       ff		      .byte.b	$ff
   1776  40d9					      repend
   1777  40da		       ff		      .byte.b	$ff
   1776  40da					      repend
   1777  40db		       ff		      .byte.b	$ff
   1776  40db					      repend
   1777  40dc		       ff		      .byte.b	$ff
   1776  40dc					      repend
   1777  40dd		       ff		      .byte.b	$ff
   1776  40dd					      repend
   1777  40de		       ff		      .byte.b	$ff
   1776  40de					      repend
   1777  40df		       ff		      .byte.b	$ff
   1776  40df					      repend
   1777  40e0		       ff		      .byte.b	$ff
   1776  40e0					      repend
   1777  40e1		       ff		      .byte.b	$ff
   1776  40e1					      repend
   1777  40e2		       ff		      .byte.b	$ff
   1776  40e2					      repend
   1777  40e3		       ff		      .byte.b	$ff
   1776  40e3					      repend
   1777  40e4		       ff		      .byte.b	$ff
   1776  40e4					      repend
   1777  40e5		       ff		      .byte.b	$ff
   1776  40e5					      repend
   1777  40e6		       ff		      .byte.b	$ff
   1776  40e6					      repend
   1777  40e7		       ff		      .byte.b	$ff
   1776  40e7					      repend
   1777  40e8		       ff		      .byte.b	$ff
   1776  40e8					      repend
   1777  40e9		       ff		      .byte.b	$ff
   1776  40e9					      repend
   1777  40ea		       ff		      .byte.b	$ff
   1776  40ea					      repend
   1777  40eb		       ff		      .byte.b	$ff
   1776  40eb					      repend
   1777  40ec		       ff		      .byte.b	$ff
   1776  40ec					      repend
   1777  40ed		       ff		      .byte.b	$ff
   1776  40ed					      repend
   1777  40ee		       ff		      .byte.b	$ff
   1776  40ee					      repend
   1777  40ef		       ff		      .byte.b	$ff
   1776  40ef					      repend
   1777  40f0		       ff		      .byte.b	$ff
   1776  40f0					      repend
   1777  40f1		       ff		      .byte.b	$ff
   1776  40f1					      repend
   1777  40f2		       ff		      .byte.b	$ff
   1776  40f2					      repend
   1777  40f3		       ff		      .byte.b	$ff
   1776  40f3					      repend
   1777  40f4		       ff		      .byte.b	$ff
   1776  40f4					      repend
   1777  40f5		       ff		      .byte.b	$ff
   1776  40f5					      repend
   1777  40f6		       ff		      .byte.b	$ff
   1776  40f6					      repend
   1777  40f7		       ff		      .byte.b	$ff
   1776  40f7					      repend
   1777  40f8		       ff		      .byte.b	$ff
   1776  40f8					      repend
   1777  40f9		       ff		      .byte.b	$ff
   1776  40f9					      repend
   1777  40fa		       ff		      .byte.b	$ff
   1776  40fa					      repend
   1777  40fb		       ff		      .byte.b	$ff
   1776  40fb					      repend
   1777  40fc		       ff		      .byte.b	$ff
   1776  40fc					      repend
   1777  40fd		       ff		      .byte.b	$ff
   1776  40fd					      repend
   1777  40fe		       ff		      .byte.b	$ff
   1776  40fe					      repend
   1777  40ff		       ff		      .byte.b	$ff
   1778  4100					      repend
   1779  4100							; Provided under the CC0 license. See the included LICENSE.txt for details.
   1780  4100							; Split Screen Kernel (Modified from original std_kernel.asm in bB 1.9)
   1781  4100							; Steve Engelhardt
   1782  4100							; 10/8/2026
   1783  4100
   1784  4100					      ifnconst	vertical_reflect
   1785  4100				   kernel
   1786  4100							; --- DUAL SCREEN AUTO-CONFIGURATION ---
   1787  4100				  -	      ifconst	pfres
   1788  4100				  -	      if	pfres == 32
   1789  4100				  -split_ram_offset =	64
   1790  4100				  -split_pos_auto =	68
   1791  4100				  -	      endif
   1792  4100				  -	      if	pfres == 24
   1793  4100				  -split_ram_offset =	48
   1794  4100				  -split_pos_auto =	84
   1795  4100				  -	      endif
   1796  4100				  -	      if	pfres == 12
   1797  4100				  -split_ram_offset =	24
   1798  4100				  -split_pos_auto =	108
   1799  4100				  -	      endif
   1800  4100					      else
   1801  4100							; Default to 12 lines TOTAL (6 per half) if pfres is omitted
   1802  4100		       00 18	   split_ram_offset =	24
   1803  4100		       00 6c	   split_pos_auto =	108
   1804  4100					      endif
   1805  4100							; --------------------------------------
   1806  4100					      endif
   1807  4100		       85 02		      sta	WSYNC
   1808  4102		       a9 ff		      lda	#255
   1809  4104		       8d 96 02 	      sta	TIM64T
   1810  4107
   1811  4107		       a9 01		      lda	#1
   1812  4109		       85 27		      sta	VDELBL
   1813  410b		       85 25		      sta	VDELP0
   1814  410d		       a6 92		      ldx	ballheight
   1815  410f		       e8		      inx
   1816  4110		       e8		      inx
   1817  4111		       86 9f		      stx	temp4
   1818  4113		       a5 86		      lda	player1y
   1819  4115		       85 9e		      sta	temp3
   1820  4117
   1821  4117				  -	      ifconst	shakescreen
   1822  4117				  -	      jsr	doshakescreen
   1823  4117					      else
   1824  4117		       a6 90		      ldx	missile0height
   1825  4119		       e8		      inx
   1826  411a					      endif
   1827  411a
   1828  411a		       e8		      inx
   1829  411b		       86 f6		      stx	stack1
   1830  411d
   1831  411d		       a5 89		      lda	bally
   1832  411f		       85 f7		      sta	stack2
   1833  4121
   1834  4121		       a5 85		      lda	player0y
   1835  4123		       a2 00		      ldx	#0
   1836  4125		       85 02		      sta	WSYNC
   1837  4127		       86 1b		      stx	GRP0
   1838  4129		       86 1c		      stx	GRP1
   1839  412b		       86 0e		      stx	PF1L
   1840  412d		       86 0f		      stx	PF2
   1841  412f		       86 2c		      stx	CXCLR
   1842  4131				  -	      ifconst	readpaddle
   1843  4131				  -	      stx	paddle
   1844  4131					      else
      0  4131					      sleep	3
      1  4131				   .CYCLES    SET	3
      2  4131
      3  4131				  -	      IF	.CYCLES < 2
      4  4131				  -	      ECHO	"MACRO ERROR: 'SLEEP': Duration must be > 1"
      5  4131				  -	      ERR
      6  4131					      ENDIF
      7  4131
      8  4131					      IF	.CYCLES & 1
      9  4131					      IFNCONST	NO_ILLEGAL_OPCODES
     10  4131		       04 00		      nop	0
     11  4133				  -	      ELSE
     12  4133				  -	      bit	VSYNC
     13  4133					      ENDIF
     14  4133				   .CYCLES    SET	.CYCLES - 3
     15  4133					      ENDIF
     16  4133
     17  4133				  -	      REPEAT	.CYCLES / 2
     18  4133				  -	      nop
     19  4133					      REPEND
   1846  4133					      endif
   1847  4133
   1848  4133		       95 9d		      sta	temp2,x
   1849  4135
   1850  4135					      ifnconst	pfres
   1851  4135		       a2 54		      ldx	#128-44+(4-pfwidth)*12
   1852  4137				  -	      else
   1853  4137				  -	      ldx	#132-pfres*pfwidth
   1854  4137					      endif
   1855  4137
   1856  4137		       c6 85		      dec	player0y
   1857  4139
   1858  4139		       a5 91		      lda	missile0y
   1859  413b		       85 a0		      sta	temp5
   1860  413d		       a5 88		      lda	missile1y
   1861  413f		       85 a1		      sta	temp6
   1862  4141
   1863  4141		       a5 ef		      lda	playfieldpos
   1864  4143		       85 9c		      sta	temp1
   1865  4145
   1866  4145				  -	      ifconst	pfrowheight
   1867  4145				  -	      lda	#pfrowheight+2
   1868  4145					      else
   1869  4145					      ifnconst	pfres
   1870  4145		       a9 0a		      lda	#10
   1871  4147				  -	      else
   1872  4147				  -	      lda	#(96/pfres)+2
   1873  4147					      endif
   1874  4147					      endif
   1875  4147		       18		      clc
   1876  4148		       e5 ef		      sbc	playfieldpos
   1877  414a		       85 ef		      sta	playfieldpos
   1878  414c		       4c 78 f1 	      jmp	.startkernel
   1879  414f
   1880  414f				   .skipDrawP0
   1881  414f		       a9 00		      lda	#0
   1882  4151		       a8		      tay
   1883  4152		       4c aa f1 	      jmp	.continueP0
   1884  4155
   1885  4155				   .skipDrawP1
   1886  4155		       a9 00		      lda	#0
   1887  4157		       a8		      tay
   1888  4158		       4c 82 f1 	      jmp	.continueP1
   1889  415b
   1890  415b				   .kerloop
   1891  415b
   1892  415b				   continuekernel
      0  415b					      sleep	2
      1  415b				   .CYCLES    SET	2
      2  415b
      3  415b				  -	      IF	.CYCLES < 2
      4  415b				  -	      ECHO	"MACRO ERROR: 'SLEEP': Duration must be > 1"
      5  415b				  -	      ERR
      6  415b					      ENDIF
      7  415b
      8  415b				  -	      IF	.CYCLES & 1
      9  415b				  -	      IFNCONST	NO_ILLEGAL_OPCODES
     10  415b				  -	      nop	0
     11  415b				  -	      ELSE
     12  415b				  -	      bit	VSYNC
     13  415b				  -	      ENDIF
     14  415b				  -.CYCLES    SET	.CYCLES - 3
     15  415b					      ENDIF
     16  415b
     17  415b					      REPEAT	.CYCLES / 2
     18  415b		       ea		      nop
     19  415c					      REPEND
   1894  415c				   continuekernel2
   1895  415c		       a5 92		      lda	ballheight
   1896  415e
   1897  415e				  -	      ifconst	pfres
   1898  415e				  -	      ldy	playfield+pfres*pfwidth-132,x
   1899  415e				  -	      sty	PF1L	;3
   1900  415e				  -	      ldy	playfield+pfres*pfwidth-131-pfadjust,x
   1901  415e				  -	      sty	PF2L	;3
   1902  415e				  -			;sleep 14
   1903  415e				  -	      ldy	playfield+pfres*pfwidth-130,x
   1904  415e				  -	      sty	PF1
   1905  415e				  -	      ldy	playfield+pfres*pfwidth-129-pfadjust,x
   1906  415e				  -	      sty	PF2
   1907  415e					      else
   1908  415e		       bc 7c 10 	      ldy	playfield-48+pfwidth*12+44-128,x
   1909  4161		       84 0e		      sty	PF1L	;3
   1910  4163		       bc 7d 10 	      ldy	playfield-48+pfwidth*12+45-128-pfadjust,x	;4
   1911  4166		       84 0f		      sty	PF2L	;3
   1912  4168
   1913  4168		       bc 7e 10 	      ldy	playfield-48+pfwidth*12+46-128,x
   1914  416b		       84 0e		      sty	PF1
   1915  416d		       bc 7f 10 	      ldy	playfield-48+pfwidth*12+47-128-pfadjust,x
   1916  4170		       84 0f		      sty	PF2
   1917  4172					      endif
   1918  4172
   1919  4172		       c7 89		      dcp	bally
   1920  4174		       2a		      rol
   1921  4175		       2a		      rol
   1922  4176				   goback
   1923  4176		       85 1f		      sta	ENABL
   1924  4178				   .startkernel
   1925  4178		       a5 8f		      lda	player1height	;3
   1926  417a		       c7 86		      dcp	player1y	;5
   1927  417c		       90 d7		      bcc	.skipDrawP1	;2
   1928  417e		       a4 86		      ldy	player1y	;3
   1929  4180		       b1 8c		      lda	(player1pointer),y
   1930  4182
   1931  4182				   .continueP1
   1932  4182		       85 1c		      sta	GRP1	;3
   1933  4184
   1934  4184					      ifnconst	player1colors
   1935  4184		       a5 87		      lda	missile1height	;3
   1936  4186		       c7 88		      dcp	missile1y	;5
   1937  4188		       2a		      rol		;2
   1938  4189		       2a		      rol		;2
   1939  418a		       85 1e		      sta	ENAM1	;3
   1940  418c				  -	      else
   1941  418c				  -	      lda	(player1color),y
   1942  418c				  -	      sta	COLUP1
   1943  418c				  -	      ifnconst	playercolors
   1944  418c				  -	      sleep	7
   1945  418c				  -	      else
   1946  418c				  -	      lda.w	player0colorstore
   1947  418c				  -	      sta	COLUP0
   1948  418c				  -	      endif
   1949  418c					      endif
   1950  418c
   1951  418c				  -	      ifconst	pfres
   1952  418c				  -	      lda	playfield+pfres*pfwidth-132,x
   1953  418c				  -	      sta	PF1L	;3
   1954  418c				  -	      lda	playfield+pfres*pfwidth-131-pfadjust,x
   1955  418c				  -	      sta	PF2L	;3
   1956  418c				  -			;sleep 14
   1957  418c				  -	      ldy	playfield+pfres*pfwidth-130,x
   1958  418c				  -	      sty	PF1
   1959  418c				  -	      ldy	playfield+pfres*pfwidth-129-pfadjust,x
   1960  418c				  -	      sty	PF2
   1961  418c					      else
   1962  418c		       bd 7c 10 	      lda	playfield-48+pfwidth*12+44-128,x	;4
   1963  418f		       85 0e		      sta	PF1L	;3
   1964  4191		       bd 7d 10 	      lda	playfield-48+pfwidth*12+45-128-pfadjust,x	;4
   1965  4194		       85 0f		      sta	PF2L	;3
   1966  4196
   1967  4196		       bc 7e 10 	      ldy	playfield-48+pfwidth*12+46-128,x
   1968  4199		       84 0e		      sty	PF1
   1969  419b		       bc 7f 10 	      ldy	playfield-48+pfwidth*12+47-128-pfadjust,x
   1970  419e		       84 0f		      sty	PF2
   1971  41a0					      endif
   1972  41a0
   1973  41a0		       a5 8e		      lda	player0height
   1974  41a2		       c7 85		      dcp	player0y
   1975  41a4		       90 a9		      bcc	.skipDrawP0
   1976  41a6		       a4 85		      ldy	player0y
   1977  41a8		       b1 8a		      lda	(player0pointer),y
   1978  41aa				   .continueP0
   1979  41aa		       85 1b		      sta	GRP0
   1980  41ac
   1981  41ac					      ifnconst	no_blank_lines
   1982  41ac					      ifnconst	playercolors
   1983  41ac		       a5 90		      lda	missile0height	;3
   1984  41ae		       c7 91		      dcp	missile0y	;5
   1985  41b0		       e5 f6		      sbc	stack1
   1986  41b2		       85 1d		      sta	ENAM0	;3
   1987  41b4				  -	      else
   1988  41b4				  -	      lda	(player0color),y
   1989  41b4				  -	      sta	player0colorstore
   1990  41b4				  -	      sleep	6
   1991  41b4					      endif
   1992  41b4		       c6 9c		      dec	temp1
   1993  41b6		       d0 a3		      bne	continuekernel
   1994  41b8				  -	      else
   1995  41b8				  -	      dec	temp1
   1996  41b8				  -	      beq	altkernel2
   1997  41b8				  -	      ifconst	readpaddle
   1998  41b8				  -	      ldy	currentpaddle
   1999  41b8				  -	      lda	INPT0,y
   2000  41b8				  -	      bpl	noreadpaddle
   2001  41b8				  -	      inc	paddle
   2002  41b8				  -	      jmp	continuekernel2
   2003  41b8				  -noreadpaddle
   2004  41b8				  -	      sleep	2
   2005  41b8				  -	      jmp	continuekernel
   2006  41b8				  -	      else
   2007  41b8				  -	      ifnconst	playercolors
   2008  41b8				  -	      ifconst	PFcolors
   2009  41b8				  -	      txa
   2010  41b8				  -	      tay
   2011  41b8				  -	      lda	(pfcolortable),y
   2012  41b8				  -	      ifnconst	backgroundchange
   2013  41b8				  -	      sta	COLUPF
   2014  41b8				  -	      else
   2015  41b8				  -	      sta	COLUBK
   2016  41b8				  -	      endif
   2017  41b8				  -	      jmp	continuekernel
   2018  41b8				  -	      else
   2019  41b8				  -	      ifconst	kernelmacrodef
   2020  41b8				  -	      kernelmacro
   2021  41b8				  -	      else
   2022  41b8				  -	      sleep	12
   2023  41b8				  -	      endif
   2024  41b8				  -	      endif
   2025  41b8				  -	      else
   2026  41b8				  -	      lda	(player0color),y
   2027  41b8				  -	      sta	player0colorstore
   2028  41b8				  -	      sleep	4
   2029  41b8				  -	      endif
   2030  41b8				  -	      jmp	continuekernel
   2031  41b8				  -	      endif
   2032  41b8				  -
   2033  41b8				  -altkernel2
   2034  41b8				  -	      txa
   2035  41b8				  -	      ifnconst	vertical_reflect
   2036  41b8				  -	      sbx	#256-pfwidth
   2037  41b8				  -	      else
   2038  41b8				  -	      sbx	#256-pfwidth/2
   2039  41b8				  -	      endif
   2040  41b8				  -	      bmi	lastkernelline
   2041  41b8				  -	      ifconst	pfrowheight
   2042  41b8				  -	      lda	#pfrowheight
   2043  41b8				  -	      else
   2044  41b8				  -	      ifnconst	pfres
   2045  41b8				  -	      lda	#8
   2046  41b8				  -	      else
   2047  41b8				  -	      lda	#(96/pfres)
   2048  41b8				  -	      endif
   2049  41b8				  -	      endif
   2050  41b8				  -	      sta	temp1
   2051  41b8				  -	      jmp	continuekernel
   2052  41b8					      endif
   2053  41b8
   2054  41b8				   altkernel
   2055  41b8				  -	      ifconst	PFmaskvalue
   2056  41b8				  -	      lda	#PFmaskvalue
   2057  41b8					      else
   2058  41b8		       a9 00		      lda	#0
   2059  41ba					      endif
   2060  41ba		       85 0e		      sta	PF1L
   2061  41bc		       85 0f		      sta	PF2
   2062  41be
   2063  41be		       8a		      txa
   2064  41bf					      ifnconst	vertical_reflect
   2065  41bf		       cb fc		      sbx	#256-pfwidth
   2066  41c1				  -	      else
   2067  41c1				  -	      sbx	#256-pfwidth/2
   2068  41c1					      endif
   2069  41c1
   2070  41c1		       30 17		      bmi	lastkernelline
   2071  41c3
   2072  41c3				  -	      ifconst	PFcolorandheight
   2073  41c3				  -	      ifconst	pfres
   2074  41c3				  -	      ldy	playfieldcolorandheight-131+pfres*pfwidth,x
   2075  41c3				  -	      else
   2076  41c3				  -	      ldy	playfieldcolorandheight-87,x
   2077  41c3				  -	      endif
   2078  41c3				  -	      ifnconst	backgroundchange
   2079  41c3				  -	      sty	COLUPF
   2080  41c3				  -	      else
   2081  41c3				  -	      sty	COLUBK
   2082  41c3				  -	      endif
   2083  41c3				  -	      ifconst	pfres
   2084  41c3				  -	      lda	playfieldcolorandheight-132+pfres*pfwidth,x
   2085  41c3				  -	      else
   2086  41c3				  -	      lda	playfieldcolorandheight-88,x
   2087  41c3				  -	      endif
   2088  41c3				  -	      sta.w	temp1
   2089  41c3					      endif
   2090  41c3				  -	      ifconst	PFheights
   2091  41c3				  -	      lsr
   2092  41c3				  -	      lsr
   2093  41c3				  -	      tay
   2094  41c3				  -	      lda	(pfheighttable),y
   2095  41c3				  -	      sta.w	temp1
   2096  41c3					      endif
   2097  41c3				  -	      ifconst	PFcolors
   2098  41c3				  -	      tay
   2099  41c3				  -	      lda	(pfcolortable),y
   2100  41c3				  -	      ifnconst	backgroundchange
   2101  41c3				  -	      sta	COLUPF
   2102  41c3				  -	      else
   2103  41c3				  -	      sta	COLUBK
   2104  41c3				  -	      endif
   2105  41c3				  -	      ifconst	pfrowheight
   2106  41c3				  -	      lda	#pfrowheight
   2107  41c3				  -	      else
   2108  41c3				  -	      ifnconst	pfres
   2109  41c3				  -	      lda	#8
   2110  41c3				  -	      else
   2111  41c3				  -	      lda	#(96/pfres)
   2112  41c3				  -	      endif
   2113  41c3				  -	      endif
   2114  41c3				  -	      sta	temp1
   2115  41c3					      endif
   2116  41c3					      ifnconst	PFcolorandheight
   2117  41c3					      ifnconst	PFcolors
   2118  41c3					      ifnconst	PFheights
   2119  41c3					      ifnconst	no_blank_lines
   2120  41c3							; --- DUAL SCREEN INJECTION POINT ---
   2121  41c3		       e0 6c		      cpx	#split_pos_auto	; Uses the auto-calculated split line
   2122  41c5		       d0 03		      bne	SplitNoDivider	; 3 cycles if branch taken
   2123  41c7		       4c 50 f3 	      jmp	SplitDoDivider	; 3 cycles
   2124  41ca				   SplitNoDivider
      0  41ca					      sleep	5	; 5 cycles (Total: 2+3+5 = 10 cycles for non-split rows)
      1  41ca				   .CYCLES    SET	5
      2  41ca
      3  41ca				  -	      IF	.CYCLES < 2
      4  41ca				  -	      ECHO	"MACRO ERROR: 'SLEEP': Duration must be > 1"
      5  41ca				  -	      ERR
      6  41ca					      ENDIF
      7  41ca
      8  41ca					      IF	.CYCLES & 1
      9  41ca					      IFNCONST	NO_ILLEGAL_OPCODES
     10  41ca		       04 00		      nop	0
     11  41cc				  -	      ELSE
     12  41cc				  -	      bit	VSYNC
     13  41cc					      ENDIF
     14  41cc				   .CYCLES    SET	.CYCLES - 3
     15  41cc					      ENDIF
     16  41cc
     17  41cc					      REPEAT	.CYCLES / 2
     18  41cc		       ea		      nop
     19  41cd					      REPEND
   2126  41cd				   SplitReturnFromDivider
   2127  41cd							; --- END INJECTION POINT ---
   2128  41cd				  -	      ifconst	pfrowheight
   2129  41cd				  -	      lda	#pfrowheight
   2130  41cd					      else
   2131  41cd					      ifnconst	pfres
   2132  41cd		       a9 08		      lda	#8
   2133  41cf				  -	      else
   2134  41cf				  -	      lda	#(96/pfres)
   2135  41cf					      endif
   2136  41cf					      endif
   2137  41cf		       85 9c		      sta	temp1
   2138  41d1					      endif
   2139  41d1					      endif
   2140  41d1					      endif
   2141  41d1					      endif
   2142  41d1
   2143  41d1		       a5 92		      lda	ballheight
   2144  41d3		       c7 89		      dcp	bally
   2145  41d5		       e5 9f		      sbc	temp4
   2146  41d7
   2147  41d7		       4c 76 f1 	      jmp	goback
   2148  41da
   2149  41da					      ifnconst	no_blank_lines
   2150  41da				   lastkernelline
   2151  41da					      ifnconst	PFcolors
      0  41da					      sleep	10
      1  41da				   .CYCLES    SET	10
      2  41da
      3  41da				  -	      IF	.CYCLES < 2
      4  41da				  -	      ECHO	"MACRO ERROR: 'SLEEP': Duration must be > 1"
      5  41da				  -	      ERR
      6  41da					      ENDIF
      7  41da
      8  41da				  -	      IF	.CYCLES & 1
      9  41da				  -	      IFNCONST	NO_ILLEGAL_OPCODES
     10  41da				  -	      nop	0
     11  41da				  -	      ELSE
     12  41da				  -	      bit	VSYNC
     13  41da				  -	      ENDIF
     14  41da				  -.CYCLES    SET	.CYCLES - 3
     15  41da					      ENDIF
     16  41da
     17  41da					      REPEAT	.CYCLES / 2
     18  41da		       ea		      nop
     17  41da					      REPEND
     18  41db		       ea		      nop
     17  41db					      REPEND
     18  41dc		       ea		      nop
     17  41dc					      REPEND
     18  41dd		       ea		      nop
     17  41dd					      REPEND
     18  41de		       ea		      nop
     19  41df					      REPEND
   2153  41df				  -	      else
   2154  41df				  -	      ldy	#124
   2155  41df				  -	      lda	(pfcolortable),y
   2156  41df				  -	      sta	COLUPF
   2157  41df					      endif
   2158  41df
   2159  41df				  -	      ifconst	PFheights
   2160  41df				  -	      ldx	#1
   2161  41df				  -	      sleep	3
   2162  41df					      else
   2163  41df		       a6 ef		      ldx	playfieldpos
      0  41e1					      sleep	2
      1  41e1				   .CYCLES    SET	2
      2  41e1
      3  41e1				  -	      IF	.CYCLES < 2
      4  41e1				  -	      ECHO	"MACRO ERROR: 'SLEEP': Duration must be > 1"
      5  41e1				  -	      ERR
      6  41e1					      ENDIF
      7  41e1
      8  41e1				  -	      IF	.CYCLES & 1
      9  41e1				  -	      IFNCONST	NO_ILLEGAL_OPCODES
     10  41e1				  -	      nop	0
     11  41e1				  -	      ELSE
     12  41e1				  -	      bit	VSYNC
     13  41e1				  -	      ENDIF
     14  41e1				  -.CYCLES    SET	.CYCLES - 3
     15  41e1					      ENDIF
     16  41e1
     17  41e1					      REPEAT	.CYCLES / 2
     18  41e1		       ea		      nop
     19  41e2					      REPEND
   2165  41e2					      endif
   2166  41e2
   2167  41e2		       4c 1b f2 	      jmp	enterlastkernel
   2168  41e5
   2169  41e5				  -	      else
   2170  41e5				  -lastkernelline
   2171  41e5				  -	      ifconst	PFheights
   2172  41e5				  -	      ldx	#1
   2173  41e5				  -	      sleep	4
   2174  41e5				  -	      else
   2175  41e5				  -	      ldx	playfieldpos
   2176  41e5				  -	      sleep	3
   2177  41e5				  -	      endif
   2178  41e5				  -
   2179  41e5				  -	      cpx	#0
   2180  41e5				  -	      bne	.enterfromNBL
   2181  41e5				  -	      jmp	no_blank_lines_bailout
   2182  41e5					      endif
   2183  41e5
   2184  41e5					      if	((<*)>$d5)
   2185  4200		       00 00 00 00*	      align	256
   2186  4200					      endif
   2187  4200
   2188  4200				   .skipDrawlastP1
   2189  4200		       a9 00		      lda	#0
   2190  4202		       a8		      tay
   2191  4203		       4c 2d f2 	      jmp	.continuelastP1
   2192  4206
   2193  4206				   .endkerloop
   2194  4206		       ea		      nop
   2195  4207
   2196  4207				   .enterfromNBL
   2197  4207				  -	      ifconst	pfres
   2198  4207				  -	      ldy.w	playfield+pfres*pfwidth-4
   2199  4207				  -	      sty	PF1L	;3
   2200  4207				  -	      ldy.w	playfield+pfres*pfwidth-3-pfadjust
   2201  4207				  -	      sty	PF2L	;3
   2202  4207				  -			;sleep 14
   2203  4207				  -	      ldy	playfield+pfres*pfwidth-130,x
   2204  4207				  -	      sty	PF1
   2205  4207				  -	      ldy	playfield+pfres*pfwidth-129-pfadjust,x
   2206  4207				  -	      sty	PF2
   2207  4207					      else
   2208  4207		       ac fc 10 	      ldy.w	playfield-48+pfwidth*12+44
   2209  420a		       84 0e		      sty	PF1L	;3
   2210  420c		       ac fd 10 	      ldy.w	playfield-48+pfwidth*12+45-pfadjust
   2211  420f		       84 0f		      sty	PF2L	;3
   2212  4211
   2213  4211		       bc 7e 10 	      ldy	playfield-48+pfwidth*12+46-128,x
   2214  4214		       84 0e		      sty	PF1
   2215  4216		       bc 7f 10 	      ldy	playfield-48+pfwidth*12+47-128-pfadjust,x
   2216  4219		       84 0f		      sty	PF2
   2217  421b					      endif
   2218  421b
   2219  421b				   enterlastkernel
   2220  421b		       a5 92		      lda	ballheight
   2221  421d
   2222  421d		       c7 89		      dcp	bally
   2223  421f		       2a		      rol
   2224  4220		       2a		      rol
   2225  4221		       85 1f		      sta	ENABL
   2226  4223
   2227  4223		       a5 8f		      lda	player1height	;3
   2228  4225		       c7 86		      dcp	player1y	;5
   2229  4227		       90 d7		      bcc	.skipDrawlastP1
   2230  4229		       a4 86		      ldy	player1y	;3
   2231  422b		       b1 8c		      lda	(player1pointer),y
   2232  422d
   2233  422d				   .continuelastP1
   2234  422d		       85 1c		      sta	GRP1	;3
   2235  422f
   2236  422f					      ifnconst	player1colors
   2237  422f		       a5 87		      lda	missile1height	;3
   2238  4231		       c7 88		      dcp	missile1y	;5
   2239  4233				  -	      else
   2240  4233				  -	      lda	(player1color),y
   2241  4233				  -	      sta	COLUP1
   2242  4233					      endif
   2243  4233
   2244  4233		       ca		      dex
   2245  4234		       f0 36		      beq	endkernel
   2246  4236
   2247  4236				  -	      ifconst	pfres
   2248  4236				  -	      ldy.w	playfield+pfres*pfwidth-4
   2249  4236				  -	      sty	PF1L	;3
   2250  4236				  -	      ldy.w	playfield+pfres*pfwidth-3-pfadjust
   2251  4236				  -	      sty	PF2L	;3
   2252  4236				  -
   2253  4236				  -			;sleep 14
   2254  4236				  -	      ldy	playfield+pfres*pfwidth-130,x
   2255  4236				  -	      sty	PF1
   2256  4236				  -	      ldy	playfield+pfres*pfwidth-129-pfadjust,x
   2257  4236				  -	      sty	PF2
   2258  4236				  -
   2259  4236					      else
   2260  4236		       ac fc 10 	      ldy.w	playfield-48+pfwidth*12+44
   2261  4239		       84 0e		      sty	PF1L	;3
   2262  423b		       ac fd 10 	      ldy.w	playfield-48+pfwidth*12+45-pfadjust
   2263  423e		       84 0f		      sty	PF2L	;3
   2264  4240
   2265  4240		       bc 7e 10 	      ldy	playfield-48+pfwidth*12+46-128,x
   2266  4243		       84 0e		      sty	PF1
   2267  4245		       bc 7f 10 	      ldy	playfield-48+pfwidth*12+47-128-pfadjust,x
   2268  4248		       84 0f		      sty	PF2
   2269  424a					      endif
   2270  424a
   2271  424a					      ifnconst	player1colors
   2272  424a		       2a		      rol		;2
   2273  424b		       2a		      rol		;2
   2274  424c		       85 1e		      sta	ENAM1	;3
   2275  424e				  -	      else
   2276  424e				  -	      ifnconst	playercolors
   2277  424e				  -	      sleep	7
   2278  424e				  -	      else
   2279  424e				  -	      lda.w	player0colorstore
   2280  424e				  -	      sta	COLUP0
   2281  424e				  -	      endif
   2282  424e					      endif
   2283  424e
   2284  424e		       ad 8e 00 	      lda.w	player0height
   2285  4251		       c7 85		      dcp	player0y
   2286  4253		       90 11		      bcc	.skipDrawlastP0
   2287  4255		       a4 85		      ldy	player0y
   2288  4257		       b1 8a		      lda	(player0pointer),y
   2289  4259				   .continuelastP0
   2290  4259		       85 1b		      sta	GRP0
   2291  425b
   2292  425b					      ifnconst	no_blank_lines
   2293  425b		       a5 90		      lda	missile0height	;3
   2294  425d		       c7 91		      dcp	missile0y	;5
   2295  425f		       e5 f6		      sbc	stack1
   2296  4261		       85 1d		      sta	ENAM0	;3
   2297  4263		       4c 06 f2 	      jmp	.endkerloop
   2298  4266				  -	      else
   2299  4266				  -	      ifconst	readpaddle
   2300  4266				  -	      ldy	currentpaddle
   2301  4266				  -	      lda	INPT0,y
   2302  4266				  -	      bpl	noreadpaddle2
   2303  4266				  -	      inc	paddle
   2304  4266				  -	      jmp	.endkerloop
   2305  4266				  -noreadpaddle2
   2306  4266				  -	      sleep	4
   2307  4266				  -	      jmp	.endkerloop
   2308  4266				  -	      else
   2309  4266				  -	      pla
   2310  4266				  -	      pha
   2311  4266				  -	      pla
   2312  4266				  -	      pha
   2313  4266				  -	      jmp	.endkerloop
   2314  4266				  -	      endif
   2315  4266					      endif
   2316  4266
   2317  4266				   .skipDrawlastP0
   2318  4266		       a9 00		      lda	#0
   2319  4268		       a8		      tay
   2320  4269		       4c 59 f2 	      jmp	.continuelastP0
   2321  426c
   2322  426c				  -	      ifconst	no_blank_lines
   2323  426c				  -no_blank_lines_bailout
   2324  426c				  -	      ldx	#0
   2325  426c					      endif
   2326  426c
   2327  426c				   endkernel
   2328  426c							; 6 digit score routine
   2329  426c		       86 0e		      stx	PF1
   2330  426e		       86 0f		      stx	PF2
   2331  4270		       18		      clc
   2332  4271
   2333  4271				  -	      ifconst	pfrowheight
   2334  4271				  -	      lda	#pfrowheight+2
   2335  4271					      else
   2336  4271					      ifnconst	pfres
   2337  4271		       a9 0a		      lda	#10
   2338  4273				  -	      else
   2339  4273				  -	      lda	#(96/pfres)+2
   2340  4273					      endif
   2341  4273					      endif
   2342  4273
   2343  4273		       e5 ef		      sbc	playfieldpos
   2344  4275		       85 ef		      sta	playfieldpos
   2345  4277		       8a		      txa
   2346  4278
   2347  4278				  -	      ifconst	shakescreen
   2348  4278				  -	      bit	shakescreen
   2349  4278				  -	      bmi	noshakescreen2
   2350  4278				  -	      ldx	#$3D
   2351  4278				  -noshakescreen2
   2352  4278					      endif
   2353  4278
   2354  4278		       95 02		      sta	WSYNC,x
   2355  427a
   2356  427a		       85 0b		      sta	REFP0
   2357  427c		       85 0c		      sta	REFP1
   2358  427e		       85 1b		      STA	GRP0
   2359  4280		       85 1c		      STA	GRP1
   2360  4282		       85 2b		      sta	HMCLR
   2361  4284		       85 1d		      sta	ENAM0
   2362  4286		       85 1e		      sta	ENAM1
   2363  4288		       85 1f		      sta	ENABL
   2364  428a
   2365  428a		       a5 9d		      lda	temp2
   2366  428c		       85 85		      sta	player0y
   2367  428e		       a5 9e		      lda	temp3
   2368  4290		       85 86		      sta	player1y
   2369  4292					      ifnconst	player1colors
   2370  4292		       a5 a1		      lda	temp6
   2371  4294		       85 88		      sta	missile1y
   2372  4296					      endif
   2373  4296					      ifnconst	playercolors
   2374  4296					      ifnconst	readpaddle
   2375  4296		       a5 a0		      lda	temp5
   2376  4298		       85 91		      sta	missile0y
   2377  429a					      endif
   2378  429a					      endif
   2379  429a		       a5 f7		      lda	stack2
   2380  429c		       85 89		      sta	bally
   2381  429e
   2382  429e		       ad 84 02 	      lda	INTIM
   2383  42a1		       18		      clc
   2384  42a2					      ifnconst	vblank_time
   2385  42a2		       69 8e		      adc	#43+12+87
   2386  42a4				  -	      else
   2387  42a4				  -	      adc	#vblank_time+12+87
   2388  42a4				  -
   2389  42a4					      endif
   2390  42a4		       8d 96 02 	      sta	TIM64T
   2391  42a7
   2392  42a7				  -	      ifconst	minikernel
   2393  42a7				  -	      jsr	minikernel
   2394  42a7					      endif
   2395  42a7
   2396  42a7					      ifnconst	noscore
   2397  42a7		       a5 97		      lda	scorepointers+1
   2398  42a9		       85 9c		      sta	temp1
   2399  42ab		       a5 99		      lda	scorepointers+3
   2400  42ad		       85 9e		      sta	temp3
   2401  42af
   2402  42af		       85 2b		      sta	HMCLR
   2403  42b1		       ba		      tsx
   2404  42b2		       86 f6		      stx	stack1
   2405  42b4		       a2 e0		      ldx	#$E0
   2406  42b6		       86 20		      stx	HMP0
   2407  42b8
   2408  42b8		       a5 a3		      LDA	scorecolor
   2409  42ba		       85 06		      STA	COLUP0
   2410  42bc		       85 07		      STA	COLUP1
   2411  42be				  -	      ifconst	scorefade
   2412  42be				  -	      STA	stack2
   2413  42be					      endif
   2414  42be				  -	      ifconst	pfscore
   2415  42be				  -	      lda	pfscorecolor
   2416  42be				  -	      sta	COLUPF
   2417  42be					      endif
   2418  42be		       85 02		      sta	WSYNC
   2419  42c0		       a2 00		      ldx	#0
   2420  42c2		       86 1b		      STx	GRP0
   2421  42c4		       86 1c		      STx	GRP1
   2422  42c6
   2423  42c6		       a5 9b		      lda	scorepointers+5
   2424  42c8		       95 a0		      sta	temp5,x
   2425  42ca		       a9 ff		      lda	#>scoretable
   2426  42cc		       85 97		      sta	scorepointers+1
   2427  42ce		       85 99		      sta	scorepointers+3
   2428  42d0		       85 9b		      sta	scorepointers+5
   2429  42d2		       85 9d		      sta	temp2
   2430  42d4		       85 9f		      sta	temp4
   2431  42d6		       85 a1		      sta	temp6
   2432  42d8		       a0 07		      LDY	#7
   2433  42da		       84 25		      STY	VDELP0
   2434  42dc		       85 10		      STA	RESP0
   2435  42de		       85 11		      STA	RESP1
   2436  42e0
   2437  42e0		       a9 03		      LDA	#$03
   2438  42e2		       85 04		      STA	NUSIZ0
   2439  42e4		       85 05		      STA	NUSIZ1
   2440  42e6		       85 26		      STA	VDELP1
   2441  42e8		       a9 f0		      LDA	#$F0
   2442  42ea		       85 21		      STA	HMP1
   2443  42ec		       b1 96		      lda	(scorepointers),y
   2444  42ee		       85 1b		      sta	GRP0
   2445  42f0		       85 2a		      STA	HMOVE
   2446  42f2		       4c 08 f3 	      jmp	beginscore
   2447  42f5
   2448  42f5					      if	((<*)>$d4)
   2449  4300		       00 00 00 00*	      align	256
   2450  4300					      endif
   2451  4300
   2452  4300				   loop2
   2453  4300		       b1 96		      lda	(scorepointers),y
   2454  4302		       85 1b		      sta	GRP0
   2455  4304				  -	      ifconst	pfscore
   2456  4304				  -	      lda.w	pfscore1
   2457  4304				  -	      sta	PF1
   2458  4304					      else
   2459  4304				  -	      ifconst	scorefade
   2460  4304				  -	      sleep	2
   2461  4304				  -	      dec	stack2
   2462  4304					      else
      0  4304					      sleep	7
      1  4304				   .CYCLES    SET	7
      2  4304
      3  4304				  -	      IF	.CYCLES < 2
      4  4304				  -	      ECHO	"MACRO ERROR: 'SLEEP': Duration must be > 1"
      5  4304				  -	      ERR
      6  4304					      ENDIF
      7  4304
      8  4304					      IF	.CYCLES & 1
      9  4304					      IFNCONST	NO_ILLEGAL_OPCODES
     10  4304		       04 00		      nop	0
     11  4306				  -	      ELSE
     12  4306				  -	      bit	VSYNC
     13  4306					      ENDIF
     14  4306				   .CYCLES    SET	.CYCLES - 3
     15  4306					      ENDIF
     16  4306
     17  4306					      REPEAT	.CYCLES / 2
     18  4306		       ea		      nop
     17  4306					      REPEND
     18  4307		       ea		      nop
     19  4308					      REPEND
   2464  4308					      endif
   2465  4308					      endif
   2466  4308				   beginscore
   2467  4308		       b1 9e		      lda	(scorepointers+$8),y
   2468  430a		       85 1c		      sta	GRP1
   2469  430c		       b1 9c		      lda	(scorepointers+$6),y
   2470  430e		       85 1b		      sta	GRP0
   2471  4310		       b3 98		      lax	(scorepointers+$2),y
   2472  4312		       9a		      txs
   2473  4313		       b3 9a		      lax	(scorepointers+$4),y
   2474  4315				  -	      ifconst	scorefade
   2475  4315				  -	      lda	stack2
   2476  4315					      else
      0  4315					      sleep	3
      1  4315				   .CYCLES    SET	3
      2  4315
      3  4315				  -	      IF	.CYCLES < 2
      4  4315				  -	      ECHO	"MACRO ERROR: 'SLEEP': Duration must be > 1"
      5  4315				  -	      ERR
      6  4315					      ENDIF
      7  4315
      8  4315					      IF	.CYCLES & 1
      9  4315					      IFNCONST	NO_ILLEGAL_OPCODES
     10  4315		       04 00		      nop	0
     11  4317				  -	      ELSE
     12  4317				  -	      bit	VSYNC
     13  4317					      ENDIF
     14  4317				   .CYCLES    SET	.CYCLES - 3
     15  4317					      ENDIF
     16  4317
     17  4317				  -	      REPEAT	.CYCLES / 2
     18  4317				  -	      nop
     19  4317					      REPEND
   2478  4317					      endif
   2479  4317
   2480  4317				  -	      ifconst	pfscore
   2481  4317				  -	      lda	pfscore2
   2482  4317				  -	      sta	PF1
   2483  4317					      else
   2484  4317				  -	      ifconst	scorefade
   2485  4317				  -	      sta	COLUP0
   2486  4317				  -	      sta	COLUP1
   2487  4317					      else
      0  4317					      sleep	6
      1  4317				   .CYCLES    SET	6
      2  4317
      3  4317				  -	      IF	.CYCLES < 2
      4  4317				  -	      ECHO	"MACRO ERROR: 'SLEEP': Duration must be > 1"
      5  4317				  -	      ERR
      6  4317					      ENDIF
      7  4317
      8  4317				  -	      IF	.CYCLES & 1
      9  4317				  -	      IFNCONST	NO_ILLEGAL_OPCODES
     10  4317				  -	      nop	0
     11  4317				  -	      ELSE
     12  4317				  -	      bit	VSYNC
     13  4317				  -	      ENDIF
     14  4317				  -.CYCLES    SET	.CYCLES - 3
     15  4317					      ENDIF
     16  4317
     17  4317					      REPEAT	.CYCLES / 2
     18  4317		       ea		      nop
     17  4317					      REPEND
     18  4318		       ea		      nop
     17  4318					      REPEND
     18  4319		       ea		      nop
     19  431a					      REPEND
   2489  431a					      endif
   2490  431a					      endif
   2491  431a
   2492  431a		       b1 a0		      lda	(scorepointers+$A),y
   2493  431c		       86 1c		      stx	GRP1
   2494  431e		       ba		      tsx
   2495  431f		       86 1b		      stx	GRP0
   2496  4321		       85 1c		      sta	GRP1
   2497  4323		       84 1b		      sty	GRP0
   2498  4325		       88		      dey
   2499  4326		       10 d8		      bpl	loop2
   2500  4328
   2501  4328		       a6 f6		      ldx	stack1
   2502  432a		       9a		      txs
   2503  432b		       a4 9c		      ldy	temp1
   2504  432d		       84 97		      sty	scorepointers+1
   2505  432f
   2506  432f		       a9 00		      LDA	#0
   2507  4331		       85 0e		      sta	PF1
   2508  4333		       85 1b		      STA	GRP0
   2509  4335		       85 1c		      STA	GRP1
   2510  4337		       85 25		      STA	VDELP0
   2511  4339		       85 26		      STA	VDELP1
   2512  433b		       85 04		      STA	NUSIZ0
   2513  433d		       85 05		      STA	NUSIZ1
   2514  433f
   2515  433f		       a4 9e		      ldy	temp3
   2516  4341		       84 99		      sty	scorepointers+3
   2517  4343
   2518  4343		       a4 a0		      ldy	temp5
   2519  4345		       84 9b		      sty	scorepointers+5
   2520  4347					      endif
   2521  4347				  -	      ifconst	readpaddle
   2522  4347				  -	      lda	#%11000010
   2523  4347					      else
   2524  4347				  -	      ifconst	qtcontroller
   2525  4347				  -	      lda	qtcontroller
   2526  4347				  -	      lsr
   2527  4347				  -	      lda	#4
   2528  4347				  -	      ror
   2529  4347					      else
   2530  4347		       a9 02		      lda	#2
   2531  4349					      endif
   2532  4349					      endif
   2533  4349		       85 02		      sta	WSYNC
   2534  434b		       85 01		      sta	VBLANK
   2535  434d		       4c d8 f3 	      jmp	SplitReturnSafely
   2536  4350
   2537  4350				   SplitDoDivider
   2538  4350		       8a		      txa		; Push playfield offset X to stack
   2539  4351		       48		      pha
   2540  4352
   2541  4352							; Scanline 1: Swap Variables (Y, Color, and Pointers)
   2542  4352		       85 02		      sta	WSYNC
   2543  4354		       a5 d4		      lda	p2_player0y
   2544  4356		       85 85		      sta	player0y
   2545  4358		       a5 dd		      lda	p2_player1y
   2546  435a		       85 86		      sta	player1y
   2547  435c		       a5 d6		      lda	p2_colupf
   2548  435e		       85 08		      sta	COLUPF
   2549  4360
   2550  4360		       a5 df		      lda	p2_player0pointerlo
   2551  4362		       85 8a		      sta	player0pointerlo
   2552  4364		       a5 e0		      lda	p2_player0pointerhi
   2553  4366		       85 8b		      sta	player0pointerhi
   2554  4368
   2555  4368							; Swap Player 0 Color
   2556  4368		       a5 e3		      lda	p2_colup0
   2557  436a		       85 06		      sta	COLUP0
   2558  436c
   2559  436c							; Clamp Player 1 X for visual positioning only
   2560  436c		       a5 de		      lda	p2_player1x
   2561  436e		       c9 a0		      cmp	#160
   2562  4370		       90 0a		      bcc	.d_safe
   2563  4372		       c9 f0		      cmp	#240
   2564  4374		       b0 04		      bcs	.d_left
   2565  4376		       a9 9f		      lda	#159
   2566  4378		       d0 02		      bne	.d_safe
   2567  437a				   .d_left
   2568  437a		       a9 00		      lda	#0
   2569  437c				   .d_safe
   2570  437c		       aa		      tax		; Stash safe P1 X in X register
   2571  437d
   2572  437d							; Clamp Player 0 X for visual positioning only
   2573  437d		       a5 d5		      lda	p2_player0x
   2574  437f		       c9 a0		      cmp	#160
   2575  4381		       90 0a		      bcc	.c_safe
   2576  4383		       c9 f0		      cmp	#240
   2577  4385		       b0 04		      bcs	.c_left
   2578  4387		       a9 9f		      lda	#159
   2579  4389		       d0 02		      bne	.c_safe
   2580  438b				   .c_left
   2581  438b		       a9 00		      lda	#0
   2582  438d				   .c_safe
   2583  438d		       a8		      tay		; Stash safe P0 X in Y register
   2584  438e
   2585  438e							; Scanline 2: Coarse position Player 0
   2586  438e		       85 02		      sta	WSYNC
      0  4390					      sleep	10	; Increased from 8 to fix the 9-pixel left-shift error
      1  4390				   .CYCLES    SET	10
      2  4390
      3  4390				  -	      IF	.CYCLES < 2
      4  4390				  -	      ECHO	"MACRO ERROR: 'SLEEP': Duration must be > 1"
      5  4390				  -	      ERR
      6  4390					      ENDIF
      7  4390
      8  4390				  -	      IF	.CYCLES & 1
      9  4390				  -	      IFNCONST	NO_ILLEGAL_OPCODES
     10  4390				  -	      nop	0
     11  4390				  -	      ELSE
     12  4390				  -	      bit	VSYNC
     13  4390				  -	      ENDIF
     14  4390				  -.CYCLES    SET	.CYCLES - 3
     15  4390					      ENDIF
     16  4390
     17  4390					      REPEAT	.CYCLES / 2
     18  4390		       ea		      nop
     17  4390					      REPEND
     18  4391		       ea		      nop
     17  4391					      REPEND
     18  4392		       ea		      nop
     17  4392					      REPEND
     18  4393		       ea		      nop
     17  4393					      REPEND
     18  4394		       ea		      nop
     19  4395					      REPEND
   2588  4395		       98		      tya
   2589  4396		       38		      sec
   2590  4397				   SplitPosP0
   2591  4397		       e9 0f		      sbc	#15
   2592  4399		       b0 fc		      bcs	SplitPosP0
   2593  439b		       85 10		      sta	RESP0
   2594  439d		       a8		      tay		; 2-cycle save (prevents scanline issue on the right edge movement bug)
   2595  439e
   2596  439e							; Scanline 3: Coarse position Player 1
   2597  439e		       85 02		      sta	WSYNC
      0  43a0					      sleep	10	; Increased padding for P1
      1  43a0				   .CYCLES    SET	10
      2  43a0
      3  43a0				  -	      IF	.CYCLES < 2
      4  43a0				  -	      ECHO	"MACRO ERROR: 'SLEEP': Duration must be > 1"
      5  43a0				  -	      ERR
      6  43a0					      ENDIF
      7  43a0
      8  43a0				  -	      IF	.CYCLES & 1
      9  43a0				  -	      IFNCONST	NO_ILLEGAL_OPCODES
     10  43a0				  -	      nop	0
     11  43a0				  -	      ELSE
     12  43a0				  -	      bit	VSYNC
     13  43a0				  -	      ENDIF
     14  43a0				  -.CYCLES    SET	.CYCLES - 3
     15  43a0					      ENDIF
     16  43a0
     17  43a0					      REPEAT	.CYCLES / 2
     18  43a0		       ea		      nop
     17  43a0					      REPEND
     18  43a1		       ea		      nop
     17  43a1					      REPEND
     18  43a2		       ea		      nop
     17  43a2					      REPEND
     18  43a3		       ea		      nop
     17  43a3					      REPEND
     18  43a4		       ea		      nop
     19  43a5					      REPEND
   2599  43a5		       8a		      txa
   2600  43a6		       38		      sec
   2601  43a7				   SplitPosP1
   2602  43a7		       e9 0f		      sbc	#15
   2603  43a9		       b0 fc		      bcs	SplitPosP1
   2604  43ab		       85 11		      sta	RESP1
   2605  43ad		       aa		      tax		; 2-cycle save
   2606  43ae
   2607  43ae							; Scanline 4: Fine Positioning Math
   2608  43ae		       85 02		      sta	WSYNC
   2609  43b0		       98		      tya		; Retrieve P0 remainder
   2610  43b1		       49 07		      eor	#7
   2611  43b3		       0a		      asl
   2612  43b4		       0a		      asl
   2613  43b5		       0a		      asl
   2614  43b6		       0a		      asl
   2615  43b7		       85 20		      sta	HMP0
   2616  43b9
   2617  43b9		       8a		      txa		; Retrieve P1 remainder
   2618  43ba		       49 07		      eor	#7
   2619  43bc		       0a		      asl
   2620  43bd		       0a		      asl
   2621  43be		       0a		      asl
   2622  43bf		       0a		      asl
   2623  43c0		       85 21		      sta	HMP1
   2624  43c2
   2625  43c2							; Scanline 5: Apply fine position, restore playfield, and phase sync
   2626  43c2		       85 02		      sta	WSYNC
   2627  43c4		       85 2a		      sta	HMOVE
   2628  43c6
   2629  43c6		       68		      pla
   2630  43c7		       aa		      tax
   2631  43c8
   2632  43c8							; Proven 25-cycle playfield phase sync
      0  43c8					      sleep	10
      1  43c8				   .CYCLES    SET	10
      2  43c8
      3  43c8				  -	      IF	.CYCLES < 2
      4  43c8				  -	      ECHO	"MACRO ERROR: 'SLEEP': Duration must be > 1"
      5  43c8				  -	      ERR
      6  43c8					      ENDIF
      7  43c8
      8  43c8				  -	      IF	.CYCLES & 1
      9  43c8				  -	      IFNCONST	NO_ILLEGAL_OPCODES
     10  43c8				  -	      nop	0
     11  43c8				  -	      ELSE
     12  43c8				  -	      bit	VSYNC
     13  43c8				  -	      ENDIF
     14  43c8				  -.CYCLES    SET	.CYCLES - 3
     15  43c8					      ENDIF
     16  43c8
     17  43c8					      REPEAT	.CYCLES / 2
     18  43c8		       ea		      nop
     17  43c8					      REPEND
     18  43c9		       ea		      nop
     17  43c9					      REPEND
     18  43ca		       ea		      nop
     17  43ca					      REPEND
     18  43cb		       ea		      nop
     17  43cb					      REPEND
     18  43cc		       ea		      nop
     19  43cd					      REPEND
      0  43cd					      sleep	15
      1  43cd				   .CYCLES    SET	15
      2  43cd
      3  43cd				  -	      IF	.CYCLES < 2
      4  43cd				  -	      ECHO	"MACRO ERROR: 'SLEEP': Duration must be > 1"
      5  43cd				  -	      ERR
      6  43cd					      ENDIF
      7  43cd
      8  43cd					      IF	.CYCLES & 1
      9  43cd					      IFNCONST	NO_ILLEGAL_OPCODES
     10  43cd		       04 00		      nop	0
     11  43cf				  -	      ELSE
     12  43cf				  -	      bit	VSYNC
     13  43cf					      ENDIF
     14  43cf				   .CYCLES    SET	.CYCLES - 3
     15  43cf					      ENDIF
     16  43cf
     17  43cf					      REPEAT	.CYCLES / 2
     18  43cf		       ea		      nop
     17  43cf					      REPEND
     18  43d0		       ea		      nop
     17  43d0					      REPEND
     18  43d1		       ea		      nop
     17  43d1					      REPEND
     18  43d2		       ea		      nop
     17  43d2					      REPEND
     18  43d3		       ea		      nop
     17  43d3					      REPEND
     18  43d4		       ea		      nop
     19  43d5					      REPEND
   2635  43d5
   2636  43d5		       4c cd f1 	      jmp	SplitReturnFromDivider
   2637  43d8				   SplitReturnSafely
      0  43d8					      RETURN
      1  43d8				  -	      ifnconst	bankswitch
      2  43d8				  -	      rts
      3  43d8					      else
      4  43d8		       4c dd ff 	      jmp	BS_return
      5  43db					      endif
   2639  43db				  -	      ifconst	shakescreen
   2640  43db				  -doshakescreen
   2641  43db				  -	      bit	shakescreen
   2642  43db				  -	      bmi	noshakescreen
   2643  43db				  -	      sta	WSYNC
   2644  43db				  -noshakescreen
   2645  43db				  -	      ldx	missile0height
   2646  43db				  -	      inx
   2647  43db				  -	      rts
   2648  43db					      endif
   2649  43db
   2650  43db
   2651  43db							; Provided under the CC0 license. See the included LICENSE.txt for details.
   2652  43db
   2653  43db				   start
   2654  43db		       78		      sei
   2655  43dc		       d8		      cld
   2656  43dd		       a0 00		      ldy	#0
   2657  43df		       a5 d0		      lda	$D0
   2658  43e1		       c9 2c		      cmp	#$2C	;check RAM location #1
   2659  43e3		       d0 07		      bne	MachineIs2600
   2660  43e5		       a5 d1		      lda	$D1
   2661  43e7		       c9 a9		      cmp	#$A9	;check RAM location #2
   2662  43e9		       d0 01		      bne	MachineIs2600
   2663  43eb		       88		      dey
   2664  43ec				   MachineIs2600
   2665  43ec		       a2 00		      ldx	#0
   2666  43ee		       8a		      txa
   2667  43ef				   clearmem
   2668  43ef		       e8		      inx
   2669  43f0		       9a		      txs
   2670  43f1		       48		      pha
   2671  43f2		       d0 fb		      bne	clearmem
   2672  43f4		       84 9c		      sty	temp1
   2673  43f6					      ifnconst	multisprite
   2674  43f6				  -	      ifconst	pfrowheight
   2675  43f6				  -	      lda	#pfrowheight
   2676  43f6					      else
   2677  43f6				  -	      ifconst	pfres
   2678  43f6				  -	      lda	#(96/pfres)
   2679  43f6					      else
   2680  43f6		       a9 08		      lda	#8
   2681  43f8					      endif
   2682  43f8					      endif
   2683  43f8		       85 ef		      sta	playfieldpos
   2684  43fa					      endif
   2685  43fa		       a2 05		      ldx	#5
   2686  43fc				   initscore
   2687  43fc		       a9 74		      lda	#<scoretable
   2688  43fe		       95 96		      sta	scorepointers,x
   2689  4400		       ca		      dex
   2690  4401		       10 f9		      bpl	initscore
   2691  4403		       a9 01		      lda	#1
   2692  4405		       85 0a		      sta	CTRLPF
   2693  4407		       0d 84 02 	      ora	INTIM
   2694  440a		       85 a2		      sta	rand
   2695  440c
   2696  440c				  -	      ifconst	multisprite
   2697  440c				  -	      jsr	multisprite_setup
   2698  440c					      endif
   2699  440c
   2700  440c				  -	      ifnconst	bankswitch
   2701  440c				  -	      jmp	game
   2702  440c					      else
   2703  440c		       a9 90		      lda	#>(game-1)
   2704  440e		       48		      pha
   2705  440f		       a9 ff		      lda	#<(game-1)
   2706  4411		       48		      pha
   2707  4412		       48		      pha
   2708  4413		       48		      pha
   2709  4414		       a2 01		      ldx	#1
   2710  4416		       4c eb ff 	      jmp	BS_jsr
   2711  4419					      endif
   2712  4419							; Provided under the CC0 license. See the included LICENSE.txt for details.
   2713  4419
   2714  4419							; playfield drawing routines
   2715  4419							; you get a 32x12 bitmapped display in a single color :)
   2716  4419							; 0-31 and 0-11
   2717  4419
   2718  4419				   pfclear		; clears playfield - or fill with pattern
   2719  4419				  -	      ifconst	pfres
   2720  4419				  -	      ldx	#pfres*pfwidth-1
   2721  4419					      else
   2722  4419		       a2 2f		      ldx	#47-(4-pfwidth)*12	; will this work?
   2723  441b					      endif
   2724  441b				   pfclear_loop
   2725  441b				  -	      ifnconst	superchip
   2726  441b				  -	      sta	playfield,x
   2727  441b					      else
   2728  441b		       9d 50 10 	      sta	playfield-128,x
   2729  441e					      endif
   2730  441e		       ca		      dex
   2731  441f		       10 fa		      bpl	pfclear_loop
      0  4421					      RETURN
      1  4421				  -	      ifnconst	bankswitch
      2  4421				  -	      rts
      3  4421					      else
      4  4421		       4c dd ff 	      jmp	BS_return
      5  4424					      endif
   2733  4424
   2734  4424				   setuppointers
   2735  4424		       86 9d		      stx	temp2	; store on.off.flip value
   2736  4426		       aa		      tax		; put x-value in x 
   2737  4427		       4a		      lsr
   2738  4428		       4a		      lsr
   2739  4429		       4a		      lsr		; divide x pos by 8 
   2740  442a		       85 9c		      sta	temp1
   2741  442c		       98		      tya
   2742  442d		       0a		      asl
   2743  442e					      if	pfwidth=4
   2744  442e		       0a		      asl		; multiply y pos by 4
   2745  442f					      endif		; else multiply by 2
   2746  442f		       18		      clc
   2747  4430		       65 9c		      adc	temp1	; add them together to get actual memory location offset
   2748  4432		       a8		      tay		; put the value in y
   2749  4433		       a5 9d		      lda	temp2	; restore on.off.flip value
   2750  4435		       60		      rts
   2751  4436
   2752  4436				   pfread
   2753  4436							;x=xvalue, y=yvalue
   2754  4436		       20 24 f4 	      jsr	setuppointers
   2755  4439		       bd ce f4 	      lda	setbyte,x
   2756  443c		       39 d0 10 	      and	playfield,y
   2757  443f		       5d ce f4 	      eor	setbyte,x
   2758  4442							; beq readzero
   2759  4442							; lda #1
   2760  4442							; readzero
      0  4442					      RETURN
      1  4442				  -	      ifnconst	bankswitch
      2  4442				  -	      rts
      3  4442					      else
      4  4442		       4c dd ff 	      jmp	BS_return
      5  4445					      endif
   2762  4445
   2763  4445				   pfpixel
   2764  4445							;x=xvalue, y=yvalue, a=0,1,2
   2765  4445		       20 24 f4 	      jsr	setuppointers
   2766  4448
   2767  4448					      ifconst	bankswitch
   2768  4448		       a5 9d		      lda	temp2	; load on.off.flip value (0,1, or 2)
   2769  444a		       f0 0f		      beq	pixelon_r	; if "on" go to on
   2770  444c		       4a		      lsr
   2771  444d		       b0 18		      bcs	pixeloff_r	; value is 1 if true
   2772  444f		       b9 d0 10 	      lda	playfield,y	; if here, it's "flip"
   2773  4452		       5d ce f4 	      eor	setbyte,x
   2774  4455					      ifconst	superchip
   2775  4455		       99 50 10 	      sta	playfield-128,y
   2776  4458				  -	      else
   2777  4458				  -	      sta	playfield,y
   2778  4458					      endif
      0  4458					      RETURN
      1  4458				  -	      ifnconst	bankswitch
      2  4458				  -	      rts
      3  4458					      else
      4  4458		       4c dd ff 	      jmp	BS_return
      5  445b					      endif
   2780  445b				   pixelon_r
   2781  445b		       b9 d0 10 	      lda	playfield,y
   2782  445e		       1d ce f4 	      ora	setbyte,x
   2783  4461					      ifconst	superchip
   2784  4461		       99 50 10 	      sta	playfield-128,y
   2785  4464				  -	      else
   2786  4464				  -	      sta	playfield,y
   2787  4464					      endif
      0  4464					      RETURN
      1  4464				  -	      ifnconst	bankswitch
      2  4464				  -	      rts
      3  4464					      else
      4  4464		       4c dd ff 	      jmp	BS_return
      5  4467					      endif
   2789  4467				   pixeloff_r
   2790  4467		       bd ce f4 	      lda	setbyte,x
   2791  446a		       49 ff		      eor	#$ff
   2792  446c		       39 d0 10 	      and	playfield,y
   2793  446f					      ifconst	superchip
   2794  446f		       99 50 10 	      sta	playfield-128,y
   2795  4472				  -	      else
   2796  4472				  -	      sta	playfield,y
   2797  4472					      endif
      0  4472					      RETURN
      1  4472				  -	      ifnconst	bankswitch
      2  4472				  -	      rts
      3  4472					      else
      4  4472		       4c dd ff 	      jmp	BS_return
      5  4475					      endif
   2799  4475
   2800  4475				  -	      else
   2801  4475				  -	      jmp	plotpoint
   2802  4475					      endif
   2803  4475
   2804  4475				   pfhline
   2805  4475							;x=xvalue, y=yvalue, a=0,1,2, temp3=endx
   2806  4475		       20 24 f4 	      jsr	setuppointers
   2807  4478		       4c 82 f4 	      jmp	noinc
   2808  447b				   keepgoing
   2809  447b		       e8		      inx
   2810  447c		       8a		      txa
   2811  447d		       29 07		      and	#7
   2812  447f		       d0 01		      bne	noinc
   2813  4481		       c8		      iny
   2814  4482				   noinc
   2815  4482		       20 a7 f4 	      jsr	plotpoint
   2816  4485		       e4 9e		      cpx	temp3
   2817  4487		       30 f2		      bmi	keepgoing
      0  4489					      RETURN
      1  4489				  -	      ifnconst	bankswitch
      2  4489				  -	      rts
      3  4489					      else
      4  4489		       4c dd ff 	      jmp	BS_return
      5  448c					      endif
   2819  448c
   2820  448c				   pfvline
   2821  448c							;x=xvalue, y=yvalue, a=0,1,2, temp3=endx
   2822  448c		       20 24 f4 	      jsr	setuppointers
   2823  448f		       84 9c		      sty	temp1	; store memory location offset
   2824  4491		       e6 9e		      inc	temp3	; increase final x by 1 
   2825  4493		       a5 9e		      lda	temp3
   2826  4495		       0a		      asl
   2827  4496					      if	pfwidth=4
   2828  4496		       0a		      asl		; multiply by 4
   2829  4497					      endif		; else multiply by 2
   2830  4497		       85 9e		      sta	temp3	; store it
   2831  4499							; Thanks to Michael Rideout for fixing a bug in this code
   2832  4499							; right now, temp1=y=starting memory location, temp3=final
   2833  4499							; x should equal original x value
   2834  4499				   keepgoingy
   2835  4499		       20 a7 f4 	      jsr	plotpoint
   2836  449c		       c8		      iny
   2837  449d		       c8		      iny
   2838  449e					      if	pfwidth=4
   2839  449e		       c8		      iny
   2840  449f		       c8		      iny
   2841  44a0					      endif
   2842  44a0		       c4 9e		      cpy	temp3
   2843  44a2		       30 f5		      bmi	keepgoingy
      0  44a4					      RETURN
      1  44a4				  -	      ifnconst	bankswitch
      2  44a4				  -	      rts
      3  44a4					      else
      4  44a4		       4c dd ff 	      jmp	BS_return
      5  44a7					      endif
   2845  44a7
   2846  44a7				   plotpoint
   2847  44a7		       a5 9d		      lda	temp2	; load on.off.flip value (0,1, or 2)
   2848  44a9		       f0 0d		      beq	pixelon	; if "on" go to on
   2849  44ab		       4a		      lsr
   2850  44ac		       b0 14		      bcs	pixeloff	; value is 1 if true
   2851  44ae		       b9 d0 10 	      lda	playfield,y	; if here, it's "flip"
   2852  44b1		       5d ce f4 	      eor	setbyte,x
   2853  44b4					      ifconst	superchip
   2854  44b4		       99 50 10 	      sta	playfield-128,y
   2855  44b7				  -	      else
   2856  44b7				  -	      sta	playfield,y
   2857  44b7					      endif
   2858  44b7		       60		      rts
   2859  44b8				   pixelon
   2860  44b8		       b9 d0 10 	      lda	playfield,y
   2861  44bb		       1d ce f4 	      ora	setbyte,x
   2862  44be					      ifconst	superchip
   2863  44be		       99 50 10 	      sta	playfield-128,y
   2864  44c1				  -	      else
   2865  44c1				  -	      sta	playfield,y
   2866  44c1					      endif
   2867  44c1		       60		      rts
   2868  44c2				   pixeloff
   2869  44c2		       bd ce f4 	      lda	setbyte,x
   2870  44c5		       49 ff		      eor	#$ff
   2871  44c7		       39 d0 10 	      and	playfield,y
   2872  44ca					      ifconst	superchip
   2873  44ca		       99 50 10 	      sta	playfield-128,y
   2874  44cd				  -	      else
   2875  44cd				  -	      sta	playfield,y
   2876  44cd					      endif
   2877  44cd		       60		      rts
   2878  44ce
   2879  44ce				   setbyte
   2880  44ce					      ifnconst	pfcenter
   2881  44ce		       80		      .byte.b	$80
   2882  44cf		       40		      .byte.b	$40
   2883  44d0		       20		      .byte.b	$20
   2884  44d1		       10		      .byte.b	$10
   2885  44d2		       08		      .byte.b	$08
   2886  44d3		       04		      .byte.b	$04
   2887  44d4		       02		      .byte.b	$02
   2888  44d5		       01		      .byte.b	$01
   2889  44d6					      endif
   2890  44d6		       01		      .byte.b	$01
   2891  44d7		       02		      .byte.b	$02
   2892  44d8		       04		      .byte.b	$04
   2893  44d9		       08		      .byte.b	$08
   2894  44da		       10		      .byte.b	$10
   2895  44db		       20		      .byte.b	$20
   2896  44dc		       40		      .byte.b	$40
   2897  44dd		       80		      .byte.b	$80
   2898  44de		       80		      .byte.b	$80
   2899  44df		       40		      .byte.b	$40
   2900  44e0		       20		      .byte.b	$20
   2901  44e1		       10		      .byte.b	$10
   2902  44e2		       08		      .byte.b	$08
   2903  44e3		       04		      .byte.b	$04
   2904  44e4		       02		      .byte.b	$02
   2905  44e5		       01		      .byte.b	$01
   2906  44e6		       01		      .byte.b	$01
   2907  44e7		       02		      .byte.b	$02
   2908  44e8		       04		      .byte.b	$04
   2909  44e9		       08		      .byte.b	$08
   2910  44ea		       10		      .byte.b	$10
   2911  44eb		       20		      .byte.b	$20
   2912  44ec		       40		      .byte.b	$40
   2913  44ed		       80		      .byte.b	$80
   2914  44ee							; Provided under the CC0 license. See the included LICENSE.txt for details.
   2915  44ee
   2916  44ee				   pfscroll		;(a=0 left, 1 right, 2 up, 4 down, 6=upup, 12=downdown)
   2917  44ee		       d0 2a		      bne	notleft
   2918  44f0							;left
   2919  44f0				  -	      ifconst	pfres
   2920  44f0				  -	      ldx	#pfres*4
   2921  44f0					      else
   2922  44f0		       a2 30		      ldx	#48
   2923  44f2					      endif
   2924  44f2				   leftloop
   2925  44f2		       bd cf 10 	      lda	playfield-1,x
   2926  44f5		       4a		      lsr
   2927  44f6
   2928  44f6					      ifconst	superchip
   2929  44f6		       bd ce 10 	      lda	playfield-2,x
   2930  44f9		       2a		      rol
   2931  44fa		       9d 4e 10 	      sta	playfield-130,x
   2932  44fd		       bd cd 10 	      lda	playfield-3,x
   2933  4500		       6a		      ror
   2934  4501		       9d 4d 10 	      sta	playfield-131,x
   2935  4504		       bd cc 10 	      lda	playfield-4,x
   2936  4507		       2a		      rol
   2937  4508		       9d 4c 10 	      sta	playfield-132,x
   2938  450b		       bd cf 10 	      lda	playfield-1,x
   2939  450e		       6a		      ror
   2940  450f		       9d 4f 10 	      sta	playfield-129,x
   2941  4512				  -	      else
   2942  4512				  -	      rol	playfield-2,x
   2943  4512				  -	      ror	playfield-3,x
   2944  4512				  -	      rol	playfield-4,x
   2945  4512				  -	      ror	playfield-1,x
   2946  4512					      endif
   2947  4512
   2948  4512		       8a		      txa
   2949  4513		       cb 04		      sbx	#4
   2950  4515		       d0 db		      bne	leftloop
      0  4517					      RETURN
      1  4517				  -	      ifnconst	bankswitch
      2  4517				  -	      rts
      3  4517					      else
      4  4517		       4c dd ff 	      jmp	BS_return
      5  451a					      endif
   2952  451a
   2953  451a				   notleft
   2954  451a		       4a		      lsr
   2955  451b		       90 2a		      bcc	notright
   2956  451d							;right
   2957  451d
   2958  451d				  -	      ifconst	pfres
   2959  451d				  -	      ldx	#pfres*4
   2960  451d					      else
   2961  451d		       a2 30		      ldx	#48
   2962  451f					      endif
   2963  451f				   rightloop
   2964  451f		       bd cc 10 	      lda	playfield-4,x
   2965  4522		       4a		      lsr
   2966  4523					      ifconst	superchip
   2967  4523		       bd cd 10 	      lda	playfield-3,x
   2968  4526		       2a		      rol
   2969  4527		       9d 4d 10 	      sta	playfield-131,x
   2970  452a		       bd ce 10 	      lda	playfield-2,x
   2971  452d		       6a		      ror
   2972  452e		       9d 4e 10 	      sta	playfield-130,x
   2973  4531		       bd cf 10 	      lda	playfield-1,x
   2974  4534		       2a		      rol
   2975  4535		       9d 4f 10 	      sta	playfield-129,x
   2976  4538		       bd cc 10 	      lda	playfield-4,x
   2977  453b		       6a		      ror
   2978  453c		       9d 4c 10 	      sta	playfield-132,x
   2979  453f				  -	      else
   2980  453f				  -	      rol	playfield-3,x
   2981  453f				  -	      ror	playfield-2,x
   2982  453f				  -	      rol	playfield-1,x
   2983  453f				  -	      ror	playfield-4,x
   2984  453f					      endif
   2985  453f		       8a		      txa
   2986  4540		       cb 04		      sbx	#4
   2987  4542		       d0 db		      bne	rightloop
      0  4544					      RETURN
      1  4544				  -	      ifnconst	bankswitch
      2  4544				  -	      rts
      3  4544					      else
      4  4544		       4c dd ff 	      jmp	BS_return
      5  4547					      endif
   2989  4547
   2990  4547				   notright
   2991  4547		       4a		      lsr
   2992  4548		       90 5b		      bcc	notup
   2993  454a							;up
   2994  454a		       4a		      lsr
   2995  454b		       90 02		      bcc	onedecup
   2996  454d		       c6 ef		      dec	playfieldpos
   2997  454f				   onedecup
   2998  454f		       c6 ef		      dec	playfieldpos
   2999  4551		       f0 02		      beq	shiftdown
   3000  4553		       10 4d		      bpl	noshiftdown2
   3001  4555				   shiftdown
   3002  4555				  -	      ifconst	pfrowheight
   3003  4555				  -	      lda	#pfrowheight
   3004  4555					      else
   3005  4555					      ifnconst	pfres
   3006  4555		       a9 08		      lda	#8
   3007  4557				  -	      else
   3008  4557				  -	      lda	#(96/pfres)	; try to come close to the real size
   3009  4557					      endif
   3010  4557					      endif
   3011  4557
   3012  4557		       85 ef		      sta	playfieldpos
   3013  4559		       ad d3 10 	      lda	playfield+3
   3014  455c		       85 9f		      sta	temp4
   3015  455e		       ad d2 10 	      lda	playfield+2
   3016  4561		       85 9e		      sta	temp3
   3017  4563		       ad d1 10 	      lda	playfield+1
   3018  4566		       85 9d		      sta	temp2
   3019  4568		       ad d0 10 	      lda	playfield
   3020  456b		       85 9c		      sta	temp1
   3021  456d		       a2 00		      ldx	#0
   3022  456f				   up2
   3023  456f		       bd d4 10 	      lda	playfield+4,x
   3024  4572					      ifconst	superchip
   3025  4572		       9d 50 10 	      sta	playfield-128,x
   3026  4575		       bd d5 10 	      lda	playfield+5,x
   3027  4578		       9d 51 10 	      sta	playfield-127,x
   3028  457b		       bd d6 10 	      lda	playfield+6,x
   3029  457e		       9d 52 10 	      sta	playfield-126,x
   3030  4581		       bd d7 10 	      lda	playfield+7,x
   3031  4584		       9d 53 10 	      sta	playfield-125,x
   3032  4587				  -	      else
   3033  4587				  -	      sta	playfield,x
   3034  4587				  -	      lda	playfield+5,x
   3035  4587				  -	      sta	playfield+1,x
   3036  4587				  -	      lda	playfield+6,x
   3037  4587				  -	      sta	playfield+2,x
   3038  4587				  -	      lda	playfield+7,x
   3039  4587				  -	      sta	playfield+3,x
   3040  4587					      endif
   3041  4587		       8a		      txa
   3042  4588		       cb fc		      sbx	#252
   3043  458a				  -	      ifconst	pfres
   3044  458a				  -	      cpx	#(pfres-1)*4
   3045  458a					      else
   3046  458a		       e0 2c		      cpx	#44
   3047  458c					      endif
   3048  458c		       d0 e1		      bne	up2
   3049  458e
   3050  458e		       a5 9f		      lda	temp4
   3051  4590
   3052  4590					      ifconst	superchip
   3053  4590				  -	      ifconst	pfres
   3054  4590				  -	      sta	playfield+pfres*4-129
   3055  4590				  -	      lda	temp3
   3056  4590				  -	      sta	playfield+pfres*4-130
   3057  4590				  -	      lda	temp2
   3058  4590				  -	      sta	playfield+pfres*4-131
   3059  4590				  -	      lda	temp1
   3060  4590				  -	      sta	playfield+pfres*4-132
   3061  4590					      else
   3062  4590		       8d 7f 10 	      sta	playfield+47-128
   3063  4593		       a5 9e		      lda	temp3
   3064  4595		       8d 7e 10 	      sta	playfield+46-128
   3065  4598		       a5 9d		      lda	temp2
   3066  459a		       8d 7d 10 	      sta	playfield+45-128
   3067  459d		       a5 9c		      lda	temp1
   3068  459f		       8d 7c 10 	      sta	playfield+44-128
   3069  45a2					      endif
   3070  45a2				  -	      else
   3071  45a2				  -	      ifconst	pfres
   3072  45a2				  -	      sta	playfield+pfres*4-1
   3073  45a2				  -	      lda	temp3
   3074  45a2				  -	      sta	playfield+pfres*4-2
   3075  45a2				  -	      lda	temp2
   3076  45a2				  -	      sta	playfield+pfres*4-3
   3077  45a2				  -	      lda	temp1
   3078  45a2				  -	      sta	playfield+pfres*4-4
   3079  45a2				  -	      else
   3080  45a2				  -	      sta	playfield+47
   3081  45a2				  -	      lda	temp3
   3082  45a2				  -	      sta	playfield+46
   3083  45a2				  -	      lda	temp2
   3084  45a2				  -	      sta	playfield+45
   3085  45a2				  -	      lda	temp1
   3086  45a2				  -	      sta	playfield+44
   3087  45a2				  -	      endif
   3088  45a2					      endif
   3089  45a2				   noshiftdown2
      0  45a2					      RETURN
      1  45a2				  -	      ifnconst	bankswitch
      2  45a2				  -	      rts
      3  45a2					      else
      4  45a2		       4c dd ff 	      jmp	BS_return
      5  45a5					      endif
   3091  45a5
   3092  45a5
   3093  45a5				   notup
   3094  45a5							;down
   3095  45a5		       4a		      lsr
   3096  45a6		       b0 02		      bcs	oneincup
   3097  45a8		       e6 ef		      inc	playfieldpos
   3098  45aa				   oneincup
   3099  45aa		       e6 ef		      inc	playfieldpos
   3100  45ac		       a5 ef		      lda	playfieldpos
   3101  45ae
   3102  45ae				  -	      ifconst	pfrowheight
   3103  45ae				  -	      cmp	#pfrowheight+1
   3104  45ae					      else
   3105  45ae					      ifnconst	pfres
   3106  45ae		       c9 09		      cmp	#9
   3107  45b0				  -	      else
   3108  45b0				  -	      cmp	#(96/pfres)+1	; try to come close to the real size
   3109  45b0					      endif
   3110  45b0					      endif
   3111  45b0
   3112  45b0		       90 4b		      bcc	noshiftdown
   3113  45b2		       a9 01		      lda	#1
   3114  45b4		       85 ef		      sta	playfieldpos
   3115  45b6
   3116  45b6				  -	      ifconst	pfres
   3117  45b6				  -	      lda	playfield+pfres*4-1
   3118  45b6				  -	      sta	temp4
   3119  45b6				  -	      lda	playfield+pfres*4-2
   3120  45b6				  -	      sta	temp3
   3121  45b6				  -	      lda	playfield+pfres*4-3
   3122  45b6				  -	      sta	temp2
   3123  45b6				  -	      lda	playfield+pfres*4-4
   3124  45b6					      else
   3125  45b6		       ad ff 10 	      lda	playfield+47
   3126  45b9		       85 9f		      sta	temp4
   3127  45bb		       ad fe 10 	      lda	playfield+46
   3128  45be		       85 9e		      sta	temp3
   3129  45c0		       ad fd 10 	      lda	playfield+45
   3130  45c3		       85 9d		      sta	temp2
   3131  45c5		       ad fc 10 	      lda	playfield+44
   3132  45c8					      endif
   3133  45c8
   3134  45c8		       85 9c		      sta	temp1
   3135  45ca
   3136  45ca				  -	      ifconst	pfres
   3137  45ca				  -	      ldx	#(pfres-1)*4
   3138  45ca					      else
   3139  45ca		       a2 2c		      ldx	#44
   3140  45cc					      endif
   3141  45cc				   down2
   3142  45cc		       bd cf 10 	      lda	playfield-1,x
   3143  45cf					      ifconst	superchip
   3144  45cf		       9d 53 10 	      sta	playfield-125,x
   3145  45d2		       bd ce 10 	      lda	playfield-2,x
   3146  45d5		       9d 52 10 	      sta	playfield-126,x
   3147  45d8		       bd cd 10 	      lda	playfield-3,x
   3148  45db		       9d 51 10 	      sta	playfield-127,x
   3149  45de		       bd cc 10 	      lda	playfield-4,x
   3150  45e1		       9d 50 10 	      sta	playfield-128,x
   3151  45e4				  -	      else
   3152  45e4				  -	      sta	playfield+3,x
   3153  45e4				  -	      lda	playfield-2,x
   3154  45e4				  -	      sta	playfield+2,x
   3155  45e4				  -	      lda	playfield-3,x
   3156  45e4				  -	      sta	playfield+1,x
   3157  45e4				  -	      lda	playfield-4,x
   3158  45e4				  -	      sta	playfield,x
   3159  45e4					      endif
   3160  45e4		       8a		      txa
   3161  45e5		       cb 04		      sbx	#4
   3162  45e7		       d0 e3		      bne	down2
   3163  45e9
   3164  45e9		       a5 9f		      lda	temp4
   3165  45eb					      ifconst	superchip
   3166  45eb		       8d 53 10 	      sta	playfield-125
   3167  45ee		       a5 9e		      lda	temp3
   3168  45f0		       8d 52 10 	      sta	playfield-126
   3169  45f3		       a5 9d		      lda	temp2
   3170  45f5		       8d 51 10 	      sta	playfield-127
   3171  45f8		       a5 9c		      lda	temp1
   3172  45fa		       8d 50 10 	      sta	playfield-128
   3173  45fd				  -	      else
   3174  45fd				  -	      sta	playfield+3
   3175  45fd				  -	      lda	temp3
   3176  45fd				  -	      sta	playfield+2
   3177  45fd				  -	      lda	temp2
   3178  45fd				  -	      sta	playfield+1
   3179  45fd				  -	      lda	temp1
   3180  45fd				  -	      sta	playfield
   3181  45fd					      endif
   3182  45fd				   noshiftdown
      0  45fd					      RETURN
      1  45fd				  -	      ifnconst	bankswitch
      2  45fd				  -	      rts
      3  45fd					      else
      4  45fd		       4c dd ff 	      jmp	BS_return
      5  4600					      endif
   3184  4600							; Provided under the CC0 license. See the included LICENSE.txt for details.
   3185  4600
   3186  4600							;standard routines needed for pretty much all games
   3187  4600							; just the random number generator is left - maybe we should remove this asm file altogether?
   3188  4600							; repositioning code and score pointer setup moved to overscan
   3189  4600							; read switches, joysticks now compiler generated (more efficient)
   3190  4600
   3191  4600				   randomize
   3192  4600		       a5 a2		      lda	rand
   3193  4602		       4a		      lsr
   3194  4603				  -	      ifconst	rand16
   3195  4603				  -	      rol	rand16
   3196  4603					      endif
   3197  4603		       90 02		      bcc	noeor
   3198  4605		       49 b4		      eor	#$B4
   3199  4607				   noeor
   3200  4607		       85 a2		      sta	rand
   3201  4609				  -	      ifconst	rand16
   3202  4609				  -	      eor	rand16
   3203  4609					      endif
      0  4609					      RETURN
      1  4609				  -	      ifnconst	bankswitch
      2  4609				  -	      rts
      3  4609					      else
      4  4609		       4c dd ff 	      jmp	BS_return
      5  460c					      endif
   3205  460c							; Provided under the CC0 license. See the included LICENSE.txt for details.
   3206  460c
   3207  460c				   drawscreen
   3208  460c				  -	      ifconst	debugscore
   3209  460c				  -	      ldx	#14
   3210  460c				  -	      lda	INTIM	; display # cycles left in the score
   3211  460c				  -
   3212  460c				  -	      ifconst	mincycles
   3213  460c				  -	      lda	mincycles
   3214  460c				  -	      cmp	INTIM
   3215  460c				  -	      lda	mincycles
   3216  460c				  -	      bcc	nochange
   3217  460c				  -	      lda	INTIM
   3218  460c				  -	      sta	mincycles
   3219  460c				  -nochange
   3220  460c				  -	      endif
   3221  460c				  -
   3222  460c				  -			; cmp #$2B
   3223  460c				  -			; bcs no_cycles_left
   3224  460c				  -	      bmi	cycles_left
   3225  460c				  -	      ldx	#64
   3226  460c				  -	      eor	#$ff	;make negative
   3227  460c				  -cycles_left
   3228  460c				  -	      stx	scorecolor
   3229  460c				  -	      and	#$7f	; clear sign bit
   3230  460c				  -	      tax
   3231  460c				  -	      lda	scorebcd,x
   3232  460c				  -	      sta	score+2
   3233  460c				  -	      lda	scorebcd1,x
   3234  460c				  -	      sta	score+1
   3235  460c				  -	      jmp	done_debugscore
   3236  460c				  -scorebcd
   3237  460c				  -	      .byte	$00, $64, $28, $92, $56, $20, $84, $48, $12, $76, $40
   3238  460c				  -	      .byte	$04, $68, $32, $96, $60, $24, $88, $52, $16, $80, $44
   3239  460c				  -	      .byte	$08, $72, $36, $00, $64, $28, $92, $56, $20, $84, $48
   3240  460c				  -	      .byte	$12, $76, $40, $04, $68, $32, $96, $60, $24, $88
   3241  460c				  -scorebcd1
   3242  460c				  -	      .byte	0, 0, 1, 1, 2, 3, 3, 4, 5, 5, 6
   3243  460c				  -	      .byte	7, 7, 8, 8, 9, $10, $10, $11, $12, $12, $13
   3244  460c				  -	      .byte	$14, $14, $15, $16, $16, $17, $17, $18, $19, $19, $20
   3245  460c				  -	      .byte	$21, $21, $22, $23, $23, $24, $24, $25, $26, $26
   3246  460c				  -done_debugscore
   3247  460c					      endif
   3248  460c
   3249  460c				  -	      ifconst	debugcycles
   3250  460c				  -	      lda	INTIM	; if we go over, it mucks up the background color
   3251  460c				  -			; cmp #$2B
   3252  460c				  -			; BCC overscan
   3253  460c				  -	      bmi	overscan
   3254  460c				  -	      sta	COLUBK
   3255  460c				  -	      bcs	doneoverscan
   3256  460c					      endif
   3257  460c
   3258  460c				   overscan
   3259  460c				  -	      ifconst	interlaced
   3260  460c				  -	      PHP
   3261  460c				  -	      PLA
   3262  460c				  -	      EOR	#4	; flip interrupt bit
   3263  460c				  -	      PHA
   3264  460c				  -	      PLP
   3265  460c				  -	      AND	#4	; isolate the interrupt bit
   3266  460c				  -	      TAX		; save it for later
   3267  460c					      endif
   3268  460c
   3269  460c				   overscanloop
   3270  460c		       ad 84 02 	      lda	INTIM	;wait for sync
   3271  460f		       30 fb		      bmi	overscanloop
   3272  4611				   doneoverscan
   3273  4611
   3274  4611							;do VSYNC
   3275  4611
   3276  4611				  -	      ifconst	interlaced
   3277  4611				  -	      CPX	#4
   3278  4611				  -	      BNE	oddframevsync
   3279  4611					      endif
   3280  4611
   3281  4611		       a9 02		      lda	#2
   3282  4613		       85 02		      sta	WSYNC
   3283  4615		       85 00		      sta	VSYNC
   3284  4617		       85 02		      STA	WSYNC
   3285  4619		       85 02		      STA	WSYNC
   3286  461b		       4a		      lsr
   3287  461c		       85 02		      STA	WSYNC
   3288  461e		       85 00		      STA	VSYNC
   3289  4620		       85 01		      sta	VBLANK
   3290  4622					      ifnconst	overscan_time
   3291  4622		       a9 a5		      lda	#37+128
   3292  4624				  -	      else
   3293  4624				  -	      lda	#overscan_time+128
   3294  4624					      endif
   3295  4624		       8d 96 02 	      sta	TIM64T
   3296  4627
   3297  4627				  -	      ifconst	interlaced
   3298  4627				  -	      jmp	postsync
   3299  4627				  -
   3300  4627				  -oddframevsync
   3301  4627				  -	      sta	WSYNC
   3302  4627				  -
   3303  4627				  -	      LDA	($80,X)	; 11 waste
   3304  4627				  -	      LDA	($80,X)	; 11 waste
   3305  4627				  -	      LDA	($80,X)	; 11 waste
   3306  4627				  -
   3307  4627				  -	      lda	#2
   3308  4627				  -	      sta	VSYNC
   3309  4627				  -	      sta	WSYNC
   3310  4627				  -	      sta	WSYNC
   3311  4627				  -	      sta	WSYNC
   3312  4627				  -
   3313  4627				  -	      LDA	($80,X)	; 11 waste
   3314  4627				  -	      LDA	($80,X)	; 11 waste
   3315  4627				  -	      LDA	($80,X)	; 11 waste
   3316  4627				  -
   3317  4627				  -	      lda	#0
   3318  4627				  -	      sta	VSYNC
   3319  4627				  -	      sta	VBLANK
   3320  4627				  -	      ifnconst	overscan_time
   3321  4627				  -	      lda	#37+128
   3322  4627				  -	      else
   3323  4627				  -	      lda	#overscan_time+128
   3324  4627				  -	      endif
   3325  4627				  -	      sta	TIM64T
   3326  4627				  -
   3327  4627				  -postsync
   3328  4627					      endif
   3329  4627
   3330  4627				  -	      ifconst	legacy
   3331  4627				  -	      if	legacy < 100
   3332  4627				  -	      ldx	#4
   3333  4627				  -adjustloop
   3334  4627				  -	      lda	player0x,x
   3335  4627				  -	      sec
   3336  4627				  -	      sbc	#14	;?
   3337  4627				  -	      sta	player0x,x
   3338  4627				  -	      dex
   3339  4627				  -	      bpl	adjustloop
   3340  4627				  -	      endif
   3341  4627					      endif
   3342  4627				  -	      if	((<*)>$e9)&&((<*)<$fa)
   3343  4627				  -	      repeat	($fa-(<*))
   3344  4627				  -	      nop
   3345  4627				  -	      repend
   3346  4627					      endif
   3347  4627		       85 02		      sta	WSYNC
   3348  4629		       a2 04		      ldx	#4
      0  462b					      SLEEP	3
      1  462b				   .CYCLES    SET	3
      2  462b
      3  462b				  -	      IF	.CYCLES < 2
      4  462b				  -	      ECHO	"MACRO ERROR: 'SLEEP': Duration must be > 1"
      5  462b				  -	      ERR
      6  462b					      ENDIF
      7  462b
      8  462b					      IF	.CYCLES & 1
      9  462b					      IFNCONST	NO_ILLEGAL_OPCODES
     10  462b		       04 00		      nop	0
     11  462d				  -	      ELSE
     12  462d				  -	      bit	VSYNC
     13  462d					      ENDIF
     14  462d				   .CYCLES    SET	.CYCLES - 3
     15  462d					      ENDIF
     16  462d
     17  462d				  -	      REPEAT	.CYCLES / 2
     18  462d				  -	      nop
     19  462d					      REPEND
   3350  462d				   HorPosLoop		; 5
   3351  462d		       b5 80		      lda	player0x,X	;+4 9
   3352  462f		       38		      sec		;+2 11
   3353  4630				   DivideLoop
   3354  4630		       e9 0f		      sbc	#15
   3355  4632		       b0 fc		      bcs	DivideLoop	;+4 15
   3356  4634		       95 9c		      sta	temp1,X	;+4 19
   3357  4636		       95 10		      sta	RESP0,X	;+4 23
   3358  4638		       85 02		      sta	WSYNC
   3359  463a		       ca		      dex
   3360  463b		       10 f0		      bpl	HorPosLoop	;+5 5
   3361  463d							; 4
   3362  463d
   3363  463d		       a2 04		      ldx	#4
   3364  463f		       b4 9c		      ldy	temp1,X
   3365  4641		       b9 9d f5 	      lda	repostable-256,Y
   3366  4644		       95 20		      sta	HMP0,X	;+14 18
   3367  4646
   3368  4646		       ca		      dex
   3369  4647		       b4 9c		      ldy	temp1,X
   3370  4649		       b9 9d f5 	      lda	repostable-256,Y
   3371  464c		       95 20		      sta	HMP0,X	;+14 32
   3372  464e
   3373  464e		       ca		      dex
   3374  464f		       b4 9c		      ldy	temp1,X
   3375  4651		       b9 9d f5 	      lda	repostable-256,Y
   3376  4654		       95 20		      sta	HMP0,X	;+14 46
   3377  4656
   3378  4656		       ca		      dex
   3379  4657		       b4 9c		      ldy	temp1,X
   3380  4659		       b9 9d f5 	      lda	repostable-256,Y
   3381  465c		       95 20		      sta	HMP0,X	;+14 60
   3382  465e
   3383  465e		       ca		      dex
   3384  465f		       b4 9c		      ldy	temp1,X
   3385  4661		       b9 9d f5 	      lda	repostable-256,Y
   3386  4664		       95 20		      sta	HMP0,X	;+14 74
   3387  4666
   3388  4666		       85 02		      sta	WSYNC
   3389  4668
   3390  4668		       85 2a		      sta	HMOVE	;+3 3
   3391  466a
   3392  466a
   3393  466a				  -	      ifconst	legacy
   3394  466a				  -	      if	legacy < 100
   3395  466a				  -	      ldx	#4
   3396  466a				  -adjustloop2
   3397  466a				  -	      lda	player0x,x
   3398  466a				  -	      clc
   3399  466a				  -	      adc	#14	;?
   3400  466a				  -	      sta	player0x,x
   3401  466a				  -	      dex
   3402  466a				  -	      bpl	adjustloop2
   3403  466a				  -	      endif
   3404  466a					      endif
   3405  466a
   3406  466a
   3407  466a
   3408  466a
   3409  466a							;set score pointers
   3410  466a		       a7 95		      lax	score+2
   3411  466c		       20 9d f6 	      jsr	scorepointerset
   3412  466f		       84 9b		      sty	scorepointers+5
   3413  4671		       86 98		      stx	scorepointers+2
   3414  4673		       a7 94		      lax	score+1
   3415  4675		       20 9d f6 	      jsr	scorepointerset
   3416  4678		       84 9a		      sty	scorepointers+4
   3417  467a		       86 97		      stx	scorepointers+1
   3418  467c		       a7 93		      lax	score
   3419  467e		       20 9d f6 	      jsr	scorepointerset
   3420  4681		       84 99		      sty	scorepointers+3
   3421  4683		       86 96		      stx	scorepointers
   3422  4685
   3423  4685				   vblk
   3424  4685							; run possible vblank bB code
   3425  4685				  -	      ifconst	vblank_bB_code
   3426  4685				  -	      jsr	vblank_bB_code
   3427  4685					      endif
   3428  4685				   vblk2
   3429  4685		       ad 84 02 	      LDA	INTIM
   3430  4688		       30 fb		      bmi	vblk2
   3431  468a		       4c 00 f1 	      jmp	kernel
   3432  468d
   3433  468d
   3434  468d		       80 70 60 50*	      .byte.b	$80,$70,$60,$50,$40,$30,$20,$10,$00
   3435  4696		       f0 e0 d0 c0*	      .byte.b	$F0,$E0,$D0,$C0,$B0,$A0,$90
   3436  469d				   repostable
   3437  469d
   3438  469d				   scorepointerset
   3439  469d		       29 0f		      and	#$0F
   3440  469f		       0a		      asl
   3441  46a0		       0a		      asl
   3442  46a1		       0a		      asl
   3443  46a2		       69 74		      adc	#<scoretable
   3444  46a4		       a8		      tay
   3445  46a5		       8a		      txa
   3446  46a6							; and #$F0
   3447  46a6							; lsr
   3448  46a6		       4b f0		      asr	#$F0
   3449  46a8		       69 74		      adc	#<scoretable
   3450  46aa		       aa		      tax
   3451  46ab		       60		      rts
   3452  46ac							;bB.asm
   3453  46ac							; bB.asm file is split here
   3454  46ac				  -	      if	(<*) > (<(*+5))
   3455  46ac				  -	      repeat	($100-<*)
   3456  46ac				  -	      .byte	0
   3457  46ac				  -	      repend
   3458  46ac					      endif
   3459  46ac				   playerL023_0
   3460  46ac		       6c		      .byte.b	%01101100
   3461  46ad		       28		      .byte.b	%00101000
   3462  46ae		       38		      .byte.b	%00111000
   3463  46af		       fe		      .byte.b	%11111110
   3464  46b0		       38		      .byte.b	%00111000
   3465  46b1		       38		      .byte.b	%00111000
   3466  46b2				  -	      if	(<*) > (<(*+5))
   3467  46b2				  -	      repeat	($100-<*)
   3468  46b2				  -	      .byte	0
   3469  46b2				  -	      repend
   3470  46b2					      endif
   3471  46b2				   playerL028_0
   3472  46b2		       6c		      .byte.b	%01101100
   3473  46b3		       28		      .byte.b	%00101000
   3474  46b4		       38		      .byte.b	%00111000
   3475  46b5		       7c		      .byte.b	%01111100
   3476  46b6		       10		      .byte.b	%00010000
   3477  46b7		       38		      .byte.b	%00111000
   3478  46b8					      if	ECHOFIRST
      2236 bytes of ROM space left in bank 4
   3479  46b8					      echo	"    ",[(scoretable - *)]d , "bytes of ROM space left in bank 4")
   3480  46b8					      endif
   3481  46b8		       00 01	   ECHOFIRST  =	1
   3482  46b8
   3483  46b8
   3484  46b8							; Provided under the CC0 license. See the included LICENSE.txt for details.
   3485  46b8							; font equates
   3486  46b8		       00 01	   .21stcentury =	1
   3487  46b8		       00 02	   alarmclock =	2
   3488  46b8		       00 03	   handwritten =	3
   3489  46b8		       00 04	   interrupted =	4
   3490  46b8		       00 05	   retroputer =	5
   3491  46b8		       00 06	   whimsey    =	6
   3492  46b8		       00 07	   tiny       =	7
   3493  46b8		       00 08	   hex	      =	8
   3494  46b8
   3495  46b8							; feel free to modify the score graphics - just keep each digit 8 high
   3496  46b8							; and keep the conditional compilation stuff intact
   3497  46b8					      ifnconst	PXE
   3498  46b8				  -	      ifconst	ROM2k
   3499  46b8				  -	      ORG	$F7AC-8
   3500  46b8					      else
   3501  46b8					      ifconst	bankswitch
   3502  46b8				  -	      if	bankswitch == 8
   3503  46b8				  -	      ORG	$2F94-bscode_length
   3504  46b8				  -	      RORG	$FF94-bscode_length
   3505  46b8					      endif
   3506  46b8					      if	bankswitch == 16
   3507  4f74					      ORG	$4F94-bscode_length
   3508  4f74					      RORG	$FF94-bscode_length
   3509  4f74					      endif
   3510  4f74				  -	      if	bankswitch == 32
   3511  4f74				  -	      ORG	$8F94-bscode_length
   3512  4f74				  -	      RORG	$FF94-bscode_length
   3513  4f74					      endif
   3514  4f74				  -	      if	bankswitch == 64
   3515  4f74				  -	      ORG	$10F80-bscode_length
   3516  4f74				  -	      RORG	$1FF80-bscode_length
   3517  4f74					      endif
   3518  4f74				  -	      else
   3519  4f74				  -	      ORG	$FF9C
   3520  4f74					      endif
   3521  4f74					      endif
   3522  4f74
   3523  4f74
   3524  4f74				  -	      ifconst	font
   3525  4f74				  -	      if	font == hex
   3526  4f74				  -	      ORG	. - 48
   3527  4f74				  -	      endif
   3528  4f74					      endif
   3529  4f74					      endif
   3530  4f74
   3531  4f74				   scoretable
   3532  4f74
   3533  4f74				  -	      ifconst	font
   3534  4f74				  -	      if	font == .21stcentury
   3535  4f74				  -	      include	"score_graphics.asm.21stcentury"
   3536  4f74				  -	      endif
   3537  4f74				  -	      if	font == alarmclock
   3538  4f74				  -	      include	"score_graphics.asm.alarmclock"
   3539  4f74				  -	      endif
   3540  4f74				  -	      if	font == handwritten
   3541  4f74				  -	      include	"score_graphics.asm.handwritten"
   3542  4f74				  -	      endif
   3543  4f74				  -	      if	font == interrupted
   3544  4f74				  -	      include	"score_graphics.asm.interrupted"
   3545  4f74				  -	      endif
   3546  4f74				  -	      if	font == retroputer
   3547  4f74				  -	      include	"score_graphics.asm.retroputer"
   3548  4f74				  -	      endif
   3549  4f74				  -	      if	font == whimsey
   3550  4f74				  -	      include	"score_graphics.asm.whimsey"
   3551  4f74				  -	      endif
   3552  4f74				  -	      if	font == tiny
   3553  4f74				  -	      include	"score_graphics.asm.tiny"
   3554  4f74				  -	      endif
   3555  4f74				  -	      if	font == hex
   3556  4f74				  -	      include	"score_graphics.asm.hex"
   3557  4f74				  -	      endif
   3558  4f74					      else		; default font
   3559  4f74
   3560  4f74		       3c		      .byte.b	%00111100
   3561  4f75		       66		      .byte.b	%01100110
   3562  4f76		       66		      .byte.b	%01100110
   3563  4f77		       66		      .byte.b	%01100110
   3564  4f78		       66		      .byte.b	%01100110
   3565  4f79		       66		      .byte.b	%01100110
   3566  4f7a		       66		      .byte.b	%01100110
   3567  4f7b		       3c		      .byte.b	%00111100
   3568  4f7c
   3569  4f7c		       7e		      .byte.b	%01111110
   3570  4f7d		       18		      .byte.b	%00011000
   3571  4f7e		       18		      .byte.b	%00011000
   3572  4f7f		       18		      .byte.b	%00011000
   3573  4f80		       18		      .byte.b	%00011000
   3574  4f81		       38		      .byte.b	%00111000
   3575  4f82		       18		      .byte.b	%00011000
   3576  4f83		       08		      .byte.b	%00001000
   3577  4f84
   3578  4f84		       7e		      .byte.b	%01111110
   3579  4f85		       60		      .byte.b	%01100000
   3580  4f86		       60		      .byte.b	%01100000
   3581  4f87		       3c		      .byte.b	%00111100
   3582  4f88		       06		      .byte.b	%00000110
   3583  4f89		       06		      .byte.b	%00000110
   3584  4f8a		       46		      .byte.b	%01000110
   3585  4f8b		       3c		      .byte.b	%00111100
   3586  4f8c
   3587  4f8c		       3c		      .byte.b	%00111100
   3588  4f8d		       46		      .byte.b	%01000110
   3589  4f8e		       06		      .byte.b	%00000110
   3590  4f8f		       06		      .byte.b	%00000110
   3591  4f90		       1c		      .byte.b	%00011100
   3592  4f91		       06		      .byte.b	%00000110
   3593  4f92		       46		      .byte.b	%01000110
   3594  4f93		       3c		      .byte.b	%00111100
   3595  4f94
   3596  4f94		       0c		      .byte.b	%00001100
   3597  4f95		       0c		      .byte.b	%00001100
   3598  4f96		       7e		      .byte.b	%01111110
   3599  4f97		       4c		      .byte.b	%01001100
   3600  4f98		       4c		      .byte.b	%01001100
   3601  4f99		       2c		      .byte.b	%00101100
   3602  4f9a		       1c		      .byte.b	%00011100
   3603  4f9b		       0c		      .byte.b	%00001100
   3604  4f9c
   3605  4f9c		       3c		      .byte.b	%00111100
   3606  4f9d		       46		      .byte.b	%01000110
   3607  4f9e		       06		      .byte.b	%00000110
   3608  4f9f		       06		      .byte.b	%00000110
   3609  4fa0		       3c		      .byte.b	%00111100
   3610  4fa1		       60		      .byte.b	%01100000
   3611  4fa2		       60		      .byte.b	%01100000
   3612  4fa3		       7e		      .byte.b	%01111110
   3613  4fa4
   3614  4fa4		       3c		      .byte.b	%00111100
   3615  4fa5		       66		      .byte.b	%01100110
   3616  4fa6		       66		      .byte.b	%01100110
   3617  4fa7		       66		      .byte.b	%01100110
   3618  4fa8		       7c		      .byte.b	%01111100
   3619  4fa9		       60		      .byte.b	%01100000
   3620  4faa		       62		      .byte.b	%01100010
   3621  4fab		       3c		      .byte.b	%00111100
   3622  4fac
   3623  4fac		       30		      .byte.b	%00110000
   3624  4fad		       30		      .byte.b	%00110000
   3625  4fae		       30		      .byte.b	%00110000
   3626  4faf		       18		      .byte.b	%00011000
   3627  4fb0		       0c		      .byte.b	%00001100
   3628  4fb1		       06		      .byte.b	%00000110
   3629  4fb2		       42		      .byte.b	%01000010
   3630  4fb3		       3e		      .byte.b	%00111110
   3631  4fb4
   3632  4fb4		       3c		      .byte.b	%00111100
   3633  4fb5		       66		      .byte.b	%01100110
   3634  4fb6		       66		      .byte.b	%01100110
   3635  4fb7		       66		      .byte.b	%01100110
   3636  4fb8		       3c		      .byte.b	%00111100
   3637  4fb9		       66		      .byte.b	%01100110
   3638  4fba		       66		      .byte.b	%01100110
   3639  4fbb		       3c		      .byte.b	%00111100
   3640  4fbc
   3641  4fbc		       3c		      .byte.b	%00111100
   3642  4fbd		       46		      .byte.b	%01000110
   3643  4fbe		       06		      .byte.b	%00000110
   3644  4fbf		       3e		      .byte.b	%00111110
   3645  4fc0		       66		      .byte.b	%01100110
   3646  4fc1		       66		      .byte.b	%01100110
   3647  4fc2		       66		      .byte.b	%01100110
   3648  4fc3		       3c		      .byte.b	%00111100
   3649  4fc4
   3650  4fc4					      ifnconst	DPC_kernel_options
   3651  4fc4
   3652  4fc4		       00		      .byte.b	%00000000
   3653  4fc5		       00		      .byte.b	%00000000
   3654  4fc6		       00		      .byte.b	%00000000
   3655  4fc7		       00		      .byte.b	%00000000
   3656  4fc8		       00		      .byte.b	%00000000
   3657  4fc9		       00		      .byte.b	%00000000
   3658  4fca		       00		      .byte.b	%00000000
   3659  4fcb		       00		      .byte.b	%00000000
   3660  4fcc
   3661  4fcc					      endif
   3662  4fcc
   3663  4fcc					      endif
   3664  4fcc
   3665  4fcc					      ifnconst	PXE
   3666  4fcc				  -	      ifconst	ROM2k
   3667  4fcc				  -	      ORG	$F7FC
   3668  4fcc					      else
   3669  4fcc					      ifconst	bankswitch
   3670  4fcc				  -	      if	bankswitch == 8
   3671  4fcc				  -	      ORG	$2FF4-bscode_length
   3672  4fcc				  -	      RORG	$FFF4-bscode_length
   3673  4fcc					      endif
   3674  4fcc					      if	bankswitch == 16
   3675  4fd4					      ORG	$4FF4-bscode_length
   3676  4fd4					      RORG	$FFF4-bscode_length
   3677  4fd4					      endif
   3678  4fd4				  -	      if	bankswitch == 32
   3679  4fd4				  -	      ORG	$8FF4-bscode_length
   3680  4fd4				  -	      RORG	$FFF4-bscode_length
   3681  4fd4					      endif
   3682  4fd4				  -	      if	bankswitch == 64
   3683  4fd4				  -	      ORG	$10FE0-bscode_length
   3684  4fd4				  -	      RORG	$1FFE0-bscode_length
   3685  4fd4					      endif
   3686  4fd4				  -	      else
   3687  4fd4				  -	      ORG	$FFFC
   3688  4fd4					      endif
   3689  4fd4					      endif
   3690  4fd4					      endif
   3691  4fd4							; Provided under the CC0 license. See the included LICENSE.txt for details.
   3692  4fd4
   3693  4fd4							; every bank has this stuff at the same place
   3694  4fd4							; this code can switch to/from any bank at any entry point
   3695  4fd4							; and can preserve register values
   3696  4fd4							; note: lines not starting with a space are not placed in all banks
   3697  4fd4							;
   3698  4fd4							; line below tells the compiler how long this is - do not remove
   3699  4fd4							;size=32
   3700  4fd4
   3701  4fd4				   begin_bscode
   3702  4fd4		       a2 ff		      ldx	#$ff
   3703  4fd6				  -	      ifconst	FASTFETCH	; using DPC+
   3704  4fd6				  -	      stx	FASTFETCH
   3705  4fd6					      endif
   3706  4fd6		       9a		      txs
   3707  4fd7				  -	      if	bankswitch == 64
   3708  4fd7				  -	      lda	#(((>(start-1)) & $0F) | $F0)
   3709  4fd7					      else
   3710  4fd7		       a9 f3		      lda	#>(start-1)
   3711  4fd9					      endif
   3712  4fd9		       48		      pha
   3713  4fda		       a9 da		      lda	#<(start-1)
   3714  4fdc		       48		      pha
   3715  4fdd
   3716  4fdd				   BS_return
   3717  4fdd		       48		      pha
   3718  4fde		       8a		      txa
   3719  4fdf		       48		      pha
   3720  4fe0		       ba		      tsx
   3721  4fe1
   3722  4fe1					      if	bankswitch != 64
   3723  4fe1		       b5 04		      lda	4,x	; get high byte of return address
   3724  4fe3
   3725  4fe3		       2a		      rol
   3726  4fe4		       2a		      rol
   3727  4fe5		       2a		      rol
   3728  4fe6		       2a		      rol
   3729  4fe7		       29 03		      and	#bs_mask	;1 3 or 7 for F8/F6/F4
   3730  4fe9		       aa		      tax
   3731  4fea		       e8		      inx
   3732  4feb				  -	      else
   3733  4feb				  -	      lda	4,x	; get high byte of return address
   3734  4feb				  -	      tay
   3735  4feb				  -	      ora	#$10	; change our bank nibble into a valid rom mirror
   3736  4feb				  -	      sta	4,x
   3737  4feb				  -	      tya
   3738  4feb				  -	      lsr
   3739  4feb				  -	      lsr
   3740  4feb				  -	      lsr
   3741  4feb				  -	      lsr
   3742  4feb				  -	      tax
   3743  4feb				  -	      inx
   3744  4feb					      endif
   3745  4feb
   3746  4feb				   BS_jsr
   3747  4feb		       bd f5 1f 	      lda	bankswitch_hotspot-1,x
   3748  4fee		       68		      pla
   3749  4fef		       aa		      tax
   3750  4ff0		       68		      pla
   3751  4ff1		       60		      rts
   3752  4ff2				  -	      if	((* & $1FFF) > ((bankswitch_hotspot & $1FFF) - 1))
   3753  4ff2				  -	      echo	"WARNING: size parameter in banksw.asm too small - the program probably will not work."
   3754  4ff2				  -	      echo	"Change to",[(*-begin_bscode+1)&$FF]d,"and try again."
   3755  4ff2					      endif
   3756  4ff2							; Provided under the CC0 license. See the included LICENSE.txt for details.
   3757  4ff2
   3758  4ff2					      ifconst	bankswitch
   3759  4ff2				  -	      if	bankswitch == 8
   3760  4ff2				  -	      ORG	$2FFC
   3761  4ff2				  -	      RORG	$FFFC
   3762  4ff2					      endif
   3763  4ff2					      if	bankswitch == 16
   3764  4ffc					      ORG	$4FFC
   3765  4ffc					      RORG	$FFFC
   3766  4ffc					      endif
   3767  4ffc				  -	      if	bankswitch == 32
   3768  4ffc				  -	      ORG	$8FFC
   3769  4ffc				  -	      RORG	$FFFC
   3770  4ffc					      endif
   3771  4ffc				  -	      if	bankswitch == 64
   3772  4ffc				  -	      ORG	$10FF0
   3773  4ffc				  -	      RORG	$1FFF0
   3774  4ffc				  -	      lda	$ffe0	; we use wasted space to assist stella with EF format auto-detection
   3775  4ffc				  -	      ORG	$10FF8
   3776  4ffc				  -	      RORG	$1FFF8
   3777  4ffc				  -	      ifconst	superchip
   3778  4ffc				  -	      .byte	"E","F","S","C"
   3779  4ffc				  -	      else
   3780  4ffc				  -	      .byte	"E","F","E","F"
   3781  4ffc				  -	      endif
   3782  4ffc				  -	      ORG	$10FFC
   3783  4ffc				  -	      RORG	$1FFFC
   3784  4ffc					      endif
   3785  4ffc				  -	      else
   3786  4ffc				  -	      ifconst	ROM2k
   3787  4ffc				  -	      ORG	$F7FC
   3788  4ffc				  -	      else
   3789  4ffc				  -	      ORG	$FFFC
   3790  4ffc				  -	      endif
   3791  4ffc					      endif
   3792  4ffc		       db f3		      .word.w	(start & $ffff)
   3793  4ffe		       db f3		      .word.w	(start & $ffff)
